reason,wikidata_qid,wikidata_name,overture_gers_id,overture_name,distance_m,score
rejected,Q72912,Brooklyn Academy of Music,5df727b5-9e1c-48d4-9e27-81f71f824364,"BAM Cultural District: Brooklyn, NY.",109.4,58.6
rejected,Q110000,Madison Square and Madison Square Park,50724f3d-25b0-43a4-8974-b300ebb4d3e2,Mark's Off Madison,134.8,53.6
rejected,Q110007,Union Square,f75f64b9-9c91-41ff-b5c2-01b5987a221a,Union Square Park,114.5,82.8
rejected,Q198850,Ziegfeld Theatre,cad9af52-c07e-4d75-b5f8-489263459819,Ziegfeld Theater - Bow Tie Cinemas,110.9,66.7
rejected,Q200959,Carnegie Hall,2ea75efc-02b7-4e45-a04b-10a05ab0caea,Carnegie Deli,134.0,76.9
rejected,Q201469,Solomon R. Guggenheim Museum,53f96692-b755-49d3-90d9-0bb36ce0f566,Learning Through Art at the Guggenheim,12.2,46.2
rejected,Q1136137,National September 11 Memorial & Museum,569c60c5-7ba2-4c55-b811-31c0a3cbaa38,9/11 Memorial and Museum,60.7,59.0
rejected,Q1136776,Cotton Club,b138847e-f0c5-46ab-b771-1c4065f79a0b,The Bomb Shelter,61.4,26.1
rejected,Q1138030,The Cloisters,e6566bdd-ba05-4424-bb0a-803bb23f43eb,The Met Cloisters,0.4,81.8
rejected,Q1140299,Staten Island Greenbelt,a3ff82d3-3e63-4517-b7fc-ac465348f588,Greenbelt Nature Center,9.8,60.9
rejected,Q1142721,Nuyorican Poets Café,3b5ba4f3-0e0c-46a5-9f8b-ef0f219b6df2,Billy Hurricane's,128.4,48.6
rejected,Q1156823,New Museum,58dbd65b-bda6-447a-8cc1-bd617a23e6f1,Smoke House,87.4,47.6
rejected,Q204583,Hippodrome Theatre,9b25039f-8e56-4ccc-9d62-eb7649d6efb7,Stephen Sondheim Theatre,129.9,57.1
rejected,Q256347,Birdland,57f004c4-9417-4739-85dc-557494f12d8e,Birdland Jazz Club,5.0,61.5
rejected,Q355322,George Abbott Theatre,ca3c954f-512d-49a7-9d69-1f9c119a9c63,Barrow Street Theatricals,139.7,52.2
rejected,Q380974,Aeolian Hall,318d6641-fac7-4c82-9986-50d251fd8e20,Barclay Galleries,119.3,48.3
rejected,Q389293,University Settlement Society of New York,66ba5703-966b-473a-b42d-f9096fde34d1,Racer Delivery - 15 Min Delivery,19.9,39.4
rejected,Q420709,The Bottom Line,3589123b-6c83-480f-8a40-32c84a6c1f45,Poppolinis,125.0,47.6
rejected,Q464354,American Folk Art Museum,f2abeb7c-f075-4dd4-8b80-87fd8d982417,Museum of Modern Art,45.1,54.5
rejected,Q1190346,Fort Tryon Park,669a4c8d-c386-4a95-a73d-1eed06b61085,Heather Garden,104.2,34.5
rejected,Q1255057,wd~50,ad75e1c7-1f3b-451d-a673-457383f9c4f2,Stocked by Three Owls,125.0,23.1
rejected,Q1262366,Gantry Plaza State Park,c8875b43-f822-430c-b6fc-f509743b9d72,Gantry Plaza,12.6,68.6
rejected,Q1278593,Museum of Chinese in America,77c5458d-6448-41fb-bcb1-d78ffa12355b,Camera Club of New York,91.6,51.0
rejected,Q1281874,Stanley Theater,e8222540-9811-4e8a-8a9b-fa29b7b9a334,Jersy City.,145.4,40.0
rejected,Q741612,Steeplechase Park,0089a430-d870-4a8b-bdbe-d5058dc21bfa,Bar Society,88.3,42.9
rejected,Q745296,Flushing Meadows–Corona Park,f433b871-8e2a-48e0-b8e3-01ae57f16688,Maloof Skate Park,141.3,35.6
rejected,Q747360,Café Society,8686cbb4-b186-4760-9e69-9c3b33cb8591,Marie's Crisis Café,130.9,51.6
rejected,Q639791,Whitney Museum of American Art,80eba865-d853-40c6-978c-4108d7b76316,Studio Bar at The Whitney,17.3,58.2
rejected,Q705846,The Art of This Century Gallery,0240c8b1-717a-408e-96ec-b0aba77035f2,Garth Clark Gallery,32.8,56.5
rejected,Q1478423,The Morgan Library & Museum,93027754-df40-4284-a7f8-6a7277c3db98,Mad Bar & Lounge,146.3,42.9
rejected,Q1511776,Stable Gallery,d8c3faac-205e-47e5-b4f0-0c6507870fea,Schlesinger Gallery,132.3,66.7
rejected,Q1515007,Gershwin Theatre,592987b4-dad2-462a-a702-b76fb7536321,Neil Simon Theatre,84.4,70.6
rejected,Q1684488,Jazz Standard,60e2fd88-74d2-4872-9ed6-3c879907dda3,Tamba Bar & Grill,80.1,45.5
rejected,Q1719168,Sweet Basil Jazz Club,c1de4d16-28ce-4393-a36a-7d9164681499,Smalls Jazz Club,35.0,59.5
rejected,Q1796286,The Kitchen,c9e40722-4472-4edc-9b18-d79b37dc6256,Chambers Fine Art,40.2,41.7
rejected,Q1797756,Shubert Theatre,b9e7bf80-d1d1-458c-85a8-1f3d269a7964,Broadhurst Theatre,33.4,72.7
rejected,Q808531,Barnum's American Museum,ce4aca48-697f-4bed-b3dd-0d9b1dcb42ea,The Irish American Pub,133.4,57.1
rejected,Q836080,Noguchi Museum,bcef8dd2-67ed-4a41-83ba-1ecf91a66af8,Public Waterfront,111.9,19.4
rejected,Q839985,Museum of Jewish Heritage,0e42e650-7d7e-4701-b3e9-4c28be1dbc8f,Irish Hunger Memorial,140.8,52.2
ambiguous,Q843869,High Line,ff9017fe-c814-4d45-a941-2ad8f2ad16b8,The High Line,39.6,100.0
ambiguous,Q843869,High Line,a2813331-6a0f-4b5f-a658-47d8bc3d97f2,High Line 23,32.5,85.7
ambiguous,Q843869,High Line,18e663da-912f-4bab-a2e1-37021338ee92,The Highliner,121.8,88.9
rejected,Q5247260,Death and Company,9bfedecf-109e-401f-a430-9418507d58a9,Craft and Carry,132.1,62.5
rejected,Q5251667,Defonte's,ebf037f8-a9e9-4411-974b-07b2157eb54e,Fusion Caterers Restaurant And B,63.1,34.1
rejected,Q5252964,Del Pezzo Restaurant,195f1852-cef5-4683-aba0-276e79013283,Pronto Pizza & Beer,103.6,46.2
rejected,Q5259266,Deno's Wonder Wheel Amusement Park,0ab46351-5ce8-4e2f-a860-0023064af780,Famiglia Pizzeria at Deno's Wonder Wheel Amusement Park,74.5,76.4
rejected,Q5276910,Dillon's Reprise Room,2841b942-8f28-4fda-a7e2-417ab8c1380d,Da Tommaso Ristorante,106.2,47.6
rejected,Q5301096,Doughboy Park,ea67670e-822e-4165-a3ff-1e83eab4c74f,Doughboy Plaza,39.9,81.5
rejected,Q5325782,Earl Carroll Theatre,de39eea8-b6da-46b9-982b-513badaa12ef,Jerry Orbach Theater,148.3,55.0
rejected,Q124302,Chelsea Art Museum,0869e152-9687-4790-a5ea-92b7f102f4c7,Harper's Chelsea,53.2,52.9
ambiguous,Q186125,Madison Square Garden,94106601-1215-4d35-b78d-81003ae17753,Phish Madison Square Garden,5.2,87.5
ambiguous,Q186125,Madison Square Garden,b6f9621c-192c-4c65-8bb2-8629f330ba44,Madison Square Garden,9.4,100.0
rejected,Q188031,Metropolitan Opera House,d7ed13b1-4b22-438b-a915-cf4bddaf3fb6,Met Opera Chorus,128.9,70.0
rejected,Q1310674,Tompkins Square Park,aa5a196a-f05e-4fc3-ae16-af32eedce99b,Hare Krishna Tree,50.6,37.8
rejected,Q4950940,Bowery Theatre,92a1a0fa-c2a0-4e99-be64-8358f395896b,Nice One Bakery,117.5,48.3
rejected,Q4943860,Booth's Theatre,13d6cee0-4974-4ed9-8108-be9b710f44e5,Outback Steakhouse,31.1,48.5
rejected,Q4947209,Bose Pacia Gallery,45a90d03-f4ca-4dfd-bbba-e8f259941d52,Bose Pacia,11.4,71.4
rejected,Q4949688,Bouley,d90c5029-f532-487e-b316-0d7f6c72624b,Holy Ground,115.7,47.1
rejected,Q4950928,Bowery Amphitheatre,75019fa7-5a87-4e0c-97e9-3c44ac172eca,Wu Qi My Tea,111.8,45.2
rejected,Q5338430,Edison Theatre,3c2f66dc-991d-4680-b7b2-9b97f49eedce,Fulton Theatre,122.1,71.4
rejected,Q5346969,Edwynn Houk Gallery,f9e53b6a-49df-4513-a943-4e6790422880,Mika Gallery,146.3,58.1
rejected,Q5353153,Elaine's,b813a902-af24-4da0-b36e-caa2664c3033,Genesis Bar & Restaurant,45.7,53.3
rejected,Q5354207,Museum of American Finance,1cbfac86-fec7-4ab5-af2e-cd715e778802,Coffee America USA,93.0,59.1
rejected,Q5357333,Electric Circus,53c9b29c-40f7-4b8e-857f-67128692bb93,Fresco Gelateria,110.1,51.6
rejected,Q5360060,Elgin Theater,e6c2310a-6d14-4cc8-b064-fa4fbe9cc6d9,Ethan Cohen Gallery,113.7,50.0
rejected,Q4884230,Bellwether Gallery,bb163bc8-66e9-400e-9bcf-536d86e7443f,Andrew Edlin Gallery,20.3,57.9
rejected,Q4891525,Bergen Museum of Art & Science,540e65ff-31ad-4a03-8f45-a8f5c0aa9de3,Bec Bagels,124.4,36.8
rejected,Q4905527,Big Daddy's Restaurants,bd1549ea-330d-42ca-a68c-05d3f055d564,Brooklyn Botanical Garden,119.0,33.3
rejected,Q4907254,Bijou Theatre,b8f062e4-28da-43fc-8595-5db266d199ec,CAT Youth Theatre,122.5,53.3
rejected,Q4912066,Billy's Topless,174bda92-c78a-485a-bc7b-73506efc2fe5,Global Talent List,60.6,48.5
rejected,Q4918850,Bitforms gallery,a4d943cd-cf37-4249-b033-9e08e4366ca9,Flowers Gallery,13.9,77.4
rejected,Q4923911,BlainDi Donna,b11d5443-5b73-42c5-8e56-f50b5b5c4f5a,Fortuna Fine Arts,64.0,46.7
rejected,Q4938093,Bohemian Citizens' Benevolent Society,f169b079-1dab-4f6e-a41b-285425b526a9,Quiet Events,61.8,41.7
rejected,Q4251046,Cadman Plaza,cb20e4bd-2f0a-4763-b6b5-78e11cda36a4,Cadman Plaza Park,56.5,82.8
rejected,Q4284293,Master Apartments,f1a96b81-a5ae-4adc-9c24-a9a9ff1a2e6a,Planet Heart,115.1,41.4
rejected,Q4293464,Millennium Theater,a9062342-1bde-4b4e-b4a9-92001dba65af,Master Theater,11.6,62.5
rejected,Q4306609,Academy of Music,f0984141-8eb4-4c99-9adc-17bc3cf28b3d,Academy of Music (New York City),0.0,69.6
rejected,Q4328346,The Newark Museum of Art,aad94483-10c5-4516-8e89-4307ba1fea59,Dreyfuss Planetarium,50.8,40.0
rejected,Q4453454,Brighton Ballet Theater,4a4863ee-6bf6-4935-a313-3a1f0152806a,Kingsborough Art Museum,114.2,39.1
rejected,Q4633310,2 Columbus Circle,82368a64-1041-45fc-a86c-889608a430aa,FPB Columbus Circle,141.5,83.3
rejected,Q4638095,44th Street Theatre,84c828f1-5d23-44e1-9c76-a9401074eca2,St. James Theatre,79.2,62.9
rejected,Q4640601,55 Bar,11b49fab-d47e-4e30-9d7f-f5cea66f52a8,Primo 135,113.3,18.2
rejected,Q4643761,79th Street Boat Basin,ae5f13e8-560a-425b-b3bd-27c34fd7282d,Boat Basin Cafe,45.9,62.5
rejected,Q4645169,8BC,b8156c90-cd3b-4681-8ebf-e4825218ee12,BQJuice,92.7,40.0
rejected,Q4650212,ABC No Rio,5ba1ab23-24b3-4a1f-bd2f-1da7845b52cc,The Back Room,132.3,52.6
rejected,Q5098190,Children's Museum of the Arts,aec99016-8c15-4fa6-b997-3172c6c2577e,Schiff Fine Art,57.6,45.5
rejected,Q5116943,Church of Notre Dame,37b38d45-0901-41d7-ad57-d7cd10081f96,The Storm Theatre,29.0,36.4
rejected,Q5123167,"City Gallery, New York",0591a42d-3536-4292-8280-b554de1bad37,Doosan Gallery New York,79.4,77.3
rejected,Q5124296,New York Estonian House,d624dcc9-2ace-4447-bc5b-1d632b8ddc49,Garlic New York Pizza Bar,50.5,45.5
rejected,Q5128957,Harlem YMCA,b47bc05a-60db-487c-b0b8-3b82c539e60d,Harlem Hops,148.4,63.6
rejected,Q5135842,Clove Lake Park,7dd4d1b4-09d7-47db-8961-613ba47cdac5,Royal oak track,146.4,46.7
rejected,Q5136099,Club 57,32be3e7a-ab0a-407e-b682-a0c61c7dd78d,The Rhymers' Club,78.0,42.1
rejected,Q5174367,Cosmopolitan Club,c604b970-3f03-4252-a736-a8015f6e2b95,Thompson Arts Center,78.2,37.8
rejected,Q5182025,Crane House and Museum,099a99aa-5ecc-47c2-a437-38cb1d05c6a9,Crane House,26.4,66.7
rejected,Q5186073,Helen Hayes Theatre,7a1ca5f6-cd8e-410c-804e-e9237742ced3,The Hayes Theater,14.1,75.0
rejected,Q5188994,Crotona Park,428f7df9-7fba-4ba6-9369-a4328f812c39,Indian Lake Crotona Park,143.1,66.7
rejected,Q5221180,Dante Park,a13744d7-89da-43b0-806f-17952865f9de,New York State Theater,61.4,43.8
rejected,Q5244081,DeSalvio Playground,e9cb2e45-38ba-4d26-ae0d-6abeac60cd2a,"Amelie, Maison D’art",114.6,42.1
rejected,Q502218,National Academy of Design,c3caa7fd-a54a-4d09-a5a4-8434fb8363fa,National Association of Women Artists,8.5,54.0
rejected,Q535631,New York City Center,c9489746-ee71-424e-b1ac-5d07135503b3,New York City Center Backstage,38.6,80.0
rejected,Q564259,Oyster Bar,ead4b2d4-de05-47d0-8fcc-320c24095cb5,Luke's Lobster,31.8,50.0
rejected,Q564293,Lombardi's Pizza,87b37f3e-6e60-4617-9d24-0fb7baa87b69,Lombardi's,1.0,76.9
rejected,Q564516,Serendipity 3,5c4a5a80-d820-47fb-ba5d-6d8838795c40,Serendipity 3 - Upper East Side,4.2,61.9
rejected,Q564793,Jacob K. Javits Convention Center,b0783aa5-5366-46b6-9cfa-ae467a15d7f3,Javits Center,71.4,57.8
rejected,Q581044,Lincoln Center for the Performing Arts,a4550334-5768-452f-ae7c-cb740f67685a,Lincoln Center Library For Performing Arts(NYPL),76.7,80.0
rejected,Q5477291,Lyric Theatre,ff0eaf35-bfa8-4584-8126-9191c8b0cffd,Apollo Theatre,27.2,66.7
rejected,Q5477333,Foxy Production,85776dd2-8be3-4d05-aaa7-6fb5e3650021,La Colombe Torrefaction,88.9,42.1
rejected,Q5500854,Freedomland U.S.A.,a57140cf-2a4a-4c09-b946-5ceeac527547,Bellemy Loop,129.3,27.6
rejected,Q5517010,Gaiety Theatre,6cc14c74-c673-4043-82bd-24255903e9e3,Palace Theatre,125.8,71.4
rejected,Q5517008,Gaiety Theatre,00f015bd-b292-4a67-a679-92a38659adfc,Sage Theatre,139.3,76.9
rejected,Q5518818,Gallagher's Steak House,f00d698c-bd0d-4517-af0c-5268a3785637,Gallaghers Steakhouse,9.4,72.7
rejected,Q5522338,Garden Theatre,8378f35d-be29-4497-b86f-b67ec3db466b,Market Plate,86.3,53.8
rejected,Q5523190,Gargiulo's Italian Restaurant,978e4347-af34-4c80-a780-cca9dbfd41a9,Gargiulo's,16.7,71.4
rejected,Q5527001,Gate Theatre,b630ba25-a3c6-4079-aba9-b6f1d54f53ba,Beekman Theatre,125.2,66.7
rejected,Q5528081,Gavin Brown's Enterprise,b89ab5a0-8ba2-45f8-94d4-79d8ef6e797d,Barrow's Pub,148.7,44.4
rejected,Q5539674,George Gershwin Theatre,504385f0-7ce8-42e4-9a70-313775dbdbd4,Home of the Rasta Pasta,145.2,39.1
rejected,Q5539979,National Museum of the American Indian George Gustav Heye Center,d3b9a8fb-582c-4efb-aaf1-8f0ea6971cf4,National Museum of the American Indian,21.4,74.5
rejected,Q5550513,Gerde's Folk City,871d4394-c8ea-4324-ba7c-be7f8c693884,Fresh & Co,149.8,48.0
rejected,Q3476665,Sea Lion Park,dc8afc4c-8392-4f8d-84de-4503ef522963,Cafe Parus,112.6,43.5
rejected,Q3569403,Winter Garden Theatre,193071a5-5847-415d-a593-d18e5f099a90,Ambassador Theatre,130.6,51.3
rejected,Q3784918,Henry Clay Frick House,cc673d64-a5f0-4b0c-abcd-aed0ea7f2c31,Jeannie Freilich Fine Art,139.0,42.6
rejected,Q3848974,Garrick Theatre,03af10d3-0a2f-42c9-a533-92961ebff5aa,Garrick Theatre (New York City),10.1,68.2
rejected,Q3875796,Niblo's Garden,42a5109b-6ea9-43d5-a8fa-d36ee2dcba87,Brentanos,32.6,52.2
rejected,Q4044655,Museum of Russian Art,0b60b589-2169-4e9f-8c4e-edd7212b2598,Hao Restaurant Group Llc,136.6,40.0
rejected,Q4052705,Vineyard Theatre,f6ae3324-4ed2-4190-a87e-0d8fc2f20a9d,New York Ayurveda,91.9,48.5
rejected,Q4120890,Marine Park,2a76d11d-d44a-4b8d-b2f0-de1416fbb6aa,Марин Парк,0.9,9.5
rejected,Q3072023,Fillmore East,687a01ab-4919-4a1e-92ec-89fe0641957b,Site of the Fillmore East,4.6,68.4
rejected,Q3076807,Forbes Galleries,5d1cb6d9-6f71-46d8-950b-2d2cb28c22b5,Games For Change,104.6,50.0
rejected,Q3089144,Wave Hill,7f4d506a-b141-45b3-a8be-9acaa5db3d9b,Glyndor House Gallery,110.6,26.7
rejected,Q3094612,PaceWildenstein,dd39e979-0ab5-4813-b558-f85fa0d93d42,Wildenstein & Co,9.6,82.8
rejected,Q3268242,Ed Sullivan Theater,5848605f-cbfd-44cb-a05c-aa6ecdb5dbfd,Malisa Theatre Academy,59.2,58.5
rejected,Q3359494,P. J. Clarke's,e70675a7-e90f-4e85-9ca0-ba4c39f420bd,P.J. Clarke's Third Avenue,10.7,64.9
rejected,Q3417784,Rainbow Room,2368381d-75a5-4ce4-af5f-420c1a530025,Alidoro,121.6,52.6
rejected,Q4957928,Brasserie Les Halles,8cb33efc-5229-41d1-a112-50cd8d446e82,Les Halles,4.3,66.7
rejected,Q4974195,Bronx Museum of the Arts,cf777e73-5229-450e-9174-34ed2b9da0e2,Rodriguez Productos Mexicanos Inc.,111.0,35.1
rejected,Q4974853,Brooklyn Historical Society Building,3f2e2914-3e8d-497a-b4fe-f082b21a5435,Brooklyn Chamber Music Society,51.0,66.7
rejected,Q4978279,Bruce Silverstein Gallery,75c5ec6a-8347-420e-868e-a8a8ef0057dd,Andrea Rosen Gallery,42.5,66.7
rejected,Q4982876,Buck House NYC,dc2c7686-160e-4e4f-bbfe-1041614b9481,Felix M. Warburg House,108.5,40.0
rejected,Q4997607,Bungalow 8,4b75b73b-edf1-4f98-a71c-bfaeb3456fb2,Bongo,88.5,53.3
rejected,Q4998536,Burger Heaven,476a937e-1eac-44b9-8120-08970e74e7bc,Steve Cohen Chamber Magic,144.8,47.4
rejected,Q5001422,Industry City,5e34054e-c70d-403d-ae08-91e3f2e0c3d4,The Landing @ Industry City,106.5,76.5
rejected,Q5004105,Bykert Gallery,e532e86b-37fb-4925-9564-454ae759ac6a,Forum Gallery,99.5,66.7
rejected,Q5004361,Byron Gallery,7f5078bc-608d-4625-9160-c29b8553652e,Galerie Buchholz,83.8,55.2
rejected,Q5014851,cWOW Gallery,3aaf4183-6504-448b-b1d1-0880ff211ee8,Gallery Aferro,8.1,69.2
rejected,Q5017092,Cafe Chambord,605c6b3c-6d41-4a52-8766-ee405a6ec5e0,Nora Haime gallery,132.4,51.6
rejected,Q5017221,Café Bohemia,5d7c6aba-c634-405e-8121-7898fc28faa6,Amano Café,87.5,63.6
rejected,Q5017226,Café Boulud,06e36e19-7e06-4194-807f-87b33da9a81e,Sant Ambroeus Madison,143.1,37.5
rejected,Q5017249,Café Nicholson,3f2a6add-7fc9-4d99-935b-842fc074e32d,Cipriani Sutton,33.1,48.3
rejected,Q5017283,Café des Artistes,9aac316e-4bfc-4872-a55e-c4d5fc027e28,The Leopard at des Artistes,3.8,70.0
rejected,Q5329366,East Side Hebrew Institute,31e0a0f2-00ef-4868-9bf4-f3acaae9ded1,Americas Burgers & Wraps,80.1,41.7
rejected,Q4938110,Bohemian National Hall,1cf208e9-c21d-4a17-953b-e6a90050c3b8,Good Health Natural Cafe,114.7,53.7
rejected,Q5508454,Fulton Park,ec9213f9-60e5-427b-b018-d9fd8534e3d6,Chucky Chuck's,74.3,24.0
rejected,Q3361454,Palisades Amusement Park,274f2a03-7461-4884-9642-441b4fb5e372,Energize cafe at Palisadium USA,59.6,50.9
rejected,Q2906365,Bleecker Street Cinemas,b5845a09-3d84-45cc-a27a-529e1db32103,Bleecker Finest Corp,141.9,69.8
rejected,Q2915494,Skyscraper Museum,aa8f0b20-e63f-43dd-9d1f-87ca59cd0934,Pier A Harbor House,85.5,38.9
rejected,Q2973328,Circle in the Square Theatre,39b5fdca-139a-45c9-a4b1-6b9e6b8c7f46,Cloudm New York Times Square,61.7,57.1
rejected,Q4811071,Astor Opera House,69a793e7-80dc-4e1a-b8eb-4626786d6d31,"House, Stewart Agt",149.1,64.7
rejected,Q4811073,Astor Place Theatre,fa0d911c-3981-44b0-b072-2d771ec1981e,Sonnet Repertory Theatre,72.9,60.5
rejected,Q4811082,Astor Theatre,3c2f66dc-991d-4680-b7b2-9b97f49eedce,Fulton Theatre,45.3,74.1
rejected,Q4801292,Artists' Choice Museum,2fbf7624-68f6-4ad8-8b02-501e7d8c1a9f,New York Artists Equity Associates,100.3,50.9
rejected,Q4809792,Association of Exempt Firemen Building,90b2fa39-033d-4d68-a655-8a3d3f344e61,Precious Japanese & Chinese Cuisine,111.7,42.3
rejected,Q4827605,Avalon Theatre,8e023aee-baf9-466c-81c5-aa71d824de06,Avalon Theater (Brooklyn),4.3,70.3
rejected,Q4861728,Barney Greengrass,d0c2e4d5-3f15-48e9-a07c-8b3e5beb4c45,Carroll Gardens,127.6,50.0
rejected,Q6391935,Kent Theater,7a6c090a-b63e-413d-93bd-6bd14e6a212f,Kennedy Fried Chicken,12.7,36.4
rejected,Q6405710,Kiev Restaurant,0c32fc4b-4876-40a0-b31e-a01ea06088db,Ukiyo,125.1,44.4
rejected,Q6422049,Knickerbocker Field Club,8c895688-8bac-40c8-86c3-c1f0854df116,Coco Chinese Restaurant,140.3,38.9
rejected,Q6422066,Knickerbocker Theatre,8e3ae1cb-f5a3-4026-a1a7-aa4f00855061,Cook Eatery,96.0,50.0
rejected,Q4865770,Bartow-Pell Mansion,8d6b24be-5288-48d6-86d1-050a1d90ece4,Bartow-Pell Mansion Museum,17.6,84.4
rejected,Q4866042,Baryshnikov Arts Center,b54f8269-f5fe-4587-a2ff-1feba3b65a2c,Artisanal Cheese Center,70.0,56.5
rejected,Q6317076,Ratner's,537704aa-4063-4067-a9ff-881c778e282e,Bateman's,90.1,58.8
rejected,Q6320631,Józef Piłsudski Institute of America,7b85ffb4-9172-4534-9670-9862c60d3121,Instytut Pilsudskiego,35.1,56.1
rejected,Q6382231,Kearny Public Library,348d4043-49a4-49b7-aee2-ef1b822c3348,Subs Galore Llc,98.1,38.9
rejected,Q6432276,Korilla BBQ,62a7fd48-e4b1-4802-ae52-f4795b108399,Barclay Bar & Grill,108.8,45.5
rejected,Q6433415,Kossar's Bialys,f2e966a0-a745-483f-899e-addff30ff632,Kossar's Bagels and Bialys,9.4,73.2
rejected,Q6462920,La Grenouille,54dbde49-bed4-4e2b-a409-9d487872c9a0,Grano,41.1,44.4
rejected,Q6463759,La Martinique,740bcd80-8ee2-49be-a66b-43ec61f33f33,Beautique Restaurant,23.6,54.5
rejected,Q6471371,Lafayette Circus,a16a36d7-18d3-40ec-a5df-8f56f2d2a8d5,Crispy Heaven,52.4,41.4
rejected,Q6471542,Lafayette Theater,55cb537b-707f-4f52-909f-b903dedd05f0,Rejuvenate Juice Bar,131.5,36.4
rejected,Q7338883,Rivington Arms,ff0aa99c-1b40-4d93-ae53-79a739a51a01,Rivington Pizza,95.7,75.9
rejected,Q7354964,Rockaways' Playland,b2623863-4a58-4e66-9894-8e823797602f,Rockaway Beach Club,133.1,59.5
rejected,Q7366502,Roosevelt Stadium,be712ee1-cf44-4b21-8e97-8f3b55a3c77c,Caribe Club Restaurant Inc,130.3,37.2
rejected,Q7367872,Rose Museum,58d60360-10f9-404a-8d2d-32eff41a05c9,Weill Music Room,39.6,51.9
rejected,Q7370482,Rothko,ced4cc05-1657-4451-8301-c7d9f68fe05e,The Protein Shop,116.1,55.6
rejected,Q7383537,Rutt's Hut,10119ad9-a383-42d9-bdba-e681d9b62396,Silk City Distillers,117.6,33.3
rejected,Q7400442,Sailors' Snug Harbor,0f893992-1433-4104-a4d1-23ea3d200571,Snug Harbor Music Hall,99.9,68.3
rejected,Q7406291,Salumeria Rosi Parmacotto,ba6cfcbe-3ea0-4eac-b5a9-cf6be55dcc3f,Salumeria Rosi Parmacotto Il Ristorante,6.5,78.1
rejected,Q7421605,Sara Delano Roosevelt Park,657f2f0a-1e50-46a6-b581-88526354c593,Dark Lab Ice Cream,127.1,45.5
rejected,Q7439449,SculptureCenter,705a9066-4cac-4edd-b482-1f5bf7a21a2c,Chipotle Mexican Grill,74.6,38.7
rejected,Q7443041,Second Avenue Deli,f515e5a4-f5fe-42b4-ac5c-2e714030a9ac,Sake Bar Decibel,87.9,47.1
rejected,Q7458187,Seward Park,5783724b-7603-462d-b9a1-a59d4e5aa84d,William H Seward Park,98.4,68.8
rejected,Q7501257,Q7501257,2cc229f3-7552-4a44-bccc-b4bbc86966a2,123 Essex Street Corp,91.6,13.8
ambiguous,Q7553113,Socrates Sculpture Park,4d97a41e-8ffe-4089-9aeb-475f4d2364e1,Socrates Sculpture Park,42.7,100.0
ambiguous,Q7553113,Socrates Sculpture Park,6fcd3942-a137-4b5e-9637-ddc8243244b0,Socrates Sculpture Park Beach,104.8,88.5
rejected,Q7554744,Soho20 Chelsea,990b8ec2-7f08-49c0-af71-b37699c5b0df,West Chelsea Building,145.4,51.4
rejected,Q7554767,Soho Repertory Theatre,38e2a12c-4496-44dd-a776-08115eb7bb28,Soho Rep.,25.4,53.3
rejected,Q1814151,Minton's Playhouse,e5d53960-2b1a-44df-87cd-8e9ffad939db,Harlem Savour Of Seafood Inc,125.9,43.5
rejected,Q1950826,David Zwirner Gallery,046aae58-ba05-42a7-918f-ec9551ed2523,David Zwirner,97.9,76.5
rejected,Q1954899,Music Box Theatre,c91de449-e9f8-4bf3-831e-51f93ba98f22,Majestic Theatre,95.7,72.7
rejected,Q1983008,New World Stages,cdc90656-dc35-4edf-80bc-7188607864a2,World Wide Plaza,96.7,50.0
rejected,Q2004591,Rucker Park,b4059a06-d819-4300-ac99-2e587648151e,Rutgers Park,22.7,78.3
rejected,Q2159331,Lundy's Restaurant,fc92384e-0fe3-4318-8eca-c3dbd1c1177e,Randazzo's Clam Bar,130.3,45.5
rejected,Q2170757,Roxy Theatre,3b6c2250-cf0b-43ba-a7ef-93a33773e9ff,Roxy Theatre (New York City),5.1,63.2
rejected,Q16025238,South Street Seaport Museum,f1bf7c27-5866-4781-a0c0-741b620ac255,TKTS South Street Seaport,143.7,76.9
rejected,Q16238096,Nick's,a0cf83f8-4392-41bd-b8fc-5234f157caea,Devin's Fish & Chips,101.6,33.3
rejected,Q16254382,Bernard Museum of Judaica,2daeec6b-3d4e-4c32-83d2-b67f518aa60c,Herbert & Eileen Bernard Museum of Judaica,15.0,76.9
rejected,Q16334452,Katharina Rich Perlow Gallery,e5761e71-408b-40cd-a4d8-cb2ea768bcd4,Katharina Rich Perlow,6.3,84.0
rejected,Q16473625,Lithuanian Alliance of America,52510f16-4ff3-409b-bd80-6ecc5346cb3b,The All U Can Eat Pizzaria,62.9,53.8
rejected,Q16827087,Algus Greenspon Gallery,58504cb9-2f5b-4e1d-ae12-1e7d9a7777d5,The Greenwich Collection,65.9,41.9
rejected,Q16838258,Fez,b83ef972-0a92-42dd-9671-11db3ca617c6,LIFTnewyork,119.6,28.6
rejected,Q592116,Jewish Museum,dc2c7686-160e-4e4f-bbfe-1041614b9481,Felix M. Warburg House,11.7,41.2
rejected,Q607212,Studio 54,5d0d0820-ab17-4152-83b6-19eb032fea74,AMDA 54th,28.1,44.4
rejected,Q619124,Apollo Theater,db398988-0d07-4860-9da3-334112e0e7a4,Cafe At Apollo,5.4,71.4
rejected,Q6006906,Imperial Theatre,c91de449-e9f8-4bf3-831e-51f93ba98f22,Majestic Theatre,88.0,68.8
rejected,Q629738,USS Growler,1e359675-b3a9-4e09-9510-343c01ae7f8c,Submarine Growler at the Intrepid Museum,55.8,43.1
rejected,Q636275,New York Botanical Garden,f3296205-5483-4e46-b37f-fc02e4fd9dda,Native Plant Garden,49.5,45.5
rejected,Q6104078,J.G. Melon,c1e4224c-9fb7-4a03-b7f0-b1bfbc36a04b,JG Melon,15.1,82.4
rejected,Q6112071,Jack Dempsey's Broadway Restaurant,c64e3afb-6400-4e7f-bb95-9142be99555f,Carolines On Broadway,35.2,54.5
rejected,Q6117380,Jackson Square Park,f1f692f8-225a-45fd-b4cd-49e96b5b8257,Jackson Square,4.7,84.8
rejected,Q6127277,Jamaica Center for Arts & Learning,d2aa8844-50fe-49ee-9433-a9d571215a6e,Jamaica Multiplex Cinemas,140.4,49.1
rejected,Q2865930,Dyckman House,2476aa66-6b16-4a99-a727-de1d925787f6,Dyckman Farmhouse Museum,11.6,70.3
rejected,Q2879677,29 East 32nd Street,bbd9e877-6505-43e0-aaad-f617092f0f3c,32nd St Deli Llc,95.8,51.4
rejected,Q7424960,Sasabune,08cf3694-e763-4172-9727-5ad7472ead3a,Sushi Sasabune,7.7,72.7
rejected,Q7429934,Scandinavia House – The Nordic Center in America,fc9e207b-f62e-4cee-ab48-15f262d3786f,Jacquet North America,143.7,50.7
rejected,Q7432898,Schroeder Romero & Shredder,c160be0d-9510-440e-a558-4979dd266e4f,Robert Steele Gallery,75.5,47.8
rejected,Q16901506,The Colony (restaurant),880f2ef7-1d28-4c66-b4a7-ac7ae8eb1adb,Lollipop,19.8,42.9
rejected,Q16902703,Vietnam Veterans Plaza,f8fb6bf4-5dba-481d-956c-aaa5e1f9fe9e,Patsy's Pizzeria & Bar,91.0,42.1
ambiguous,Q16913647,Museum of Food and Drink,2b6524d1-234d-412f-876d-e763792f2ba5,MOFAD - Museum of Food and Drink,18.4,88.9
ambiguous,Q16913647,Museum of Food and Drink,80ff479b-c1bc-48c9-a0f9-9b4c70e832b4,Museum of Food and Drink (MOFAD),29.6,88.9
rejected,Q16954648,Bushwick Inlet Park,c4c28d7f-43ff-46ef-9fa7-eb243afb3a93,Bushwick Inlet Playground,57.2,81.8
rejected,Q16962373,Asti,a28442f5-8eba-4092-bb50-0fd3bce60a70,Roast Kitchen,104.6,66.7
rejected,Q16972698,Grey Art Gallery,758d1a91-417e-4e2b-9ae1-3d5f64546184,Grey Art Gallery & Study Center,115.5,71.1
rejected,Q6201543,Jimmy Weston's,bbbb5f5c-45d2-4f39-b79c-54d7ab6ddcb1,Winston Art Group,110.9,45.2
rejected,Q6235625,John Golden Theatre,6e5461df-0962-4d20-9a00-bcb2fd1f1b0d,Booth Theatre,92.0,68.8
rejected,Q6241723,John Jay Park,590be04b-9c89-4654-8916-ea3a800bae1e,East River Walk,105.7,35.7
rejected,Q6259426,John Street Theatre,3f5f13a8-e90d-43f2-a042-4dee801d3979,John Street Bar & Grill,27.1,64.7
rejected,Q7894605,University Club of New York,81d0e9d1-6df4-43f7-8c97-df8da9dc59cb,Michael's New York,116.4,57.8
rejected,Q7913649,Van Saun County Park,3165e79e-196a-4673-9535-c8320ec07b32,Van Saun Dog Park,144.0,81.1
rejected,Q7913733,Van Vleck House and Gardens,737d38a3-10e0-4b1a-9d0e-09f408721cfe,Brookdale Park Conservancy,55.2,45.3
rejected,Q7914450,Vanderbilt Theatre,00f015bd-b292-4a67-a679-92a38659adfc,Sage Theatre,84.5,46.7
rejected,Q7921110,Verdi Square,1de622e1-bfcf-4451-b2fa-3072eec5439d,Reverie Room,91.0,50.0
rejected,Q7927217,Victorian Gardens,cba8f83d-cd44-4d94-9c68-5fa7f9704e88,Central Park Scenic Benches,53.6,40.9
rejected,Q7965343,Walter Kerr Theatre,a552b0ea-b66c-4ce0-86ca-44aff346f483,Davenport Theatrical,119.3,56.4
rejected,Q7985107,West End Theatre,be38552f-e045-451c-a4b9-4a08f31d58d3,Faison Firehouse Theater,51.0,40.0
rejected,Q7989456,Weston Museum,06d0f59e-bc64-4f8c-8b88-88898297cf8e,Lubetkin Field,146.2,37.0
rejected,Q7989720,Westside Theatre,445d64de-f87d-47d4-9bcf-26e296c6901f,Theatre Row,123.7,51.9
rejected,Q7995037,White Manna,57f704c6-d0a4-4a26-abfd-4cf551765c4c,White Mana Diner,22.3,74.1
rejected,Q8006562,Williams Center,a5df63f3-c47d-42d4-a705-09e21cd34af3,Rutherford Williams Centre,33.7,73.2
rejected,Q8019615,William Ulmer Brewery,6b4bb3af-f658-4c21-81d2-cf55e04ca402,Satmar Matzah Bakery,32.3,43.9
rejected,Q8022410,Willowbrook Park,bf047b90-a35f-4102-a04f-fdddd8382cab,Carousel For All Children,148.7,34.1
rejected,Q8026228,Winter Garden Theatre,464a4b9e-5157-4d98-b623-42a62012de6e,"Temple's Secret Garden, Inc",123.6,55.3
rejected,Q895455,Bowling Green,30e15585-f195-4288-a9b5-c5e9479c4275,Wallstreetbet,135.6,38.5
rejected,Q897062,Bradley's,ac995c18-b3f3-4adc-bdc0-66a9f7f76409,Bagel Bob's,79.7,50.0
rejected,Q862034,Rockefeller Foundation,709fd186-ebb4-4bc0-8839-018d9f0c15b1,Daintree,131.7,46.7
rejected,Q885822,Blue Note Jazz Club,5bedb075-bcdf-45d8-9ad1-7b7b2bcf368a,Blue Note,9.8,64.3
rejected,Q903403,Studio Museum in Harlem,eff2aef0-3734-4f56-a958-d3bd00df47f2,Krab Queenz Harlem,143.7,48.8
rejected,Q903812,Astroland,c664a02c-f80f-410a-a82a-aea555c2f0e2,Coney Island Arcade,73.1,50.0
rejected,Q909592,Washington Square Park,c6d78eb6-c591-4a7c-9fbc-42e62143b5ca,Washington Square Park Dog Run,71.2,84.6
rejected,Q7565045,Soup Kitchen International,70169476-9796-4521-8771-93210eb792d1,The Original Soup Kitchen,8.4,51.3
rejected,Q7576405,Sperone Westwater Gallery,084619fe-2a70-408b-bc2d-e870acd09c19,Sperone Westwater,7.9,81.0
rejected,Q7579760,Sports Museum of America,d3b9a8fb-582c-4efb-aaf1-8f0ea6971cf4,National Museum of the American Indian,130.3,61.3
rejected,Q7596782,Stage Deli,5848605f-cbfd-44cb-a05c-aa6ecdb5dbfd,Malisa Theatre Academy,145.6,50.0
rejected,Q7599992,Stanley Theatre,568fb483-104f-44de-ae7c-fdff200f32d9,B&B Haitian Bakery,144.8,42.4
rejected,Q7603985,Staten Island Children's Museum,78c60593-59df-49a5-a9cd-d634c01a0e2f,The Connie Gretz Secret Garden,59.3,38.6
rejected,Q7629257,Stuyvesant Cove Park,8a4c8aa2-1587-4c17-a956-4baa81c009ce,East River Run Path,121.1,41.0
rejected,Q5594399,Grand Central Art Galleries,34a96436-0df3-4fc1-aa04-c56b5f279b86,Two Boots Grand Central,91.2,60.0
rejected,Q5595142,Grand Theatre,7cb01ecb-180f-49cc-97f7-1724fd0c3f64,Pho Grand,82.4,63.6
rejected,Q5598121,Gray's Papaya,ebaae91a-b882-4840-8840-32c4aafc6d05,Gioia Pizza & Pasta,98.4,46.7
rejected,Q5641732,Half Note Club,dcf272b7-9e33-45ed-aa04-bb567991d876,Local & Vine,61.3,50.0
rejected,Q5643041,Hallo Berlin,eeb8b71c-46e1-4231-aa2e-174e3d940423,Valla Table,84.8,52.2
rejected,Q5645778,Hammerstein Ballroom,a8952c82-5aa9-47d5-ac59-5505cc8ff99f,Hammerstien Ballroom //Cash Out Room,7.6,70.4
rejected,Q5676326,Harvard Club of New York,6255fe41-1f22-4109-b1fe-e1a118c89de2,Battery Park New York,91.2,57.8
rejected,Q5728819,Henry Street Settlement,2f55f977-6de9-44bb-aebe-be967d6479c7,Ernesto's,48.3,37.5
rejected,Q5732648,Herald Square Theatre,344a8b63-0e84-40b3-a103-393261d98d42,Harold Square New York City,94.7,54.2
rejected,Q5564417,Girl Scout Museum and Archives,ef9a2fd9-23da-4ae4-9674-0de9a0bcbc42,American Friends Of Israel,133.2,46.4
rejected,Q3021342,Deitch Projects,01af6e9d-e482-40fc-b6f6-25b6206615b0,Jeffrey Deitch,73.2,62.1
rejected,Q3029811,Disco Fever,0a023bd6-ddc6-4478-b2d3-aed22f6cfb55,Domino's,77.1,42.1
rejected,Q3039284,Dreamland,f6c5e791-39b7-4bab-b930-68ca399c5661,Liman,128.5,42.9
rejected,Q5935075,Samuel J. Friedman Theater,ca04aa34-92ca-44db-bf3d-0580844e2cb7,Friedmans Restaurant,104.7,52.9
rejected,Q5947026,Hurrah,d7ed13b1-4b22-438b-a915-cf4bddaf3fb6,Met Opera Chorus,146.5,36.4
rejected,Q5378852,Enid A. Haupt Glass Garden,ddc56a91-e4ce-4ae9-94c3-bd81a5c654a4,Impress Deli Inc,57.3,39.0
rejected,Q5380991,Environ,e9c6ded1-ec0e-4bfb-9e76-b83b68c5f28e,New Era Cafe,90.3,42.9
rejected,Q5381420,envoy enterprises,2da0f297-f524-4b5e-9c60-d1595d459fa2,Espresso Bar NYC,53.1,48.5
rejected,Q5420387,Exit Art,2ec3b9b5-a72e-4c8d-b13c-d3715a7957fd,Affirmation Arts,112.0,41.7
rejected,Q5447480,Fifth Avenue Theatre,27eb5f23-88e5-4abe-81e8-f3330c50be7f,Tramonti Fifth Ave,134.4,68.4
rejected,Q5448944,8th Street Playhouse,f465e247-9260-435d-898d-2ddd7b6a9122,Miracle on 8th Street,62.7,63.4
rejected,Q5454820,Fisher Landau Center,5b381925-763c-4db7-9e08-4260826f04ee,Yanagi Sushi & Ramen,101.6,47.4
rejected,Q5461026,Florian Papp,8117cc02-07da-41b9-b513-1753bdedff9e,Flora Bar,85.0,58.8
rejected,Q6673576,Longacre Theatre,4bf9076d-df0f-4771-9fb9-63d61fa8fb7a,Barrymore Theatre,61.1,66.7
rejected,Q6697298,Lucille Lortel Theatre,c87423d9-aa78-428b-bc6e-ca31c8015e35,Red Bull Theater,8.5,57.9
rejected,Q6703862,Lunatarium,e446a103-d6c2-4d50-b655-5b0b01c1d4d6,Duane Park,107.2,40.0
rejected,Q6706050,Lutèce,35a60d21-12ea-4234-8623-254daef31637,Slate Cafe,44.8,54.5
rejected,Q6707253,Lyceum Theatre,6a418cf3-653b-4154-86c5-fed293ea563d,Gramercy Theatre,148.9,60.0
rejected,Q6710003,Lyric Theatre,ff0eaf35-bfa8-4584-8126-9191c8b0cffd,Apollo Theatre,0.0,66.7
rejected,Q6722886,Maccarone Inc,65f69f4b-edcb-49e0-ae6a-15e159d633c3,Maccarone,15.7,81.8
rejected,Q6728106,Madison Square Theatre,dc54051a-000b-4ec1-8db4-7a96f537e810,Worth Square,101.5,52.9
rejected,Q6737715,Majestic Theatre,c8fe5517-aa51-480c-88a9-10b9a2ffc415,Market Plate,44.2,57.1
rejected,Q6742732,Malcolm X and Dr. Betty Shabazz Memorial and Educational Center,411fee72-90c1-4d74-824d-61e3946406fe,Antika Restaurant & Pizzeria,85.1,31.8
rejected,Q6749314,Manhattan Theatre,b8f062e4-28da-43fc-8595-5db266d199ec,CAT Youth Theatre,115.1,58.8
rejected,Q6666598,Loew's Jersey Theatre,a165dcb2-0c4e-4324-b1ee-c163c24880e6,The Landmark Loews Theater,54.3,65.1
rejected,Q6671395,Lone Star Cafe,9dd97e92-1e69-4c11-b0c0-3f6f71314c85,Casita of Brooklyn,149.3,44.4
rejected,Q6767988,Mark Hellinger Theatre,592987b4-dad2-462a-a702-b76fb7536321,Neil Simon Theatre,81.2,60.0
rejected,Q6769881,Strand Theatre,00f015bd-b292-4a67-a679-92a38659adfc,Sage Theatre,95.1,76.9
rejected,Q6772686,Marquis Theatre,bac78be5-0437-4877-979f-1cc044a5e060,Morosco Theatre,75.5,73.3
rejected,Q6782218,Mas,1b9d965e-a5f1-4568-b92e-05f7616e83b2,Gab’s,71.5,50.0
rejected,Q6507417,Le Pavillon,afdbb621-546b-43c6-85a0-b871abd59fe3,Empellon,145.2,63.2
rejected,Q6523273,LentSpace,f085e36c-7337-4572-b70a-abc96e39b0a7,Selene,98.3,53.3
rejected,Q6541981,Liberty Theatre,a3a5b279-a762-4db7-a08a-64be874cd7b3,Nederlander Theatre,116.1,64.7
rejected,Q6546019,Light Horse Tavern,c3396427-6cf0-475e-9e27-b3c41499882a,Lobster Garage,7.0,43.8
rejected,Q6550524,Lincoln Center Institute,1640fa7d-3506-420c-bbfa-23623bd5e621,Talk Cinema at Lincoln Center,41.6,67.9
rejected,Q6555319,Lion's Den,dc47c552-d212-4226-92c6-d7f422891772,Denino's NYC,82.9,72.7
rejected,Q6530230,"Lesbian, Gay, Bisexual & Transgender Community Center",f715fbd6-8e36-43f2-9025-0627d694dc1f,David Bohnett Cyber Center at The LGBT Center,9.9,46.8
rejected,Q6530976,Leslie-Lohman Museum of Art,e2797a70-1955-4420-93b4-b64d1d3e3562,Kfir Moyal Art Gallery,130.4,44.9
rejected,Q6537369,Lewisohn Stadium,72986472-94f7-4133-ab2d-5572485d1683,Sushi Sushi,144.0,37.0
rejected,Q6692796,LowLine,ec6efd36-4b06-4568-9702-1a1b282ac749,Gouie,107.3,50.0
rejected,Q1331383,Iridium Jazz Club,cd42a258-b7a5-4f57-b578-a0c9bd0e3173,The Iridium,12.7,58.3
rejected,Q1339602,Riverside Park,e1d650dc-072c-410a-b7ca-d39e2348d8e3,Riverside Park Sledding Hill,99.5,66.7
rejected,Q1351288,USS Intrepid,1e359675-b3a9-4e09-9510-343c01ae7f8c,Submarine Growler at the Intrepid Museum,126.0,46.2
ambiguous,Q1359049,Hudson River Park,5b1f5721-2671-4bf8-b21e-542efa29287a,Huson River  Park Nyc,44.1,86.5
ambiguous,Q1359049,Hudson River Park,9efd843a-3957-4927-a526-866cc0cc3da8,Hudson River Park,118.3,100.0
rejected,Q1360424,Brooklyn Botanic Garden,f64c5abe-5862-4a3e-9f59-6b863897fbe3,Fragrance Garden Alice Recknagel Ireys,136.7,42.6
rejected,Q1392715,291,4d9f34e6-aae0-431e-8f7e-9bfa3e64faa9,Tgm 21 Inc,98.1,30.8
rejected,Q1425684,Palladium Ballroom,eb268838-8556-4a57-9f8c-c8140d839ef6,Broadway Diner,147.4,43.8
rejected,Q1458004,Max's Kansas City,2ae0f06f-6dd2-4b3d-8319-13f5175d85a4,Max's Kansas City (Formerly),4.4,79.1
rejected,Q1467005,New Victory Theatre,c8cd2140-72a5-4820-8456-328823736f76,Todd Haimes Theatre,73.8,63.2
rejected,Q5027988,Campbell Apartment,2720c876-30c3-49a8-8439-2ad3b322fdf2,The Campbell,1.6,61.5
rejected,Q5031943,Candle Cafe,c3955b7f-c6b9-4f30-b720-0872b552319b,Cove Landing,81.0,44.4
rejected,Q5035943,Capitol Theatre,38a4f0fe-772b-43d0-a642-745acc56c1c9,Capitol Theatre (New York City),0.0,68.2
rejected,Q5045272,Q5045272,175f0a12-a216-498d-832d-0f25450a284c,Mars 2112,112.5,23.5
rejected,Q5048527,Casey Kaplan,a73d2a05-9061-4b29-9f88-d66a06606636,Pace Gallery,100.3,50.0
rejected,Q5048879,Casino Theatre,8e3ae1cb-f5a3-4026-a1a7-aa4f00855061,Cook Eatery,45.2,56.0
rejected,Q5059357,Center Theatre,1ce4f188-79fd-4519-8891-dacd3b419efa,Eataly Caffè - Rockefeller Center,85.5,53.3
rejected,Q5059528,Center for Book Arts,9247ecfb-0cec-4a91-bd14-468d4e130a32,Balance Art Center,82.3,63.2
rejected,Q5061610,Central Park Mall,bc07d74b-cbf0-460f-92db-e188fb582d3a,Literary Walk,97.8,46.7
rejected,Q5061914,Central Theatre,dc8e0732-55c1-4a6b-a815-7c6c43971f74,Central Perk,40.3,74.1
rejected,Q5063204,Century Theatre,d89a235f-e715-4183-92fe-3d703e7af1a0,Daly's 63rd Street Theatre,110.7,48.8
rejected,Q5077332,Charles Egan Gallery,42872099-9bee-40ab-8427-167f4e96b0be,Adelson Galleries,85.0,59.5
rejected,Q5087648,Chatham Garden Theatre,604a45de-fb34-458c-818b-04f9e30d296b,Art on the Ave,128.8,55.6
rejected,Q5087695,Chatham Theatre,d37a224f-267f-4af2-8312-1bf7c061f12b,Time Square manhattan city,47.5,43.9
rejected,Q5089451,Cheetah,d8e54571-c581-4505-a162-546e6a9e8c52,Cafe Metro,129.0,47.1
rejected,Q5090125,Chelsea Place,90425918-a36b-405f-b8c6-5675635b7fa8,Rangoon - Chelsea,33.3,64.3
rejected,Q20979451,Williamsbridge Oval,5d6eeb66-47af-482d-9872-8a89c9589c00,Williamsbridge Reservoir Oval,58.4,79.2
rejected,Q21000821,L'Atelier de Joël Robuchon,2a9d6a25-711c-4fc8-af33-baa075f14fd2,Hirschl & Adler Galleries,29.7,44.9
rejected,Q21178688,Porter House New York,fa644293-44d9-45b7-86ee-d8b3012b2cab,Porter House Bar And Grill,61.1,58.5
rejected,Q22021911,Browne's Chop House,b6a6eb10-9b5c-4dc2-a62d-1ceec6722b77,Balarini Restaurant Corp,134.7,46.5
rejected,Q22060909,San Cap Park,4cd5e6c5-2529-48f6-a715-34bc3e709ea7,Highlands Preserve,3.0,33.3
rejected,Q22061046,Osborn Playground,0eb2c889-f31e-4113-b18c-d6cab3142947,Opus Dance Theatre and Community Services,74.1,20.7
rejected,Q22061090,Travis Triangle,d7b54a66-8248-483b-9a0d-cdf425a2bd55,Haneul Babsang 하늘 밥상,112.2,34.3
rejected,Q22329558,"Benevolent and Protective Order of Elks, Lodge Number 878",ed3849c2-3a09-4e29-b276-5f31008be804,Juniper Valley Park Roller Hockey Rink,146.1,34.0
rejected,Q22329560,Broadway Theatre,a3a5b279-a762-4db7-a08a-64be874cd7b3,Nederlander Theatre,145.3,62.9
rejected,Q22329578,Hostos Center for the Arts & Culture,651fcedb-1224-450b-95aa-4b74f628288a,Hostos - Center for Teaching and Learning,138.2,60.3
rejected,Q22329586,Lynn Redgrave Theater,c64009dd-8c81-4438-827b-f53c56a1dcc3,Bleecker Street Theatre,22.3,54.5
rejected,Q23011166,The Met Breuer,f8d80e84-b98b-45cc-9766-b2e231afe1ed,Sotheby’s Breuer,5.6,61.5
rejected,Q23091485,Crisco Disco,87beefa7-67e6-44bc-8b96-bc29148e0488,Mission Ceviche,126.1,51.9
rejected,Q23091516,Estella Diggs Park,c4c85eaf-44ef-48fe-82bf-db5a5ab53236,Luna Park Coney Island,120.5,50.0
rejected,Q23091760,Harlem Opera House,3a494be7-6702-4783-a943-74274b25819a,Harlem Lanes,108.7,53.3
rejected,Q23091782,Hillcrest Veterans Square,76e62b13-2d9b-4021-9c99-509ec542ec71,Chef's Garden,126.9,42.1
rejected,Q23091846,Lafayette,84c8a2ae-fab2-4d92-bb59-4136a334feca,Lafolia,120.5,50.0
rejected,Q23091876,Libra Triangle,1cfd34ea-9862-4553-8929-e685098aba40,Jane Fast Food Inc,48.4,37.5
rejected,Q43016366,Playhouse Theatre,e7099238-0ac1-47fe-9cfd-1f28c441eeed,Heavenly Flavors,119.7,54.5
rejected,Q43016376,Royal Theater,9e4f8da7-3d53-4d26-a0d8-b57a6288b540,Golden Harvest,67.7,44.4
rejected,Q43016388,Savoy Theater,bcbf6463-35d2-41c9-9875-d53609408ef7,Bey Arts Gallery,23.2,41.4
rejected,Q43016399,Queen Anne Theater,48e549ca-4b04-4201-8e47-da8ea346b8a2,Halal Flavor House,141.6,27.8
rejected,Q43016983,City Theatre,5387090d-8ccb-4e79-a480-be33c68f7f0f,Carlstadt Historical Society Museum,147.7,29.8
rejected,Q43017005,Carteret Twin Cinema,ab2d02c3-f3ec-4ef5-8533-930f065af5ed,China Wok Carteret,145.8,78.9
rejected,Q43017016,Majestic Theater,e7f46211-c165-4e4e-a568-b21bc8d5b118,Waves of Wine,80.1,34.5
rejected,Q43017029,New Palace Theatre,4ecb9a41-34a0-4810-b90b-972f0f93bf10,Carteret Dog Park,30.3,28.6
rejected,Q43017184,Savoy Theater,c0b5e3c2-3629-43a7-b6dc-31d70bdc2a47,Home of the Cake,58.2,41.4
rejected,Q43017250,Allwood Cinemas 6,bcb3d4c0-f142-414a-99c0-aca0c30b23cc,Clearview's Allwood Cinema 6,115.4,75.6
rejected,Q43017256,AMC Clifton Commons 16,eaf58eee-420c-4cb1-80d9-352ece233941,Clifton Commons,54.1,81.1
rejected,Q43017263,Clifton Theatre,9162c9cc-1360-4c3e-8160-771da5359a6a,Happy Garden Chinese Restaurant,87.2,40.0
rejected,Q43017274,Strand Theater,ca9b9155-a871-40a4-b30d-c2c4efcde450,Casa Perú ,104.2,43.5
rejected,Q43017471,Ampere Theatre,439615b7-7b34-4d35-bd08-6baa14620402,Pure Love Bakeries,104.2,50.0
rejected,Q43017492,Halsted Theatre,a8b99f3f-3d23-4a87-8a3c-ed0af5d23f6c,International Cuisine,131.5,38.9
rejected,Q43017559,Hollywood Cinemas,efafac05-8d2a-4223-b4e6-b485b323f5ae,Aso Rock,64.6,32.0
rejected,Q43017570,Ormont Theatre,dbdb2d35-1db7-47bf-aba3-669f191fb07c,Huddle House,147.7,30.8
rejected,Q6940955,Museum of Motherhood,3108cf04-a391-49eb-a577-9f34e94de3ff,Bayard's Ale House,136.6,42.1
rejected,Q6940999,Museum of Primitive Art,319437cd-59ca-43cb-9a41-9520a4190750,Queens Museum of Art,123.8,69.8
rejected,Q6941063,Museum of the American Gangster,017bd0ad-c9fb-430f-b5b4-75051496248f,In The Name Of Love Llc,95.0,51.9
rejected,Q6941111,Museum of the Peaceful Arts,cca5c0c5-771e-4045-8e19-b53a491b7944,Museum of Tolerance,108.9,60.9
rejected,Q6973870,National Jazz Museum in Harlem,0fb39d54-73ac-468e-a9c3-760d4abbb563,Chef Manuel lopez,119.9,38.3
rejected,Q6978912,National Theater,084619fe-2a70-408b-bc2d-e870acd09c19,Sperone Westwater,105.6,48.5
rejected,Q6989993,Nell's,c1f15ec8-6619-4f25-b40b-e71f775d0a8f,Tacos El Idolo,64.5,50.0
rejected,Q7006506,New Century Theatre,81d8a6e3-fe35-4989-a642-c4dc0dfaa2d4,Central Park Theatre,25.9,71.8
rejected,Q7012091,New Theatre,b57a2e49-6a98-4227-9521-178e9b6fea18,York Theatre,82.5,60.9
rejected,Q7013358,New York Coliseum,106f9623-55e9-4594-9296-99cc61890abb,Central Park Columbus Circle NYC,100.5,44.9
rejected,Q43020289,Bellevue Theatre,42ef59fb-b24d-4787-8152-9a6ad861c71a,East West Dai Cuisine Llc,105.0,34.1
rejected,Q43020299,Branford Theatre,6ef4a88c-387b-4573-ad0d-268a80260ef9,Portici italian taste experience,134.8,41.7
rejected,Q43020310,Broad Theatre,893c802e-47df-4b5f-b97c-1edc0ec45c92,Itz Broad Street Llc,30.4,60.6
rejected,Q43020320,Cameo Twin Cinema XXX,c60d1094-57df-4984-aedf-cefd14eb6a7d,One Washington Park Trust,73.4,39.1
rejected,Q43020335,Capitol Theatre,3234bd85-9b7f-46f9-9955-b0ec50a56880,Halsey Luncheonette,80.2,41.2
rejected,Q43020345,Miner's Empire Theatre,ee59d716-a9e3-459b-9aa2-c305b3983eea,Restaurant Mon Berger,72.2,51.2
rejected,Q43020353,Globe Theater,69f36d1c-8809-4200-b006-e594a72d5df5,Kebab House,100.6,41.7
rejected,Q43020373,Loew's State Theatre,180c0555-5ad5-496f-be54-ceffdee113fd,Sweetwaters Coffee & Tea,145.0,57.1
rejected,Q43020384,Luxor Theater,a446e928-09a7-46f6-90db-9cb0b02aa974,Smitty & Mo's,83.5,33.3
rejected,Q43020398,Lyric Theatre,361b0a51-a75d-45d2-b10d-abfe75f818d6,American Whiskey Newark,88.5,44.4
rejected,Q43020409,Mindlin's Playhouse,36a8822c-58db-44ec-88c8-3820ac6564a2,Gourmet Deli,124.1,45.2
rejected,Q43020426,Newsreel Theatre,f6827320-7e46-4f61-a1db-bd0aaf7eb618,Newark Paramount Theater,110.7,55.0
rejected,Q43020436,Paramount Theatre,f6827320-7e46-4f61-a1db-bd0aaf7eb618,Newark Paramount Theater,25.7,78.0
rejected,Q43020449,Rialto Theatre,e5cb4b6e-daa9-40bc-9ac7-957f55220e24,Central Park,118.2,46.2
rejected,Q43020463,RKO Proctor's Theatre,ee59d716-a9e3-459b-9aa2-c305b3983eea,Restaurant Mon Berger,141.6,42.9
rejected,Q43020472,Terminal Theatre,253bbe59-0b03-439c-953e-e0529e71ebe9,Better Bites,41.5,42.9
rejected,Q43020496,Colonial Theatre,b1ccabe7-2497-4b97-b88a-d72da9aef5e6,Variedad Latina,135.3,45.2
rejected,Q43020505,De Luxe Theatre,d93bc607-d35e-423b-8009-e3ec58c5b2a0,Upscale Unisex Lounge,43.1,34.5
rejected,Q43017953,Fairview Cinema,7d29b0bb-1f71-4132-9c7a-45023bb3cdb8,Mesa Maya,46.2,33.3
rejected,Q43018046,Fort Lee Theater,a4db62c9-8c76-46d8-ab62-6fe231aba204,Ramen Azuma Fort Lee,43.5,61.1
rejected,Q43018065,Lee Theater,89e0a905-7571-46ae-be26-de7688142a6f,Alexanders Boutique,59.1,40.0
rejected,Q43018080,Linwood Theatre,23c8ba53-72fb-4a3d-9150-10949397ad48,Linwood Pizza,85.2,64.3
rejected,Q43018089,Sharon Cinema,8817353a-e5e1-4d36-84a0-e1f370d7e4fc,Pomodoro Pizza & Pasta Inc,86.9,37.8
rejected,Q43018245,Ritz Theatre,66226ba8-9423-456b-b9b2-f921b9c417a3,Cedania Tres Leches & Sweets,96.7,36.8
rejected,Q43018328,Alvin Theatre,60eb9ada-bacf-47b7-aa36-8b16dfc3ce2b,Brazilian Churrascaria,99.3,45.7
rejected,Q43018336,Galaxy Triplex,e6419a70-6516-44ad-80c0-15b2a16c58df,Congregation Emanuel Museum,130.7,29.3
rejected,Q43018346,Eureka Theatre,b9354a2c-3ebb-4ce0-b059-858d8e7c4080,Aura Thai kitchen,97.9,60.9
rejected,Q43018359,Fox Theatre,0a5758a0-275a-4cef-b45e-44458cea61ee,Blaze on Fire Restaurant & Grill,60.3,34.3
rejected,Q43018369,Lyric Theater,b9354a2c-3ebb-4ce0-b059-858d8e7c4080,Aura Thai kitchen,132.8,45.5
rejected,Q43018378,Oritani Theatre,9ba31c7f-28c1-44e3-82b1-2eb057491e5f,Riviera Lounge,39.3,45.5
rejected,Q43018644,14th Street Theatre,79a4946c-91df-4d26-a3db-05ef1e53a91e,Three Plus Two Inc,106.1,43.2
rejected,Q43018658,Bow-Tie Hoboken Cinemas,3c073727-b526-4d67-878e-7d48c3f5bd10,Hoboken Cinemas,19.0,78.9
rejected,Q43018672,City Theatre,e472252d-9858-47a6-baa0-2c847af60187,West End Station,116.7,35.7
rejected,Q43018682,Eureka Theatre,ea93b8dc-4450-44d8-8b85-f43c0f0e02ab,Park Ave Hoboken,132.5,40.0
rejected,Q43018691,Europa Theatre,299b4b8a-068f-4851-845e-395cdaa67732,Legal Beans,145.1,40.0
rejected,Q43018705,Fabian Theatre,abac758e-1f5b-4d13-9958-f52fbfb68f6f,Texas Arizona,141.2,51.9
rejected,Q43018716,Graf's Nicolet,d40ea260-6829-40b4-b363-7db7323b8209,Maggie's,117.4,45.5
rejected,Q34806848,Alumni Field,66f4096c-65d7-4b4f-9c63-ca5e4a73122a,Frederick Douglass Field,54.6,38.9
rejected,Q34806906,Benigno Aquino Triangle,5b815185-e9c6-433a-96b8-a058f8fb9784,Green Deli Inc,116.8,37.8
rejected,Q34806939,Benjamin Gladstone Square,d571395e-5cf5-491d-87d3-5e567065abc1,Little Caesars Pizza,123.4,35.6
rejected,Q34807236,Bergen Triangle,813648fc-ebfc-4060-99b7-983f019b119e,Fabena Pizza,142.6,44.4
rejected,Q34807286,Berry Playground,d3da2e06-5702-4e74-809a-bf2634d8ae6e,Jolene Sound Room Brooklyn,105.5,47.6
rejected,Q34807340,Betsy Head Memorial Playground,194ff5d7-1ed7-455b-9478-eddbd286e6cd,Betsy Head Park,17.8,62.2
rejected,Q34807422,Bicentennial Veterans Park At Weir Creek,c04256e3-8af7-448b-a462-8237d9fe48c5,Bicentennial Veterans Memorial Park,128.7,74.7
rejected,Q34807823,Anderson Park,b291c630-71ec-418a-8820-0523eaf9f9e9,Royal India,100.0,41.7
rejected,Q20011299,Pommes Frites,fa028fae-f20c-4438-a10e-643a257ce638,Time Arts,136.2,54.5
rejected,Q20656811,City Winery,f19f00a2-5e1e-414c-8752-2afe7ddeae84,City Winery Ny Llc.,8.3,75.9
rejected,Q20656927,FOOD,3a50e0bf-a5ed-4269-b623-71fcef151714,The Room,56.8,50.0
rejected,Q20657120,King Tut's Wah Wah Hut,9144f31d-8391-4563-9a5f-2af4a855ade7,August Laura,40.4,41.2
rejected,Q20715090,Swiss Institute,c32ed1c8-66f6-445b-8b82-e1b01b8f3b17,Rosie's,125.4,45.5
rejected,Q20858087,Mall Eighteen,35e738c3-1264-4d82-bf14-6019e310160a,Henca Usa Inc,65.0,38.5
rejected,Q20858110,Microscope Gallery,930cbcbe-3183-488a-9282-8f33c4678318,Alebrije Burger & Grill,67.0,42.4
rejected,Q20858183,One Room Schoolhouse Park,d6a547ad-e312-4c6b-8db8-fbf9d25da138,Vibras Restaurant & Lounge,120.9,28.6
rejected,Q20858210,Comedy Theatre,e4d0b02d-b74f-4d2f-ac4c-05c40f70f720,Here & There,86.2,58.3
rejected,Q20979289,Jing Fong,c4cff69f-8aa7-4c78-bd7b-5af87976c7f0,Kong Sihk Tong,92.5,60.9
rejected,Q20979298,Kesté,512ca90e-9272-4f03-bf6e-e3489942d479,Kees,136.6,66.7
rejected,Q20979316,Loew's Valencia Theatre,60e11d78-310d-410e-b645-861027e22966,"B & S Variety Store,inc.",72.3,45.5
rejected,Q14705797,New Jersey Naval Museum,4775ed9b-8e02-4f4a-b234-eeb6ab6a16a5,New Heritage Diner,119.0,43.9
rejected,Q14705831,Orange Park (New Jersey),942d9c80-15b4-409b-a16e-138ad750b665,Orange Park,12.6,66.7
rejected,Q14706150,54 Below,3113375c-e111-4284-8430-3035010d890b,Barcelona Bar,115.9,47.1
rejected,Q14706188,Blue Hill Restaurant,a0ca3ec6-f0d0-4db2-bef5-e03c6636d73e,Baluchis Restaurant,106.6,58.8
rejected,Q14706247,Duarte Square,f99e94fe-9d86-4840-a2da-f326de5cf43d,Hudson Square Liquors,97.4,58.8
rejected,Q14706295,Grand Central Palace,22152236-4bec-4517-b7c0-7dc56bd09522,Grand Central Star Cafe,101.1,78.9
rejected,Q14706671,John J. Carty Park,a6bc6ae2-dafe-4c68-b1b9-d03d8e25c776,BrooklynONE Productions,81.9,35.0
rejected,Q14706788,Lincoln Club,3de91527-864f-4108-a5de-0b86f4a0f08c,Bati Ethiopian Kitchen,119.6,38.5
rejected,Q14707189,Grand Opera House,fc92cf06-0dda-4255-bd1e-97a328fb52ce,The Fork Bar and Grill,71.9,48.3
rejected,Q14707433,The Embers (NYC Club),491e5350-143b-42ed-a693-9416a91a61e1,Jumieka NYC,57.1,53.8
rejected,Q14707479,Times Square Theater,ff3b5e65-f7a8-492d-a745-7c6fb0e8d5c8,6 Times Square,145.6,70.6
rejected,Q43017597,Rex Theatre,8f5ae328-bc43-400e-8dd5-38a2b2c6d7ab,Blarney Station Pub,109.8,40.0
rejected,Q43017647,Loews Showboat Quad,6b1f0667-a81f-498a-8640-041ab26ec446,Tony Leung,63.1,34.5
rejected,Q43017769,Capitol Theatre,5d9e38e0-acb4-473b-8bef-585632ae228e,Criollo's Restaurant,26.9,41.7
rejected,Q43017778,Elmora Theater,cb5bb2fb-e370-4828-ae44-5d98b3a982d2,Restaurant El Portal,102.6,52.9
rejected,Q43017785,Fine Arts Theater,fc07195f-4c96-4c6d-bce1-ba7817c49313,Teatro Ritz,127.3,57.1
rejected,Q43017803,Liberty Theater,c35536ce-673f-4fcc-843e-e755916d8ace,Halal Central Diner,101.2,41.2
rejected,Q43017812,Lyric Theatre,76fa16fc-b74e-425a-8266-6d1f630a20e3,El Rey del Pan Bakery,140.0,35.3
rejected,Q43017824,Olympia Theatre,8676762d-3d24-4810-bff3-3d4e67f3ccfe,The Little Grill Restaurant,111.6,47.6
rejected,Q43017844,Proctor's Broad Street Theatre,4878df2d-7d10-497f-84dc-93e95f5e4480,Juliana's Pastry Shop,43.9,39.2
rejected,Q43017855,Proctor's Theatre,fc07195f-4c96-4c6d-bce1-ba7817c49313,Teatro Ritz,73.7,57.1
rejected,Q43017869,Regent Theatre,fc07195f-4c96-4c6d-bce1-ba7817c49313,Teatro Ritz,146.3,64.0
rejected,Q43017882,Royal Theatre,d27477ce-73be-497b-b89c-90437ad88be3,Caribe Bakery,69.6,46.2
rejected,Q43017893,State Theater,be822381-ad10-45b4-89f0-70bc8275200f,Mi Selecta Viajeros,35.1,43.8
rejected,Q43017905,Walton Theatre,97345a19-af9a-4968-85ea-adf22666dab9,Salva-Mex Deli,48.2,35.7
rejected,Q43017932,Englewood Theater,20950dff-6a5e-4307-b460-014e03a3aeaf,Tani At Englewood,31.4,70.6
rejected,Q43017942,Hyway Theater,53f53d38-67f4-46ec-9454-7268ac742b3f,A & E Fine Art,127.5,40.0
rejected,Q43022807,Bow-Tie Tenafly Cinema 4,509438e4-d247-4f09-8585-7801349ebfe8,Bow Tie Cinemas,32.6,71.8
rejected,Q43023293,Capitol Theatre,df382a87-cfd7-4034-970c-49fb28913102,El Carretero,103.0,44.4
rejected,Q43023306,Cinema Theater,81f8c7c1-18ce-4850-86aa-aa85a0407774,Ceviche Time by Maicelo,62.8,43.2
rejected,Q43023318,City Theatre,bc09fbec-8535-4e82-828d-86d8ebe6fa48,Brisas Del Caribe,137.6,34.5
rejected,Q43023329,Colony Theatre,94b8f950-aee6-4f3e-a864-e61f84da3431,Park Donut Corp,117.5,48.3
rejected,Q43023339,Hippodrome Theatre,eb69484a-c0b7-474d-a95a-b3675e4fac24,El Carretero,144.9,40.0
rejected,Q43023349,Hudson Theatre,22794a05-55bc-44a4-af1a-6ccb6c737e2f,Los Tejares,135.0,56.0
rejected,Q5040790,Carl Schurz Park,eed05845-ed54-4ff8-a34f-53c459cf044e,Carl Schurz Park Dog Runs,117.6,78.0
rejected,Q5043145,Carlyle Restaurant,b91ff9b6-4391-47ee-92cb-feb7f5c32214,Café Carlyle,15.9,73.7
rejected,Q14707831,Zabar's,466937fa-c4a1-4d2c-8db8-6e5405ad42cc,Starbucks,62.8,37.5
rejected,Q15031991,Universal Concepts Unlimited,4d5b5ea5-19bf-442d-ab2b-3132f39e5c90,Daniel Cooney Fine Art,111.3,48.0
rejected,Q15032075,Guggenheim Museum SoHo,688d5980-c0bd-4549-94d1-c14cb06d9eeb,Museum of Ice Cream,50.9,53.7
rejected,Q43023394,Strand Theater,4cc52f1b-9f29-4f0a-b675-e5ebc77d466c,Tradiciones Peruvian restaurant,74.9,41.2
rejected,Q43023404,Five Points Theater,7a8d154c-cd24-45ea-bbf1-56f4985a8478,Five Points Hot Dogs Galloping Hill,83.9,40.7
rejected,Q43023424,Lost Picture Show,ada05dbd-1ed4-44d6-a254-3c2e6fb10370,Angelina Foods Corp,113.2,33.3
rejected,Q43023450,Bow-Tie Bellevue Cinema 4,11c4571d-e14d-472c-a49a-dc18728de49f,Bow Tie Cinemas,5.8,70.0
rejected,Q43023361,Lincoln Theatre,3afd8ec1-e47a-476d-b212-a1591585507e,Park Theatre,136.2,59.3
rejected,Q43023372,Roosevelt Theatre,14d5e429-06e4-4802-b4c5-77d61c642dcc,Chofi Taco,140.1,29.6
rejected,Q43023382,State Theatre,df382a87-cfd7-4034-970c-49fb28913102,El Carretero,33.8,48.0
rejected,Q43023707,Mayfair Triplex,0d915d82-3832-429c-af7a-f5b6d5171483,Tsing Garden,27.5,37.0
rejected,Q43023716,Rialto Theatre,464b91be-2880-4013-a801-b7405ba242c9,65th Street Burgers,117.2,36.4
rejected,Q43023727,AMC Essex Green,fc45b377-a09b-4b0e-b2da-c770d22fb2c7,New Jersey Arts Incubator,125.1,40.0
rejected,Q952270,"Intrepid Sea, Air & Space Museum",1e359675-b3a9-4e09-9510-343c01ae7f8c,Submarine Growler at the Intrepid Museum,112.0,66.7
rejected,Q964460,Colony Club,a0666845-fe87-4cc3-a116-970ce71fcc14,Country,140.1,44.4
rejected,Q1049423,Castle Clinton,74753c39-9ddb-49d0-ba17-0957e819e1fa,Pier A Clock Tower,121.0,43.8
rejected,Q1022965,CBGB,942cdcc2-f3f4-48a1-86bc-fa5fe62d145e,Dbgb Kitchen & Bar,99.7,75.0
rejected,Q1025504,Cafe Au Go Go,132b6329-5798-458d-978b-c276fcc02d61,Go Go Curry,138.9,58.3
rejected,Q1049632,Prospect Park,214be14c-da79-49c4-9478-f649ac71ee84,Prospect Park Bandshell,0.0,72.2
rejected,Q8063799,Zach Feuer Gallery,54c357aa-2f7d-48c0-9fa5-7b6ef36e8be0,Detour Gallery,133.4,68.8
rejected,Q8068329,Zebulon Cafe Concert,e0eff160-c600-4738-9cb1-7cc298a63249,Zebulon Llc,10.9,58.1
rejected,Q8565140,Fourteenth Street Theatre,453f0fa2-8c4a-4571-9000-a0d05d375541,West 14 Street & 6th Ave,147.0,51.1
rejected,Q11983435,Latin Quarter,a0ee1ae6-ae10-4354-863f-a077e359219e,R Lounge Times Square,70.6,52.9
rejected,Q11705349,Women's National Republican Club,b69c99ab-ab0b-43e8-a3ad-a160a7db74be,Alpha Research Capital Llc,65.4,41.4
rejected,Q12072840,White Columns,6ad08298-e2b5-4b9c-a4ae-dea3a25aeb2c,Magis Theatre Company,124.9,52.9
rejected,Q12408773,Masa,06c49e94-a91a-4fa0-b1a2-f2279bbf9e98,Marea,99.4,66.7
rejected,Q14475911,The Theater Center,a552b0ea-b66c-4ce0-86ca-44aff346f483,Davenport Theatrical,136.9,58.8
rejected,Q14705680,John and Anna Vreeland House,9d605d41-746c-4f27-9646-3f12d23ce33c,Alexus Steakhouse & Tavern,73.8,46.2
rejected,Q16986504,Victoria Theater,e65c3433-fe18-4775-b1e4-ef7fa9cc0b6a,Bella Vita Pizzeria,88.6,51.4
rejected,Q17039033,Store Front Museum,8a34bdb4-8361-401f-bd86-172dd4d92bf9,Starbucks,117.7,22.2
rejected,Q17039245,Strand Theatre,c3e6ac80-a669-465e-9bdb-73511c8bfb0e,Smashed At The Ashland,117.7,55.6
rejected,Q17042987,The Clemente Soto Velez Cultural and Educational Center,f729fb82-a973-4555-b7a0-4e74e4751b57,Hubneo VR Lab - Virtual Reality Simulation Center,30.6,51.0
rejected,Q17065500,Paradise Roof Garden,d3c4a2aa-d74a-41ba-8f84-eefdae723d53,Parsons Dance,132.8,48.5
rejected,Q17089953,Infosys Theater,609079c2-29d2-4d7d-83ae-e8f162f2def1,Jewish Theater of New York,101.7,53.7
rejected,Q17123936,Sean Kelly Gallery,e0de4212-89ad-41ef-b74d-3f47cf345786,Sean Kelly,24.0,71.4
rejected,Q17145833,Theatre on Film and Tape Archive,dda95ebc-2ece-4f48-9a5f-6d7e5f7dfe13,Peter Jay Sharp Theatre at Lincoln Center,94.2,54.8
rejected,Q17150055,Columbia Theatre,ee8eb351-db3c-494a-99eb-e46f34018790,Cort Theatre,88.5,71.4
rejected,Q17299837,Columbus Park,972dcf36-d867-42e9-905e-782862a261bf,Columbus Park Pavilion,86.0,74.3
rejected,Q18152059,Perelman Performing Arts Center,87a7710e-079c-4bcd-ba82-3d3e558ca1af,Perelman Center,25.3,65.2
rejected,Q18152524,Loew's State Theatre,6cc14c74-c673-4043-82bd-24255903e9e3,Palace Theatre,126.9,64.7
rejected,Q28864527,Grammy Museum Experience,dd85fd53-12d8-4945-8127-a832cc6b709a,GRAMMY Museum Experience Prudential Center,74.3,72.7
rejected,Q28873489,Bar Next Door at La Lanterna di Vittorio,8dc8f788-e78d-4b8f-abcb-6da72899aebd,Tom Noonan's Paradise Factory,132.4,43.5
rejected,Q28919139,Murray Hill Lyceum,b5e6b87e-3944-447e-a13a-6bb712f7f22e,Murray Hill Diner,142.4,62.9
rejected,Q29441896,Michael Altman Fine Art,9bd325a8-c433-49f6-8d42-d22b17b823cf,Michael Altman Fine Art & Advisory Services,115.5,71.9
rejected,Q29469037,Old Broadway Theatre,e31d6df0-98e8-436b-b587-d850f60f04bf,Steps on Broadway,44.5,70.3
rejected,Q29469136,Choco-Story New York,d6ed857c-3dcc-4569-97ba-91a9079f420d,K-Rock New York,89.7,62.9
rejected,Q30271033,Bogliasco Foundation,213c0d9b-5107-4c94-8744-386e581f06c9,Papillon Bistro & Bar,76.7,51.4
rejected,Q30598334,The Tank,3743631c-453c-4f15-aa2d-8862b22d6225,Starbucks,115.4,46.2
rejected,Q30716992,Dreamland,48c69fd2-2322-4384-9d34-be1dfaae2679,Dsh Restaurant Inc,89.9,44.4
rejected,Q31209196,Coliseum Theatre,dba954d2-db0e-47d2-adb8-c4c4025110a9,Golden Star,94.7,51.9
rejected,Q31407686,Leo Castelli Gallery,b2e84cfa-d4bf-4ec2-a83e-7f8bd11be90a,Acquavella Galleries,44.5,65.0
rejected,Q34631660,A Farm in the Bronx,b32fea05-d205-4729-bc0c-775c7fd488eb,Lulu Restaurant,132.4,0.0
rejected,Q34802133,Admiral Farragut Playground,e9affd1d-bf23-4465-a416-61df3ed75fb5,Who Knows Tomorrow,116.7,22.2
rejected,Q34802143,Admiral Park,f354ea7a-e75e-49f4-ba0c-b738daf5fe58,Admiral Playground,23.4,73.3
rejected,Q34802195,Aimee Triangle,5a408004-3e85-4bc5-a3a2-0be94ebf2347,Owlshead Park,55.9,22.2
rejected,Q34802475,Allison Park,e6e27c6e-57fa-4b2a-be61-fbb7c13cfa53,Allison Pond Park,33.4,82.8
rejected,Q34803277,Andries Playground,9f5827d2-bbf0-42d2-b968-3a7a5bb657bc,Scoops Kosher Ice Cream,135.8,29.3
rejected,Q34803294,Angelo Campanaro Park,1e840ab8-91be-4159-a9aa-907f39a60889,Angelo Campanaro Playground,84.1,83.3
rejected,Q34803333,Annunciation Park,501d74ed-ca2a-4cb9-a9b1-ea9791534eb7,Annunciation Playground,34.2,80.0
rejected,Q34803339,Anthony Chiarantano Park,09a3ee38-d62b-4be3-9f80-eff1629f7b34,Tropical Reflections Ballroom,61.5,37.7
rejected,Q34803354,Anthony R. Gaeta Park,e0bc9f32-b102-4c17-bb2e-7f803eb3a60c,New Yung Hong Chinese Takeout,106.3,40.8
rejected,Q34803379,Arbor Place,2bdd284c-68ef-455f-ac9c-bcc4a44ee490,The Galley at Dock 72,71.2,35.7
rejected,Q34803439,Arthur Murphy Square Park,f308fdd7-cb65-4e55-bdab-b6b0afdbc92a,Johnny's Pizza,81.9,35.9
rejected,Q34803478,Ashmead Park,38ea171b-22f9-4e8b-8ecd-c30b47d24053,Lodrika Bar and Lounge,122.2,44.4
rejected,Q34803492,Asphalt Green,04b9adea-a843-4ec3-81ba-bead2e058a84,DeKovats Playground,75.1,43.8
rejected,Q34804197,B Street Community Garden,7e9e9da9-37ca-4e0e-aa29-e7c0122cc439,6th Street and Avenue B Community Garden,20.1,76.9
rejected,Q34804204,Babe Ruth Plaza,23a70ace-76a5-4793-8c0d-d4f57f08f1e6,New Stadium Pizza,66.0,43.8
rejected,Q34807886,Bildersee Playground,646dea00-8f11-4764-9497-7b08be645000,de Islands,62.2,46.7
rejected,Q34807894,Bill Bojangles Robinson Playground,fd33865d-47cd-4ae4-bf24-d1eb958b5c38,Frederick Johnson Playground,82.3,51.6
rejected,Q34807931,Bill Rainey Park,181f8de5-ea10-4247-9b8a-e9c8bf2b30ef,Kelly Park,136.7,53.8
rejected,Q34808772,Blake Hobbs Park,7b701b52-d179-46b4-b7eb-ec04dd89ab54,Blake Hobbs Playground,54.8,78.9
rejected,Q34809475,Armory Park,f7b537c9-5e05-44ec-b462-830ad4333a1b,Armory Memorial Dog Park,23.8,62.9
rejected,Q34809853,Boston Road Garden,5376d7f1-ed2c-4747-ba0a-4d8cbb144ff5,The Sanz,108.9,27.3
rejected,Q34810020,Boulevard Grove,a7ac4b38-df79-4a3e-abe4-d04e23e86a51,46 Goodwin Pl,108.9,21.4
rejected,Q34810252,Thomas Boyland Park,563aaaf2-ce9c-4f68-af71-169f2cefdaa0,Boyland Park (Furman & Broadway),74.7,51.1
rejected,Q34810316,Bradhurst Urban Renewal Park,c32f265e-9455-4f89-9c92-e0249a4a3121,Reggae Sun Delights A Natural Juice Bar,59.1,44.4
rejected,Q43015156,Hackensack Drive-In,9afcf3da-ec13-4d3e-a595-51c221cbdc1e,"Garden Shabu, Hot Pot and Grill",105.3,32.6
rejected,Q43015293,Paramus Drive-In,a2394c76-db76-4425-9209-1819b0eb9ab6,Aqua Royale Foods Inc.,117.1,37.8
rejected,Q43015355,Route 3 Drive-In,c61d2c72-d29a-4ee8-b5fd-57e790a07f6f,Grelin Restaraunt Corporation,144.7,40.0
rejected,Q43015365,Route 46 Drive-In,4bb410a8-0c85-4a82-b859-72bbdaad7722,Moe's Southwest Grill,51.0,43.8
rejected,Q43015469,Union Drive-In,e0ec162b-ab00-4e5b-868a-17f612061817,Wingstop,109.5,27.3
rejected,Q43016101,Bay Cinema,a7a4db81-d06c-4b07-af44-e9c287fdde2c,New Tung Hing,72.0,26.1
rejected,Q43016114,DeWitt Theater,0856e04f-8b83-4855-bbfa-530087835d7c,Shawarma Station,46.8,33.3
rejected,Q43016126,Embassy Theatre,7be8b783-db84-4c75-a67b-c314d9d0e3d8,Bayonne Truck House No. 1,100.4,41.0
rejected,Q43016137,Lyceum Theater,3a637928-2dae-46f4-a12b-51824235079c,Alex & Terry's Deli,149.0,45.2
rejected,Q43016150,Plaza Theater,769aa87b-fb37-4d17-855f-f8938c4b1198,Cloak & Petal,102.9,41.7
rejected,Q43016159,South Cove Stadium 12,d889df39-f53f-4001-8b80-717a98214d83,Bubbakoo's Burritos,75.3,30.0
rejected,Q43016169,Strand Theatre,0856e04f-8b83-4855-bbfa-530087835d7c,Shawarma Station,95.8,46.7
rejected,Q43016184,Victory Theatre,2b0112ae-e3a9-46c0-b387-2b1ed5bce9d5,Eat Rice,60.0,52.2
rejected,Q43016237,Capitol Theater,89d0a1e2-81d1-47cf-801d-cf95852053ca,La Pretes,35.5,41.7
rejected,Q43016291,Bow-Tie Bergenfield Cinema 5,656bc492-3bd9-461b-8d3c-5ff19bbd11c6,Bb.q Chicken Bergenfield,52.6,65.4
rejected,Q43016340,Empire Theatre,e41a58b2-88ad-44d1-94f2-17ed21bcdeda,NJSDA's Encore Youth Theatre,17.7,52.4
rejected,Q43016358,Olympic Theatre,9e4f8da7-3d53-4d26-a0d8-b57a6288b540,Golden Harvest,79.2,48.3
rejected,Q43019229,Central Theatre,167f1e23-4fe0-463c-b2e9-5e0344681fa4,Fresh Central Grocery Llc,81.0,55.0
rejected,Q43019243,Ritz Theatre,de4e8b6c-77f6-455c-ac2a-4c9ee40bb2a3,Central Bistro,64.0,46.2
rejected,Q43019258,Rialto Theatre,82d71bac-4798-41bd-881c-eec7d0a31a54,Hut Plate,103.4,43.5
rejected,Q43019312,Hudson Theatre,4ee3b99f-81a5-44c3-b107-018613a5cc0e,China Star,116.1,50.0
rejected,Q43019349,Regent Theater,44bd1287-2f8b-47f8-887d-c0b26d400137,Kearny Recreation Department,60.3,42.9
rejected,Q43019585,Leonia Theatre,25a502da-05db-4ef1-92a6-5f0855017293,Glory Master Llc,73.2,40.0
rejected,Q43019605,Linden Twin Cinema I & II,e383e830-c7c9-4e30-b6bf-6b418e9261d9,Main Moon Chinese Restaurant,91.6,50.0
rejected,Q43019644,American Theater,f069baf5-8683-4342-8942-8bc6a8bc9674,Colombia Bakery Restaurant & Bar,84.1,42.9
rejected,Q43019681,Lyndhurst Theatre,828638f6-c2fa-4624-bd3a-23c7c4cb10d1,Marty Gras,64.7,37.0
rejected,Q43019687,Ritz Theatre,8f11a3c1-a5fa-441d-a0ce-3bc1cbf63b5c,Amalfi italian specialities,34.9,35.9
rejected,Q43019799,Maplewood Theatre,861fabd2-9c56-4bdd-88a7-966bc037c943,The Theater Project,77.2,56.2
rejected,Q43019941,Bow-Tie Clairidge Cinemas,81cb8337-61d4-4e82-9f45-3d3b7a58d6d1,Bow Tie Cinemas,54.8,75.0
rejected,Q43019950,Montclair Theatre,53dc860e-ce18-4e21-b98e-6abdde033561,New Montclair Food Llc,27.1,56.4
rejected,Q43019960,Screening Zone,c252a918-6bb4-4724-a2eb-118a9f2939b1,The Clairidge,144.6,43.5
rejected,Q43020262,Bergen Theatre,a7202b24-ad7c-4e71-aa55-c5b538bf458d,City Plex Movie Theater,28.6,48.6
rejected,Q43020271,Adams Theatre,9e050e54-a643-49fe-822f-14fa659f91e8,Sugar Daddy's,39.1,46.2
rejected,Q43020281,Ascher's Halsey Theatre,3234bd85-9b7f-46f9-9955-b0ec50a56880,Halsey Luncheonette,49.2,52.4
rejected,Q7135375,Paramount Theatre,12657df8-1d2f-4562-b3ed-5e5f282da089,Roundabout Theatre Company,65.7,69.8
rejected,Q9026714,Madison Square Garden,808a1992-e9fd-4300-9cb5-a85fc9e78c65,Herman Melville Square,126.0,55.8
rejected,Q16980769,Jimmy Ryan’s,791ec2a9-5b0c-4609-bb69-d2ad1aa3c9d7,La Grande Boucherie,57.4,38.7
rejected,Q7137918,Park Performing Arts Center,6ca213e7-735a-4464-8d46-9e5700d881d6,Gallery at the Park,21.5,52.2
rejected,Q7138090,Park Theatre,450ba40e-fa50-43c9-93aa-8c0955932c30,Theatre Alley,48.3,72.0
rejected,Q7148215,Patsy's,e151d257-e0b1-49b5-982d-20661fe50da7,Patsy's Italian Restaurant,10.9,63.6
rejected,Q7240712,Presby Memorial Iris Gardens,f2c327a9-7208-4ecf-b19c-5cec5b21d9d0,Presby Iris Gardens,42.4,80.9
rejected,Q7244847,Princess Theatre,e4d0b02d-b74f-4d2f-ac4c-05c40f70f720,Here & There,91.7,61.5
rejected,Q7251699,Proteus Gowanus,27117b73-ff7f-4efa-b9e3-355eb72d591e,MIRROR tea house,126.1,51.6
rejected,Q7252605,Provincetown Playhouse,1aa58d19-40bc-4a5b-b0bf-dff83224827c,The Town Tavern,80.1,48.5
rejected,Q7263244,Pyramid Club,a96dbfaf-9724-41f3-ab10-d1b6a733d1ad,Club Cumming,64.5,58.3
rejected,Q7166425,Peppermint Lounge,1ce3f1b5-35c9-4ee5-ab0c-6fe920cde3a4,The Perfect Pint,43.3,54.5
rejected,Q7201008,Plane Space,2be386f1-0f3d-43c1-9b82-73a3d15e57a1,Pizza Lucca,106.5,45.5
rejected,Q7202411,Plato's Retreat,ac92b5cc-da0e-46c3-a01a-13258649659c,La Taconeta,27.8,53.8
rejected,Q7234367,Postmasters,27bae225-459f-4bac-ac32-57f6421aafbe,Artemest Galleria,149.6,42.9
rejected,Q7276883,RKO Keith's Theater,d5687b50-c7f5-4fc5-8ea6-e1554fe2919a,Sweet Cake,104.3,41.4
rejected,Q7276884,RKO Keith's Theater,08c51640-fb90-4b48-af51-f7513d648f7c,Sweetbakerypastrycorp Sweetbakerypastrycorp,102.3,38.7
rejected,Q7279841,Racquet and Tennis Club,f947f254-67dc-4d7d-bcdf-4af1c81568f5,Andrew Kolb & Son Ltd,125.5,47.6
rejected,Q7302376,Recess Activities,fc01400b-fef2-4e45-b6c0-8963926db647,Recess,17.1,52.2
rejected,Q43021189,AMC Loews Paramus Route 4 Tenplex,5206195f-d0d3-482d-a42b-75a75bf4df32,Miller's Ale House,116.7,39.2
rejected,Q43021195,Cineplex Odeon Route 17 Triplex,a022fb28-cd1d-4413-9886-f57ef197cec1,On The Border Mexican Grill & Cantina,64.1,39.4
rejected,Q43021215,Paramus Picture Show,2fd79945-70c2-44f7-8e5e-adf167aa96bb,Turning Point of Paramus,10.6,59.1
rejected,Q43021248,Fine Arts Theater,b86fd78d-a958-41fd-a1cd-a3acde0b44aa,Dollar Kraze 2 Inc,38.8,45.7
rejected,Q43021260,Montauk Theatre,1f069c1e-2b9e-43ed-b1dd-3e539e19ea54,Hamlet Ent Llc.,91.9,41.4
rejected,Q43021270,Palace Theatre,50132874-d2db-4abf-adca-e9df6512abff,Paleteria El Paleton,33.9,47.1
rejected,Q43021279,Playhouse Theatre,f6a787fd-37c6-485f-9c2b-95497ea773e5,Pasteleria Varela,64.3,47.1
rejected,Q43021299,Eden Theatre,3c26cc4c-87f7-490a-a280-e17e7b198d69,El Rincon del Marisco,136.9,36.4
rejected,Q43022101,AMC Starplex Ridgefield Park 12,2d006ecc-6ed7-428e-82ac-972896954ac4,Amc Ridgefield Park 12,43.0,83.0
rejected,Q43022115,Rialto Theatre,6eeaf890-f950-49b3-a5cc-35573d78d81d,Nicolino Ristorante Italiano,40.4,42.9
rejected,Q43022225,New Park Cinemas,b38cb01f-f4c2-4bfb-8a5f-91cd76624663,Little Caesars Pizza,115.8,50.0
rejected,Q43022418,AMC Loews Plaza 8,1819d5e7-7441-487e-8258-b9ae53d0aef9,Dallas BBQ,31.3,37.0
rejected,Q43022428,Kerasotes Showplace 14,a0caff3c-27d1-4b44-aa20-53f0fd465603,Outback Steakhouse,93.6,35.0
rejected,Q43022446,Plaza Theatre,dd249109-3dae-4aa4-8c01-3d38c64ab5ab,Oolong Tea Llc,25.7,37.0
rejected,Q43022585,Bow-Tie South Orange Cinemas,05979c4e-6e9c-4f6f-9539-91d0a714b85f,The Pond at Meadowland Park,79.9,31.4
rejected,Q43022595,Cameo Theatre,bac8cc93-f36f-41fd-aa06-255c34747939,Carvel,29.1,42.1
rejected,Q43023743,State Theatre,30907020-e237-467b-8251-d95bb5b204db,Puras Paletas,117.7,38.5
rejected,Q43023754,Windsor Theatre,d3ff8c9f-f8ef-4770-bcd8-28d057c4a1d7,Americana Diner,58.1,40.0
rejected,Q43031454,Staten Island Drive-In,0f620f87-d458-4423-9322-dacfe6b88ab0,"Gino's Demontepertuso Pizzeria & Restaurant, Inc",102.8,41.8
rejected,Q43032042,Sunrise Drive-In,14f2959a-fbb2-482b-8138-5a26c2835c2c,Cold Stone Creamery,93.5,40.0
rejected,Q43037841,Argo Theater,b0be2dbf-a158-44b8-bbd4-87433414341a,Taqueria Mexicas,35.4,42.9
rejected,Q43037863,Amboy Twin,283eb3f3-0bdf-4289-b885-a76e2826c554,China Chalet,140.0,36.4
rejected,Q43038127,Bellerose Theater,6a355919-25b3-416e-a90b-ed70c9231034,The Borderline Tavern,53.7,52.9
rejected,Q43038136,Century's Floral Theatre,281c89f0-64b4-42c6-859e-8769232e22fb,Triple Crown Diner,109.7,38.1
rejected,Q43038651,Jerry Lewis Cinemas,9998e420-2e75-4d13-8360-c073abfb7a69,Great China Restaurant,34.5,46.7
rejected,Q43038688,Strand Theatre,9df84b80-decb-482c-b238-9d67da877183,The Vintage Tea,4.6,48.0
rejected,Q43038699,Bow-Tie Squire Cinemas,db2d66b5-009f-4b54-87d3-e6afdf462d4e,Clearview Squire Cinemas,24.0,60.9
rejected,Q43038717,Mayfair Theatre,ccf3eba7-417f-4b5b-b20c-7cac6b41a3f5,JaydSiri Thai Bistro,115.1,45.7
rejected,Q43038730,Playhouse,5b812539-f840-4d3f-b31d-9d654c427f87,Ha Long Bay Vietnamese Restaurant ,141.2,38.7
rejected,Q43038836,Richmond Theatre,7e8074b1-fd42-498f-be1b-ceaad07eee6e,New Springville Park,93.3,27.8
rejected,Q43038853,Atrium Cinemas,d6154f8a-e9ec-480e-919b-a740f5acc55d,Atrium Stadium Cinemas,101.0,77.8
rejected,Q43040649,Lawrence Theatre,b4a43c0c-d325-4949-a8f1-6d9c5997d9ed,Giant Bagel,37.8,37.0
rejected,Q43041177,UA Staten Island Stadium 16 RPX,1f1e5297-36e8-4052-b039-586b74a6013e,Regal Ua Staten Island,17.9,71.7
rejected,Q43041533,Boardwalk Theatre,1d1de9a2-8d5d-41f1-bfc1-2f5099dd1910,Amalfi Coast Pizzeria and Restaurant,127.7,33.3
rejected,Q6795966,Maxine Elliott Theatre,e4d0b02d-b74f-4d2f-ac4c-05c40f70f720,Here & There,60.1,50.0
rejected,Q6800173,McCarren Park,631dab21-ee57-4293-9b28-4405068f5360,McCarren Park Track,123.3,81.2
rejected,Q6804561,Mechanics' Hall,31d2b0e3-ccb4-4534-b02f-e54cba015838,Space Gallery SOHO,110.9,43.8
rejected,Q6818258,Mercer Arts Center,43d50957-d2c4-4a47-9349-4608668d6710,Think Mercer Llc,65.8,47.1
rejected,Q6824441,Brooklyn Commons,2c45eb01-8dcb-4ac3-8c45-42e4e2b0f0c9,Lucianos Brooklyn,84.6,72.7
rejected,Q6824666,Metro Pictures Gallery,6a55db85-d978-49d3-938c-3b827fb539a5,Metro Pictures,10.1,77.8
rejected,Q6824898,Metropole Cafe,4d0582b8-d279-4669-91b5-ed14bc6fb111,Melt Shop,129.9,55.6
rejected,Q6825160,Metropolitan Opera House,f88cca4c-8c38-46f4-b841-f4caf232a318,Elsie Rooftop,71.7,48.6
rejected,Q6834176,Michael Schimmel Center for the Arts,fa62278c-5586-4327-9990-97f1eb22f48c,Schimmel Center,8.8,58.8
rejected,Q6849430,Mikell's,5fde60e5-ef3f-4963-bbdf-fc32e0311e82,Effy's Cafe,123.3,42.9
rejected,Q6852113,Military Park,d0a876e6-f399-41a1-95ee-70401eec9466,Panera Bread,84.2,40.0
rejected,Q6881404,Mitchell Square Park,d30dd482-0565-4be0-828c-d86529b33171,Mitchel Square,4.9,82.4
rejected,Q6886122,Museum of Contemporary African Diasporan Arts,22666f9b-1fc6-4dfb-aea8-eb443683d3ef,Forma Pasta Factory,127.8,40.6
rejected,Q6886217,Mo Gridder's,b50f23bc-01c1-40a8-b7af-c59cede3db07,Randall Pasta Pizza & More Inc,123.2,30.0
rejected,Q6889940,Moe's,57641806-97ae-40d4-b472-f42c8c3c8d0b,Mullane's,86.3,57.1
rejected,Q7304317,Red Hook Park,c74bcc1a-f03f-432f-981e-8d2acfe3752c,Red Hook Recreation Center,122.1,51.3
rejected,Q7316081,Restaurant Aquavit,a9ea0269-e610-4b74-9500-53a70bd38213,Murano Ristorante,134.7,57.1
rejected,Q7317397,Reuben's Restaurant,81ab34c9-8158-403e-844d-b50f06b8f582,Abigael's Grill,57.5,47.1
rejected,Q2270906,Sunset Park,f472f11a-078c-4523-8296-7314c85a0723,La Carreta,75.9,38.1
rejected,Q2294736,Slugs' Saloon,6b217852-5d55-454e-8dd3-45f1a4ec4962,The Blue Balcony,98.0,58.3
rejected,Q2296922,Society of Illustrators,e8cd6e10-741d-4047-92b9-3eeaa5fa3a4f,Corrado Bread & Pastry,104.3,41.9
rejected,Q2339843,Paradise Garage,726c5aae-e0a1-4505-8809-7f92c3575d09,Pret a Manger,60.6,57.1
rejected,Q2420849,Hispanic Society of America,aa6e8546-d260-4a89-8dad-d70d8b21b084,Hispanic Society Museum & Library,28.5,58.6
rejected,Q2425363,Eden Musée,0d3bfda4-5998-4a7a-ba85-84b8732fb6b3,Edens Gelato,118.4,54.5
rejected,Q2488389,Eastern Parkway,065db8c4-0d21-4f90-b750-8e926376a63b,Patties & Pastries,80.4,45.2
rejected,Q2579510,Koster and Bial's Music Hall,e492e493-fd62-4e33-9bd4-34723c0247dd,Wilens and Baker,132.9,54.5
rejected,Q34820021,Corporal Walter J Fufidio Square,de9781c3-ffad-48da-88e8-7eb51eac4cd3,Orwashers Bakery,133.3,33.3
rejected,Q34820033,Corporal Wiltshire Triangle,42d4afa6-0b42-4f8a-b431-da03fbedd120,Memo Trading Inc,141.9,37.2
rejected,Q34820060,Barone Triangle,434137c3-395b-4a55-b3ba-0f910f34078a,Bergen Beach Cafe,54.4,44.4
rejected,Q15032135,Empire Theatre,e4d0b02d-b74f-4d2f-ac4c-05c40f70f720,Here & There,116.6,75.0
ambiguous,Q15032136,AMC Empire 25,598103ae-9bd9-4329-aae6-21101768f241,Amc Empire 25,38.3,100.0
ambiguous,Q15032136,AMC Empire 25,db414aa4-df3b-4149-8894-14cb7bb751d7,AMC Empire 25,24.0,100.0
rejected,Q34821391,Cuite Park,ac2c49d7-ab30-4e6e-9dc9-f09c48e7fd5e,Thomas J. Cuite Park,15.4,69.0
rejected,Q34821460,Curtis Playground,81b41b8f-21c4-48ec-ab61-2ffa44532566,Starbucks,116.4,30.8
rejected,Q34821527,Cuyler Park,ce5a43f3-e313-40e5-b914-89f9b9916184,Cuyler Gore,141.0,72.7
rejected,Q34821555,D'Auria-Murphy Triangle,a4c3fc84-aa20-4fc0-ac83-5d90be252d40,Taco Rey Restaurant #2,81.1,45.5
rejected,Q15032188,Playhouse Theatre,00f015bd-b292-4a67-a679-92a38659adfc,Sage Theatre,143.2,69.0
rejected,Q15032193,Rialto Theatre,bac78be5-0437-4877-979f-1cc044a5e060,Morosco Theatre,129.3,69.0
rejected,Q15032244,Atlantic Garden,cb7a5847-6407-4dd7-b6fe-c054fd889093,Phoenix Palace,145.4,48.3
rejected,Q15032325,Rattlestick Playwrights Theater,8147e79c-67dc-475a-a6c0-8a37ca214520,Rattlestick Theater,15.5,76.0
rejected,Q15227634,IDT Megabite Cafe,a12416b4-bfdb-48d0-a3e7-91adad752d8e,Mitr Thai Restaurant,84.8,47.6
rejected,Q15278253,Smoke,12dc05ac-5848-4f75-83a4-1616ef8497c0,Smoke Jazz & Supper Club,5.7,37.0
rejected,Q15619234,Bignou Gallery,1a1195ea-156d-431d-bace-4f285738cb12,Forum Gallery,51.9,74.1
rejected,Q15961661,The Shed,48aee871-ea8f-47a0-89dd-7fbdbce5c967,Culture Shed,3.2,50.0
rejected,Q45032018,Electra Theater,d8429307-defe-4071-82d5-723c693ffc6f,Haru Ginger,100.2,46.2
rejected,Q45032022,Harbor Theatre,6a20a977-de08-4e35-b9aa-337bd306941d,ha ha chinese,46.2,37.0
rejected,Q45032028,RKO Dyker Theater,c2493b66-a159-4801-a2a7-2f4e3b323fba,Your Baker,20.0,44.4
rejected,Q45032035,RKO Shore Road Theatre,a675af99-518f-4f80-9a05-19da55c8e967,What A Taco,92.1,42.4
rejected,Q45032043,Stanley Theatre,d589370f-cf3e-4df3-8778-580fbf131632,Al.tarboush,93.3,46.2
rejected,Q45032050,Albany Moving Picture Parlor,962fd55c-8dee-4e24-bef5-043f14304479,Sumner Cafe & Wine Bar,124.4,36.4
rejected,Q45032055,Amusu Theatre,55c6364c-f4e4-4880-9b52-1cff19f879d1,Chicken Feastin,148.3,28.6
rejected,Q45032061,Apollo Theatre,5b350224-69ef-4a10-8393-3500b3db38ca,Kitten Cafe Coffee & Tea,67.0,38.9
rejected,Q45032067,Art Theatre,d02e044e-724d-49ae-8f3e-970329b9d5aa,The Billie Holiday Theatre,98.9,54.5
rejected,Q45032071,Banco Theatre,1520233a-307d-4195-a80b-1262ce3c8e90,Brooklyn Tea,103.5,48.0
rejected,Q45032077,Bobby Theater,37628f8a-cfe5-413c-a66e-39eac9e7ec29,The Buggy Factory,107.0,46.2
rejected,Q45032085,Capitol Theatre,540dda0e-0419-499b-ae11-50f19255e34c,North Carolina Country Store,145.3,46.5
rejected,Q45032091,Carver Theatre,b4d05184-0128-4bb2-969f-27e2fe405bfc,Bedford Stuyvesant Multiservice Center,117.4,34.6
rejected,Q45032097,Casino Theatre,f7183d9f-da67-439f-a796-b563e74b41f6,Three Maples,56.3,53.8
rejected,Q45032101,Century Theatre,670b1bc3-66f7-4473-b6f9-8e525effba9b,La Cabana,128.2,33.3
rejected,Q45032108,Classic Theatre,e16949d3-3ffb-4600-a2d8-17a3698ea168,Della Nonna Gelato,105.1,36.4
rejected,Q45032113,Colonnade Theatre,1520233a-307d-4195-a80b-1262ce3c8e90,Brooklyn Tea,88.9,48.3
rejected,Q45032125,Congress Theatre,d2fe18c5-809f-4f9c-90e7-a2546964b8aa,"Park Place, Brooklyn",138.3,34.3
rejected,Q45032132,Crystal Theatre,0156f133-f72e-4349-85fa-aae8a4138a6d,Thirty Trees Corp,112.3,50.0
rejected,Q45032139,Empire Theatre,02948a0a-478d-4c3c-97dc-5ef76fa93536,Pizza Express,83.3,44.4
rejected,Q45032145,Empress Theatre,05785cc0-38ae-4743-b4fd-52dc65666bc3,Kosciusko Garden Learning Center,102.0,38.3
rejected,Q45032151,Globe Theatre,668f6efa-26b2-4d75-a314-5289e6716099,Mama Kitchen NY,74.3,28.6
rejected,Q45032158,Halsey Theatre,83ced9a9-4561-4e06-a200-5903f36acc80,Dolphin Fish Market,134.3,36.4
rejected,Q45032163,Imperial Theatre,38f91565-a950-40be-93e1-950cf2f157de,Saratoga Park,120.4,34.5
rejected,Q45019736,Glen Oaks Theater,5250c925-99f6-4db3-86ef-37ca1077c2f4,Glen Oaks Pizza,135.5,68.8
rejected,Q45019755,Acme Theatre,ebbb8978-6863-4f0a-8f95-fd5c60e558db,Family Noodle House,113.2,38.7
rejected,Q45019782,Atlas Park Stadium 8,ffa50560-7a91-46b5-8adf-3e15e9b88347,Regal Atlas Park,72.0,66.7
rejected,Q45019798,Hollis Cinema,88ff4e83-a4ab-4db8-8c21-525862d8ae3f,La Baguette Shop,37.3,34.5
rejected,Q45019815,Island Theatre,b077c1c7-88ba-4d3d-879e-badc962bc867,Top Tier Restaurant & Lounge,32.6,42.4
rejected,Q45019830,New Howard Theatre,222bf43c-c235-4010-9b19-71b1c0c43e27,Coleman Square - Howard Beach Station,71.1,45.3
rejected,Q45019841,Jackson Heights Cinema,22c92bb4-4645-4fbf-804c-37b25d4ae243,Liberty Bagels Jackson Heights,100.6,65.4
rejected,Q45019856,Boulevard Theatre,a4529f6d-a316-414a-a553-7e34c5ba0d09,Teatro Restaurante Boulevard,16.7,66.7
rejected,Q45019870,Colony Theatre,124792ee-12bf-4107-a5b1-83984eeeab16,Sompong Thai,118.7,53.8
rejected,Q45019880,Eagle Theater,631c26ad-a534-454f-99e6-37c59184de33,Sheereen Mahal,38.7,51.9
rejected,Q45019897,Jackson Heights Airdrome,22c92bb4-4645-4fbf-804c-37b25d4ae243,Liberty Bagels Jackson Heights,38.9,66.7
rejected,Q45019912,Polk Theater,b2556229-cc44-4c59-a967-be199ee4f494,Tacos Morelos,79.7,40.0
rejected,Q45019926,Utopia Theater,364e06a8-ca49-4db9-ad83-45631661d3f6,Chu Jiang Chinese Kitchen,75.8,45.2
rejected,Q45019936,Carlton Theatre,d6063c9e-e715-4057-b963-adb23d6ce2bf,"Afrikan PoetryTheatre, Inc.",147.0,55.0
rejected,Q45019963,Jamaica Theatre,acff688a-fe7e-4abc-bf12-9058cbd61572,Vissi Dance Theater JAPAN,99.8,50.0
rejected,Q45019978,Loew's Hillside Theatre,4baa23bc-3f6c-44bf-8f88-b32e83233bce,Golden Krust Caribbean Restaurant,76.0,35.6
rejected,Q45020007,RKO Alden Theatre,ae294dcb-a69b-4b30-9949-9871169ca41f,La Ruta Del Taco,98.4,42.4
rejected,Q45020021,Rochdale Cinema,6ff48de0-8588-41c2-b5f0-65d991b2bf81,Bear Burgers Queens,117.0,29.4
rejected,Q45020040,Savoy Theatre,acff688a-fe7e-4abc-bf12-9058cbd61572,Vissi Dance Theater JAPAN,144.3,42.1
rejected,Q45020063,Merrick Theater,1f98ccfd-f10a-4190-92cd-1672fc68baf2,Margherita Pizza,10.2,38.7
rejected,Q45020100,Laurelton Theatre,29e24bb4-71d4-48e4-86ac-ae551bb33f41,Sweet Treats Delight Bakery,144.2,45.5
rejected,Q7013654,New York Jazz Museum,9f60bead-81a0-413b-add3-1cf21351dcde,Iguana New York,13.9,57.1
rejected,Q7014756,New York Tattoo Museum,9d085c45-2f7c-4df8-b83d-d0be0988ff3a,Royal Crown Bakery,72.6,30.0
rejected,Q7018212,Newhouse Center for Contemporary Art,bb320da8-7a67-4135-8657-306e421511d7,Riverside Opera Company,123.0,44.1
rejected,Q7077357,Odd Fellows Hall,a74979f4-eeb4-436d-9f75-a370ed238868,Casa D'Angelo,108.0,48.3
rejected,Q7085115,Old Stone House,71aab8b3-7fd5-4fe0-9a2a-2db2135cfd27,Old Stone House of Brooklyn,6.7,71.4
rejected,Q7085265,Old Town Bar and Restaurant,f4e70fec-46e4-4523-884b-571f9467b158,Old Town Bar,4.3,66.7
rejected,Q7088983,Olympia Theatre,0d077ff1-3c05-4408-8ab3-8791a1ad28d2,Lyceum Theatre,64.3,75.9
rejected,Q7121900,Pace Gallery,f6990de6-12dd-4192-92fb-c77384a97f5d,Leiden Gallery,129.9,69.2
rejected,Q7330798,SIUH Community Park,e1df96c8-4b51-4bd8-9e24-fdce1ec9af1b,River Dock Cafe,137.8,27.6
rejected,Q7333252,Rifle Camp Park,4cd5e6c5-2529-48f6-a715-34bc3e709ea7,Highlands Preserve,3.2,36.4
rejected,Q7336903,The Ritz,7624087c-441e-4b27-9116-c7c6de9f07f1,The Smith,105.0,44.4
rejected,Q7337765,River Road School,29a2022c-8cc1-4f49-b7d4-75cb4d508408,Lyndhurst (NJ) Historical Society,8.9,29.2
rejected,Q34802255,Albert E. Short Triangle,b7a33dfe-ee6a-495e-b519-2233b4343b68,SquareWine and Spirits,100.8,44.4
rejected,Q34802358,Alfred E Smith Park,96191b6f-ec22-4422-a4d3-251589f3e39e,Catherine Deli and Bagels,138.5,40.9
rejected,Q7127710,Palladium,a95de206-88ee-4258-9da1-b0e6f3daee0e,SushiZone at Palladium,11.5,58.1
rejected,Q7132533,Papaya King,7daaf181-10c4-46b6-9dc2-1220c52c9ed6,Hao Dumpling,125.3,43.5
rejected,Q7135369,Brooklyn Paramount Theater,0a10a645-cb82-47ce-b68b-5ce74df040bf,Brooklyn Paramount,29.3,81.8
rejected,Q34804658,Barclay Triangle,f212b98f-bd02-45ab-a2fa-7d82dac6f172,Oasis Wine Bar & Grill,105.4,53.3
rejected,Q34804837,Barnhill Triangle,94655de2-ef94-4b16-be68-c134acbb7955,El Sonido Del Valle,66.5,38.9
rejected,Q34804990,Barry Plaza,463a5037-b769-4bbc-8c63-16109411c9bd,Adaya,131.9,37.5
rejected,Q34805312,Bath Beach Park,7f730636-ff5c-484e-9c99-2b561992bd6f,Playground,43.0,24.0
rejected,Q34805777,Beattie Square,e109b89c-005c-414d-9827-dbc9ee30aa0f,Bessie's,82.9,54.5
rejected,Q34805785,Beatty Plaza,5e45fee1-7ae9-4f0b-8d7d-c9d420a7f626,Euro Pizza Restaurant,132.9,45.5
rejected,Q34806221,Bedford Green,ac015747-383c-42e1-a7aa-b0c0bd80c207,Emily’s Bakery And Grocery,114.0,35.9
rejected,Q34806495,Alonzo F Bonsal Wildlife Preserve,ae261ad6-dfec-494c-801b-195c771858f2,Pearl Brook Park,58.6,36.7
rejected,Q34806551,Belden Point Park,6019b232-74ff-4376-8c91-bd3918f8e7be,Belden Point,33.1,82.8
rejected,Q34812257,Bufano Playground,0c9c0e86-783a-4274-8dbd-3ddcf2195c8a,Bufano Park,7.8,71.4
rejected,Q34812904,Bush Park,b8cbf689-3ceb-49ce-905b-486d11288d1c,Little Bush Park,133.1,72.0
rejected,Q34812915,Bushwick Fields,18a69866-688e-4c86-833b-67d8e2cf6ccb,Omar's Place BK,148.2,33.3
rejected,Q34813478,Calvert Vaux Park,f222d222-402a-4295-97ab-1609dbb7670a,Verrazano Complex,135.8,41.2
rejected,Q34813752,Campbell Plaza,235e3138-4ebf-4c3b-a877-90488a8c7ee0,Queens College Art Center,148.7,25.6
rejected,Q34813853,Canal Park,0b9f1842-b2d5-42b9-b1da-e4dc7235630e,Anita Rogers Gallery,107.1,40.0
rejected,Q34817302,Cherry Tree Park,6775afc0-d377-4081-bdf0-7e69d4c51831,Dunkin',70.1,9.1
rejected,Q43018725,Hippodrome Theatre,9be65720-a66d-44e0-9f83-62923b64adee,Farside Tavern,135.4,43.8
rejected,Q43018732,Hudson Street Cinemas,f1dae556-cd44-418f-b487-736e0f727b8e,Hudson Street Gourmet,125.0,71.4
rejected,Q34814142,Captain George H. Tilly Park,ca7b55e5-a318-4045-b9c1-ace2de997466,Captain Tilly Park,10.7,80.0
rejected,Q34814191,Captain Oakley Junior Square,2ecb315c-c236-4b3a-87b4-46a2af038b60,The Place Table,86.3,30.8
rejected,Q34814217,Captain Rivera Playground,5a75c40f-5a8a-41f9-b4c0-ba5e09538599,Hing Wong,51.9,29.4
rejected,Q34814230,Captain Roald Amundsen Plaza,6520d610-ddaf-4f40-b731-48ba85fa8d1a,Amundsen Circle,33.0,60.5
rejected,Q34814365,Carlos J Lozada Playground,7e78b179-c79c-4f19-9e59-0a1531c25ad1,Caraballo's Place,135.2,46.5
rejected,Q34814377,Carlos R. Lillo Park,dac8adc5-ca28-47da-ad11-8dc0a5cace8b,Antonio's Kitchen,31.0,35.7
rejected,Q34814622,Carver Playground,134a452a-52b7-4867-b863-6610313383c9,Lady Moo Moo Ice Cream,147.9,41.0
rejected,Q34814659,Caryl Avenue Park,6d9bef05-454b-4ad7-86e4-d006db6a6a15,Caryl Ave Park And Playground,35.8,60.9
rejected,Q34814856,Castle Hill Little League Park,60f4b2ac-00f6-4da7-bcc3-8014b9e39db0,Victory One Housing Development Fund Corp,145.3,33.8
rejected,Q34814877,Castle Hill Park,d69ecc89-4045-4652-a6b7-e16cd2a5555d,Castle Hill Point,74.0,78.8
rejected,Q34815105,Catherine Turner Richardson Park,18417129-08d2-478f-ab83-6a64f6de04d1,Dragon Express Chinese Restaurant,110.4,48.1
rejected,Q34815201,Cauldwell Playground,f1a9ac88-74a6-451a-a170-69430546a546,Hilton White Playground,16.4,55.8
rejected,Q34815237,Cavanaugh Triangle,1e840ab8-91be-4159-a9aa-907f39a60889,Angelo Campanaro Playground,14.5,35.6
rejected,Q34816322,Channel Gardens,34c36ff8-8ef2-4efd-842d-72e9fad5d9a0,Saks Carousel,61.1,50.0
rejected,Q34816535,Charlie's Place,491630c6-e46f-4b8b-905b-2c55c8b1ca4c,Cozzi Pizza #2,145.0,35.7
rejected,Q34816574,Charlton Garden,d992d847-053d-4be5-8683-e2554a281340,Lechonera y Pollo,149.3,37.5
rejected,Q43018742,Jefferson Theatre,afce4cc4-8b1e-4f1b-98d9-133f5bfb338e,Green Pear Cafe,149.9,51.9
rejected,Q43018752,Liberty Theatre,1d6e3e28-ba11-4b9c-8d87-1702747c9711,Little Market,125.4,57.1
rejected,Q43018763,Lyric Theatre,20a368b7-a4b7-487e-88aa-9ced1b585e16,Vcs Ventures Llc,91.1,48.3
rejected,Q43018777,Manor Theatre,02be56c6-443c-4453-b788-079487a5389a,A Taste of Hoboken,75.0,51.6
rejected,Q43018787,Metropole Theatre,0b038b50-a1d5-4f01-8c03-f3693f6bc3a7,Bluestone Lane,148.3,45.2
rejected,Q43018796,Palace Theatre,03f502d0-54a3-4f71-8ba7-1ec9af3cdebf,Grace Tan,128.3,52.2
rejected,Q43018805,Park Theatre,d4ad1a7b-38f2-4304-b25a-cca6404e334b,Three A's Bar & Grill,16.3,56.0
rejected,Q43018816,Pastime Theatre,9be65720-a66d-44e0-9f83-62923b64adee,Farside Tavern,62.3,55.2
rejected,Q43018829,Rialto Theatre,1662dd83-4f19-4eed-9a59-2529f557b627,T Thai,59.0,50.0
rejected,Q43018841,Rivoli Theatre,8292ea0b-5a06-4a1c-8265-bc32e288d73d,Perico Speakeasy,128.3,46.7
rejected,Q43018854,Strand Theatre,49985353-9f24-4ade-8d01-d54f9cb37bb0,Hoboken’s Elysian Park,141.5,44.4
rejected,Q43018863,U.S. Theatre,9be65720-a66d-44e0-9f83-62923b64adee,Farside Tavern,107.4,40.0
rejected,Q43018910,Castle Theater,8f5fe6cf-ea1e-4992-b269-78a54e209b51,Golden Krust Caribbean Restaurant,52.7,33.3
rejected,Q43018920,Chancellor Theater,967a2796-5fe0-4179-bb1b-c7b7e16ff1dc,Intimite Restaurant,123.3,30.8
rejected,Q43018933,Grove International Theater,bbbf408c-6d10-4ee3-a953-e989234ccaf1,Gino's Pizza,133.9,30.8
rejected,Q43018939,Liberty Theater,78eb9b1b-58e3-403a-b646-67cf2205c803,Oriental Express,62.4,32.3
rejected,Q43018948,Roxy Theater,78eb9b1b-58e3-403a-b646-67cf2205c803,Oriental Express,85.7,28.6
rejected,Q43018957,Sanford Theater,9394f5e6-d247-46c5-b60c-4b855b7afd74,San Salvador Restaurant,69.9,44.4
rejected,Q43019027,Orient Theatre,fcf46b23-267f-40b3-90b7-d73709ea6831,Kunsthaus,99.2,34.8
rejected,Q43019035,Tivoli Theatre,624e8a38-e2e4-4c41-b360-b5c6ffa68ee5,EAT JC,144.1,40.0
rejected,Q43019071,Bijou Dream Theatre,f2b772f3-0fb2-4ddb-ab40-b21eef11967e,Jersey City Theater Center,65.7,48.9
rejected,Q43019086,Bon Ton Theatre,c5f9d691-ef39-4fae-8b30-7a292d3985cc,Two Boots Jersey City,119.4,55.6
rejected,Q43019102,Capitol Theatre,80394bb3-9f62-4b28-9827-1b291ff75b63,Chatime Grove Street,139.1,45.7
rejected,Q43019113,Majestic Theatre,20542832-0ede-47c2-bd93-eef508bf9b6a,Majestic Theatre Condominium,50.6,72.7
rejected,Q43019123,Palace Theatre,46946c49-ec97-41b9-9efc-607dc80a9998,The Archer,54.9,50.0
rejected,Q43019132,Cameo Theatre,b9ae99bc-9599-4419-aebe-5a6d43d7106e,Emperor's Cafe,42.0,36.4
rejected,Q43019141,Danforth Theater,4a15d808-f32f-483f-94b2-e6bf87a203ba,Clackens Take Out Corp,102.7,47.4
rejected,Q43019150,Fulton Theatre,61b1bf16-b740-43ba-9871-1ca215fa17e0,Mary Mcleod Bethune Park,66.2,31.6
rejected,Q43019170,Orpheum Theatre,9b9646a1-3dcd-4c94-a3fe-2d1bd42adfca,My Pretzel,87.8,40.0
rejected,Q43019180,State Theater,a165dcb2-0c4e-4324-b1ee-c163c24880e6,The Landmark Loews Theater,69.0,57.1
rejected,Q43019199,Monticello Theatre,df4f895e-ce65-429f-8ef7-eebe54a3b925,J and H Automotive Enterprises,89.9,41.7
rejected,Q43019201,Pix Theater,e9443ec2-0541-4bb8-9b35-29f0c8ad9148,Peking One Inc,122.9,32.0
rejected,Q43019212,Strand Theatre,03b7e629-a91a-4d0a-a6f5-22ec56bb43cf,Tlaloc Taqueira,78.4,41.4
rejected,Q43020514,Central Theater,3c3ec1fb-bbf2-46ac-b1ab-d4a3b51b4e97,West Market Churrasquiera BBQ,147.7,36.4
rejected,Q43020521,Kent Theatre,a1254dfd-e153-49f8-a997-527148ef11f6,Mi Tierra,142.3,38.1
rejected,Q43020531,Grand Theatre,bf0beae7-5fbc-43d5-91b5-f0358f29c1c9,The Fun House,110.6,36.4
rejected,Q43020544,Hill Theatre,2f85f1a5-140c-48b1-9066-3ac2dda3a7c2,Snap Back Seafood,1.9,20.7
rejected,Q43020557,Lincoln Theatre,dd9cce7e-30ae-4c5c-baaa-f9097e97d0c7,Doc’s Waffle House,103.1,36.4
rejected,Q43020569,Avon Theatre,fc7b6e87-bf3c-44a9-8603-647dcf49d0ed,Roma Seafood & Pizza,69.3,33.3
rejected,Q43020582,Plaza Theater,1532fad5-cb34-4762-ae26-de38cc92ec9f,Coney Island Diner and Bazaar,58.4,33.3
rejected,Q43020592,Tivoli Theater,03d2c341-3375-4bab-96ef-7a1bab6211eb,The Redwood Cafe Supper Club,143.3,21.1
rejected,Q43020605,Lyceum Theatre,7db68404-422a-48e2-a661-48fbc98a20dc,Sugo - Taste the Sauce,66.1,47.1
rejected,Q43020620,Elwood Theatre,eeccf68e-84b2-47d4-9636-bb0b3a4f7642,Jewish Museum of New Jersey,79.8,24.4
rejected,Q43020631,Mount Prospect Theatre,0d9fb3b3-08e7-4992-85ca-6abe4e3caeed,Splash Fish Market,13.9,30.0
rejected,Q43020651,Ironbound Theatre,8b9adfc3-c54d-4441-a63a-458e69d2f982,Terra Sul Corp,121.2,38.7
rejected,Q43020661,Rivoli Theater,f33ff931-8d0b-40fa-b277-bf05ee62d917,Casa Brazil Newark,40.9,43.8
rejected,Q43020670,Regent Theater,8a09590a-771b-49e2-92c5-af6af79cd80f,El Eden,77.6,47.6
rejected,Q43020678,Cameo Theatre,71cbb29a-5357-48d3-aeff-30332211a550,Boricua's Cake and More,65.4,33.3
rejected,Q43020684,Essex Theater,2f85f1a5-140c-48b1-9066-3ac2dda3a7c2,Snap Back Seafood,1.8,26.7
rejected,Q43020700,Savoy Theatre,2f85f1a5-140c-48b1-9066-3ac2dda3a7c2,Snap Back Seafood,27.7,33.3
rejected,Q43020710,Court Theater,3657fb8e-4edf-419f-ab1c-fcbd20777980,Rosa Parks Plaza,118.4,27.6
rejected,Q43020726,Hawthorne Theatre,11494016-51b3-4dd0-99e6-11272c47ed1e,Bragman's Delicatessen and Restaurant,75.4,37.2
rejected,Q45032170,Jefferson Theater,9a77fa65-3b04-4046-916a-702a13320f88,Refuge Arts,130.5,35.7
rejected,Q45032175,Kingston Theatre,5b350224-69ef-4a10-8393-3500b3db38ca,Kitten Cafe Coffee & Tea,69.7,42.1
rejected,Q45032183,Kismet Temple,ee1d3ba2-2c64-4bc5-9b92-406c06bb9052,Tea Spot,131.9,47.6
rejected,Q45032189,Kismet Theatre,5e6adef8-3963-4bca-a33d-44a1da75420b,New Hardee,149.4,33.3
rejected,Q45032194,Lewis Theatre,d6ece33c-d591-4cfd-96a7-931df5a1477f,St. Elias,116.7,47.6
rejected,Q45032199,Loew's Broadway Theatre,5850ca9b-fcdf-437e-8730-92eeac9caf80,Broadway Myrtle & Flushing,69.6,59.6
rejected,Q45032205,Loew's Fulton Theatre,60777a44-3424-4d75-a52c-19a9da0d8355,1276 Fulton Bar Llc,35.7,40.0
rejected,Q45032210,Marvin Theatre,342c10a9-e644-4023-b2e2-ff9214bb741e,Angel Fish Market,133.0,45.2
rejected,Q45032224,Monroe Theatre,670b1bc3-66f7-4473-b6f9-8e525effba9b,La Cabana,57.6,26.1
rejected,Q45032230,New Prospect Theatre,b1f93af0-7b77-4abe-a52d-90af13633fe8,Seafood From The Soul,79.9,39.0
rejected,Q45032235,"Nostrand Theatre, 276 Nostrand Avenue",cfcdbdb4-5de2-48b6-b167-6954ea8b8052,Captain Dan's Good Time Tavern,140.3,42.4
rejected,Q45032243,"Nostrand Theatre, 657 Nostrand Avenue",ba2fbde5-ee68-43e6-bd34-aeebad44a079,Nostrand Avenue Pub,130.9,58.2
rejected,Q45032248,"Palace Theatre, Fulton Street",636bb58c-f6ab-40e0-a873-097eb147b4b2,Palace On Fulton Pizza & Chicken,60.6,51.7
rejected,Q45032254,"Palace Theatre, Strauss Street",ee8f93e9-132d-4c39-9fb4-7ee3348e8516,Blue Mountain Cafe Restaurant & Bakery,94.6,40.0
rejected,Q45032259,Paragon Theatre,7a71be45-7a5d-46de-906f-6b4ac213ba61,Three Star Food Corp,123.2,45.7
rejected,Q45032263,Princess Theatre,b4d75dd3-ccf8-4da5-8275-f67113e17419,Little Grenjai,38.0,40.0
rejected,Q45032270,Ralph Theatre,d115883e-5be9-4294-bfc7-e27333ed73c8,Great Taste,54.1,58.3
rejected,Q45032277,Regent Theatre,e44ed9a8-148c-4d78-9c0b-039958232831,Bagel Story,73.1,40.0
rejected,Q45032283,Ridgewood Hippodrome,4c8b9e65-fded-4aea-bb32-0bd5cf9ac3ed,Beaufort-Wes Studio,45.8,25.6
rejected,Q45032288,Rogers Theatre,828e368b-3d4e-4687-a49f-89fb36f451b6,"Ceramics And Theory, Llc",113.2,43.2
rejected,Q45032296,Ronly Theatre,31d89d47-6c77-494a-bb1b-fe7267c1aeff,Dante,132.0,33.3
rejected,Q45032303,Saratoga Theatre,367da5d5-efea-48d6-96ef-ff26240bc4b5,"Rent A Hall, Brooklyn's Location For All Special Events",62.0,28.6
rejected,Q45032311,Sumner Theatre,29f6edb9-449d-4867-b0f2-737a760e4e86,Brooklyn Roots,59.8,21.4
rejected,Q45032320,Throop Theater,6841d394-e6c7-4bc2-9a7f-2e6f01b5f248,Eliza Coffee Shop,42.7,38.7
rejected,Q45033156,Rivera Theatre,1fda6242-5f4d-4cbe-8c74-f1ef02689ac9,Good Taste,143.2,41.7
rejected,Q45033163,Empress Theater,7e95267c-5929-4c2b-8721-3e40536096e4,Sushi Spot,146.9,32.0
rejected,Q45033168,Rogers Theater,d60455ef-e730-41c3-bcbb-ad638226d371,Dodger Playground,110.6,45.2
rejected,Q45033176,Alvon Theatre,da0d6444-48a2-4c51-ba02-6d183772b7f7,FIesta TexMex Restaurant,136.8,38.5
rejected,Q45033182,Crescent Motion Picture Theatre,9c522d5e-33c1-4952-9028-55a76162d6df,Antojitos Ecuatorianos,38.0,41.5
rejected,Q45033190,Embassy Theatrer,02a4df98-2c2f-496a-9ab4-79502235adac,Mr. Fire Bar & Grill,53.2,44.4
rejected,Q45033198,"Family Theatre, 3186 Fulton Street",c04ea65f-f4d9-49aa-99b5-c132b200d02a,Fulton seafood,22.2,42.6
rejected,Q45033204,"Family Theatre, 2831 Fulton Street",b707e24d-eb1f-4e2c-a32e-194e0bb54793,Angel & Rosa Party Hall,124.9,33.3
rejected,Q45033211,Gem Theatre,9c522d5e-33c1-4952-9028-55a76162d6df,Antojitos Ecuatorianos,128.2,30.3
rejected,Q45033218,Cinart Theatre,c00eb726-251e-41c7-8f12-40a252eda475,Regal UA Court Street & RPX,51.8,46.2
rejected,Q45033227,Flora Theatre,42a75c91-136c-414f-af45-47a3ea6092c1,Two For the Pot,147.6,57.1
rejected,Q45033234,Hanover Theatre,3f3d0cc9-ae7f-49df-ab37-335b70750ee3,395 Flatbush Ave. Ext.,109.6,40.0
rejected,Q45033240,Heights Theater,cc7d177f-aa86-4b0b-ad7c-2092b52cc849,Untamed Sandwiches,114.9,42.4
rejected,Q45033245,Loew's Bijou Theatre,4360c127-3371-46c4-9e8d-1a968436168a,Sam's Pearl Street Deli,95.7,46.5
rejected,Q45033253,Loew's Metropolitan Theatre,ee0827c0-c51d-4071-aba8-85ac1a3422f1,Metro Star Café,148.7,52.4
rejected,Q45033261,Loew's Royal Theatre,4360c127-3371-46c4-9e8d-1a968436168a,Sam's Pearl Street Deli,29.5,51.2
rejected,Q45033268,RKO Albee Theatre,2f883b9f-2ef9-4964-aec0-6e37e70de252,Albee Square West,71.6,58.8
rejected,Q45033277,Star Theatre,05a6ccc7-f39d-4343-ace3-c265c5d73201,Shake Shack,122.5,52.2
rejected,Q45033285,Tivoli Theater,d7d33cbd-9208-4588-bc1d-69781e65e73f,Teriyaki One,106.8,46.2
rejected,Q45033292,Trans-Lux Fulton Street,bc00279c-b5f0-46db-beee-a74a0e5475ee,Teriyaki One Japanese Grill (Teriyaki & Sushi),67.3,36.9
rejected,Q45033297,UA Court Street Stadium 12,c00eb726-251e-41c7-8f12-40a252eda475,Regal UA Court Street & RPX,37.7,66.7
rejected,Q45033306,UA Duffield Twin Theatre,224c0aa3-b8a4-47ce-8a08-6c71c601c772,Taïm Mediterranean Kitchen,103.4,42.9
rejected,Q45033313,Washington Street Theater,e6fcc264-e0da-448a-9c43-5635b73da5b2,Bluestone Lane,113.4,30.8
rejected,Q45033321,Werba's Brooklyn Theatre,0a10a645-cb82-47ce-b68b-5ce74df040bf,Brooklyn Paramount,96.6,57.1
rejected,Q45033327,New Plaza Theatre,576b69a8-d67d-4066-8efb-98a8591b75da,Voorhees Theater,49.8,42.4
rejected,Q43041849,Music Hall,0f893992-1433-4104-a4d1-23ea3d200571,Snug Harbor Music Hall,65.2,62.5
rejected,Q43062772,Hylan Cinema,f39c01a7-5d24-4c89-94a2-8550236f1fbc,Shake Shack Hylan Boulevard,51.8,41.0
rejected,Q43062780,Hylan Plaza Cinemas,6ad352a5-bd64-40f8-adbf-5bf596a59630,United Artists Hylan Plaza 5,32.5,59.6
rejected,Q43062789,Lane Theater,d046f46d-8688-4aab-a2d5-3184582d3b5e,La Strada,68.3,47.6
rejected,Q43062794,Staten Theatre,1d18a92e-7e7f-4fb0-9c74-0a27edec6d08,Cantina Mexicana,24.3,40.0
rejected,Q43062909,Island Theatre,63842325-27d8-4b9f-9723-ca2d9f383db6,Villa Monte Pizzeria and Restaurant,91.0,36.8
rejected,Q43063715,Castleton Theater,4a1fcdc6-2af6-45e9-b965-5e4624aff6ca,Castleton Deli Corp,39.3,61.1
rejected,Q43063723,Empire Theater,615c3079-2117-40c0-8e56-08267cffb67b,El Mirador Restaurant,125.8,50.0
rejected,Q43063730,Palace Theatre,6ff2f27c-e783-4cda-ad6d-67591c348780,Tortilleria Oaxaca,69.6,43.8
rejected,Q43063736,Ritz Theater,31981320-4050-497a-bf1f-975d40b3ae7c,Taqueria La Roqueta,95.1,45.2
rejected,Q43064457,Lyric Theatre,54b07490-d405-41ea-9f98-f6124243846b,Bondi Pizza Inc,22.8,28.6
rejected,Q43064946,Lyceum Theatre,b79fd8c4-04cc-4740-8aa4-8fb75861e25f,CLUB Brazil,145.9,24.0
rejected,Q43065068,Liberty Theatre,11e38141-7a94-41c1-90af-87d9780fe258,Best Coffee Shop,108.2,38.7
rejected,Q43065077,Paramount Theatre,63585b70-659e-40e9-9294-9e1afd37072f,Tappen Park,122.8,50.0
rejected,Q43065084,Rex Theatre,63585b70-659e-40e9-9294-9e1afd37072f,Tappen Park,112.9,45.5
rejected,Q43065094,Richmond Theatre,a9cb41c4-5ea5-4223-85de-4bc557dbc71a,Beyond The Sea,141.1,53.3
rejected,Q43065359,Victory Theatre,b34b0505-44ed-4f79-b729-a2669aa4c7aa,Atlixco Bakery & Deli,118.7,41.2
rejected,Q43065572,Green Acres Cinemas,89e50111-be11-426a-af9c-4a2a93b2f05f,Olive Garden Italian Restaurant,40.9,41.0
rejected,Q45032658,Sheffield Theatre,338a0602-660a-4a09-a81a-01faf7809d08,Kennedy Fried Chicken,91.5,47.4
rejected,Q45032667,Stadium Theatre,ca65d120-4e06-4c08-9a45-00b7d8c7db54,Macaron Wholesale,137.8,37.5
rejected,Q45032672,Stone Theatre,591be405-08fd-4364-ac62-fefb75e01c91,New Price Less Discount Store Inc,133.0,39.1
rejected,Q45032678,Supreme Theater,f7ab4076-ea5b-4155-a1e8-dbc6ad103f14,Success Garden,78.8,27.6
rejected,Q45032686,Tiffany Theatre,9fff7b69-c4e6-4ce4-b7fd-5958f7c76737,Afb Food Corp,82.7,28.6
rejected,Q45032693,Vermont Theatre,5ef04d7f-08c5-44af-94e7-d66461146adc,Grace Playground,108.1,38.7
rejected,Q45032699,Waldorf Theatre,d10e5a68-2726-40c8-8857-0883755e62fe,El Flaco Food Corp.,97.3,36.4
rejected,Q45032707,Sutter Theatre,387419b4-35e3-4efd-819d-67b422a840ff,Little Caesars,103.6,42.9
rejected,Q45032718,Alhambra Theatre,9332e171-f5f2-4392-b757-233ca60f17c4,Armature Art Space,146.5,47.1
rejected,Q45032726,Bushwick-Hancock Airdrome,a247b9e1-af89-45b8-bbc1-b7cdecf6557a,New Choy Hing,71.3,31.6
rejected,Q45032735,Cameraphone,6285e29f-e44a-4cd9-8fcb-7a5006d2dbe8,Paragon,107.3,55.6
rejected,Q45032742,Casino Theatre,032d0eae-fc2a-41d5-af12-3fea1850a418,Majestic Tattoo NYC,142.4,48.5
rejected,Q45032750,Central Theatre,6f2a75c9-6ee3-49ce-b1fe-d2c15c4539c5,Linden Park,75.3,38.5
rejected,Q45032755,Colonial Theatre,c977fa81-ca01-4a6c-9510-4dae71a5aa70,All Night Skate,149.6,45.2
rejected,Q45032762,Covert Theatre,c40ab474-7153-48ff-949b-8a5e2b6500f9,Covert BK,31.3,52.2
rejected,Q45032767,Cozy Corner Theatre,fb961ab6-b98e-4564-b15b-af2b0568f38d,The Tea Factory,133.1,53.3
rejected,Q45032773,Decatur Theater,15b20b6c-61e6-480a-8465-78002ff48252,Little Skips East,127.4,43.8
rejected,Q45032778,Eagle Theater,97e57b2f-0d67-44ad-b0e6-b3fa1bf07c72,Play Land Park Peru,126.7,31.2
rejected,Q45032782,Gotham Theater,96a8d1a7-e56d-4d79-b740-1515e17766ee,Coustof Waxman,125.3,35.7
rejected,Q45032787,Grove Theater,b6130ffb-ced2-4f76-a818-a467dda13430,Healthy Garden Gourmet,60.1,51.4
rejected,Q45032792,Heart of Ridgewood Theatre,d72f4670-a50d-44a5-acac-bc76417b7739,HEADREST COFFEE,135.4,43.9
rejected,Q45032799,Idle Hour Theatre,845afc0f-743f-4bf1-8b7b-bace749c804d,Sweet Coffee Deligth,146.1,43.2
rejected,Q45032805,Imperial Theatre,e801aa63-73bc-4deb-a839-fcbe8854c672,Sapore Di Italia Restaurant,47.0,50.0
rejected,Q45032810,Irving Theatre,35477bbc-22f8-451d-9f5b-5a78ce8a227b,L'imprimerie,73.8,46.2
rejected,Q45032816,Knickerbocker Casino Theater,76d633d9-3e1b-44c9-86a4-cc880c3260ae,Knickerbocker and Starr Park,87.9,71.4
rejected,Q6923065,Mount Prospect Park,a4313ca4-9051-4b1f-83a9-ac5c47f5a3b4,Mt Prospect Park Playground,69.1,69.6
rejected,Q6934127,Rev. T. Wendell Foster Park,5980369f-d47a-4f86-9ef9-5a8c7350d01b,Mullally Bikepark,139.6,38.1
rejected,Q6939073,Murray's Sturgeon Shop,9836b6d6-083d-43cb-9785-dc5ef2219d3d,Dragon House,133.4,41.2
rejected,Q6940773,Museum of Arts and Design,fa644293-44d9-45b7-86ee-d8b3012b2cab,Porter House Bar And Grill,142.9,53.3
rejected,Q6940781,Museum of Biblical Art,f50f850e-d6ba-4605-b99d-f5cfc7d1acde,Lawrence Steigrad Fine Arts,91.2,40.8
rejected,Q45033821,Quentin Theater,57f32a43-dbfe-49d1-b2d5-3c9dd4ceb749,Quentin Deli,51.7,51.9
rejected,Q45033827,Elm Theater,aa79e79c-f214-4f02-9005-aa82f2bcd105,Ice Cream House,100.6,46.2
rejected,Q45033833,Fair Theatre,c6ce78a7-7553-4c55-9bc9-5dfa18ab7fa1,Sauteed,50.2,42.1
rejected,Q45033846,Midwood Theatre,87d9451b-4dfc-401a-a23d-e232e2acd804,Garden-of-eaten Corp,102.7,40.0
rejected,Q45033851,Nostrand Theatre,655cdad2-880f-46d6-b5d6-7bed27464164,Pizza Nosh,24.7,38.5
rejected,Q45033857,Vogue Theatre,cae521c0-a376-4c0d-96b4-ec600b6a2bef,Kosher Bagel Hole,127.8,33.3
rejected,Q45033864,16th Street Theatre,37fc3d13-bed9-4518-af55-2f8537fc3c28,Le French Tart,86.3,42.4
rejected,Q45033870,Alhambra Theatre,8ad8cc27-d149-4358-abf0-88ce79a0133c,Nahm Thai Kitchen,112.1,56.0
rejected,Q45033877,Atlantic Theater,71897017-a250-48f4-bf82-b2f68c51cb60,Barclays Center,101.4,51.6
rejected,Q45033883,Avon 9th Street Theatre,864d7ae6-b1b5-4f6c-a996-2df64422d19e,State Of The Art Gallery,145.6,51.1
rejected,Q45033890,Carlton Theatre,476cee39-5ca2-4ec2-915d-a411dc8b8e3f,Carlton Park,109.5,74.1
rejected,Q45033896,Eden Theater,ebb23ef2-a57a-4894-be83-c3a64267a460,Golden Shovel,148.8,48.0
rejected,Q45033902,Flatbush Pavilion,b01014de-c646-4f12-ab56-720fa143674d,Fausto,134.6,43.5
rejected,Q45033909,Garfield Theater,2f852297-787f-414b-ae6f-63c27ae49f79,Puppetry Arts Theatre,101.7,54.1
rejected,Q45033915,Globe Theatre,37fc3d13-bed9-4518-af55-2f8537fc3c28,Le French Tart,80.7,44.4
rejected,Q45033921,Idle Hour Theatre,03945532-0813-4716-8bd9-d6da11d4f8da,Purple Playground,85.7,35.3
rejected,Q45033930,Joyce Theatre,7c308a0e-d7fe-430c-bc80-7c7727058ae5,Coco Thai,21.1,54.5
rejected,Q45033936,Marathon Theater,de6b2b6f-0802-4a06-ac4b-f233b9903b37,Pavilion Theater,24.4,68.8
rejected,Q45033942,Minerva Theatre,e6b14cc1-f7d4-46c0-88ca-1b24140da8e2,American Cheez,100.7,55.2
rejected,Q45033948,New Venus Theater,b0763871-8087-4da4-9ced-839f0ff536ce,John & Sons Deli,119.0,38.7
rejected,Q45033958,Park Theatre,84d04e0d-1e58-43fd-aab2-44a872ee4f1f,Prospect Park Southwest,144.3,51.4
rejected,Q45033964,Parkview Theatre,de6b2b6f-0802-4a06-ac4b-f233b9903b37,Pavilion Theater,93.2,68.8
rejected,Q45033977,Prospect Palace,e261ef34-16e6-49cb-8ae2-d05fa2f61f1b,Prospect Bar and Grill,109.6,71.0
rejected,Q4651877,AIDS Museum,cfc12dfd-7897-4980-a2e8-ae06c34dc81a,Subway,5.3,23.5
rejected,Q4653056,ANTA Washington Square Theatre,2cdc056b-77e8-47ee-8ef3-dd66704cc263,Washington Square Windows,52.2,61.8
rejected,Q4667850,Abingdon Square Park,f9dc501b-38c8-48c6-8c51-4d91271158d8,Blank Street,120.3,43.8
rejected,Q4723063,Alfred Lerner Hall,f3d09e94-e686-44aa-a4a6-97c8ef742a57,Morris A Schapiro Hall,146.9,45.0
rejected,Q4741073,Chicago The Musical Ambassador Theater,193071a5-5847-415d-a593-d18e5f099a90,Ambassador Theatre,22.0,60.7
rejected,Q4743784,American Fine Arts Society,14c1b63f-7224-4d00-adf7-4f5ba445ac66,Arc Carnegie Llc,127.6,47.6
rejected,Q4744541,American Music Hall,1295e218-1b1e-4fe1-9050-960d6ceaa46c,American Airlines Theatre,40.1,50.0
rejected,Q4745666,Americas Society,120b1a08-95b3-4b8a-ae50-0bbc620147d8,Adler Beatty,79.2,50.0
rejected,Q4754144,Anderson Park,c31557a9-4255-40f3-9f42-3715e1a14579,Anderson Park (New Jersey),2.7,70.3
rejected,Q4762236,Angel Orensanz Center,521757de-b6e3-43d9-94b4-0e25b5f17839,Orensanz Events,7.4,72.2
ambiguous,Q4782679,Aquagrill,d5c40a06-2dde-4592-b5b8-85bcec02390b,Aquagrill,11.6,100.0
ambiguous,Q4782679,Aquagrill,e2a324d2-0dff-49b6-a140-467c80412b7a,Aquagrill,11.2,100.0
rejected,Q4788509,Area,e1571380-b89f-475e-8c38-bae044f6aef5,Kaffe,133.5,44.4
rejected,Q34810586,Brevoort Playground,a6ad9512-65b1-4803-ae8f-b117984934dd,Chubby Burger & Pizza,109.9,36.8
rejected,Q34810683,Bridge Park,9726c6f4-a6d0-482d-853e-02d9bbc9fddd,Mahattan NYC,79.5,8.7
rejected,Q34810689,Bridge Playground,756a78ca-fd48-41b3-b616-9ac89e820ec9,Mezcla De Sabores Restaurant,143.7,35.3
rejected,Q34810823,Brighton Beach Park,f4e90dc4-46a0-4f23-9cec-4f877775b318,GŌSHT City,131.8,34.5
rejected,Q34810880,Brinkerhoff Mall,af9079a6-3c9d-41c0-8b5a-e7cc08f9f489,Domino's Pizza,107.7,33.3
rejected,Q34811065,Broad Channel Community Park,5df23d6d-986b-4f1e-8ddd-b44244fc48a7,Broad Channel American Park,66.1,65.5
rejected,Q34811073,Broad Channel Park,e65242e0-ecf7-4c57-9d32-f378bc0891cb,Grassy Point,117.8,26.7
rejected,Q34811180,Bronx River Park,72378c4c-883c-49c0-8fd2-461805274f41,Bronx River Poultry,123.2,80.0
rejected,Q34811238,Anchorage Plaza,1831972d-230e-458a-ab6e-901c9adab307,Juliana's Pizza,78.8,46.7
rejected,Q34811249,Brooklyn Bears Rockwell Plaza Garden,42e61461-79d2-4e13-bc5a-08922c048beb,Rockwell Place LLC,18.3,51.9
rejected,Q34811599,Brownsville I Ura Park,b855907e-df74-49ea-af71-8efe7c0a34e4,Brownsville Fish Fry,54.6,71.4
rejected,Q34811617,Brownsville Playground,8158abae-6926-4f34-8b7e-83b4e9d8c899,Crown Fried Chicken & Pizza,134.6,38.3
rejected,Q45020872,Malboe Theatre,2c324b25-509a-40d2-9b60-0777b53d84a6,Jamaica No 1 Restaurant Inc,111.3,34.1
rejected,Q45020886,Plaza Theatre,f4032322-e6be-4ffd-ac8f-9bcdb16c9dfd,The Spot Caribbean Restaurant,99.2,29.6
rejected,Q45020903,Farrell Theatre,82e5587a-8d9a-4398-ba74-3da891404dd4,Flamingo Restaurant & Mantra Lounge,144.6,39.0
rejected,Q45020919,Park Theatre,2cbaaff9-7d15-461d-8856-53d455c6811e,Namaste,80.8,42.1
rejected,Q45020936,Garden Theatre,3e2dd5b7-8515-42a6-bc73-22dfe2e2c3e0,Western Fish,22.4,30.8
rejected,Q45020951,Linden Theatre,4285e4da-d55e-4241-8610-db2468dcef8b,Innervisions Theater Arts Center,58.8,47.8
rejected,Q45020958,43rd Street Theatre,1c14a61c-3254-4475-bec0-3d55ebc5fc93,Thalia Spanish Theatre,122.4,48.8
rejected,Q45020959,Bliss Theatre,487ebfc3-76fb-48bb-932e-2559540aaf22,Tacos El Tri,129.1,48.0
rejected,Q45020956,St. Albans Theatre,0713061b-771a-4c18-8a3f-b4c5d0fb8e77,Northside Linden,82.0,36.4
rejected,Q45020963,Rialto Theatre,cf5f3c19-5b0d-492a-b11c-35d574395b8e,Rebar By The Bridge,145.5,42.4
rejected,Q45020960,Center Cinemas,60ea785c-4322-4d6c-86eb-c8e13cfb74d3,Venturo Osteria & Wine Bar,147.3,47.1
rejected,Q45020961,Cross Island Cinemas,86dfbdd0-6f35-4f76-bad7-26a5e620dd30,Demons Japanese Cuisine & Ramen,75.4,44.9
rejected,Q45020966,Manor Theatre,1d4e7089-fd9f-4d47-ad5c-2b55cb3e8a14,Taste of Italy,46.7,51.9
rejected,Q45020964,Haven Theatre,1d4e7089-fd9f-4d47-ad5c-2b55cb3e8a14,Taste of Italy,111.9,44.4
rejected,Q45020965,Loew's Willard Theatre,86aba9ae-d0d0-4d27-9f37-26507d2c0cf4,Kelly' S Variedades,46.3,45.0
rejected,Q45020969,Roosevelt Theatre,ed33261d-0c7c-47ff-9640-ef3e287c9e47,Antojitos Restaurante & Bar,141.0,42.1
rejected,Q45020975,Deluxe Theater,406046e2-f744-44e6-bf74-8ffe55c655a1,Three Bowls Noodle House,147.4,42.1
rejected,Q45020972,Hobart Theatre,201db737-885e-4c5b-abde-c7ad16c43923,Casa Theodoro,87.2,44.4
rejected,Q45020977,Fisk Theatre,9196260a-31a7-4664-a003-ab78d403e080,New Great Wall Chinese Restaurant,97.5,41.2
rejected,Q45020984,Loew's Woodside Theatre,9d8ef11a-df5a-42bd-ad0d-4cf4998a5868,Carvel Woodside,64.1,63.2
rejected,Q45020995,Sunnyside Theatre,c9ceae0a-0912-4805-a977-14f6a3bcc89e,Solid State,13.3,57.1
rejected,Q45031924,BAM Rose Cinemas,f4fa43aa-a150-4bb0-9787-4527aa8e86dc,BAM Rose Cinemas at BAM KBH,80.7,74.4
rejected,Q45031995,De-Luxe Theatre,086030f0-3dae-4c18-a3b1-5a925d3bae00,Tex's Chicken & Burgers,77.4,38.9
rejected,Q45032002,Alpine Theatre,45929dd5-f167-4fd4-b922-50b831f65f08,Alpine Cinema,40.6,66.7
rejected,Q45032010,Bay Ridge Theatre,494e4a9b-1e9e-4f94-ae71-b332d6e969b2,Bayridge Chipshop,69.9,58.8
rejected,Q34829138,Ethan Allen Playground,98535e48-a446-47d6-a202-c1a615840731,Lin's Panda Kitchen Inc,54.8,44.4
rejected,Q34829271,Evergreen Playground,d545650e-efa8-4093-9ea4-340ba4300a78,Horace E. Greene School PS/IS 045K,109.7,34.0
rejected,Q34829287,Ewen Park,bf226678-0120-4426-be98-05f8ffede3ca,Ewen Park Playground,119.0,62.1
rejected,Q34830641,Fort Hamilton Triangle,6a147cf3-c7c5-41e6-87c6-59951bde35c2,Fushimi Bay Ridge,93.7,46.2
rejected,Q34830701,Fort Hill Park,fa9b94e8-ca7f-45bc-93c3-be17ea15d134,Gingerbread House,99.6,19.4
rejected,Q34830761,Fort Independence Park,f2267b1d-e974-478f-bbb3-3c5ebff83104,New Ya MEI,95.0,31.2
rejected,Q34831233,Fourteen Honey Locusts Park,4c98f204-b2dd-4c78-8ab3-a6444a069d8d,14 Honey Locusts Park,27.2,79.2
rejected,Q34831435,Fox Playground,f9381ee1-a6fe-4dd7-a4db-fc281b3fc973,Fox Park,23.3,63.6
rejected,Q45032821,Loew's Gates Theatre,7ba53af6-bc5e-43ef-8e87-5e2399c7d348,El Rey,111.7,38.5
rejected,Q45032830,Lyric Theater,41ed7173-a181-425e-903e-fc9c4aaae4aa,Dodworth Street Murals,122.3,34.3
rejected,Q45032837,Madison Theater,670b1bc3-66f7-4473-b6f9-8e525effba9b,La Cabana,51.3,33.3
rejected,Q45032844,New Ideal Theater,0a812f9c-3e82-4f6e-b7a5-bc74eecb0f10,Taqueria El Fogon,90.7,52.9
rejected,Q45032858,Paramount Theatre,e1c891d8-82b4-4f5e-b433-2b8bce32f29a,Little G Cantina,61.1,42.4
rejected,Q45032868,Park Theater,d9e736d8-4154-4600-bcb9-b33ce64762b1,Danger Danger,125.3,48.0
rejected,Q45032875,Pastime Theatre,d413cb52-f700-4399-93d6-af022217026f,Thai Ros Thip,82.8,42.9
rejected,Q45032881,Pictureland Theater,98ff4fb7-620e-431d-a116-952ab97c2f55,Rialto Theatre,30.5,54.5
rejected,Q45032886,Politeani Theatre,49a8d302-080c-46a2-bb54-05913a5cb895,Tres Marias Taco Deli,100.5,52.6
rejected,Q45032893,Ridgewood Casino Theatre,6942868f-2304-4b3e-b379-c79ea5fb0b84,Cholula Express Deli,127.4,40.9
rejected,Q45032897,Rivoli Theatre,772a84ad-eced-492e-a1dd-b3deeb49dc5a,Sapore Di Italia,77.7,46.7
rejected,Q45032903,RKO Bushwick Theatre,670b1bc3-66f7-4473-b6f9-8e525effba9b,La Cabana,49.6,20.7
rejected,Q45032910,Standard Theatre,c56e710e-f0d8-414c-8077-ad0dcc7e716e,Jade Garden,113.8,44.4
rejected,Q45032918,Starr Theater,d9e736d8-4154-4600-bcb9-b33ce64762b1,Danger Danger,30.5,46.2
rejected,Q45032942,Tip Top Theatre,79026bf5-15c5-4de0-ae8c-c7f4d0533512,Ahehuete Deli and Grocery,11.6,40.0
rejected,Q45032950,Wagner Theater,30ab8b9f-c617-4eb7-b489-39d88faefe77,Levantine Shawarma & Grill,79.7,50.0
rejected,Q45032956,Willoughby Theater,6021f65e-987e-4597-9840-511707229494,Gaby's Bakery,82.0,45.2
rejected,Q45032963,Woodrow Theater,ab8ee910-ea68-4c76-8aae-170b7d3cd276,Father Knows Best,85.5,50.0
rejected,Q45032971,Wyckoff Theater,732c1eb0-2e71-43aa-b0c3-acfc858584ce,Pan Rico Ambateno,48.6,37.5
rejected,Q45032975,American Theatre,927b6dd1-4b83-4d19-9a8d-f64e958651e2,9205 New Century Restaurant Inc,45.7,38.3
rejected,Q45032981,Canarsie Theater,74626c43-8f26-44de-abdf-f111c70ffc00,Golden Taste Restaurant,108.4,42.9
rejected,Q45032986,Georgetowne Twin,9c2b62a4-ab80-41e0-acdf-bc45cf029b5b,Georgetown Shopping Center - GameStop,34.7,51.0
rejected,Q45034489,Republic Theatre,9f862260-3bac-4ab6-b070-6eacd0a665c4,Lighthouse,141.9,38.5
rejected,Q45034496,reRun Gastropub Theater,4e9f5a92-29d8-4de7-bdf6-b921d0001da2,Water St. Tavern,29.4,57.9
rejected,Q45034506,Spectacle Theater,88e0fd25-8b81-46c2-86fb-b509ac2471ea,Spectacle,71.6,69.2
rejected,Q45034512,Star Theatre,f4c99fb3-f81f-48e4-97db-cbd6af4033ae,The Starlight Tavern,117.7,57.1
rejected,Q45034520,Sun Theatre,a9c4b214-d4a9-4c2b-853d-24f2ae3874da,Rokstar Chicken Williamsburg,51.9,25.6
rejected,Q45034529,Towne Theatre,60b939b7-48db-4ecc-9073-1681177931b9,ArtWise,127.9,50.0
rejected,Q45034535,Williamsburg Theatre,7d01fded-6750-4af4-ad4a-27ad67d0b084,Southside Williamsburg,51.1,76.2
rejected,Q45034543,Wilson Theater,06ea7943-5349-413a-94c4-999341e1e059,Williamsburg Bagel,50.7,43.8
rejected,Q45036082,Bainbridge Theatre,cb14d533-ff28-44bd-8704-1d539e2abc6c,Bainbridge Bakery,91.8,74.3
rejected,Q45036089,Bedford Theatre,40c01d11-ad07-4cfc-ae2f-7f5a3548ab4d,Tremont Fast Food Inc,80.8,38.9
rejected,Q45036096,David Marcus Theatre,fcc89d65-6eb5-40d8-8a6d-16da2e3ee92d,Ace Shawarma & Burgers,58.0,40.0
rejected,Q45036103,City Island Theater,d50628f0-aa29-4ffd-9166-70aa96d295d3,Little Frida's Eatery,99.0,45.0
rejected,Q45036111,Golden Rule Theatre,60c0ad62-de48-4fa5-8c55-9ee70b2a9ab2,US Fried Chicken,48.9,34.3
rejected,Q45036117,Colonial Theatre,891c8e8b-8ac7-4f9f-b7c8-1663f801184a,Lolitas Restaurant,150.0,43.5
rejected,Q45036128,AMC Bay Plaza 13,48f8256f-cc24-4035-a970-74314360ef3f,Cinnabon,121.7,16.7
rejected,Q45036133,City Cinema,d3ea9714-daf7-4ceb-9c09-aff2536899af,Capri IV Deli,50.1,41.7
rejected,Q45036141,Plaza Theatre,910010b9-72f6-43eb-9462-f5457871bc69,Lola Seafood,128.4,40.0
rejected,Q45036146,Ascot Theatre,50696495-1a20-45ad-8ddc-e85d6f596550,Salvatore's Ny Pizza,110.8,42.4
rejected,Q45036152,Concourse Theatre,28429801-92ea-4fee-8228-8f242d9cadb1,D.s.e. Restaurant Corp,124.1,42.1
rejected,Q45036158,Decatur Theater,0c969f02-b6ba-4096-9004-ae2cbfb24b54,2676 Decatur Ave HDFC,130.6,50.0
rejected,Q45036166,Garden Theatre,199f13a1-9c7b-4eb2-a1e0-f4005ca05725,Rafaelina Restaurant Bar,104.6,41.2
rejected,Q45036172,Kingsbridge Theatre,1fb802d2-e3c3-4d6c-80d1-02be4a86d233,Kingsbridge Pizza,13.8,72.2
rejected,Q34833781,Harris Garden,149fe792-fe31-476e-ad1f-472c31260eb0,Convent Garden,148.2,44.4
ambiguous,Q34833818,Harris Park,fc17cda7-f359-46d8-b25c-4c7ce3365eff,Harris Park,135.1,100.0
ambiguous,Q34833818,Harris Park,4f2d81f9-aece-4baa-8a89-f2ef687112fc,Harris Park,37.8,100.0
rejected,Q34833999,Harry Maze Memorial Park,894bb2ee-3b63-409b-8a76-a9589f82cc3f,Harry Maze Playground,53.4,62.2
rejected,Q34834117,Hartman Triangle,d44c8717-3441-4d14-9c6a-190bca7295cf,Raging Skillet,127.1,46.7
rejected,Q34834582,Hattie Carthan Garden,44434a7e-754c-4bae-87f2-31dc11caf9a3,Banneker Playground,76.4,30.0
rejected,Q43020733,Roosevelt Theatre,cf139122-97d8-472c-a4d5-c375aad97529,New King Kitchen,63.9,16.0
rejected,Q43020743,Mayfair Theatre,603ee018-c488-4ceb-aa5b-4b778133a564,Magela's Haitian Restaurant,132.5,32.3
rejected,Q43020753,Park Theatre,145594ef-610c-4ba0-958c-2d789a7934d1,"South Ward Newark, NJ",87.3,50.0
rejected,Q45036179,Lido Theatre,273f9acc-b3b3-43aa-ae21-1e65f99ac54c,Fordham Gourmet Deli Inc,126.2,38.9
rejected,Q34821648,Daniel Carter Beard Mall,3f30fa38-8d2e-4539-8cc4-a9e2ae781a1d,Union Canaan Cafe & Bakery,142.6,45.8
rejected,Q34821767,David A Fox Playground,fc3d3403-31af-492b-a431-c07472350548,David Fox,67.9,58.1
rejected,Q34821793,David Ruggles Playground,31c8b2ee-6a89-41d3-83cf-8505ec11b6b5,Potomac Playground,22.1,52.4
rejected,Q34821856,Davis Playground,f5146fa2-0732-403b-921e-1d7b4772746c,Mahoney Playground,107.5,70.6
rejected,Q34821909,De Diego Playground,8b36fcde-0648-4475-aa0e-fcccf7fa40e8,William Sheridan Playground,20.1,43.5
rejected,Q34827525,Echo Triangle,d327d7e2-7156-4b96-b0be-01da101445b4,Golden Dragon,99.4,46.2
rejected,Q34833622,Harmony Park,6f5edc48-53ad-48a5-aa47-95e009f42f96,Essence Bar and Grill,84.7,37.0
rejected,Q43020767,Congress Theatre,4c1b528a-cbb1-4d64-b7b7-bb02b1d8b140,Mr. Burgandy's Breakfast Luncheonette,149.4,30.8
rejected,Q43020780,Plaza Theatre,b89dcd2e-1a50-4a25-82d0-367bb066f615,CityPlex 12 Newark,137.1,38.7
rejected,Q43020801,Ronson Theatre,e7ed6dbf-0975-452d-801a-c134adc7c249,A Jaaraama Cuisine,99.4,31.2
rejected,Q43020812,Strand Theatre,04600afe-7d85-4246-856f-0cb14abbbd2c,Brothers Cozy Corner,49.8,35.3
rejected,Q43020855,Astor Theatre,89690796-c3a8-4a9f-8b04-deb062cf8a1e,Dd&amp P Rest Corp,33.6,38.7
rejected,Q43020877,Embassy Theatre,f2f4b6c8-7307-49ed-bedd-1d9e05f68e87,Teri Teri Japanese Restaurant,60.1,42.4
rejected,Q43020898,Empire Cinemas Columbia Park 12,ea5f0c09-1bd8-402c-a1cd-3055f9c8a2ed,Cineplaza,59.6,35.0
rejected,Q43020926,Franklin Theater,46ccb214-2603-429e-b395-b747efc1f52d,Chris & Angie's Dinette,144.3,43.2
rejected,Q43021118,Embassy Theatre,cc46298d-bbdc-4227-a66d-16dce588eea6,Mister Taco,81.1,38.5
rejected,Q43021138,Palace Cinema,2e7b11ef-c72f-4bd8-98f2-98ed80c2c314,Mister Pizza N Tacos,138.1,42.4
rejected,Q43021149,Pix Theater,a44566a8-666b-4c5e-83b4-60272c6f6ea0,Inner City Cafe,97.9,38.1
rejected,Q43021160,Park Lane Theater,36d6a15d-0039-4dc9-b187-811ee0888975,Arirang Rice Cake,69.3,41.2
rejected,Q43021179,AMC Garden State 16,755a2301-a80b-4323-84d3-ce647de1cbb6,C &amp J Garden State Plaza Inc,72.8,65.3
rejected,Q45018974,Steinway Theatre,bd5ca175-dc80-4ab5-8373-9d7cea13431c,Egypt Astoria,84.2,48.3
rejected,Q45018991,Strand Theatre,5fd87e2b-74df-489f-9c32-be94b0c5d406,Broadway Station,63.8,46.7
rejected,Q45019000,UA Kaufman Astoria Cinema 14,b622fb51-c08d-4960-8a94-02711840525b,Astoria Multiplex Cinema,69.7,65.4
rejected,Q45019019,Ditmars Theatre,7623335e-a0f2-4a90-8def-49d20a321e59,Flower Drum House,73.8,37.5
rejected,Q45019032,Grand Theatre,77ffad02-7c32-4c45-9e0c-6cc9cd314b34,Truva Cafe and Grill,59.4,51.9
rejected,Q45019047,Bayside Theatre,3cf6ad5a-5b72-4a69-b62c-2a3cad340bb2,Dirty Taco + Tequila Bayside,87.2,58.5
rejected,Q45019077,Loew's Bay Terrace,d02129e1-00a3-4f54-95e5-07da79e223ad,SoBol Bay Terrace,76.9,74.3
rejected,Q45019090,Victory Theater,e65bf18a-5c43-4adb-a9fe-0898f32fd05c,Vinny's pizzeria,35.7,38.7
rejected,Q45019106,Korn's Bayside Theatre,bb27c92f-7ec9-493e-96fb-2f8cf98a09c6,Pho Grand Bayside,115.6,61.5
rejected,Q45019122,Cambria Theater,eb6825ee-b94c-429f-abb3-4ad68c4444c7,New Little Rabbit Chinese Restaurant,107.7,35.0
rejected,Q45019136,College Theater,42f7acb3-a64d-4c45-8f7a-9178525abdd1,College point,71.2,64.3
rejected,Q45019150,Golden Rod Theatre,a8bd0dfc-2fbc-4ed0-964e-aed30b7c1570,刘记四川面馆 Liu Sichuan Noodle House,53.0,32.7
rejected,Q45019165,Lyceum Theatre,932abf63-2500-4f99-900e-04151a82af95,Carvel,82.0,40.0
rejected,Q45019180,Regent Theatre,29d4e4ac-3a0d-4da4-9943-9314ec4ba86a,Gala Art Center,109.0,41.4
rejected,Q45019197,Corona Theatre,eb235a3f-92c4-45ff-a022-df5f25581925,Cafe Corona 2000 Express,88.6,52.6
rejected,Q45019209,Queens Theatre in the Park,7283765c-11f5-4700-ba1e-6e0f1e5999c4,Meadow Lake,36.9,32.4
rejected,Q45019224,Granada Theatre,f1140707-1dcd-4264-9429-4eda3a584f25,EL CANGREJAL,47.8,37.0
rejected,Q45019242,Hyperion Theatre,823ba411-f11f-484e-8476-c98816afa01d,Parque Flushing,143.2,45.2
rejected,Q45019259,Colonial Theatre,8f04d525-16d1-44d7-88fd-7c064ef5aee3,Restaurante Bucay,49.6,42.4
rejected,Q45019272,Palace Theatre,db1167d7-75ab-4b40-9352-dea243605d6d,El TRI MX Restaurant & Bar,115.9,35.3
rejected,Q45019286,Loew's Lefrak,11f21bcc-c571-4918-a11a-8124ee0093c1,Le Frank Pizza Corp,63.3,50.0
rejected,Q45019301,Park Theatre,1ef80832-376d-476b-b3ad-ee3cda888452,El Jarochito,91.2,33.3
rejected,Q45019315,Plaza Theatre,d4a6a40b-ed92-45a4-bd95-ca5ae6a3bc8f,The Corona Plaza Theatre ( El Teatro Plaza ),6.0,53.1
rejected,Q45032326,Tompkins Theater,d02da7c0-3f66-4fa9-92ec-cf9ec21e012f,Gates Prince Deli,6.6,48.5
rejected,Q45032332,Utica Theater,aa2a857f-2ab7-4394-a598-aa6dd3f83089,Utica Fish Market,135.8,60.0
rejected,Q45032336,Victoria Theater,5b91e60d-43af-4a31-b482-8a68e3ec7940,Brooklyn Pizzeria & Kennedy Chicken,100.0,32.7
rejected,Q45032342,Benson Twins,be491ebc-689f-42f5-b6fb-96fe69c2dd85,Baskin-Robbins,74.7,53.8
rejected,Q45032352,Colony Theater,555a41c9-93d3-4e76-a247-1e75d2b20efd,Steam Box Rice Roll,54.1,42.4
rejected,Q45032360,Hollywood Theatre,1c20eab9-1c16-49b9-9091-0ae8e567d20d,Good View,80.6,38.5
rejected,Q45032365,Loew's Oriental Theatre,338c8502-4b75-4088-8733-eee3bcc69b16,Sweet Star Bakery Inc,130.0,45.5
rejected,Q45032371,Marboro Theatre,ee2e4861-059b-4954-8bc5-3dee49f84475,Rimini Pastry Shoppe,50.2,34.3
rejected,Q45032378,Senate Theatre,d853787f-08fa-4fe9-8699-81104737c7db,Ten Zan Japanese Restaurant,141.5,40.0
rejected,Q45032382,Stillwell Theatre,7a2a92e3-bcd2-4aa1-983a-075fa4a56879,Prestige Steakhouse & Lounge,7.0,50.0
rejected,Q45032387,Victory Theatre,4952c302-554c-4c46-aee2-10755c27e020,Bagelit Inc,62.8,38.5
rejected,Q45032393,Fox Theatre,54dc8c72-147d-4e5b-9250-6d8a56557546,Fox Square,50.2,66.7
rejected,Q45032401,Loew's Melba Theatre,163a203a-a076-4b7f-9047-52bc1b473d46,Albee Square Plaza,86.3,52.6
rejected,Q45032406,Oxford Theatre,38bcf45a-c319-4867-83e2-96ee9b49f731,Brooklyn Tavern,115.1,41.4
rejected,Q45032412,Terminal Theatre,c0c9a6b0-bf07-437d-bd1a-7c940e9b5976,Cherry Tree,85.8,44.4
rejected,Q45032418,American Theatre,9b3072ea-7585-49c2-823f-11e3571da04d,Aileen La H Restaurant,41.5,44.4
rejected,Q45032425,Beverley Theatre,7b04c3a7-f739-4657-8770-e4687bbfbb43,New Kentucky Fried Chicken,113.1,33.3
rejected,Q45032430,Beverly Theater,07e5e426-002b-4ea1-a8c3-497935bee22b,To Be Thai,74.1,56.0
rejected,Q45032438,Boro Park Theatre,6fc4c83b-a6ba-4c20-829a-5372be4835b4,"Borough Park, Brooklyn, New York",82.3,46.8
rejected,Q45032446,Ditmas Theater,b63e7ca2-462f-474a-aadd-86efd2988e2a,Family Garden,16.4,29.6
rejected,Q45032451,"Garden Theatre, 46th Street",be5b77c2-a8e6-4598-8577-ae8b3e608167,Best Coffee Shop,121.4,33.3
rejected,Q45032456,"Garden Theatre, New Utrecht Avenue",8b8c6cb3-0b32-44e6-9a90-f1fd645bb832,Atv Gallery Inc,115.6,37.5
rejected,Q45032461,Hamilton Theatre,9b3072ea-7585-49c2-823f-11e3571da04d,Aileen La H Restaurant,49.3,51.9
rejected,Q45032469,Kensington Theatre,04146499-adc8-485a-80a9-dfb0f6f24fe9,El Pollo Restaurant Bar Inc,69.4,35.6
rejected,Q45032474,Loew's 46th Street Theatre,8b8c6cb3-0b32-44e6-9a90-f1fd645bb832,Atv Gallery Inc,144.1,29.3
rejected,Q45032993,Kings Plaza 6 Theaters,178f7ce3-dfb6-4b12-b7b8-16bac52f4762,Yk Street Kings Plaza Inc,10.4,68.1
rejected,Q45032998,Pennway Theater,ff4603c3-0dff-4988-b412-8ce420f98843,Denny's,36.3,45.5
rejected,Q45033003,Seaview Theater,017c8bfa-84a0-4acd-bd0a-8ba77bd3da80,Delicious Restaurant,43.1,16.7
rejected,Q45033011,Court Theatre,c381d8d7-492f-48af-a7b7-38af1af5a691,Hungry Thirsty,135.2,44.4
rejected,Q45033018,Gloria Theater,fe6724a6-b318-4344-8914-f90757863deb,The Grape Leaf,82.6,50.0
rejected,Q45033024,Oriole Theatre,dde6f874-420d-4006-baa7-7928282a5bc3,Take Root,71.2,52.2
rejected,Q45033032,St. Thomas Aquinas Airdrome,de23933e-11a0-4025-9f0c-69d64e6ca317,Taste of China,95.5,40.0
rejected,Q45033038,City Line Cinema,a580a7f4-ab0f-42c2-ba00-2f1060889050,Amar Bari INC.,119.0,48.3
rejected,Q45033044,Sheridan Theatre,9cc4a87a-df43-4ef1-8342-39146297bcd3,Joe's Pizzeria,95.5,33.3
rejected,Q45033058,Paras Court Theatre,202e8772-a1c5-4dd1-abb5-4be7ffa62bc8,Court Pastry Shop,1.0,61.1
rejected,Q45033071,Inman's Casino,b7114e66-f078-4e83-ac6c-2c7254a48cf0,Baskin-Robbins,104.0,57.1
rejected,Q45033079,Mardi Gras Theater,e4329d99-990b-4408-8317-7e7443c00447,Grimaldi's,70.8,50.0
rejected,Q45033085,Mermaid Theater,1cc4a957-cfa1-4987-8ee7-11893748004b,Mermaid Bella Inc,64.7,43.8
rejected,Q45033091,Opera House,bc8e957f-04a7-43f5-b8a6-333f8d70efb1,Not Just Pizza,131.8,48.0
rejected,Q45033097,Shore Theatre,50a9b737-7375-44c8-bd6d-3208557e23d6,Coney Island - Shore Theater Building,23.1,50.0
rejected,Q45033104,Tilyou Theatre,b6f2cd93-5c31-407e-be1c-a67fe623a840,Leanly Chinese,133.2,42.9
rejected,Q45033113,Trump Cinema,6ebcf3ab-9c26-4a2d-bcd8-737036a7ee43,"Marco Polo Caterers, Inc",135.0,40.0
rejected,Q45033120,Surf Theater,2d599733-ba1f-400f-8a85-f6f2778ba13c,Sea Park East & Sea Park West Houses,133.6,30.4
rejected,Q45033127,Carroll Theater,bf07618c-3bfd-4148-bcfe-eb6a0ca0bb89,Ooh Lala Restaurant & Bakery,61.8,43.9
rejected,Q45033132,Loew's Kameo Theatre,1915be6b-3035-402e-bed5-d29dd302f99d,Lionheart Cultural Variety,132.7,43.5
rejected,Q45033137,New Albany Theatre,9fab318b-7451-485c-b867-f2d3f5d6ffc0,Bakerie,144.7,40.0
rejected,Q45033141,New Kingston Theater,aaf00cb2-cd2b-493d-bbed-69a0ffc200d7,Kingston Pizza,93.4,58.8
rejected,Q45033149,New Parkway Theatre,e3a25e57-75ea-48e9-a360-7d1fcec03e2d,Tropical House Baking Company,71.7,41.7
rejected,Q34817780,Church Triangle,896d2d74-b44b-4e1e-ad8d-41b7abdd3b93,Pura Vida Cafe,92.9,41.7
rejected,Q34817935,Claremont Community Park,0be4ab97-ec5f-4d1e-9422-75573b979057,Centenario Bar & Restaurant,127.7,41.2
rejected,Q34818163,Classon Playground,7c2648dd-6106-4703-9bc9-ff126ec0ad06,Rubulad,114.0,24.0
rejected,Q34818177,Classon Triangle,fbb489fc-cb08-4193-ba62-2c6660cd48d3,Plaza M Services Llc,124.8,38.9
rejected,Q34818346,Clemens Memorial Park,b0be6bc6-8987-47e5-b2d0-e697931be71c,Clemens Park,23.5,72.7
rejected,Q34818371,Clement Clarke Moore Homestead Park,1f45a0dc-69e7-4e2e-b42e-ad99304c221d,Moore Homestead Playground,37.1,62.3
rejected,Q34818440,Cleopatra Park,77c5ba4d-349d-442b-84e9-7193998f9a45,Cleopatra Playground,27.9,76.5
rejected,Q34818718,Clove's Tail,ab9f2c59-c6e3-4555-a806-60c1c6c856dd,Royal Oaks,89.6,45.5
rejected,Q34818868,Cohn Triangle,4a9c4331-c577-4b67-acb3-17acc01121db,Bedford Playground,113.3,25.8
rejected,Q34819072,Coleman Square Playground,791f4b70-ea50-4a69-bd5b-945fabe6961a,Coleman Field,15.8,52.6
rejected,Q45032484,Normandy Theatre,3e8917e1-0b1a-42bd-a384-9aee3224a872,Sley Ice Cream and Groceries,90.5,36.4
rejected,Q45032491,Radio Theatre,b8c195c9-c8c1-4851-a7a4-f219ae6b113e,The Loft Steakhouse,102.2,42.9
rejected,Q45032497,Tuxedo Theatre,268e02c9-b347-4b2f-9322-7d631cb7b66f,Cote De Boeuf,60.2,37.0
rejected,Q45032502,West End Theatre,c81f9ede-34de-44bd-b43e-798cfc273884,Sprinkles Ice Cream,103.9,34.3
rejected,Q34835016,Hawthorne Field,f9fedf32-b056-4600-842b-289b28a9f730,Wingate Park,80.7,29.6
rejected,Q34835048,Hawthorne Park,7bd6a907-b62b-4dd3-872a-100fa8aada79,Phil Apreda Field,36.0,32.3
rejected,Q34835163,Hayes Park,622e9f52-8325-42fb-930a-be6db6fbd7b0,"Seabra's Armory, Inc",104.3,41.4
rejected,Q34835533,Hollis Veterans Square,098c80c8-9673-45d8-97cb-c513794fb870,Kennedy Fried Chicken,92.7,37.2
rejected,Q34835712,Holy Name Square,8be549b1-0d6c-414f-b457-ef7ee672ccfa,"Cotton Candy Spa, Inc",89.3,33.3
rejected,Q34836444,Hudson Park,f6c1e930-00e5-446d-bb46-7b697c535a97,Frank Sinatra Park,100.4,41.4
rejected,Q34836461,Hudson Park,bc256e4e-b190-4d3f-a560-86cbcb109a66,The Leroy House,110.7,45.5
rejected,Q34836923,Hull Triangle,6b8ea03b-e230-49d8-842a-153988f0340c,Maspeth Plateau,70.9,28.6
rejected,Q45032479,Margareth Theater,0c3a5271-8f74-4014-b34e-5f1dc5013ee4,Khabar Ghar,24.7,50.0
rejected,Q45032507,Windsor Theater,add2dc5b-a830-4959-98cb-8460c3885ef7,The Wine Socher,77.2,53.8
rejected,Q45032517,Brighton Theatre,e91e0f0a-18e7-44b6-afa3-4c7c15472daa,Brighton Beach Locksmith,146.0,55.0
rejected,Q45032524,Lakeland Theatre,50b7e796-dd16-49f1-bfc9-5b1c85c9369f,Cafe At Your Mother-in-Law,127.5,42.9
rejected,Q45032538,Tuxedo Theater,b71f5993-a24e-4bb2-b5e3-ab6007145ae4,Brighton Beach 11th St,72.5,38.9
rejected,Q45032548,Columbia Theatre,4495ffb7-8678-4eff-8a1e-5e40b62d0698,Personal Space Theatrics,24.2,50.0
rejected,Q45032554,Happy Hour Theatre,81d2ba98-d370-4fe7-b09e-bfde7c22b863,Orchard Cafe,79.5,40.0
rejected,Q45032562,St. George Playhouse,359aad52-21f0-4471-9205-9f210a09a457,Fortune House,52.4,56.2
rejected,Q45032571,Ambassador Theatre,d929d96a-b523-45f7-9ca3-3a6b03410448,China City,49.6,21.4
rejected,Q45032588,Brook Theatre,98231c99-1cca-4603-b0fd-bdaaf70c3e6d,Khyber Gyro,121.1,50.0
rejected,Q45032597,Kerman's Vaudeville House Theatre,6ce5da4f-c8e2-4b91-98e6-fe64f6ecd718,Sal & Paul's Pizzeria,138.4,38.5
rejected,Q45032605,Liberty Theatre,8f4aa681-e595-4a5e-8a17-167b6b22cacd,Houston Playground,117.0,24.2
rejected,Q45032610,Livonia Theatre,a185cea4-41b7-4414-8486-e197ff1cf1f7,Livonia Park,126.6,74.1
rejected,Q45032616,Loew's Pitkin Theatre,407e44e0-4ed5-4765-91d0-1fa87b3f119e,Parkway Theatre,137.7,55.6
rejected,Q45032625,People's Cinema,471a497f-2cc2-493b-90cf-aca3daa8fb34,SummerStage at Betsy Head Park,76.3,26.7
rejected,Q45032631,Pitkin Market Theatre,7f2107cd-eb5b-4aac-937f-540d0f78af40,Juicy King Crab Express (Pitkin Ave.),77.6,36.4
rejected,Q45032638,Premier Theatre,550a663a-fa8d-4979-9647-4a1943b173a6,Lil Mama’z House Of Sweets,86.9,24.4
rejected,Q45032646,Reo Theatre,b58051b6-b7af-4b8a-8272-f4032b6760cf,Belmont Corner Deli,79.1,40.0
rejected,Q45032652,Select Theater,2c58c01c-05f5-4a94-8df1-e561b0a6853f,Chester Playground,106.6,37.5
rejected,Q45103920,Fine Arts Theatre,32efb0a7-d8bd-424b-8aa0-4dc0575e8403,Hawthorne Fine Art,69.7,80.0
rejected,Q45103932,Frisco Theatre,00f015bd-b292-4a67-a679-92a38659adfc,Sage Theatre,78.5,69.2
rejected,Q45103944,Ganes Manhattan Theater,797f6d76-7882-458e-a6f3-26531e288652,Nana’s Green Tea,12.2,51.3
rejected,Q45103958,George M. Cohan Theatre,144a05e3-3ece-4098-aac3-361edf758079,Henry Miller Theatre,114.9,61.9
rejected,Q45103970,Golden Theatre,a2c5d419-0b9b-43ee-adb2-c9480dd6bfb3,Klaw Theatre,53.9,69.2
rejected,Q45103981,Grand Central Theatre,96aa75b4-dbad-4ca3-beb7-df277592381c,New York City Children’s Theater,86.4,49.1
rejected,Q45103991,Grand Pussycat Cinema,72a91ae2-a8bc-4498-bf5f-4d68d05c4ea6,The Music Man,128.9,46.7
rejected,Q45104001,Guild Theater,bb1477ff-2080-4452-8c8e-addb49c4ff56,Jupiter,66.7,50.0
rejected,Q45104019,Harem Theatre,84c828f1-5d23-44e1-9c76-a9401074eca2,St. James Theatre,147.4,69.0
rejected,Q45104032,Harris Theatre,c8cd2140-72a5-4820-8456-328823736f76,Todd Haimes Theatre,53.9,72.7
rejected,Q45104043,Hombre Theatre,b57a2e49-6a98-4227-9521-178e9b6fea18,York Theatre,65.1,53.8
rejected,Q45104056,Kings Cinema,f651b0b7-a5aa-44ba-9ace-80740ade66ea,Lezama's Catering,148.8,55.2
rejected,Q45104070,Little Carnegie Playhouse,4b280631-1ea7-4cd3-91e9-8a1b07cc29c7,The Carnegie Club,94.4,57.9
rejected,Q45104082,Little Picture House,91c33a3f-d584-47cb-8a8d-337db1950681,Paris Baguette,144.4,47.1
rejected,Q45104097,Loew's Lexington Theatre,b07cda56-8d49-484d-9938-c99beda2301b,Urbanspace Lexington,32.1,59.1
rejected,Q45104109,Loews Festival Theatre,64dc7994-1764-4d7b-82df-07635be151e3,The Paris Theater,93.4,51.4
rejected,Q45104123,Manhattan 1 and 2,2793d965-ce85-4737-98ba-b5b86e832b63,Big Cinemas Manhattan,58.9,63.2
rejected,Q45104135,Movie-Plex 42,598103ae-9bd9-4329-aae6-21101768f241,Amc Empire 25,66.8,46.2
rejected,Q45104159,National Twin,c62dc8d1-81fa-466c-ae3a-767a50b57353,The Town Hall,130.1,54.5
rejected,Q45104170,New Cinema Playhouse,734dbcff-c285-4f49-9989-2a3d6181e0f4,New York City Opera,59.7,56.4
rejected,Q45104184,New York Theatre,734dbcff-c285-4f49-9989-2a3d6181e0f4,New York City Opera,149.7,62.9
rejected,Q45104197,Night Shift Theatre,eed6b867-224e-4c39-ab1f-0c7dc616683a,St. Luke's Theatre,133.6,61.1
rejected,Q45104209,Normandie Theatre,6c0c505d-b41d-4c7e-9536-774a85695079,{petite} maman,146.0,48.3
rejected,Q45104223,Paree Adult Cinema and Live Show,38a4f0fe-772b-43d0-a642-745acc56c1c9,Capitol Theatre (New York City),127.9,45.9
rejected,Q45104234,Park Avenue Theatre,f8fcf40e-2583-41af-af36-afa79c3d1e30,Park Avenue Screening Room,62.4,62.2
rejected,Q45019343,North Shore Towers Cinema,f564ce7d-df1a-4f56-9a09-0b80b1d21a0e,Dining At North Shore Towers,142.4,79.2
rejected,Q45019376,Acme Theatre,08f1bad3-2ca9-4abb-8f60-dde6288cff51,My Thai Restaurant,75.0,52.6
rejected,Q45019391,Elmwood Theatre,990d9213-cf01-4b55-95dd-ac3fd616fd94,Rakuzen Elmhurst,118.6,45.2
rejected,Q45019402,Newtown Theatre,ea184fd5-83fc-4d76-90cc-99bd2ae9fc26,La Antioquena Bakery,79.5,40.0
rejected,Q45019431,Pix Theatre,fc46a9cc-e3b5-4cc9-b674-197c30a63b92,Carvel,90.8,35.3
rejected,Q45019448,RKO Columbia Theater,74ad6ae9-8717-4c2f-9780-4b92f1895e02,Chapines Bakery,126.6,40.0
rejected,Q45019465,RKO Strand Theatre,8ba80e91-7060-4f3e-92ef-d06e8c0fc3a4,Kosher Pizza World,84.1,38.9
rejected,Q45019489,Prospect Theatre,d920785a-dfbf-4557-99f8-ae057759f118,Tasty Popcorn Chicken,106.5,43.2
rejected,Q45019504,Town Theatre,62daae71-0ba2-4521-8aad-f9c6c0911d0e,Wonjo Tofu House,114.8,50.0
rejected,Q45019518,Janice Theatre,8031a00d-1a27-4d13-ae0e-4c322906ecf5,"Ellis Island Immigration Museum Ellis Island, New York, NY",82.3,20.0
rejected,Q45019546,Parsons Theatre,88f49226-a432-400c-acad-e1f7d8b1c212,Sweet Garden,116.8,44.4
rejected,Q45019564,Ritz Theatre,c63d52ff-c5ae-4576-81d7-0f753f1d72de,Northern Sushi,29.1,38.5
rejected,Q45019578,UA Quartet,33ceac50-4e63-4ca8-a5e0-c3e8d941481e,Arang,78.5,40.0
rejected,Q45019594,Brandon Cinemas 2,b3a74acd-d15d-4aad-8952-b62648fc3b7f,Bangkok Cuisine,102.4,56.2
rejected,Q45019622,Continental 3,e3cb080b-2f34-4dd8-ad47-03308597fb75,Broadway Tots,139.5,23.1
rejected,Q45019635,Forest Hills Theatre,2f2d9801-1be0-401c-9159-9a9c1459f035,Forest Hills Station House,72.2,73.9
rejected,Q45019661,Fox Kew Gardens Theatre,1e47d1e0-ee2f-421c-be75-de7f71a3fc5a,Super Kew Garden,111.4,66.7
rejected,Q45019698,Loews Cineplex Cinema 5,337745bc-1260-4c3d-b899-b67d9e48e017,Shirazi Karahi,146.7,21.6
rejected,Q34842212,Liberty Plaza,559ebc43-a5ff-4ab3-a703-736e78b83655,Harry B Helmsley Plaza,45.6,51.4
rejected,Q34842723,Lieutenant William Tighe Triangle,3e7de2b4-0905-497b-984f-392629590e68,H & W Deli Grocery Inc,39.4,37.7
rejected,Q34843235,Lincoln Park,6ef882ac-e70b-4efd-b32e-5be700a94936,Local Cafe,114.4,35.3
rejected,Q34843563,Lincoln Terrace Park,116c3b23-189e-44c5-b593-110cd07ed84a,Lincoln Terrace Playground,69.0,82.6
rejected,Q34843844,Lindower Park,d6b7f1ea-c075-47ac-b141-03fb6d218503,Lindower Park Mini Pool,61.9,72.2
rejected,Q34846257,Mariner's Harbor Playground,fed03648-9186-4e48-8954-2cab6ca0a261,"Mariners Park, New York",81.6,49.0
rejected,Q45036498,Carver Theatre,2addc7f9-0e4a-42ba-9cc4-a377c1824087,Aduanipa African & Caribbean Grill,57.1,30.0
rejected,Q45036505,Comet Theatre,ee07231b-792f-4e07-acad-759f69ebeccc,New Gold Dragon,33.7,21.4
rejected,Q45036510,Dover Theatre,df64ff99-a265-408b-81a3-97d9334c2759,Lechonera Pollo Sabroso,88.3,33.3
rejected,Q45036516,Empire Theatre,6199d8a3-9786-4ed9-91f1-3cdc929b193d,El Despertar Marlene,98.7,47.1
rejected,Q45036523,Fleetwood Theatre,6f0e3438-4bc5-4fff-b036-747cafd324d3,Brother's,41.4,38.5
rejected,Q45036531,Freeman Theatre,68bd3ef5-5a92-4655-8987-bb5c8da4adb1,Father Smith Shelter,118.2,40.0
rejected,Q45036537,Jackson Theatre,d812a0b8-d82e-41c2-84cb-41ad5a21ab88,Bona Pizza,42.3,32.0
rejected,Q45036545,King Theatre,99ec8ab9-280b-40fd-9401-d62a49fc6fe2,McKinley Square,80.4,51.9
rejected,Q45036552,Loew's Burland Theatre,3bb7d39c-619b-4c36-9bdf-c2262982ae55,Brianna's Pizzeria & Spanish Food,17.4,41.5
rejected,Q45036557,Loew's Spooner Theatre,ed320916-3794-49b6-91a2-a7f4ed95961d,125 Southern Pizza,44.7,40.0
rejected,Q45036564,Loew's Victory Theatre,811645c9-6d01-4fdc-896c-61e85e8374d4,Eleven Star,30.9,42.4
rejected,Q45036570,Luxor Theatre,13daba91-2af6-4095-9a61-4f1687f7357f,Grant Park,134.6,34.8
rejected,Q45036576,McLean's Theatre,983a1d3e-e726-43be-8816-be7b143ea1a0,Abigail Playground,87.8,23.5
rejected,Q45036584,Melrose Theatre,2e888e81-5549-4756-9be8-a816d2c9b6b5,Robles Pizzeria,56.8,33.3
rejected,Q45036591,Nicoland Theatre,d812a0b8-d82e-41c2-84cb-41ad5a21ab88,Bona Pizza,100.6,30.8
rejected,Q45036596,Olympic Theater Concert Hall,cd88092d-afcc-4599-a0ce-ecb2ecd8965f,Prospect Avenue (IRT White Plains Road Line),53.0,42.9
rejected,Q45036601,Parkway Theatre,3e47d29d-7b60-4a5b-9d28-d7b8005437c1,Crotona Park West Hdsc,144.3,37.8
rejected,Q45036609,President Theatre,6199d8a3-9786-4ed9-91f1-3cdc929b193d,El Despertar Marlene,91.3,48.6
rejected,Q45036616,Radio Theatre,dcead4fb-2799-44b1-a6a6-59c35f9da5bf,Juiceade,70.1,38.1
rejected,Q45036623,RKO Franklin Theatre,c8fed014-89a1-41a9-be1e-15467306589c,Bronx Prospect Foods Inc,146.0,40.9
rejected,Q45036629,Star Theatre,ed320916-3794-49b6-91a2-a7f4ed95961d,125 Southern Pizza,38.3,40.0
rejected,Q45036635,Tiffany Theatre,e82662bf-67b7-43d2-9e10-073ee27e4d00,East Star,62.0,50.0
rejected,Q45036641,Time Theatre,8b1e967a-6d88-4e51-ae5e-b404e6f60c5c,CCN USA Theatre,120.3,59.3
rejected,Q45036648,Webster Theatre,fa6f2a63-b2ac-4ed7-836c-48d82cd6dd46,Cake Masters Ltd,137.3,45.2
rejected,Q45036654,Interboro Theatre,f81bf60d-ae8e-451d-8864-92381cbc63d4,Great Wall Chinese Restaurant,132.5,40.0
rejected,Q34827923,Edwards Parade,7238a4a1-5722-491b-9578-af89fc1b9810,Starbucks,100.4,26.1
rejected,Q34827945,Egbert Triangle,e7bee512-8c56-491e-b29e-dc79dbebd881,Lebanese Eatery,23.5,46.7
rejected,Q34828007,Eight Oaks Triangle,9a5e3980-7c68-49fa-ac24-d80dff0e5689,New Shanghai,103.9,38.7
rejected,Q34828121,El Batey Borincano Garden,84231adc-fe42-40be-88d2-67ba1fae164d,Delicioso Coco Helado,143.3,39.1
rejected,Q34828146,El Bohio Garden,ecd10c11-7af8-40e4-b567-4d9eff018cfa,La Isla Garden,7.9,41.4
rejected,Q34828171,El-Shabazz Playground,dd3302ea-fb1b-4d06-9a6d-6ecc15fb540f,Bread Love,132.0,25.8
rejected,Q34828220,Elgin Botanic Garden,a2bd57cd-eb56-438f-b339-bc62d3614f3e,Kitchen Paradise,126.9,50.0
rejected,Q34828293,Elijah Stroud Playground,1f8f4b6c-bc7f-4e33-8013-60b5131c040e,Stroud Playground,13.3,82.9
rejected,Q34828355,Elizabeth Langley Memorial Garden,9ed60da8-fb00-4935-93ff-fea3f75cf384,The Renaissance Pavilion at Strivers' Row,147.5,40.6
rejected,Q34828999,Ennis Park,a72b59f1-51e6-4692-936d-eccc2a070c83,Ennis Playground,12.6,69.2
rejected,Q45020142,Idle Hour Theater,8145c851-a05d-40f1-915f-95aedfb58773,Court Square Diner,119.8,51.4
rejected,Q45020159,Vernon Theatre,0b304931-a650-4108-bf55-f47c59912d7c,Vernon Grille,124.5,66.7
rejected,Q1060566,Schomburg Center for Research in Black Culture,7523e8d6-1335-4152-97fe-eb6aac98f116,Harlem Towers Cafe Corp,102.4,34.8
rejected,Q1060845,Delacorte Theater,9424f12f-6e66-46c8-a1c1-98aae9b33358,Swedish Cottage Marionette Theatre,135.8,47.1
rejected,Q1100655,Sakura Park,c5c85d1e-5dd4-4830-80b3-417bd4abd4f9,"Riverside Park- Harlem, NY",37.3,34.3
rejected,Q1128095,The Village Gate,3635fd99-27cc-48b9-9b3b-a49ebb74b0fa,Mexican Village,149.3,66.7
rejected,Q1129820,"Cooper Hewitt, Smithsonian Design Museum",789e71fb-6a20-4bf4-924d-a9fe3ebc4c60,Eli's Essentials and Wine Bar,143.3,37.5
rejected,Q1130938,Copacabana,3c09ffed-c365-429e-8dc2-95bb91849ec7,La Macarena,91.6,47.6
rejected,Q34829029,Epiphany Playground,4a9c4331-c577-4b67-acb3-17acc01121db,Bedford Playground,137.1,64.9
rejected,Q34829044,Equity Park,b7ba4454-41c8-4d84-91ad-6c8e18bedd8f,Equity Playground,9.9,71.4
rejected,Q45020112,Little Neck Theatre,ea882dd9-7b5c-4c7b-996d-a8d25c95173a,Agape Arts Center Little Neck,86.3,45.8
rejected,Q45020126,Beacon Theater,de69af09-fdbf-40fc-b21a-f73373bf5f9b,Mexican American Restaurant,29.8,40.0
rejected,Q45020171,Arion Theatre,33c6579e-8f38-4955-9384-69acd51ff934,Maspeth Bakery Inc,48.1,45.2
rejected,Q45020181,Maspeth Theatre,29948a40-0b8c-4a67-b332-dfef9cae9e0d,Frontera Park,116.0,28.6
rejected,Q45020194,Arion Theatre,f6a5acb8-8703-464e-b84b-359f17ea7559,Salvatore LaRussa Dance Theatre,93.2,50.0
rejected,Q45020209,Bellaire Theatre,b14a6052-bc55-4844-88e1-dc914f4d439a,New Eastern Chinese Restaurant,89.1,45.7
rejected,Q45020222,Community Twin Theatre,53c42fce-3006-489a-b667-196637788293,Italian Affair,108.3,33.3
rejected,Q45020236,Queens Theatre,a3a5075b-c9cf-4b05-b72a-f81a22fe03f1,Big John's Pizza - Queens Village NY,82.9,37.5
rejected,Q45020251,New Ozone Theatre,8f4fb4e0-6f9a-48d5-aac1-65a5d00a0722,Food Hut,70.2,40.0
rejected,Q45020265,UA Crossbay II,a568ee81-5ecf-4814-806a-4a4a3a00a608,La Cabaña Peruana,110.4,45.2
rejected,Q45020280,Ace Theatre,82743b55-fbfb-43c5-b623-44764fb43f85,Homemade Taqueria,57.2,42.9
rejected,Q45020297,State Theatre,5339bb84-4d80-45ac-888c-4b440ab6c28e,Pardon My Cheesesteak,147.0,35.3
rejected,Q45020312,UA Crossbay,e90d79ba-a5a1-4231-9e25-e6e5957c619c,Cross Bay Deli & Grill,102.3,48.0
rejected,Q45020326,Trylon Theater,55ac40b8-d67c-4206-99eb-5646718f7b5b,Trylon Liquors,20.3,57.1
rejected,Q45020343,Drake Theatre,c40b7e4a-bcc6-4d2d-bb3c-fbba5a296089,Nur Thai,138.7,47.6
rejected,Q45020359,Chelita Movie House,0b633b0b-6034-451c-be71-2f855a99ca64,77 Gourmet Deli Inc,47.2,47.4
rejected,Q45020370,Casino Theatre,6db815f9-6f1c-4e1a-bc13-8fc2193805e3,Bamboo Garden,70.6,44.4
rejected,Q45020388,Garden Theater,edc3af2a-1be7-4eb1-9409-3bf1d99d7b97,Jamaica Ave Movie Theater,65.3,51.3
rejected,Q45020404,Jerome Theater,8c990f23-3659-4d89-bd11-4cd55ae60e17,At The Beach,84.6,38.5
rejected,Q45020418,Lefferts Theatre,dc769f11-8d2d-4a95-b8fb-c8beff3f9993,Sheriff Street Restaurant & Lounge,106.3,43.9
rejected,Q45020430,Library Square Theater,226ec237-bf26-4f70-8d46-51b32846a20e,New Apnavirsa,140.8,34.3
rejected,Q45020445,Owl Theater,a9529318-ed73-41c5-b96b-175763f4f902,Marina Ice Cream Co,90.4,40.0
rejected,Q45020459,Cypress Air Drome,7470b760-677e-4a29-99ef-02cea58cc6ac,Coyote Bohemio,131.9,38.7
rejected,Q45033664,Fort Hamilton Army Base Theater,5a5af4eb-f43c-4f62-9f01-b105b82b538a,Sprinkles Ice Cream,125.3,36.0
rejected,Q45033677,Highway Theater,c7bb8b2e-441b-426f-9e01-75590732340c,Kings Highway Bakery,43.0,45.7
rejected,Q45033685,Mayfair Theatre,4c967852-762a-4e7c-bdcb-50dff5c5fb3b,Zar Palace Restaurant,86.4,40.0
rejected,Q45033691,Driggs Palace,f5242941-2208-4925-b155-f9ab6bdbd375,Green Valley Deli,133.7,46.7
rejected,Q45033696,Green Street Arcade Theater,7aa3e187-b0e9-488b-aab8-d7889ef67a39,George Gustav Heye Center,107.0,50.0
rejected,Q45033702,Chopin Theatre,80edf9c3-79cc-427a-903b-df29bc379607,Pelicana Chicken,116.3,46.7
rejected,Q45033709,Cinema Warsaw,d4d1c3cc-3903-4152-828a-b82eeef76f2e,Warsaw Concerts,4.6,71.4
rejected,Q45033715,Crystal Palace Theatre,7f418328-5fc3-4203-a0b6-d4c21b025077,Van Leeuwen Ice Cream,79.9,41.9
rejected,Q45033721,Garden Theater,697eb819-3b83-45f4-9ae6-89da2f65cdff,Natural Garden,13.4,71.4
rejected,Q45033728,Greenpoint Star Theatre,ef028ec1-7e1c-4e3e-96ec-de5d9047d00b,St stans american legion post 1771,122.6,42.1
rejected,Q45033733,Meserole Theatre,609a2305-1afc-45e2-94f5-0ffb63c56c24,Three Decker Diner,90.5,52.9
rejected,Q45033739,Nassau Arcade,e265209f-cf0c-4747-9f83-85ae5391bcaa,Ready Set,104.7,45.5
rejected,Q45033744,Public Palace Theatre,65eeb673-58c0-46bb-b51e-c0f0d98da014,Sri Threads,137.8,37.5
rejected,Q45033751,RKO Greenpoint Theatre,fa8f8a7c-9336-43d2-9ee3-cf0b42c136f6,Greenpoint Food Pantry and Soup Kitchen,147.0,52.8
rejected,Q45033756,Winthrop Theater,84f2641d-54c8-4b3d-8c8f-794f35568f53,Bread For The Eater,101.0,45.7
rejected,Q45033761,Midway Theatre,1974679e-c715-427d-b205-2e7babca979d,Light Industry,48.7,42.9
rejected,Q45033767,Nassau Theatre,bea135aa-9cdc-4e66-83ac-e50627e65b71,Sauvage,133.3,47.6
rejected,Q45033771,Dorchester Theatre,1d8ca8d6-c503-411f-aa29-4d51da1633da,Ocean Thai,40.4,50.0
rejected,Q45033777,Claridge Theater,4d84fd09-924d-459d-bb30-e7f91ab2fa87,Pita Off The Corner,70.7,45.7
rejected,Q45033785,Culver Theatre,556a3340-6f25-430f-8976-f514edc28968,Quetzalito Restaurant,70.6,41.7
rejected,Q45033792,Ditmas Theatre,a3af249d-9d22-4242-b39a-d332a65a0336,Jantar Deli,79.6,48.0
rejected,Q45033799,Metro Theatre,d4fb5696-a795-4bc2-b706-180bcfd398bb,T H Karaoke City,54.8,41.4
rejected,Q45033806,Parkville Theatre,a3af249d-9d22-4242-b39a-d332a65a0336,Jantar Deli,78.8,35.7
rejected,Q45033814,Walker Theater,ce69f04b-6e43-4703-92a3-285b66dd3a4a,Paris Baguette,112.2,42.9
rejected,Q34819178,College Point Park,ac093342-3822-43ae-b37d-f40967320b59,College Point Diner,61.7,81.1
rejected,Q34819240,Colonel Charles Young Playground,f89d51d9-e2b7-478e-8211-b1e3eb2ffa58,Brigadier General Charles Young Playground,18.9,75.7
rejected,Q34819252,Colonel Charles Young Triangle,aa0a6f26-38bf-4be1-aa49-5534a25fdb92,Brigadier General Charles Young Triangle,8.8,74.3
rejected,Q34819389,Columbus Square,7280bd94-4474-49ca-b17a-c79f366b37b9,Blue Goose Tavern,147.9,37.5
rejected,Q34819400,Columbus Triangle,1ccc14cc-5eae-4617-8199-b029527259a5,Columbus Square,20.1,68.8
rejected,Q34819524,Coney Island Beach,950bb296-2c50-4639-a8aa-90d72a4a2b6c,Coney Island Boardwalk Salsa,133.6,65.2
rejected,Q34819595,Conners Square,6bf39dd1-3ce7-4eaf-9106-99614349de66,San Loco,107.3,45.5
rejected,Q34819621,Conrad Grauer Field,4021de43-5356-410c-92f7-7e630d370f63,Bailey Ave the Bronx,139.2,35.9
rejected,Q34819984,Sparrow's Nest Community Gardens,962af1bd-90ff-461c-917b-c2c51bfc7fc7,Corona Mac Park,16.9,38.3
rejected,Q45034153,Triangle Theatre,bbd06b90-5d89-4afb-b344-88867f3344a5,Brothers International Food,92.8,46.5
rejected,Q45034159,UA Sheepshead Bay Stadium 14,3f2bfdfd-92a5-4700-9e07-22e0f6f98083,Regal UA Sheepshead Bay IMAX & RPX,71.9,56.7
rejected,Q45034165,Fourth Avenue Showhouse,31811676-3377-4954-b7b8-28634da994cc,Park Slope 234,99.8,32.4
rejected,Q45034174,Alben Theatre,bc3208e2-15f7-4534-9dd0-d47533b6ad2e,Tasty Pizza On 3rd Ave,68.3,40.0
rejected,Q45034183,Art Theater,b65b9c38-c5d4-4515-80f8-6766fc3a6fb6,Bon Appetite Bakery,102.9,46.7
rejected,Q45034189,Berkshire Theatre,2796b24e-e9df-432d-a468-efde474f246a,TenRen's Tea,78.5,55.2
rejected,Q45034197,Center Theater,f65226e4-e691-4443-8347-7af714ab4728,Rainbow Playground,51.3,18.8
rejected,Q45034205,Coliseum Theatre,f5412024-0924-4b7a-a69c-8959b69a9bf3,TACOS Lizbeth,44.2,41.4
rejected,Q45034211,Dreamland Theatre,738f5590-04a2-4636-9c55-e540ad528ea9,El Tahur,108.3,48.0
rejected,Q45034222,Paradise Theatre,4fb38de0-2837-4704-aa1e-68e66b7c9298,L'esti's Desserts,69.1,36.4
rejected,Q45034227,Park Theater,0e82d04e-8a1f-4099-ae47-60363d9a401e,Little Caesars,115.5,46.2
rejected,Q45034233,Ritz Theatre,bc5c5306-a70e-4171-bfef-a8f91457b8a7,Mai Thai,106.3,50.0
rejected,Q45034241,Sunset Theater,b0a8e6f3-f4ff-4d3f-87db-dae8b530296a,5th Ave & 47th St,89.2,41.4
rejected,Q45034252,Vanity Theatre,4df3b200-2365-4ac5-9443-62d3b05e4177,Great China,124.8,48.0
rejected,Q45034259,Leader Theater,e67bfc41-a3e6-4bc4-9b00-7ade9dfdd511,Atlas Steakhouse,19.7,46.7
rejected,Q45034265,Newkirk Theater,515d4111-e349-419c-a10a-517f03febb6d,Kirk Tacos Fusion,114.5,50.0
rejected,Q45034272,Gayety Theatre,571a7cff-dd1c-4de1-8f7d-29ff1e5b23bd,Lindsay Triangle,34.1,40.0
rejected,Q45034279,Nitehawk Cinema,942b144d-da62-4cee-aee2-f019e39af85d,Nitehawk Cinema - Williamsburg,46.1,69.8
rejected,Q45034285,Alba Theatre,b41b5c03-f0e3-407d-a6f7-c3064a79f59d,Fat Albert,135.4,54.5
rejected,Q45034293,Amphion Theatre,e0637f6b-3870-462f-b1ed-5fd1eb83a46f,Stone Street Coffee Company,68.0,42.9
rejected,Q45034300,Aster Theater,1f7f033c-f759-45b5-a1f8-f303ad7b258e,American Choice Gourmet Deli,104.8,39.0
rejected,Q45034305,Commodore Cinemas,9c610460-79cf-4933-a783-18f9e566baef,Rodney Park Center,62.6,45.7
rejected,Q45034309,Echo Theater,e5282b6c-d56b-4f92-877c-ed43d9bd188d,1moorestudios,70.7,24.0
rejected,Q7660869,Sylvia's Restaurant of Harlem,897ca7e8-5966-4999-b7e7-3e057e7ae378,Red Rooster Harlem,63.4,51.1
rejected,Q7690498,Taïm,6669af02-3e92-4156-8576-7283e09d5ae3,Parm,123.9,50.0
rejected,Q7699890,Tenjune,e89ff1bd-7daf-4c51-987e-144be045339c,Zitoune Restaurant,102.8,57.1
rejected,Q7735636,The Gallery,5a6f650f-0b6a-4102-b1a7-aab2089c4511,Arco Gallery,89.9,73.7
rejected,Q7741449,ImaginAsian,dc99ee1d-f4f2-40b2-ba74-ac3ba29e2d1e,Asian 59,99.0,52.6
rejected,Q7742457,The Invisible Dog Art Center,5a58f49c-0659-44a1-9aae-253cfd27b550,"The Id Art Center, Inc. Dba The Invisible Dog",10.1,76.2
rejected,Q7752435,The Motion Lounge,b1ad5ed3-69df-4644-9116-94f38c2858b9,Florentinas,129.2,47.1
rejected,Q7766585,The Stone,abecc84e-c005-4745-bff2-bb501ed99825,Sanatorium,40.9,40.0
rejected,Q7768627,The Theatre Museum,00f015bd-b292-4a67-a679-92a38659adfc,Sage Theatre,45.6,76.9
rejected,Q7773693,The Water Club,492273b8-251d-40d8-9bd0-ba8b2da21ea5,Liberty Events Llc,105.5,28.6
rejected,Q7775921,The World,abecc84e-c005-4745-bff2-bb501ed99825,Sanatorium,74.5,26.7
rejected,Q7777360,Theatre Comique,61a8cb98-2a5a-4cb5-b245-c4c071cc6ab3,Other Criteria,147.0,55.2
rejected,Q7756121,Paris Theater,61e1519b-68c8-41c3-8833-95553be6cb2e,Baresha Cafe,133.7,50.0
rejected,Q7762051,The Saint,35e9f00b-eec0-4d49-93bb-874730525771,Standings,89.4,57.1
rejected,Q7762468,The Scene,82d8904a-3004-4ecb-b65a-84419fc750ea,espace ny,149.7,57.1
rejected,Q7763761,The Shelter,bcba742a-ab3e-4d36-90d6-f9e1f8a11c4b,Paisley,117.8,42.9
rejected,Q7765400,The Sound Factory Bar,a9044a86-e9b3-4430-9f2b-326b8de7f25b,The Hon Company,67.5,50.0
rejected,Q7801076,Tier 3,89edd2e0-3895-4ec5-aee6-9b1434b8c2d5,Terra,25.2,54.5
rejected,Q7821374,Tonic,fe98e2b9-98ff-42c3-82b1-4976135c1b3a,Slice Joint,101.0,50.0
rejected,Q7838166,Tremont Theatre,a53a60c3-c7b1-4a9d-a751-9226aa665dbe,Tremont Theatre (Bronx),0.0,83.3
rejected,Q45033497,"Farragut Theatre, Rodgers Avenue",ece465ae-69b8-4d60-89ca-86e87a6105f8,Crystal's Catering Bar and Lounge,148.0,45.6
rejected,Q45033508,Glenwood Theater,aae9f898-356d-4cb0-aad2-ffb3d97a9f99,Glenwood Gourmet Deli $ Grill,56.0,59.5
rejected,Q45033514,Midwout Theatre,1f3a5542-172c-4d60-9f51-51044fb85054,South Beach Miami,90.8,37.5
rejected,Q7853273,Tunnel,ed437cb6-9230-4d37-8126-d1be17e3c4c4,Kinn,97.9,40.0
rejected,Q34837285,Hunter's Point Park,2d6207f6-e572-4cdd-bf25-49669646aabd,Jackson's Eatery | Bar,144.3,57.1
rejected,Q34837372,Hunts Point Playground,dce357c4-217e-4036-92f2-e55f98f7192d,Jimmy's Bronx Cafe,100.9,28.6
rejected,Q34837418,Hutton Square,61f9cda1-63df-418c-b0bd-1e58d13a3fce,La Torre Restaurant,113.4,38.1
rejected,Q34837519,Hylan Park,e607fb3d-f4b1-445e-8904-5595ecbbc598,Crotona Park,119.8,54.5
rejected,Q34837552,Ida Court Park,a8e80a82-7316-4b9c-bbd1-b3b8aa3f02ec,Ida Court Playground,9.6,76.5
rejected,Q34837877,Institute Park,f3ed7e14-07c8-4572-bd48-4f998e3bc1e5,Cherry Esplanade,23.4,26.7
rejected,Q34838115,Irving Square,a3c1e71e-51bd-45cd-8b96-a8021d48d3c2,Irving Square Park,48.3,83.9
rejected,Q34838236,Isla Verde Garden,928ff186-f6b4-4ae4-8023-899001cfa312,Lechonera La PiraÃ±a,64.6,37.8
rejected,Q34839128,Joseph Daniel Wilson Garden,3349535d-86f4-4629-a9c1-9083d575c964,Ilon Art Gallery,66.4,46.5
rejected,Q45033519,Parkside Theater,8af58320-e359-41b9-a9da-2aaf23d9b56e,Parkside,73.5,66.7
rejected,Q45033524,Patio Theatre,9e90db7a-616f-4cc4-86de-731593e8f506,Antojitos del Patron,143.8,54.5
rejected,Q45033534,Tilden Airdrome,345af0c6-b73e-45f8-b412-56f6013f7b12,Domino's,51.5,43.5
rejected,Q45033540,Marine Theatre,ebd800a7-8b3f-4f19-b3f9-a4a74c99a28d,Dario Pizza,27.0,40.0
rejected,Q45033545,Tuxedo Theater,9f9dfd19-d3be-48e4-bcef-c82e99ff3ba6,Exquisite Supreme,63.7,38.7
rejected,Q45033553,BAM Harvey Theater,5faf0701-077e-4fba-a58e-74db9612aa2b,Theatre for a New Audience,106.8,54.5
rejected,Q45033560,Criterion Theatre,0156f133-f72e-4349-85fa-aae8a4138a6d,Thirty Trees Corp,62.5,47.1
rejected,Q45033564,Cumberland Theatre,ca9002f9-062e-4c25-9926-e19031d4ca86,DreamStreet Theatre Company,91.4,57.8
rejected,Q45033570,Glory Theatre,e79da3a7-5d46-46ef-9d4a-28199313f14b,Commodore Barry Park,126.8,36.4
rejected,Q45033582,Loew's Bedford Theatre,11609385-cee4-4785-85fe-0453923b7624,Joe's Bergen Pizza Pizza,39.1,39.1
rejected,Q45033588,Loew's Brevoort Theatre,adf65de4-151e-4a39-b947-8dd870520a9f,Brooklyn Brownstone Blackbox Theatre,113.7,54.2
rejected,Q45033595,Momart Theatre,5faf0701-077e-4fba-a58e-74db9612aa2b,Theatre for a New Audience,50.8,50.0
rejected,Q45033603,New Franklin Theatre,7aab9bbc-9d70-4135-b36f-f4af8cdbd4dc,Vaudette Brooklyn,110.2,48.6
rejected,Q45033610,New United Theatre,cea2e3dc-5359-4a60-8c4f-3348779a737f,Whiteboard Animation Studio,128.9,40.0
rejected,Q45034216,Osiris Theatre,1a1072e0-3cad-4d0a-a4db-fad213a82ee7,Sliceria,23.2,45.5
rejected,Q45033624,Pleasant Hour Theatre,ce50e4d5-daa5-4b4d-a27f-2d0345df38ce,Schwartz Fish Store,120.6,45.0
rejected,Q45033629,RKO Orpheum Theatre,f9dd6f3d-c24c-4cd4-85c8-21c35bfcf124,Whatever Forever,48.2,51.4
rejected,Q45033635,Savoy Theatre,681c553d-2a9e-4069-a918-0729881b34ca,Barista & The Baker,128.7,40.0
rejected,Q45033643,State Theatre,e4ef5441-69b2-486e-ba29-6ee0c9a2fa8d,Initial Tea,124.8,50.0
rejected,Q45033650,Subway Theater,94648974-efbe-4a7f-885b-d84d99ee7d5d,Botte Brooklyn,98.3,35.7
rejected,Q45033657,Washington Theatre,24504ed8-de2e-415b-8fa6-0eb969b2df9c,Yamashiro,27.2,44.4
rejected,Q23091891,Litchhult Square,74848af8-c35b-4443-a0c3-e43a2d492e7f,Naresh Essequibo Cuisine ,106.2,45.0
rejected,Q23091938,Mile End Delicatessen,961d5eab-9209-4340-b4ea-7ddfb52dfa1c,Mile End Deli,4.7,76.5
rejected,Q23092002,Plaza Lafayette,1582dbc0-2866-487c-9da8-898f437ef872,Fort Lee Park,138.2,42.9
rejected,Q23092018,Quo Vadis,e60785da-70cd-4e1d-bd54-d95ef07f6284,Viand,140.6,42.9
rejected,Q23092066,Seth Low Playground,24a4dc9d-ed68-4869-9cff-a0f978ddca1f,Taco's Lino's,140.6,37.5
rejected,Q24192796,Mall 211,6228e2f0-5185-4482-9493-a38b6ad1fd98,LDAL Gifted Hands LLC,125.7,27.6
rejected,Q24259654,Pershing Field,547eef90-9270-458b-be3b-a1d66dc5b90e,Pershing Field Park,52.0,84.8
rejected,Q25207467,Central Theatre,8a687932-fd5f-4b27-8e8d-94ca78efbd28,Capitol Theater,91.8,66.7
rejected,Q26882586,Seventh Avenue South (jazz club),0f0b66ce-21b9-443c-afb6-193d4ab1f688,Potjanee Spanish American Cuisine,35.7,44.4
rejected,Q27312232,Park Theatre,05a6ccc7-f39d-4343-ace3-c265c5d73201,Shake Shack,15.5,52.2
rejected,Q24259850,The Tin Palace,0df975cd-30cf-49e1-b806-2eac0e71dc31,Think Coffee,56.3,54.5
rejected,Q25108648,TRANSFER Gallery,46a3f569-bb25-4d34-aee6-7a6981b675ff,Daniel and Oliver Gallery,69.7,48.8
rejected,Q45020490,Ridgewood Folly Theatre,4e0cff8c-66c4-4d0a-b62b-166a4b8d4c94,Glendale Veterans Triangle,125.0,44.9
rejected,Q45020506,Orpheum Theatre,c693f26f-bcdd-4bce-9106-6915ce465532,Hotel Fort Onderdonk,139.5,40.0
rejected,Q45020518,Evergreen Theatre,fa42ebac-6d59-4a8c-80dc-e96270545690,Grace Thai 2,102.4,48.3
rejected,Q45020545,Glenwood Theatre,7b66f2e2-f654-49c1-8410-e9fdcc577fb1,Trattoria Cerbone,97.7,42.4
rejected,Q45020560,Grand View Theatre,5b563fab-fe3d-443d-926b-79bd4ec461f9,Rosemary's Playground,123.9,46.2
rejected,Q45020575,Grandview Theater,2dce66b5-fee2-4bf7-8228-0fac758851ef,Ridgewood Andy's Deli,86.1,36.8
rejected,Q28123333,Bocchino-Dente Memorial Plaza,22fd1f76-2f84-4af8-ac68-872b01379835,Big Red Lantern 🇨🇳,57.6,36.4
rejected,Q28135067,Play:groundNYC,463bf559-6399-4fd7-9a89-320174381848,Governors Island,135.9,40.0
rejected,Q28206317,New York Museum,edcd4a70-76eb-438a-9cdb-d3ceed8f4077,"The Box, New York",138.9,66.7
rejected,Q28207019,Paul Kasmin Gallery,af71773f-1766-4bd1-8f1d-d020586237b5,Kasmin Gallery,39.0,84.8
rejected,Q28209401,Spring Street Park,3eee607e-bf65-4193-a255-a2b6acfc2c05,Spring Street Social Club,109.6,69.8
rejected,Q34848474,Meadowland Park,ea5e9fb3-5f4f-42e9-8399-38fa778dd5bf,South Orange Park ^_^!!,137.0,47.1
rejected,Q34848612,Meluso Park,8e83ff3c-9cb7-43a9-a033-b6cbb8208e58,Life Pancake Company,89.0,38.7
rejected,Q34848705,Memorial Field of Flushing,1f381cfb-dc44-44bd-a31f-5a001609c20d,Memorial Field,53.6,70.0
rejected,Q34848722,Memorial Field Park,56899633-f644-458b-9e56-cfce79088bd6,Linden Pal Field,101.1,57.1
rejected,Q34848736,Memorial Gore,cfddcdfd-f705-4134-98b8-b3a65eaa7955,Milk Factory,129.8,48.0
rejected,Q34848750,Memorial Park,53275a9a-ae72-4b34-a8fb-72ba793e0b0e,Maywood Memorial Park,123.7,76.5
rejected,Q34849175,Mercer County Park,94a15231-d143-41b2-a9cc-88686d374552,Mercer Park,50.5,75.9
rejected,Q34849238,Merck Athletic Field,320e94bb-479d-4163-a023-f18a534dc24c,White Castle,109.5,43.8
rejected,Q34849450,Metro North Community Gardens,ecb5437a-2edc-4a5f-88a0-766fb62f73da,China Gourmet,115.0,38.1
rejected,Q34849467,Metro Triangle,7974cd96-abc4-47ec-bd39-28ae89ec66b9,Paul Michael's Brick Oven Cafe,144.5,30.8
rejected,Q34849659,Michaelis-Bayswater Park,f58b4738-08ce-4f29-bd5e-be4d93e0a018,Bayswater Park,104.7,73.7
rejected,Q34849689,Michel Triangle,0be4ab97-ec5f-4d1e-9422-75573b979057,Centenario Bar & Restaurant,87.1,40.0
rejected,Q45020590,Lyric Theatre,02aceaec-d6af-4b7b-ae40-201d6244fe47,Tequila Time Bar Cafe,74.5,48.3
rejected,Q45020611,Majestic Theater,9cbbe2cf-e2ac-4b8f-95d2-54b8c80fe56f,Mary Restaurant Corp,127.1,38.9
rejected,Q45020627,Oasis Theatre,eb2c1d2b-d30e-4cfc-9dc1-7d84639d4c38,Pattanian Thai Restaurant,81.7,44.4
rejected,Q45020643,Parthenon Theatre,3b0e5645-176a-4842-b8b1-e82251b068f6,Mexican Food Cart,45.2,41.2
rejected,Q45020661,Ridgewood Amusement Palace,2f050f03-7fc6-4692-9a40-3a6245ee243c,New Green Jade Restaurant,122.3,45.0
rejected,Q45020678,Ridgewood Hippodrome,05831b74-35e0-43f9-a579-d1042aecf06b,Doney Park,51.3,33.3
rejected,Q45020708,Ritz Theater,b840b238-4950-4c9f-b533-2688808330bf,Kum Wei Kitchen Inc,12.7,38.7
rejected,Q45020721,RKO Madison Theatre,27980fff-6818-48d0-8315-41ffb86409b1,Madison Diner,42.2,43.8
rejected,Q45020737,Whitney Theatre,c3761c84-f8db-4e2c-af00-d7fbb5ac2af7,Cute Cat Cafe,131.6,43.5
rejected,Q45020767,New Theatre,4aa45385-559a-4587-85e1-408b6cc2fcb6,Beach Channel Playground,108.2,34.3
rejected,Q45020781,Rivoli Theater,211b5aea-d5e6-4415-892d-b64a6db600a6,KimosKitchenrb,148.8,50.0
rejected,Q45020808,Belle Harbor Twin,a3e815b1-ee35-49e6-9fa6-15d4719b16bf,Dorothy's Bakery,135.2,36.4
rejected,Q45020825,Surfside Twins,d0da1fed-5ebd-4a93-8738-81e2235741e9,Margie's,144.7,45.5
rejected,Q45020841,Colony Theatre,67a234cd-4e2a-48b5-816c-6751d935ac13,Blarney Castle,124.1,50.0
rejected,Q45020857,Five Towns Theatre,9b55f668-cd8f-4877-b610-8233a4eda733,Cfa5Towns,111.0,51.9
rejected,Q45033334,Endicott Theatre,ca1eea49-75da-4f98-abf6-bf02f6c3df2b,Aunt Butchies,108.3,41.4
rejected,Q45033341,Fortway Theatre,1e0c211d-471c-4d9a-924a-f85a7c257c18,Dream Eatery,47.3,51.9
rejected,Q45033347,Avenue D Theater,5615e093-98a5-4e55-a54d-d6af9f0c628f,Eats Delicious,107.2,40.0
rejected,Q45033353,Traymore Theater,8191d8c8-67b8-4fc4-aa86-c18bd91edf40,Moretti Bakery,53.8,53.3
rejected,Q45033359,Rugby Theatre,896a31e5-2321-48e2-97e2-9502b3c5e5b5,Tasty Caribbean NY,96.3,45.2
rejected,Q45033366,Biltmore Theatre,3af4285d-c6cf-4e14-b4fe-116cbc89fa41,Fen Zheng Chinese Restaurant,110.7,30.3
rejected,Q45033372,Cleveland Theatre,6be34107-37b0-42be-ba65-a1b2843df532,Ashford Learning Garden,91.4,30.0
rejected,Q45033379,Euclid Theatre,6176a736-59bd-4e71-b0aa-efd0f076464b,Lee Good Taste,54.0,42.9
rejected,Q45033386,Kinema Theatre,b2411904-7f36-43fd-b668-7a97241955cc,Caspec International Restaurant and Bakery,100.2,35.7
rejected,Q45033396,Loew's Warwick Theatre,4e8553f4-68d3-4a2d-98b8-cbf28a152dd4,Little Caesars Pizza,39.4,38.1
rejected,Q45033406,Lyric Theater,ad524f48-60d5-407f-bd5b-21930d9c36b0,L & J Caribbean Restaurant Llc,33.7,34.1
rejected,Q45033417,Montauk Arcade Theatre,f2b621b5-c1a3-479e-9baf-f3595be30eb2,Deen Halal,145.0,37.5
rejected,Q45033425,New Lots Theatre,cc13f3a1-9565-4e33-9de4-7a7e3d0d9100,Al Hirschfeld Theatre,149.8,59.5
rejected,Q45033432,Review Theatre,9bc65da1-2bbe-46ec-88ae-f5ec21be2410,Flava II Restaurant and Bakery,79.3,31.8
rejected,Q45033438,Albemarle Theatre,ac1bfb3d-bf80-4c8e-8c6c-9105645a4ef5,Tastee Pattee,53.9,53.3
rejected,Q45033446,Astor Theatre,27038d47-3352-4db0-a5ff-1a5357f1ac6b,"Professional Center for the Arts, Inc.",13.0,40.8
rejected,Q45033451,Clarendon Theatre,80e691e0-ea9b-488d-bbf6-f1f00d9f24eb,Banana Boat Restaurant,86.4,42.9
rejected,Q45033457,Cortelyou Photoplay Theatre,fa9708c7-5ebb-4611-9d06-5e7982fe59ba,"Playa Del Carmen, Mexico",89.5,44.0
rejected,Q45033464,Rialto Theatre,e846c80c-563e-47ae-96c7-42911817adb2,China Tang Kitchen,88.7,41.7
rejected,Q45033470,Granada Theatre,efa157fc-7f57-4b70-be08-45f205031a29,Nostrand Donut Shop And Mexican Food,109.6,35.3
rejected,Q45033477,Century's College Theater,1ef211cd-fe85-48a5-be6f-76f05663dc6e,College Wine & Liquors,52.9,48.9
rejected,Q45033484,Cinema Theater,70241ba9-0247-4100-9692-b9e5f09cbb62,Newkirk Fish & Meat,102.3,45.2
rejected,Q45033491,"Farragut Theatre, Flatbush Avenue",9d4f85aa-3e08-4517-b74e-d6828d1015a6,Taste Of The City fresh grill,77.2,40.0
rejected,Q45036186,RKO Fordham Theatre,4bae86c9-c9c6-4df9-9b5f-99b874dced71,Fordham Restaurant,39.8,53.8
rejected,Q45036192,Savoy Theatre,b1204030-8943-471f-b9a7-038f5fb3528f,Estrella Azteca,102.1,50.0
rejected,Q45036200,Valentine Theatre,137cb8a4-0774-4d49-b915-03fa9f29176d,Auntie Anne's,99.7,53.3
rejected,Q45036209,Windsor Theatre,73f81f59-e8b9-424d-afee-b46285347207,Wingstop,90.1,43.5
rejected,Q45036215,Crest Theatre,67e9eca8-985f-4453-b17b-7ea23580a7fc,Dr Meat Market,103.2,51.9
rejected,Q45036220,Earl Theatre,b95a2363-e66d-49e1-9044-64a31a5a08b5,Yankee Twin Eatery Bar,103.8,46.7
rejected,Q45036226,Loew's 167th Street Theatre,ed75984d-0fec-4767-a1e1-a64d20d1c39f,Los Altos Restaurant (Lillys Cafe),43.1,40.7
rejected,Q45036233,Mount Eden Theatre,56cea9b2-076a-45d4-a7bf-ea4ac323f602,Lee’s Seafood House,102.7,32.4
rejected,Q45036239,Ogden Theatre,756a78ca-fd48-41b3-b616-9ac89e820ec9,Mezcla De Sabores Restaurant,38.4,46.7
rejected,Q45036245,Surrey Theatre,6ea80ec8-8fea-48eb-8d09-fb18d197bdcd,Sunshine Fish Market,100.2,35.3
rejected,Q45036249,Zenith Theatre,63493d8e-8f57-4180-9fc2-35a969e6278a,Chipotle Mexican Grill,118.7,40.0
rejected,Q45036255,Ace Theatre,3ab033ae-1208-47fb-8c76-35701a3a0e17,La Patrona Restaurant,22.0,47.6
rejected,Q45036260,Dale Theatre,ec145848-53f0-4753-b7c6-3305d63a3f61,Louie's Dale Diner,8.2,53.3
rejected,Q45036267,RKO Marble Hill Theatre,11c35d18-e52d-458a-a869-b76b8d5135ee,Kennedy Chicken and Gyro,39.4,38.3
rejected,Q45036272,Jerome Theatre,c14bc06e-1bf4-4a40-bd97-83b1b8fadeb9,Elena's Mexican Restaurant,44.4,34.5
rejected,Q45036278,Kelton Theater,7f8eb501-bab8-4fc0-87cb-2e311f232df3,Bronx Munchies,128.7,35.7
rejected,Q45036284,Pantheon Theatre,0ade8880-b67f-4111-bca8-adb59840951e,Burnside Farms,39.1,33.3
rejected,Q45036291,Park Plaza Theatre,65081a85-bc6a-4c9c-8cc6-13a8dffd4370,Casa Clema Restaurant & Bar,80.9,41.0
rejected,Q45036296,Antin Place Cinema 14,149e4d16-a2ad-4eae-a2f5-0c35df8aaa64,Justjazzy Cakes 212,99.3,30.0
rejected,Q45036302,Globe Theater,dca9fde9-9e92-4e1e-9981-b65f61baa5b8,White Plains - GameStop,107.1,35.3
rejected,Q45036308,Park Theater,f9393ad6-68d4-46d4-a2b1-f12fd991ebe7,Happy Garden,44.7,41.7
rejected,Q45036318,RKO Pelham Theatre,57e55316-93ff-4be0-a88b-5234332d8f19,Orchard Beach,117.9,45.2
rejected,Q45036324,Belle Paree Theatre,d4f11308-62f1-4a6b-baff-f449b7e2ddbf,Tacos El Torito Versatile,143.5,45.5
rejected,Q45036329,Bronx Aerodome,678d98f6-6d94-45b2-80b1-5fa12f514b77,KN Bakery,21.9,43.5
rejected,Q45036336,Bronx Theatre,36df8a85-94cd-489a-96c6-81482cb707f6,Boba Tea Time,100.9,61.5
rejected,Q45036342,Casino Theatre,69a6bdcb-b46d-4a67-95b4-a18f68bd5f12,Santa Clarita,38.9,44.4
rejected,Q45036348,Central Theatre,d4f11308-62f1-4a6b-baff-f449b7e2ddbf,Tacos El Torito Versatile,81.5,45.0
rejected,Q45036353,Haven Theatre,9e46b7d0-d218-4418-9cf8-4bfc2a3c39fd,Little Caesars,111.9,44.4
rejected,Q45036359,Hub Theatre,7b357487-2b05-49d2-be00-f78a48ff0efb,Boston Market,113.3,41.7
rejected,Q45036365,Loew's National Theatre,7b357487-2b05-49d2-be00-f78a48ff0efb,Boston Market,70.3,44.4
rejected,Q45036371,Osceola Theatre,a91a31f3-5c6f-419b-9d33-d7be6fdce9ef,EL TAMALITO,78.6,46.2
rejected,Q45036374,Port Morris Theater,d954a22a-b52a-46f8-8c34-a243fc7c32cd,Parque St Marys.,122.4,47.1
rejected,Q45036380,RKO Royal Theatre,d4f11308-62f1-4a6b-baff-f449b7e2ddbf,Tacos El Torito Versatile,129.8,42.9
rejected,Q45036386,American Theater,c856f00c-0eb1-4fcf-ba9c-b18a192dd284,Metropolitan Oval,106.7,48.5
rejected,Q45036391,Palace Theater,839ef24e-544b-4a50-9824-e87299824b72,Leonard's Bakery,40.6,40.0
rejected,Q45036397,Pilgrim Theatre,e0281239-604b-413d-bc4a-e32f5f365bcb,Quality Grill & Gyro,81.4,42.4
rejected,Q45036404,RKO Castle Hill Theatre,4bfdf479-27dd-4b6e-98f8-4f006365eefd,Castle Hill Restaurant Corp,30.1,64.0
rejected,Q45036411,Select Theater,1f13d1ec-10d5-447d-b01e-4a04ff77349f,NRS Westchester Square,79.7,50.0
rejected,Q45036419,Square Theatre,1f13d1ec-10d5-447d-b01e-4a04ff77349f,NRS Westchester Square,27.4,66.7
rejected,Q45036425,Westchester Theatre,7f92778f-3b7f-4982-87f3-08482b1c024d,George's Diner,96.0,36.4
rejected,Q45036430,Beach Theatre,88c5197d-8af0-4468-8950-540296d34ac1,John's Chicken & Burger & Pizza,145.3,35.0
rejected,Q45036436,Rosedale Theatre,1eb43005-1a62-4c7d-88d0-56b49a6c7fd2,Taco Grande,100.1,44.4
rejected,Q45036442,Ward Theatre,605b6191-8974-4e40-a345-7553ef800d1d,New Garden,64.0,45.5
rejected,Q45036448,Abbey Theatre,7ea8fa24-4f8c-4089-8692-7047eadb8678,Red Star,85.7,47.6
rejected,Q45036455,Art Theatre,d571395e-5cf5-491d-87d3-5e567065abc1,Little Caesars Pizza,102.3,38.7
rejected,Q45036461,Benenson Theatre,435d8443-1dba-4c2e-8446-1d7b20903e33,Red House Chinese Restaurant,141.3,48.5
rejected,Q45036468,Blenheim Theatre,2d23f043-e0f3-4383-b63d-04f30ae919b8,Morgan Playground,126.8,24.2
rejected,Q45036476,Boro Theatre,01bbd79c-a1cd-4902-86fb-fb54ea444919,Bronx Culture Collective,17.2,50.0
rejected,Q45036484,Boston Road Theatre,b83637fb-a3f3-43fc-9204-bd5fc50aeddb,Bronx Children's Theatre,66.0,60.5
rejected,Q45036491,Boulevard Theatre,e05437e3-4d92-4cb7-8713-bcbda4efd4c8,Tetaj Brothers Pizzeria,97.4,45.0
rejected,Q45036822,Barnes Theatre,5ce759a0-800a-43d3-aa9e-9fc213aa34b5,Allerton Fish Market,69.5,47.1
rejected,Q45036829,Burke Theatre,7eb61ba5-c226-4899-a5c4-386d04a43285,Burke Fried Chicken,40.9,62.5
rejected,Q45037427,Film Forum 1 & 2,d5a48323-fc6c-4c66-8250-8c9c8f51e553,Thompson Finest Deli,117.1,35.3
rejected,Q45037761,Rialto Theatre (1916-1935),bac78be5-0437-4877-979f-1cc044a5e060,Morosco Theatre,129.3,51.3
rejected,Q45038353,M & S Waco Theatre,5bcc5d13-d38a-4c86-a60d-ed24cc46071a,C'est La Vie Theatre,141.2,61.1
rejected,Q45038834,Carnegie Hall Cinema,2ea75efc-02b7-4e45-a04b-10a05ab0caea,Carnegie Deli,141.4,66.7
rejected,Q45038914,Casino Theatre,8287eefc-759a-42b6-9411-7134c8fa5eda,Cecil Harlem,80.3,53.8
rejected,Q45038920,Casino Theatre,4da0b2a5-4a32-4099-b0ef-4fd16fad2cc3,Foundry Theatre Inc,74.4,60.6
rejected,Q45039290,Circle in the Square Downtown,7f834a5b-eeaa-49e3-a70d-9ef38611f055,Circle in the Square,4.7,81.6
rejected,Q45039569,"David Cinema, 236 West 54th Street",becad92d-b243-43bb-8c1c-cd26ac53e0ab,28 West 27th Street Owners Corp,46.8,59.4
rejected,Q45039579,"David Cinema, 238 West 55th Street",becad92d-b243-43bb-8c1c-cd26ac53e0ab,28 West 27th Street Owners Corp,97.1,59.4
rejected,Q45092860,Gramercy Theater,c34c06a0-fa08-406d-b4d7-d810600e09e8,Rosemary's Pantry,140.3,42.4
rejected,Q45094945,Hudson Theatre,49097154-ad1b-4551-a497-91121b3bb8b1,Orchard Beach El Bronx,114.1,38.9
rejected,Q45095091,Regun Theater,f6b8cf65-a0b6-4b5e-a27d-5ff0946aa11a,The Renaissance,21.7,41.7
rejected,Q45097340,Loews State Theatre 4,6cc14c74-c673-4043-82bd-24255903e9e3,Palace Theatre,132.2,62.9
rejected,Q45098293,"Lyric Theatre, 23rd Street",db4fed27-57d0-43e5-b580-a9fa02f611f5,Irish Repertory Theatre,142.4,62.5
rejected,Q45098422,"Majestic Theatre, 2nd Avenue",be214b07-7c3e-4be9-ad29-42d1f7fcf6b1,Sláinte Bar and Lounge,144.4,42.9
rejected,Q45098560,Manhattan Theatre,48c76b68-4f00-41c7-bea2-ae818b101f32,Cafe Amrita,99.1,42.9
rejected,Q45099572,Loew's Orpheum Theatre,a910e387-62aa-43ee-91f7-fc1d5ef51f82,Stratos Bakery Corp,121.6,48.8
rejected,Q45099951,Phoenix Theatre,53b1fb5b-961d-4353-8564-d0180195e8a1,Oriental Cafe,149.6,43.5
rejected,Q45101146,York Theatre,98e3c523-d280-4bbe-9fda-a21431641e1a,Royal York,132.3,54.5
rejected,Q45101404,Regal Battery Park,efe58ef4-aa93-4dc0-ba6b-0c7acd52c939,Parm Battery Park City,53.4,70.0
rejected,Q45101433,Chelsea Theater,0f591e39-4997-48bc-86e1-c395cc53506a,PureGym Chelsea,17.4,60.0
rejected,Q45101444,Cinépolis Chelsea,f1afd77e-410e-4677-bd0b-aae29efab173,Cinépolis Luxury Cinemas,14.5,63.4
rejected,Q34912417,Cameron Park,e466c0a4-923f-480a-a102-e77e12d3a650,Meadowland Park,148.1,66.7
rejected,Q34915098,Carteret Park,1ed45c68-c1b5-4655-b7e6-7c6991194be0,Carteret Sprinkler Park,120.1,72.2
rejected,Q34925878,Church Square,e79806cb-ce72-405d-905b-75d60a22ef5a,Church Square Park,26.4,83.9
rejected,Q36121154,Carom Café,a267fb18-fbd3-42fb-8f73-d5120b3fd327,Carom Cafe Billiards,31.0,60.0
rejected,Q39046798,47th Street Theatre,a45d6eda-57b6-408f-b3d6-81a2ebdb3b63,Lena Horne Theatre,111.3,64.9
rejected,Q40151598,Abbey's Park Theatre,a912aade-ce14-444b-ad7f-5c8f48f57336,Alice's Tea Cup Chapter 2,89.1,48.9
rejected,Q42298362,Alamo Drafthouse Downtown Brooklyn,3a57ac92-876d-4d74-96e4-4ff1ba200c0b,Alamo Drafthouse Cinema Brooklyn,69.4,81.8
rejected,Q34861357,Sidney Hillman Playground,e07c5e10-7a30-4008-ac9e-1da48e87a83d,Hillman Park,84.0,59.5
rejected,Q34861839,Sinatra Park,0bd6db68-de37-4192-bc14-9ff19a2cafd7,Castle Point On Hudson,120.5,35.3
rejected,Q34862044,Sixteen Lindens Triangle,79add60e-9cb8-42e5-85af-e150e9d0b20a,Jewelry Store Golden Door,128.2,44.9
rejected,Q34862143,South Cove Park,d549f4a9-cf1a-43d1-a111-f109cc802730,South Cove,107.8,80.0
rejected,Q34862234,South Green,d8e52573-3845-45c1-b51d-015690d0526f,Baisley Pond Park,48.2,21.4
rejected,Q34862876,Spargo Park,0de2c8d7-63c0-4a31-a4e5-a7b10e913835,Sherry Dog Run,135.7,32.0
rejected,Q34863715,Stop And Go Playground,d2912ea5-9c0f-4b83-aaae-cf1e1991bb8f,Baskin-Robbins,118.5,38.9
rejected,Q49483927,Double Nickel Playground,26aa6c26-84d0-4171-b6b1-e30d324e646d,PS 55 Playground,29.5,55.0
rejected,Q49484472,Dunbar Playground,f1a9ac88-74a6-451a-a170-69430546a546,Hilton White Playground,116.4,60.0
rejected,Q49484697,Dwyer Square,dabf5ba2-6872-46d2-8a72-6980c90c91c9,El Vaquerito,126.0,41.7
rejected,Q49484899,Eagle Slope,a3bc53d2-5112-4a6d-abb9-0a415e062f54,Pizza Hut,89.5,20.0
rejected,Q49485130,East Fourth Street Garden,ef28b3cd-350d-4a0c-88f5-db924fa8d047,East Fourth Street Community Garden,33.8,83.3
rejected,Q49486067,Eightysecond Street Park,f3949bc4-0221-4cfa-a632-f638a693d66f,82nd St park North Bergen N J,46.9,45.3
rejected,Q49486836,Elysian Fields,fb3e11f0-8292-42dc-b43a-7b800c394e27,Maxwell Place Lawn,102.8,37.5
rejected,Q49486840,Elysian Park,761dd2b4-ff5a-4356-843c-13d0c70d2f82,Napoli's Pizza,128.1,38.5
rejected,Q49488580,Father Giorgio Triangle,7b402aa9-6d61-4db7-b2d1-a982990b9aab,Kings Co Imperial,131.1,40.0
rejected,Q49488595,Father Popieluszko Square,f35e68b1-2d7c-417c-98f3-ab94d11ca2a8,Forma Pasta Factory,137.5,40.9
rejected,Q49488669,Featherbed Triangle,d8b27aaa-14ae-482c-bed8-5a4ed83a1d8c,MG 54 Catering Hall,71.2,42.1
rejected,Q34867135,Twentyfour Sycamores Park,0bec047d-a5df-4408-a4ce-abfdea599928,Twenty-Four Sycamores Park,10.2,82.4
rejected,Q34867453,Upper Forecourt,2843da79-b468-4425-bff0-d09d9350355e,Riverdale Garden,149.4,32.3
rejected,Q34868082,Van Fleet Park,f675ad97-9c9c-4cb2-a5d4-8a9978422740,General Van Fleet Park,14.9,77.8
rejected,Q34868124,Van Nest Memorial Square,e4bbcccf-7cdc-4d09-8f48-b463bb4e7536,Van Nest Park,19.2,59.5
rejected,Q34868348,Wallington County Park,02839a77-e955-4ae3-8795-cda9bcc85b37,Wallington Dog Park,83.1,82.9
rejected,Q34868705,Walton Park,4e050005-52a4-4c2d-b5ca-0472d7d1d969,Morena Restaurant,80.5,23.5
rejected,Q34868865,War Memorial Park,69b07f2a-512d-4d01-84b0-cc5ae4ae5e1f,Ciccarone Park Playground,35.6,47.6
rejected,Q34869588,Whitey Lang Park,06ba96a4-60d1-461b-bff4-c9aeb9e072f8,Binghamton Bagel Eatery,121.8,41.0
rejected,Q34869628,Whitman Park,f1482fa7-6eaf-4a45-840f-2af5bc4123e1,Walt Whitman Park,11.9,82.8
rejected,Q45108174,Academy Theatre,6c38588c-11b8-44c6-901f-f94e8b13c86f,Dirty Laundry Theatre,14.0,61.1
rejected,Q45108189,Apollo Theatre,c577976b-a44b-453a-afb1-739f7cfba8d7,La Plaza,101.9,36.4
rejected,Q45108207,Blue Balcony Cinema,6b217852-5d55-454e-8dd3-45f1a4ec4962,The Blue Balcony,12.8,77.4
rejected,Q45108223,Clinton Theatre,3c42a761-05e8-40f6-bbe7-6e1ee1ba35d3,Sixty Three Clinton,88.5,70.6
rejected,Q45108240,Essex Theatre,c4252091-9686-49fc-8075-352c2878eac2,Casetta,145.8,40.0
rejected,Q45108254,First Avenue Theater,7fc0c741-0931-4c17-9abe-a40f14493689,First Av Deli & Grocery,51.2,58.5
rejected,Q45108269,Forsyth Theatre,558498f4-7348-40bd-8cf6-d8ecd7a284f7,99 Favor Taste,137.0,55.2
rejected,Q45108285,Glory Theatre,6e3a4917-5b5f-4ef3-b2e8-1b020795042b,Luther Gulick Playground,140.4,43.2
rejected,Q45108300,Golden Rule Theatre,5bcc5d13-d38a-4c86-a60d-ed24cc46071a,C'est La Vie Theatre,119.6,56.4
rejected,Q45108314,Grand Theatre,7cb01ecb-180f-49cc-97f7-1724fd0c3f64,Pho Grand,102.3,63.6
rejected,Q45108333,Houston Hippodrome,18ec1c84-81bc-4504-a64f-e51e0f26e2a5,Houston Fresh Pizza,137.8,54.1
rejected,Q45108348,Lighthouse Cinema,2e399004-a506-4aee-b767-3805c3a31c92,Kings Co Imperial LES,114.2,47.4
rejected,Q45108363,Loew's Canal Theatre,00051d93-1d49-4d9b-8fda-c65e6582bde4,Little Canal,45.6,62.5
rejected,Q45108376,Loew's Delancey Theatre,35233e60-cbb5-4b18-9dcc-12f6a42c90cf,The Delancey Rooftop,114.8,56.4
rejected,Q45108394,M & S Theatre,c186167f-35de-46f7-b9c0-996da00e38c5,Casa Thirteen,65.2,50.0
rejected,Q45108424,Metropolitan Theater,1e47c1e3-d166-49bf-ae4e-ee67401c2ecd,Teatro LATEA,146.4,56.2
rejected,Q45108445,New Delancey Theater,e02f768e-771e-4cab-bcbc-57916108459c,Shelter Gallery,101.4,51.4
rejected,Q45108460,New Strand Theatre,438ef220-e437-4b46-b2af-29d11280ad27,Threes Brewing,83.6,50.0
rejected,Q45108473,Odeon Theatre,1e47c1e3-d166-49bf-ae4e-ee67401c2ecd,Teatro LATEA,125.4,56.0
rejected,Q45108490,Pagoda Theatre,c2f047d4-35aa-40a5-ac7e-aab6741cbed7,Apotheke,148.5,54.5
rejected,Q45108505,Palace Theatre,5bcc5d13-d38a-4c86-a60d-ed24cc46071a,C'est La Vie Theatre,97.8,58.8
rejected,Q45108520,Peoples Theatre,e9788daa-404d-4d1d-9474-a3f3cc6a3f75,Le Turtle,112.3,50.0
rejected,Q45108536,Ruby Theatre,5bf54a7b-a421-41a7-982f-bf63b9b39e9a,Heroes Gallery,138.4,53.8
rejected,Q34839235,Joseph Medwick Park,2670c5b5-e372-46c0-b16e-7cec881534fc,Joseph Medwick Memorial Park Wetland Area,136.9,63.3
rejected,Q34839254,Joseph Rodman Drake Park,ed3fc24c-a851-42b8-b917-46eca1354cb1,Joseph Rodman Drake Park & Enslaved African Burial Ground,1.9,60.8
rejected,Q34839272,Joseph Yancey Track And Field,41e8330d-09ee-46d7-a4dc-5a0eb599b1b2,Lobel's Carving Station (in Yankee Stadium),87.8,45.7
rejected,Q34840261,William E. Kelly Park,f12f33b8-b617-4821-9bc9-e959ade20fd1,Kelly Park Playground,92.2,63.4
rejected,Q34840559,Lance Corporal Thomas P. Noonan Playground,c7f3411e-0215-4603-b2a7-ee21fc4ca291,L CPL Thomas P Noonan Jr Playground,12.9,84.2
rejected,Q34840889,Latham Park,0cac84fe-b7c4-4074-9f9d-4cccc4cc0526,Gourmet Deli 65,140.4,23.1
rejected,Q34841407,Lawrence C Thompson Memorial Park,569366c9-067b-4299-a960-0187eb36b9cb,Corporal Thompson Park,21.0,72.7
rejected,Q34841471,Lawrence Triangle,097e6edf-0311-4b34-8fa5-0a25f9ef3c72,Feng Ta Inc,94.0,42.9
rejected,Q43065576,Sunrise Multiplex Cinemas,64890479-1a9d-48eb-8469-04c5af250e23,"Cinos Valley Stream, Llc",0.0,45.8
rejected,Q43065795,New Plaza Theatre,aac6fd3b-484a-400d-8ccf-588db3919542,Joe Holzka Community Garden,36.1,36.4
rejected,Q43065793,Capitol Theatre,4a1fcdc6-2af6-45e9-b965-5e4624aff6ca,Castleton Deli Corp,126.5,47.1
rejected,Q43065998,Broadway Theatre,eeba312b-938b-4387-b2f7-9221290901ea,South Broadway Fried Chicken,46.9,59.1
rejected,Q43066035,Kent Cinema,9354d542-990b-4e1e-a570-ac1d05be52f7,Dragon China,67.2,52.2
rejected,Q43066061,Park Hill Theatre,36a030c2-1890-44ba-aeca-6f71b1401cb9,Sky Fish Market,99.5,43.8
rejected,Q43314198,Cinema Kings Highway,6df924b3-0b63-4ac0-9a7a-f95ac19f245c,Mirage Diner,22.2,43.8
rejected,Q43344837,UA Movies at Staten Island 14,9c13efdc-6275-435d-9752-90211a0607f0,Showplace Entertainment Center,76.4,33.9
rejected,Q45018827,Arverne Theatre,46a1ee10-7093-40cf-964e-12dddc9f47c6,Pilot House Bar & Grill,67.5,40.0
rejected,Q45018842,Arena Theatre,e8c88499-f397-438e-b020-93f2016a404b,Prime Astoria,33.1,46.2
rejected,Q45018856,Astoria Theatre,7c393757-b5cd-4b63-a669-c9aa3b94026c,Hangar Astoria,62.6,75.9
rejected,Q45018871,Broadway Theatre,5fd87e2b-74df-489f-9c32-be94b0c5d406,Broadway Station,111.7,75.0
rejected,Q45018884,Cameo Theatre,e2ad8727-598d-4843-870e-1dc1cf021144,The Famous Hookah Lounge,22.2,46.2
rejected,Q45018898,Crescent Theatre,f47f1ad0-d57c-4541-a06b-d6c00809fa6a,Rialto Ristorante,143.5,42.4
rejected,Q45018913,Loew's Triboro Theatre,d9f35888-98b1-4969-8db8-213535f6bb70,Kahala Coffee Traders,44.0,41.9
rejected,Q45018957,Square Theatre,f7e9921a-caf9-4c19-9b00-900cb7554a0f,Renaissance Steakhouse,104.7,44.4
rejected,Q45033985,RKO Prospect Theatre,864d7ae6-b1b5-4f6c-a996-2df64422d19e,State Of The Art Gallery,139.2,45.5
rejected,Q45033992,Touraine Theatre,986fb104-bf79-42a3-9ddb-73d23f5f3c76,Rancho Alegre,58.7,48.3
rejected,Q45033998,Acme Theatre,3f8ce89f-bfcb-4d9d-bc56-e5e818809dc7,Petite Patate,119.7,48.0
rejected,Q45108551,Rutger Theatre,9ab00e8a-9050-47fc-ab5a-926218cba5f2,Forever Taste,72.5,59.3
rejected,Q45034006,Bell Cinema,9e15134a-1d97-43d9-9793-759e0fe8bc78,Natural Blend,147.1,41.7
rejected,Q45034014,National Theater,359e6614-502f-44ed-814b-28f219726305,The Way Station,71.2,51.9
rejected,Q45034021,Washington Moving Picture Theatre,3fe78804-d4a0-4cca-8a2a-c3dac8f6461e,688 Washington Llc,132.6,51.0
rejected,Q45034027,Linden Theatre,317e4b17-3fdb-4008-bd3a-08c4801f783b,Best Kitchen Time,43.8,45.2
rejected,Q45034035,Mardi Gras Theatre,79f8d7ee-31a0-4976-9d98-1f0a6ee0d523,Bk Asian Express,63.6,41.2
rejected,Q45034042,Casino Theatre,b400289f-b397-4bb4-a5d1-0e99a85a7415,Adobo Mexican Grill,139.0,37.0
rejected,Q45034048,Flatbush Theatre,4877cabf-0144-4e1e-be33-0472f19d8d5f,Ken Nail Flatbush,54.4,66.7
rejected,Q45034056,Kenmore Theatre,fc550715-57f2-4e14-9008-e5c1534365b3,Kennedy Fried Chicken,122.7,44.4
rejected,Q45034063,Linden Theatre,56e591dd-dd84-491f-b3ad-05f3013739ec,PiCH Restaurant and Lounge,134.5,42.4
rejected,Q45034071,Savoy Theatre,cbf28752-63e1-4736-a7f8-41d3d0912307,Caton Ave,149.0,45.5
rejected,Q45034078,Clinton Theatre,5630d2a3-dfb8-4072-85cb-01e002caf36a,Aperture Restaurant,136.9,34.8
rejected,Q45034082,Pioneer Theatre,e7950668-9a1f-4f04-9c20-9cba039ed679,Wen Gee House,141.5,42.9
rejected,Q45034087,Erie Basin Theatre,49560172-e794-43bf-800b-6313b7afe559,Red Hook Bait & Tackle,71.5,52.6
rejected,Q45034094,Huntington Theatre,a8312b2c-7af3-4f24-bc6d-088788308073,W.Y.K Production,76.7,35.3
rejected,Q45034101,International Moving Pictures,92343847-164d-4db9-8ff8-d502e5aa1c02,Mother Cabrini Park,123.7,37.5
rejected,Q45034109,Luna Theater,a94e2cfe-f0de-4c84-bb70-6a8260f53348,Teeda Thai Cuisine,48.9,46.7
rejected,Q45034116,Pastime Movie Theatre,7f7cf739-7d14-41e7-9758-8bf782e9dbc2,Smelly White Men,94.2,54.1
rejected,Q45034120,Avenue U Theater,fd2710f1-549a-431a-b442-1995288e0161,Avenue U,40.5,66.7
rejected,Q45034126,Dewey Theater,4ad3d006-0575-4e14-a937-af4e96585b1f,Derwish Premium Mediterranean Restaurant,135.6,42.9
rejected,Q45034135,Kingsway Theatre,1f587a91-cdc2-4c6d-b00a-a4d3500c8435,Kings Kitchen Corp,55.0,52.9
rejected,Q45034141,Sheepshead Theatre,8f34f48f-3ddc-40b0-9c98-aaa13bf6dd43,Wheeler's Restaurant,31.3,44.4
rejected,Q45034147,Sheldon Theatre,8f34f48f-3ddc-40b0-9c98-aaa13bf6dd43,Wheeler's Restaurant,120.7,50.0
rejected,Q45034323,Folly Theatre,49e20d2e-f1b6-4fe7-909b-4ea3c095347b,Gallery54,118.4,36.4
rejected,Q45034328,G & M Theatre,3ff68b9a-e569-44a7-8acd-10e6897f28fe,Little Brooklyn Taste,48.7,37.5
rejected,Q45034334,Garden Theatre,bb880292-ec43-4b45-952a-e7a62261e6ae,Emmy and Harrison's Winery,59.6,40.0
rejected,Q45034341,Gold Theatre,2f986caa-ad71-46b0-b752-2ac890822f3e,Paymaster of the Navy Yard,125.3,36.8
rejected,Q45034349,Grace Theatre,6e5830a0-37ec-4041-8269-c41e8a6990ad,Bartlett Playground,73.8,31.2
rejected,Q45034358,Graham Theater,b4167c0b-18b9-4c2e-87dd-2ce16659298c,Little Grand,145.1,53.8
rejected,Q45034365,Grand Theatre,b4167c0b-18b9-4c2e-87dd-2ce16659298c,Little Grand,64.3,72.0
rejected,Q45034371,Grand Unique Theatre,898f6220-cd04-41f4-9ed4-6d0735fb7e97,Red Table Underground,60.9,48.8
rejected,Q45034378,High Theatre,2ab49dcc-3377-4dff-ac1d-717ed24ead70,Trinity Park,85.0,25.0
rejected,Q45034384,Italian Theatre,842d897f-3a07-4482-b1cc-08d9176c9d31,Bread Brothers Bagel Cafe,132.8,45.7
rejected,Q45034390,Leonard Theatre,b4a0da2a-f8ee-49aa-b53c-fa731635f7be,Lily Thai,52.2,41.7
rejected,Q45034397,Lindy Theatre,59171077-9d3b-4043-9e12-7ab5f2899d21,Mr. Nice Guy Deli & Grill,143.4,41.4
rejected,Q45034405,Lyric Theatre,59171077-9d3b-4043-9e12-7ab5f2899d21,Mr. Nice Guy Deli & Grill,124.8,41.4
rejected,Q45034411,Manhattan Theatre,d7a301c7-75ed-4eba-a70a-9e8af4f8a8c2,Mothers Seafood & More,128.3,37.8
rejected,Q45034415,Marcy Theatre,52bee73e-fa26-4b96-8813-90140646aa92,Broadway Fish Market,65.6,42.4
rejected,Q45034423,Metro Theater,984ee1ee-fb19-454e-b5a6-754065f6044e,Margo Patisserie Cafe,115.7,55.2
rejected,Q45034428,Metropolitan Theater,fc4d839c-7604-45a7-93fc-b3fca1fea3d4,Healthy Choice Kitchen,132.7,41.2
rejected,Q45034434,Milton Photo Theatre,bb880292-ec43-4b45-952a-e7a62261e6ae,Emmy and Harrison's Winery,72.0,34.8
rejected,Q45034440,Model Theater,483c184d-5744-4cb5-98eb-b331e6e41105,Taubers Fish,73.4,40.0
rejected,Q45034447,Nassau Theater,63f93713-9359-4d7e-aa02-50d13bff9b5e,The Quarter Club,86.1,46.2
rejected,Q45034451,Novelty Theater,0f8d98dd-7d3c-4d49-8d74-bc418f456718,Aden Gourmet Deli,137.2,37.5
rejected,Q45034458,Owl Theatre,06fc8667-f5c5-4076-b08d-710587c93df8,Cozzi Pizza,140.5,27.3
rejected,Q45034465,Phillip's Lyceum Theatre,e5b219e9-dfb3-4b4c-9b11-c3dd60284976,Baby Blues Luncheonette,16.2,38.3
rejected,Q45034474,Plaza Theatre,04580f33-feb8-44dc-b8d8-3299d83690f1,Larry Lawrence,15.5,44.4
rejected,Q45034481,Rainbow Theatre,ffb774a5-9bf7-43f5-9a07-233a8b154743,The Brooklyn Tree,137.0,42.9
rejected,Q45102192,Dewey Theatre,e9f6e857-b5c3-48dd-95ef-5d30bf36bd0a,The KnJ Theater,65.0,58.3
rejected,Q45102204,Evergreen Theatre,920ee43f-fd3e-4338-9359-df7216aa257d,Argo Tea,61.1,48.0
rejected,Q45102217,Garrick Cinema,588614c7-624e-47fa-9234-7157d7c62344,LaGuardia Corner,82.7,53.3
rejected,Q45102242,Regal Union Square Stadium 14,bc2592e2-e8cf-4677-8a27-8fe2933b468a,Regal Union Square,26.6,76.6
rejected,Q45102257,Theatre Unique,e9f6e857-b5c3-48dd-95ef-5d30bf36bd0a,The KnJ Theater,104.9,48.0
rejected,Q45102270,Acorn Theatre,b8475072-c739-446b-946d-47636a67ef14,Faso Taste Cafe,34.4,60.9
rejected,Q45102284,Claremont Theatre,b8475072-c739-446b-946d-47636a67ef14,Faso Taste Cafe,33.7,51.9
rejected,Q45102292,Delmar Theatre,31a2f9a8-73be-48d2-b649-1a2169585223,Renshinkan Karate Dojo,103.2,38.9
rejected,Q45102304,Grange Theatre,b8475072-c739-446b-946d-47636a67ef14,Faso Taste Cafe,97.5,50.0
rejected,Q45102314,Lido Theatre,71acad30-e5ae-4d5c-90ac-59dd86a4b7d4,El Nuevo Harlem Restaurant,114.5,44.4
rejected,Q45102328,Nova Theatre,142505c8-1162-457b-93d1-cb5efded4aac,At The Wallace,108.1,53.8
rejected,Q45102337,RKO Hamilton Theatre,30df0cc1-5895-4550-b00b-aa349daa0c1a,Jin Ramen Hamilton Heights,146.9,60.9
rejected,Q45102352,Washington Theatre,71acad30-e5ae-4d5c-90ac-59dd86a4b7d4,El Nuevo Harlem Restaurant,54.9,42.4
rejected,Q45102362,116th Street Theatre,96ce7dde-9789-47a2-99f1-c6263909593b,Crepe Master,45.1,43.8
rejected,Q45102376,Airdome Pictures,c5dd23b0-39ae-4fba-8479-fedc98df20ee,Trudy’s Ice Cream,140.3,42.4
rejected,Q45102415,Crown Theater,96ce7dde-9789-47a2-99f1-c6263909593b,Crepe Master,85.5,56.0
rejected,Q45102431,Douglas Theatre,b138847e-f0c5-46ab-b771-1c4065f79a0b,The Bomb Shelter,32.3,44.4
rejected,Q45102442,Eldorado Theatre,897ca7e8-5966-4999-b7e7-3e057e7ae378,Red Rooster Harlem,130.4,41.2
rejected,Q45102455,Empress Theater,96ce7dde-9789-47a2-99f1-c6263909593b,Crepe Master,132.9,59.3
rejected,Q45102464,Franklin Theatre,06455f70-083f-41a8-90bc-a755faa28253,Eiram Services Inc,77.6,47.1
rejected,Q45102477,Gem Theatre,7523e8d6-1335-4152-97fe-eb6aac98f116,Harlem Towers Cafe Corp,123.4,35.3
rejected,Q45102490,Gotham Theatre,f1b24412-c64c-4750-9825-e2db013601b2,City Fish Market,96.4,40.0
rejected,Q45102517,Jewel Theater,ff58c42d-9320-484a-8719-a4f7f398285e,New York Classical Theatre in Central Park,76.0,36.4
rejected,Q49493387,George Farkas Square,03a4787e-519b-4c41-aff7-cd2f3af1f24a,Fordham Fish Market,75.7,46.2
rejected,Q49493427,George Meade Plaza,10e9976d-15b2-461a-83d2-234c178bbcdf,Cinco De Mayo,64.8,38.7
rejected,Q49493484,George Walker Jr Playground,dea2f0c5-3344-422e-be74-d5b2352ceec6,George Walker Jr. Park,36.2,83.3
rejected,Q49493528,Georgia Avenue Garden,9bc65da1-2bbe-46ec-88ae-f5ec21be2410,Flava II Restaurant and Bakery,8.9,35.3
rejected,Q49493557,Gerard P Dugan Park,22458c0d-2d96-42ff-86c4-a65193aff471,Gerard P. Dugan Playground,4.8,81.8
rejected,Q49493599,Gethsemane Garden,cb099a9e-2649-458b-a0b8-8ab739e8b88d,Crown Fried Chicken,105.0,27.8
rejected,Q49493706,Gil Hodges Triangle,ffc0f20b-3841-495a-808f-6082a9526ae4,Murphy's Captain's Quarters Pub,44.5,24.0
rejected,Q49494350,Golconda Playground,b459b223-b917-4e90-ba46-41b4fd8bd158,Golconda Park,76.0,75.0
rejected,Q49494435,Golden Park,f5df03ce-298e-413c-b5a7-7784ac4badf1,Leonard Gordon Park,56.2,66.7
rejected,Q49494622,Two Coves Community Garden,e1b5d4ba-e1ce-4454-8846-d25386ab5082,Welling Court Mural Project,100.8,37.7
rejected,Q49494625,Goodwin Gardens,a7ac4b38-df79-4a3e-abe4-d04e23e86a51,46 Goodwin Pl,19.8,57.1
rejected,Q49494697,Gordan Triangle,56cd687e-1991-4d4f-8f36-6908e14c105d,Quinn Restaurant Corp,149.4,44.4
rejected,Q49494816,Gouverneur Morris Playground,60c0ad62-de48-4fa5-8c55-9ee70b2a9ab2,US Fried Chicken,134.5,31.8
rejected,Q49494817,Gouverneur Morris Square,08ac1be7-60e8-4c51-9e9f-d666bb1469d9,Diosas Restaurant Corp,76.8,39.1
rejected,Q49494851,Governor Nelson A. Rockefeller Park,1aefbb55-6f56-4ee8-8ef9-c604922574d8,Nelson A. Rockefeller Park,38.0,84.7
rejected,Q49494864,Governor Smith Playground,4680b2bd-9296-44ce-b091-c38fb26fb197,Krispy Krunchy Chicken,132.3,38.3
rejected,Q49494886,Gowanus Playground,fce47a89-f64d-4839-a68c-18ecc3e5dab0,Nicholas Naquan Heyward Jr. Park,18.3,36.7
rejected,Q49495051,Grand Avenue Playground,c1e80745-02a5-48b6-b345-42384e868788,Grand Playground,9.5,82.1
rejected,Q7856369,Turtle Back Zoo,c8cac8e7-c313-4391-8eea-baa65e71b9d6,Savannah Cafe,85.4,8.7
rejected,Q7886046,Union Square Cafe,5133c95c-276c-4c53-bb7c-d72e54624a5f,Union Square Dog Run,127.6,75.0
rejected,Q7886049,Union Square Theatre,dc85721d-4294-4510-b475-6b14e9150a36,Union Square Park,55.9,64.9
rejected,Q18154623,Morbid Anatomy Museum,5401e52a-9b98-43e0-8c33-54cb0c9524e0,Morbid Anatomy,64.1,80.0
rejected,Q18156903,Richard Morris Hunt Memorial,05746a6e-6802-4d06-90c0-ee0f4eb4a918,Central Park-East Entrance,139.0,44.4
rejected,Q18158896,Toy Museum of NY,23d03a33-7020-4e1f-bef9-4f72a2c8b57a,Monty Q's,33.1,40.0
rejected,Q18211158,Mineshaft,45dae527-5a8a-4c9e-ad01-312246027569,Serafina Italian Restaurant,134.3,40.0
rejected,Q18348374,Harkness Theatre,d89a235f-e715-4183-92fe-3d703e7af1a0,Daly's 63rd Street Theatre,37.5,52.4
rejected,Q18510566,Downtown Gallery,e44b8147-8ffd-47f3-b13e-816c48c7b18f,Crosstown Diner Corp,91.5,44.4
rejected,Q18706212,The Cooler,2be5c08e-e01a-42ea-b953-9dbf49e5072e,Chocolate Lounge,145.5,66.7
rejected,Q18749104,Morgan Lehman Gallery,2ab8dece-cc4d-4604-876f-d24b9ebaaa18,Leonovich Gallery,122.0,63.2
rejected,Q18972133,Interference Archive,150a4a98-4358-4f83-af31-b77767b61050,Trestle Gallery,42.8,40.0
rejected,Q19361347,Ziegfeld Theatre,cad9af52-c07e-4d75-b5f8-489263459819,Ziegfeld Theater - Bow Tie Cinemas,37.9,66.7
rejected,Q19863972,Abby Aldrich Rockefeller Sculpture Garden,82eb2eb3-a8ba-4ae8-b7cf-aef5f1cf015f,The Bar Room at The Modern,52.9,44.4
rejected,Q19864117,Alben Square,cf94b04e-7660-46b7-9839-3b37a56e069e,Avenue M Bakery Llc,143.2,38.7
rejected,Q19864203,The Quilted Giraffe,0280e7b0-8def-4458-beb2-f934c6b7b0d8,Aquavit,109.7,45.5
rejected,Q19864620,Luna Park,81901260-c40b-4a2e-b253-cc6d6db2f638,Margarita Island,118.5,40.0
rejected,Q19865233,Basin Street East,4cf561c2-7ae8-49ff-828e-f8cfbdaed263,Blank Street,113.9,69.0
rejected,Q19866634,White Rose Mission,c773b415-b6d8-4b74-897a-2a08455e59da,Crispy Bamboo Village,105.5,41.0
rejected,Q19866795,Columbus Hall,7601f8e6-928b-4ea1-9ac0-5bf9f8c23ed7,"Columbus Hall, Orange, New Jersey",0.0,59.1
rejected,Q19881198,La Caravelle,0240c8b1-717a-408e-96ec-b0aba77035f2,Garth Clark Gallery,103.0,58.1
rejected,Q45110004,Lincoln Plaza Cinemas,4655b97d-7a25-4320-a4b1-9e75dc466c3f,International Cafe,103.8,47.1
rejected,Q45110016,Loew's 83rd Street Quad,4cb18332-0f4d-4dfa-96cb-888eb0e813d4,Amc 84th Street 6,37.2,50.0
rejected,Q45110029,Loew's Lincoln Square Theatre,a49da2fc-3716-4fb6-b6d9-ac107ade7611,Loews Lincoln Square And Imax Theater,146.5,81.8
rejected,Q45110039,Metro Theater,cbc224bb-8cd3-45bf-9715-2b30800cd527,Metro Diner,88.9,50.0
rejected,Q45110050,New Yorker Theatre,a9b52c50-9c67-4fd2-85ac-98694a2b1f54,Water & Wheat Upper West,53.1,40.0
rejected,Q45110067,NYIT Auditorium,6e10a374-6dd3-466b-a5b4-c44285e15b95,Amorino,112.0,45.5
rejected,Q45110080,Olympia Cinemas,783a8c6e-80b4-4c6c-9754-53200dc8aa3a,Mama's Too,116.4,40.0
rejected,Q45110096,Parkwest Theatre,88f278b9-0d8e-44f8-adf9-d7ade9858db2,Rock Steady Park,91.4,50.0
rejected,Q45110113,Regency Theatre,4caf225e-15fc-4ef3-b369-80fb709ac1b9,Opera Ebony,117.9,46.2
rejected,Q45110126,Riverside Theatre,c49a1978-7e25-4e6e-b831-0c7567a06b8c,Texas Rotisserie & Grill,94.7,60.6
rejected,Q45110139,Riviera Theatre,c49a1978-7e25-4e6e-b831-0c7567a06b8c,Texas Rotisserie & Grill,28.8,51.6
rejected,Q45110151,RKO 81st Street Theatre,5bddb8ea-89d1-4e59-9c51-1f03259909a1,7th Street Burger,127.3,50.0
rejected,Q45110163,Rose Theatre,06525b3a-9214-4588-930f-c5e18441a44c,Amster Thai,81.9,52.2
rejected,Q45110177,Schuyler Theatre,4cb18332-0f4d-4dfa-96cb-888eb0e813d4,Amc 84th Street 6,140.2,42.4
rejected,Q45110195,Stoddard Theatre,fdd9ca93-df6a-465e-9bbe-9c71f09b1a7c,By the Way Bakery,54.5,42.4
rejected,Q45110211,Symphony Space/Leonard Nimoy Thalia Theatre,bcdfa97a-abc2-4106-9b91-25e02bb7f468,Peter Jay Sharp Theatre at Symphony Space,7.9,61.9
rejected,Q46993422,Community Synagogue Max D. Raiskin Center,b163d331-7fce-42d2-91f2-de4028a7f70e,Space Force's International Space Station,122.2,42.0
rejected,Q46996833,Paresis Hall,5a7486b1-3462-46df-b27b-1df55e87ac26,LuEsther Hall,98.6,56.0
rejected,Q47321201,Houdini Museum of New York,b320f249-913e-4b65-9074-234784e63b8c,Houdini Museum,7.9,70.0
rejected,Q48744019,Printer's Park,dce27fd8-b4b1-44e1-8248-466428598e99,Baskin-Robbins,104.8,50.0
rejected,Q48744138,Chase Manhattan Bank Money Museum,8b5a86b3-1e3a-4178-b8d5-5fcc62a90b49,BEKA Museum,75.8,45.5
rejected,Q48806213,The East,166842ed-ffa3-495e-b21c-713a06f06691,Alice's Arbor,109.2,35.3
rejected,Q45104930,Lane Theatre,219cadfa-fb04-4a66-baf4-354fa0a1897c,Silver Palace,83.5,48.0
rejected,Q45104941,Loew's Inwood Theater,9e02b1ee-0490-49dc-9240-6b7aeda14ef2,New Texas Fried Chicken (Halal),104.0,44.0
rejected,Q45104952,Loew's Rio Theatre,b29de700-0198-43a9-a234-9671f508d5d6,Hilltop Park Alehouse,50.4,46.2
rejected,Q45104964,Loyal Theatre,8b8c513b-14fa-46aa-9b2c-fb058d8aa31c,Schottenstein Theatre,63.0,52.9
rejected,Q45104973,Palace Annex Theatre,2b974d6b-024c-4088-bb75-28127473b87b,Antillana Market Place,43.3,47.6
rejected,Q45105000,Uptown Theatre,ed659693-ec49-4939-a725-b59b57d86035,Tung Thong Thai,116.4,48.3
rejected,Q45105010,Wadsworth Theatre,004edda6-2c55-432d-bd00-a7024e9244c4,South Beach Restaurant & Bar Llc,148.0,38.3
rejected,Q45105038,96th Street Theatre,6ce045db-bca7-4d3e-b7c9-518678fcf5e8,Heavenly Market IV,97.7,37.8
rejected,Q45105051,Atlas Theatre,81764939-e54e-4e1e-a814-e541bf51616e,Little Caesars Pizza,83.0,42.4
rejected,Q45105063,Azteca Theatre,f4ee64e6-eb9f-4678-bf8a-d71092345d6c,Bluestone Lane,135.9,35.7
rejected,Q45105073,Eagle Theatre,c10036f3-d69a-4cb0-a122-8b0ad9b50328,Taco Bell,131.1,45.5
rejected,Q45105083,New Progress Theatre,742f649c-ca46-417f-bdc9-fbbe4a5c661e,El Paso Restaurante Mexicano,146.3,45.8
rejected,Q45105093,North Star Theater,d37d201d-ef5e-4afa-99af-2e7dba238f8a,5th Ave. Central Park East,20.1,46.5
rejected,Q45105103,Photoplay Theatre,0d7bd2d0-f256-4912-8ad8-1d7873ec37e8,The Shakespeare Forum,138.4,41.2
rejected,Q45105117,RKO 86th Street Theatre,70b97d40-760a-455c-977c-f5dfc8d28d65,7th Street Burger,73.0,55.0
rejected,Q45105129,Star Theatre,def4dd80-c2aa-41e7-b3f0-2dca2c2f0067,Art for Change,53.2,46.2
rejected,Q45105145,Verona Theatre,c9d36de8-56f0-40ef-bf70-4be77d5895a5,Chef saleem,22.6,40.0
rejected,Q45105302,City Hall Theatre,f3d99842-bd6b-4a6a-8e09-437910db96f1,City Hall Park,123.2,77.4
rejected,Q45105327,Little Bijou Theatre,e2d367c1-0462-4d66-919b-68b3f7908772,Schaeberle Studio Theater,111.1,44.4
rejected,Q45105339,Trans-Lux Southstreet Seaport Cinema,1ddb410e-9e90-4b66-af83-65217ae6c47f,Sunday In Brooklyn / The Seaport,85.7,48.5
rejected,Q45105350,Tribune Theatre,450ba40e-fa50-43c9-93aa-8c0955932c30,Theatre Alley,139.2,50.0
rejected,Q45107251,2nd Avenue Theatre,b4c22628-de64-4978-b154-698226d6e833,Dim Sum Palace (59 2nd Ave),123.8,46.5
rejected,Q45107273,American Movies,22b98ed6-8006-4182-bdb9-bc80d3b08017,Maria's Cafe,110.2,54.5
rejected,Q45107286,Anderson Theatre,b9abeecd-a477-4522-8cbf-3d5f98f31dd3,Duo Theatre,139.2,74.1
rejected,Q45107300,Avenue A Theater,b024ad6c-c2d2-4ec1-8ddd-7de5a421d79a,Pioneer Theater,46.7,64.5
rejected,Q34846813,Martin J Fay Memorial Park,b7ed4ea1-4e97-4d1b-b08c-c0838c4c2e72,Fay Park,89.3,47.1
rejected,Q34846845,Martin Luther King Triangle,075469c5-beac-48eb-a02a-280f8f223c23,La Maraca Pizzeria,103.3,40.0
rejected,Q34846873,Martin Luther King Triangle,1d04563f-2d1d-4440-977b-4eb71bfc0a8f,Wah Yong,121.0,22.9
rejected,Q34847756,Mayaro Playground,158cfbf3-f040-47d5-b784-579082c5e48b,Melrose Playground,68.1,80.0
rejected,Q34848034,Mcguire Fields,1bf6b929-fd5f-4502-8e0d-d2f3bb617e8a,Joseph T McGuire Park,117.1,51.4
rejected,Q34848062,McKenna Triangle,95c837a8-86b0-4d5f-903c-3fc1c114117e,McKenna Square,43.9,66.7
rejected,Q34848080,McKenna Triangle,89ef22b7-be6a-4183-a29e-bd7215e84f0b,Rafferty Triangle,127.2,60.6
rejected,Q34848332,McNair Park,a5beccb1-f1cb-4252-8179-60554bd8bac0,Dr. Ronald E. McNair Playground,18.3,50.0
rejected,Q34848458,Meadow Park,fa3933eb-9a43-402d-a0f7-86a28fd874c5,Regent Park Garden Condo,58.3,40.0
rejected,Q34850351,Middleton Playground,5a5af4eb-f43c-4f62-9f01-b105b82b538a,Sprinkles Ice Cream,110.6,35.9
rejected,Q34850427,Midland Playground,a5507407-86d2-4df8-b4cb-7b881ef5c03e,Fishtopia,121.5,22.2
rejected,Q34850456,Miele Park,f2558c5f-2783-4e20-bd4b-3eeae14ad4c4,Luca's Family Pizza,125.1,41.4
rejected,Q34851017,Millbrook Park,98e90f77-1d33-4b98-8fee-89b1f5dbe6d7,Millbrook Playground,21.8,76.5
rejected,Q34851173,Miller Park,63b7fc46-b220-4528-9430-280ee0493569,Miller Park Splash Park!,77.3,64.7
rejected,Q34851331,Milstein Plaza,b801c1d1-9280-4a45-9c72-2204a056a4dc,Lincoln Center Plaza,141.5,58.8
rejected,Q34851485,Minetta Green,a5689988-c841-4c27-966a-804ee757ef83,Minetta Lane Theatre,21.0,54.5
rejected,Q34851511,Minetta Triangle,54ab7e35-3ad2-4ec6-91b0-a8c91f5ed307,Minetta Tavern,113.8,73.3
rejected,Q34852007,Onehundredseventyfourth Street Playground,b204f6e3-33c2-4154-9e2c-617dcd73cf09,Goodfellas Pizza Shack,145.7,28.6
rejected,Q34852020,132nd Street Block Association Park,0817174f-8e66-4561-aafa-95c664fae45d,W. 132nd Street Community Garden,22.5,57.6
rejected,Q34857184,Right Triangle Playground,931b0535-1a54-46c7-917c-53e96d40696f,Eagle Trading Company,130.3,47.8
rejected,Q34857344,Rippel Field,8d41d7e1-e544-420d-8211-715643a8d49b,Newark Public Schools Historical Preservation Committee,124.9,23.9
rejected,Q34857376,River Bank Park,ec7c8d90-0db7-4693-aa7f-4d826ed18a1d,Riverbank Park,44.7,69.0
rejected,Q34857524,Riverbend Playground,3a07c330-12be-4b4c-ba01-c93caa8a92ad,New Young Hong Kitchen,80.5,29.4
rejected,Q34857739,Riverside Park,f3885152-7b76-4a00-ad7f-b52ef1db325d,Foschini Park,37.3,29.6
rejected,Q34858249,Rocks And Roots Park,91648bfd-7dce-480e-9d84-e2cf64d468ef,Family's Fresh Catering,50.9,41.9
rejected,Q34858302,Rodney Park North,9c610460-79cf-4933-a783-18f9e566baef,Rodney Park Center,53.5,80.0
rejected,Q34858328,Rodney Playground Center,9335e7c1-e65e-4442-98aa-2e9d32165c8e,El Gran Canario,146.0,41.0
rejected,Q34858342,Rodney Playground North,bb880292-ec43-4b45-952a-e7a62261e6ae,Emmy and Harrison's Winery,94.8,40.8
rejected,Q34858357,Rodney Playground South,9c610460-79cf-4933-a783-18f9e566baef,Rodney Park Center,127.0,48.8
rejected,Q34858445,Roger Morris Park,b75bbfe9-0c8f-45c5-99fd-f673b211aec3,African Folk Heritage Circle,90.8,40.0
rejected,Q34858486,Rolf Henry Playground,75c84f1c-de85-48bc-b99c-564a509d5d9b,Morlas Jr Carlos K,136.1,35.9
rejected,Q34858497,Roller Rink Park,afce4cc4-8b1e-4f1b-98d9-133f5bfb338e,Green Pear Cafe,142.1,38.5
rejected,Q45034316,Empire Theatre,60592479-5207-4a0d-8060-80c1cd794f67,Shotshappenatredds,33.4,43.8
rejected,Q45101811,New Pearl Theatre,3a37926d-d964-4740-a04a-2046c4b83c62,Area Latina Bar and Grill,137.2,44.4
rejected,Q45101822,Palace Theater,78c6ac85-f720-4970-8fa1-7fd3a244a11f,Tato Laviera Theatre,75.4,58.8
rejected,Q45101837,Paraiso Theater,284c0d35-c822-493d-be85-c17c13111971,Chocolat Palette Bakery,137.8,36.8
rejected,Q45101848,Peoples Vaudeville Theatre,8287eefc-759a-42b6-9411-7134c8fa5eda,Cecil Harlem,103.0,42.1
rejected,Q45101861,Regal Amusement Theatre,18836390-14ed-4016-966b-292b83292cb4,Brisas Del Mar,145.5,43.2
rejected,Q45101872,RKO Proctor's 125th Street Theatre,53de9aae-e3dc-48a3-a3fe-90c1159d698f,Greater Omentum And Lawrence H,101.3,37.5
rejected,Q45101884,Stadium Theatre,0f045de6-b013-4c59-8976-c7e90feede6a,Thai Super,101.1,48.0
rejected,Q45101894,Teatro Hispano,c89b26f8-2563-4afb-9521-f581a670b290,Gran Piatto D' oro,29.7,45.2
rejected,Q45101988,34th Street East Theatre,ee7955ad-f908-48b5-8697-63b784c382b4,Theater House,18.9,54.1
rejected,Q45102027,Arch Theatre,cae02821-3853-4bff-b0bd-f68c90ebfaad,Birch Coffee,145.7,50.0
rejected,Q45102039,Bay Cinema,ff8d10ae-3341-4bd9-88af-b7d0f79f0e3b,Hill And Bay,62.1,45.5
rejected,Q45102051,Loew's 34th Street Showplace,21cfc6b0-bee7-44fb-83d9-6dddf953284a,Joshua Tree,130.1,46.2
rejected,Q45102067,Regent Theatre,542b99e1-040e-4559-b306-f0592a8ae48b,Street Taco,118.7,56.0
rejected,Q45102082,Star Theatre,23e6ca75-3999-442b-9d0a-2a9d1bb5a20c,Tea Time,85.7,50.0
rejected,Q45102096,Superior Theatre,13f7bf37-8b26-4e96-8468-825a657b8e76,Broken Spoke Eatery,22.6,45.7
rejected,Q45102106,5th Avenue Cinema,9ae344af-7a65-4530-93a3-946273aaf536,51 5th Avenue,93.3,66.7
rejected,Q45102119,Academy of Music,f0984141-8eb4-4c99-9adc-17bc3cf28b3d,Academy of Music (New York City),83.2,69.6
rejected,Q45102130,Acme Theatre,9b07b9a8-ae20-4eec-a378-96a5ff900d92,Daryl Roth Theatre,145.5,60.0
rejected,Q45102145,Carmine Theatre,a5689988-c841-4c27-966a-804ee757ef83,Minetta Lane Theatre,140.9,74.3
rejected,Q45102166,City Theatre,e9f6e857-b5c3-48dd-95ef-5d30bf36bd0a,The KnJ Theater,148.5,60.9
rejected,Q45102178,Crystal Hall,4054244d-2ec3-4ed0-885d-706ce55c7e02,The Halal Kitchen,63.5,47.1
rejected,Q45102531,Lincoln Theatre,6333cbdb-b0e9-42d5-ba33-5ea017d2a7bf,Golden Krust Caribbean Restaurant,150.0,37.8
rejected,Q45102543,Loew's 7th Avenue Theatre,838274ba-e8db-486b-bc2b-38c05847b343,A Taste Of Seafood,124.8,46.5
rejected,Q45102548,Loew's Victoria Theatre,d77162cf-2d6b-4f9f-91ea-a3cdb144b6ca,The Victoria Theater Restaurant,10.5,76.9
rejected,Q45102556,Maysles Cinema at The Maysles Institute,a30e779a-897e-43fa-bc97-9d472a9cf49b,West Harlem Group Assistance,129.4,41.8
rejected,Q45102562,Morningside Theatre,66199d38-a0cb-48ef-9622-9e9f2e9b76b8,Streetbird Rotisserie,36.6,50.0
rejected,Q45102560,Mecca Theatre,df3e41ef-b610-4471-a53b-8d2127f3a898,Bixi Harlem,67.7,41.7
rejected,Q45102569,Mystic Theatre,5b30afc0-b9aa-4d5d-9cba-92abe7c1f90f,The Harlem Aesthetic,125.5,60.0
rejected,Q45102579,New Douglas Theatre,b138847e-f0c5-46ab-b771-1c4065f79a0b,The Bomb Shelter,71.4,38.7
rejected,Q45102592,New Regent Theatre,8f4406eb-6bce-4bae-943a-d8b30b402126,Green Lane Coffee,118.4,51.4
rejected,Q45102604,Odeon Theatre,26640e1e-fc26-4da2-87fc-42935151f7c9,Parfect halal food,133.7,45.2
rejected,Q45102615,Regent Theatre,bdd16a28-5d18-4eff-805d-5a9f70ab4566,Necie Treats,60.2,53.8
rejected,Q45102629,Renaissance Theatre,9855f537-f7a1-49d9-b73f-89a8496b144d,Olive Garden Italian Restaurant,113.1,46.2
rejected,Q45102641,Reo Theater,49761d1d-914e-4f42-b5a1-e2e4e4938220,Taco Bell,72.4,40.0
rejected,Q45102655,Roosevelt Theatre,55df6d85-310e-4290-9e54-ee4738b492c1,The Green Parrot,64.2,41.4
rejected,Q45102666,Sunset Theater,0858daa0-d482-4725-8a41-bd22544c67ca,Serengeti Teas & Spices,148.7,45.7
rejected,Q45102678,Dyckman Theatre,5ce20265-2324-4f17-99c5-d42d785761d9,Anchor Heights,65.8,41.4
rejected,Q45102691,Houston Theatre,7a60c45c-713f-4393-83a4-973d0438dd3e,Houston Street,87.9,75.9
rejected,Q45102704,Royal Theatre,d58890da-4cd5-4e78-bce6-fcfa5697eaea,Breather,143.8,57.1
rejected,Q45103399,"Criterion Theatre, Broadway & 44th",033953b6-71d8-440f-91f1-3c36fe240c31,Broadway Bar Marriott,131.2,61.5
rejected,Q45103507,55th Street Playhouse,0989f258-466e-4c66-8939-7ecc2b4d5d00,Steak Street,115.5,54.5
rejected,Q45103520,777 Theatre,eed6b867-224e-4c39-ab1f-0c7dc616683a,St. Luke's Theatre,133.6,57.1
rejected,Q45103532,Adonis Theatre,592987b4-dad2-462a-a702-b76fb7536321,Neil Simon Theatre,120.6,68.8
rejected,Q45103544,Anco Theatre,ff0eaf35-bfa8-4584-8126-9191c8b0cffd,Apollo Theatre,54.8,76.9
rejected,Q45103559,Angelika 57,6f60fce9-491b-4708-aed7-d837a2586cf7,Lili's 57,124.9,50.0
rejected,Q45109435,Loew's Yorkville Theatre,e261427e-fdce-40e1-b78b-0b6bbd410184,Variety Coffee Roasters,95.8,46.8
rejected,Q45109445,Modern Playhouse,9fddadd2-b5f5-46ed-beff-2c06a375db7e,Our Place,105.8,56.0
rejected,Q45109458,Monroe Theatre,95171e0b-f496-44f7-abe6-653b390f9dda,Three Star Diner,28.7,53.3
rejected,Q45109471,New Europe Theatre,7772404d-b389-4295-bd32-0e8b9f40d5c7,Super Taste,72.6,55.2
rejected,Q45109491,Park Lane Theatre,f928f210-3e77-4002-876f-8d79ad32ca79,A and N Art Gallery,12.5,44.4
rejected,Q45109504,Rainbow Theatre,43ec68be-4506-4087-8c07-e30f6a2165f6,Casa Tevere,139.5,46.2
rejected,Q45109513,Superior Theatre,3290115d-8043-4c60-a1e9-ba56363c7331,Ristorante Primavera,94.3,50.0
rejected,Q45109525,Trans-Lux 60th Street,1248e3cb-255f-4647-96ff-03ab20b8de33,372 West 11th Street,115.6,58.5
rejected,Q45109538,Trans-Lux 85th Street Theatre,43a6ef3d-7453-4ef8-88f6-94d69faa4e78,Institute for the Study of the Ancient World,72.7,41.1
rejected,Q45109551,United Artists 64th & Second,54f9980c-5b34-47df-b3df-5c34e03ea858,Two Boots Pizza Upper East Side,139.3,42.1
rejected,Q45109569,United Artists East 85th Street,25463750-e961-4337-944f-a68e10aa786f,Green Garden Pizzeria,48.8,38.5
rejected,Q45109841,AMC Loews Lincoln Square 13 with IMAX,a49da2fc-3716-4fb6-b6d9-ac107ade7611,Loews Lincoln Square And Imax Theater,16.5,81.1
rejected,Q45109855,Bim's Endicott Theatre,436319a8-5df3-48ea-9711-77efb0bbcdf3,Thai Season,134.8,36.4
rejected,Q45109869,Caribe Theatre,698420db-c6ad-4aeb-af5f-230d91070d45,Empire Garden,135.3,44.4
rejected,Q45109882,Carlton Theatre,a23e3516-8ec6-424a-8fb4-a75d7aee189b,Charon Kransen Arts,98.5,47.1
rejected,Q45109898,Cinema Studio,5ff4ad0e-aef7-49c2-ac4b-fa5b085a0d2b,Peter Max Studio,95.7,62.1
rejected,Q45109907,Circle Theatre,cfb0b432-ca1f-40c0-8827-67358c777745,Center Bar,83.8,50.0
rejected,Q45109919,Colon Theatre,d20a6ece-a0e6-43f9-9dc1-ab2ae01099d0,The Consulate,82.2,54.5
rejected,Q45109933,Columbia Cinema,5900a02a-1f86-4d14-a38a-34e8c28ff85b,Cafe Roma,144.1,50.0
rejected,Q45109960,Embassy 72nd Street Twin 1 and 2,17137b92-1e6c-460e-bd8c-970590bc8c3b,Récolte Artisan Bakery and Cafe,141.2,41.4
rejected,Q49511983,Kosciuszko Pool,44434a7e-754c-4bae-87f2-31dc11caf9a3,Banneker Playground,135.7,23.5
rejected,Q49512702,Lafayette Avenue Park,dddd79cb-6b6f-4ee6-826c-4fad10fa89b5,Hunts Point Riverside Park,24.8,29.8
rejected,Q49512704,Lafayette Gardens Playground,5aa8f4ce-feba-4014-ab65-f2c564020bc5,Fan Fan Doughnuts,51.6,40.0
rejected,Q49512757,Lafayette Playground,3997c192-f6ce-413b-a7a6-e864e62479fc,Scarangella Park Basketball Court,85.4,34.0
rejected,Q49514071,Lakeview Lane Park,9348a44f-56d5-437a-985d-7bbbebe24928,Lakeview Lane Playground,64.3,81.0
rejected,Q49515913,Lentol Triangle,72690573-ffbb-42d8-a5c2-4cd0b1c81305,Heritage Foundation For Preservation Of Dba Avoyseinu,118.4,29.4
rejected,Q49515985,Leonard Square,e1a4ca72-0830-4147-afd6-65a82d5d2e55,Sea Pearl,101.9,52.2
rejected,Q49518401,Livonia Playground,a185cea4-41b7-4414-8486-e197ff1cf1f7,Livonia Park,12.3,73.3
rejected,Q49518804,London Planetree Playground,246ceac9-cf7d-4b55-af46-de2794ef2a14,London Planetree Skate Park,8.0,66.7
rejected,Q49519067,Longfellow Gardens,17c03b87-a144-4a64-97ed-c9b1d27caa71,Gotham Seafood,77.5,31.2
rejected,Q45103572,Arena Theatre,1295e218-1b1e-4fe1-9050-960d6ceaa46c,American Airlines Theatre,134.0,63.2
rejected,Q45103583,Arrow Theatre,ac858bd9-ea45-41fb-8782-b1a86cfe2824,Argosy Book Store,88.2,46.7
rejected,Q45103597,Avenue Playhouse,8378c9e1-7f8f-4b5b-9d8f-30baff61b865,Aj Maxwell's Steakhouse,134.7,46.2
rejected,Q45103605,Avon 42nd Street Theatre,9b25039f-8e56-4ccc-9d62-eb7649d6efb7,Stephen Sondheim Theatre,91.3,62.5
rejected,Q45103621,Belmont Theatre,ee8eb351-db3c-494a-99eb-e46f34018790,Cort Theatre,84.3,74.1
rejected,Q45103635,Beverly Theatre,af1b0bcd-8e26-439f-a7cd-6686a3348631,Barolo East,142.7,53.8
rejected,Q45103663,Big Show,7daf4bba-0400-4902-ad32-3a460d4fff59,The Carriage House,99.6,45.5
rejected,Q45103674,Big Top Theatre,00f015bd-b292-4a67-a679-92a38659adfc,Sage Theatre,101.1,66.7
rejected,Q45103687,Bijou Theatre,b8f062e4-28da-43fc-8595-5db266d199ec,CAT Youth Theatre,119.6,53.3
rejected,Q45103704,Bryant Theatre,3b91fe98-ea53-4649-8d57-b49185b901f2,Three Bryant Park,80.1,71.0
rejected,Q45103723,Capri Cinema,f6f0dd30-ce64-4103-98fd-64b59055864b,Cantina Latina,145.2,53.8
rejected,Q45103738,Cine 42,c51b0d5d-a104-471b-8969-22e96fd4dba3,42 West,24.3,57.1
rejected,Q45103750,Cinema 3,85c76a59-bfa9-4899-b5e1-0e6d5f05cde5,Cucina 812,133.6,55.6
rejected,Q45103762,Cinema 49,9fc568e1-54f1-4982-8e71-681a52e9e171,Emerald City,125.4,47.6
rejected,Q45103775,Circus Cinema,2fed95dc-3c6c-49e6-9f04-1416d3ae1c1d,Perfect Crime,115.4,46.2
rejected,Q45103790,Columbus Theatre,2293b2a7-3a91-4456-a6cd-bbbbb391f3fc,A Voce Columbus Restaurant,75.0,64.5
rejected,Q45103801,"Criterion Theatre, 1514 Broadway",033953b6-71d8-440f-91f1-3c36fe240c31,Broadway Bar Marriott,128.8,61.5
rejected,Q45103814,Crown Gotham Theatre,a4d4ec04-e394-4a84-8e87-ad271069faa2,Oriental Pearl,111.0,47.1
rejected,Q45103826,Directors Guild of America Theater,fea3057d-0f2d-4b20-8a10-7065dbe7b176,Tectonic Theater Project,105.4,55.2
rejected,Q45103841,Doll Theater,ee8eb351-db3c-494a-99eb-e46f34018790,Cort Theatre,94.8,66.7
rejected,Q45103853,Drury Lane Theatre,7fbe81bd-faf0-44cf-8ebc-c1d93fe5dcfe,Theater 86,106.5,50.0
rejected,Q45103866,Eastside Cinema,d855343d-65a5-4198-b517-5b8af86a3f81,East Ocean Chinese Fast Food,103.8,55.8
rejected,Q45103877,Elysee Theatre,81d8a6e3-fe35-4989-a642-c4dc0dfaa2d4,Central Park Theatre,84.3,58.8
rejected,Q45103893,Embassy 1 Theatre,0d077ff1-3c05-4408-8ab3-8791a1ad28d2,Lyceum Theatre,97.4,64.5
rejected,Q45036659,Apollo Theatre,9b7aa2c1-105a-42f9-be0b-16b14fd9e713,Dragon Sea Restaurant,129.4,41.7
rejected,Q45036666,Avalon Theatre,fedd9198-283a-4ed8-9db5-3cddc9749f12,AA Chinese Restaurant,116.9,50.0
rejected,Q45036672,Burnside Theatre,12bb477b-5ea7-45e9-bdec-030a23a9bd38,El Caridad Burnside,54.8,68.6
rejected,Q45036682,Crotona Theatre,616f2733-0cce-4a89-9982-2662aff37317,Tosca Cafe,74.3,30.0
rejected,Q45036686,De Luxe Theatre,c94c630f-99bb-4965-bd5f-f423688b5125,Garden Gourmet Deli,30.0,41.2
rejected,Q45036692,Devon Theatre,20dd9664-dd61-4132-b516-ddc631405e9f,East Tremont and Anthony,139.4,48.6
rejected,Q45036699,Kameo Theatre,7636fcb9-1da5-46ef-a6ba-b502ec3fc694,El Diamante Restaurant,33.9,41.7
rejected,Q45036706,Loew's Elsmere Theatre,a8c7d1e2-2d62-4145-8505-b0e1b839b21c,Coinstar,113.7,33.3
rejected,Q45036711,Loew's Fairmount Theatre,3a3f9cbb-a180-41be-a55a-580ef5918787,Alex's Tacos,109.8,44.4
rejected,Q45036717,Metro Theatre,8bb10ef1-fe23-4d69-9c07-b02657045632,Webster Event Hall,83.8,45.2
rejected,Q45036724,Oxford Theatre,f5e72592-efcd-4079-a806-9c882f68705a,Transporte Cruz,63.3,41.4
rejected,Q45036732,Ritz Theater,54d27896-f4be-4ccf-a427-80be02f7eb6b,Calle 180–Bronx Park,76.4,31.2
rejected,Q45036737,RKO Chester Theatre,eb259567-5435-42d3-9865-e0d8064f9f1d,San Merrys Park,119.5,41.2
rejected,Q45036743,Vogue Theatre,892b4ec3-f6c1-45f7-ba72-527c36259e4f,Yaque River Lounge,132.4,41.7
rejected,Q45036751,Circle Theatre,287564f6-a48d-4236-80c9-72fba424a558,Circle Pizza,95.6,61.5
rejected,Q45036765,Loew's Grand Theater,c8f56379-d599-4030-ab5f-fe8562d84574,Loco Sam Furniture,23.3,42.1
rejected,Q45036771,University Theatre,d732ec66-6a7f-4727-be76-d7b625c3691d,Checkers,48.5,38.5
rejected,Q45036779,Riverdale Twin,f562bf77-fb12-482a-838b-67c1405e6361,Riverdale Bagels,92.7,60.0
rejected,Q45036783,Craft Theatre,9e79dc54-2eab-41d7-b673-7f384de7f8d9,New China Garden,123.3,41.4
rejected,Q45036790,Wakefield Theatre,437d1b8a-2ddf-4b2f-a4d7-b3f3aea1f47d,Sweet Sensation,92.4,43.8
rejected,Q45036796,Laconia Theatre,6bdc78c5-0c62-45da-826b-63a46413e463,La Taza,86.9,45.5
rejected,Q45036804,Loew's Post Road,9e45f125-a6e9-4d21-8777-91f976d49a09,Bambino's Best Pizza,25.1,44.4
rejected,Q45036808,Melba Theatre,f7b3c0f3-570c-469e-800c-726f362547d3,El Valle Restaurant Bar,95.2,43.8
rejected,Q52430652,Newark Riverfront Park,4119a684-f3bf-4d9d-8c49-a8f09f2e86b8,Riverfront Park Phase 2,16.9,75.6
rejected,Q52561067,Tribeca Dog Run,b70d767b-5d12-4b2f-822a-b6fcd19719c1,The Palm Tribeca,70.5,59.3
rejected,Q45036815,Allerton Theatre,a27c99d8-9fdc-4492-bdaf-3a8b0462e1f3,Allerton Diner,84.5,73.3
rejected,Q49479338,Columbia Park,fd8ac891-b195-4a08-b098-e29a549ba97d,Schuetzen Park,130.6,29.6
rejected,Q49479405,Columbus Park,24b41072-30ba-4bdd-8ff3-766fbf3ffeaa,Christopher Columbus Park,58.4,68.4
rejected,Q49482105,Davis Johnson Gardens,5d9497d6-3e04-4419-b167-ba523b933042,Davis Johnson Park and Gardens,28.8,82.4
rejected,Q49482336,Dean Park,0665d0e8-1dc9-43a6-b931-1241af83c648,Auntie Anne's,129.6,36.4
rejected,Q49482530,Q49482530,85c80dad-d483-4677-a334-0ed97ef39eca,372 Market Inc,70.6,8.7
rejected,Q49482534,Dekovats Park,04b9adea-a843-4ec3-81ba-bead2e058a84,DeKovats Playground,26.8,75.0
rejected,Q49482893,Derosa-O'Boyle Triangle,6b8169d3-b231-4494-a663-2b9b01ca0557,Banbro Inc.-sba Small 7a Term,40.7,35.3
rejected,Q49482955,DeSilva Memorial Field,b75a0b01-970c-4253-a23e-b11c5cb11ab1,Sun Yat Sen Memorial Hall,116.7,46.8
rejected,Q49483385,Ditmars Park,0bb45849-8f5c-47bd-8c89-e9dbbea1b371,Las Patronas,148.6,50.0
rejected,Q49483480,Dr. Charles R. Drew Memorial Park,4b6a6e08-af65-45cd-ba46-fc0d1722bd4a,Dr. Charles R. Drew Park,17.6,83.0
rejected,Q49483510,Dr. Martin Luther King Jr. Park,998ff117-2769-470e-b96b-34ef9529660c,Martin Luther King Jr. Playground,11.2,82.0
rejected,Q49583990,Zimmerman Memorial Playground,ac6a5d4c-8596-4b43-bb04-39e0755bc270,Zimmerman Playground,39.3,81.6
rejected,Q51281657,P.P.O.W Gallery,d7072cd4-633e-4166-b839-645e694bdb85,PPOW Gallery,9.4,81.5
rejected,Q54263910,Vici Properties,e5e0483a-3867-45c6-ad56-4337da509f1e,Caffe Taci Opera,46.0,45.2
rejected,Q54933032,Pershing Square Signature Center,e900d972-324b-4fc8-bb00-590250c51416,Signature Theatre Company,22.7,59.6
rejected,Q54933041,Theatre Row Building,445d64de-f87d-47d4-9bcf-26e296c6901f,Theatre Row,2.7,71.0
rejected,Q56772754,World's Fair Music Hall,7eb58e46-8dcd-4dc1-926f-1594b2f5fe9c,Flushing Meadows Corona Park,124.9,39.2
rejected,Q56842503,Henderson's Music Hall,e7c52350-3bce-4e48-9fd5-e216382512cc,Auntie Anne's,50.3,45.7
rejected,Q54954355,Club Zanzibar,12062ad5-ef48-4c47-9c82-b6c67910c1b5,Broad Street Station Plaza,75.3,30.8
rejected,Q55400193,49th parallel,7ed42dab-8f1a-4be7-b686-def46f5fdd7e,Hiroko's Place,104.1,37.0
rejected,Q55608459,Cote,c728ac0d-8bfd-4fb3-bcaa-9ba62c986531,Undercote,17.5,61.5
rejected,Q55621410,Lucciola (Italian restaurant),d8a63f8c-e82e-4a13-bd20-6a77aca4c029,Lucciola,12.0,66.7
rejected,Q55633804,St. Nick's Pub,a0cf83f8-4392-41bd-b8fc-5234f157caea,Devin's Fish & Chips,105.3,38.7
rejected,Q55637603,WhiteBox (arts centre),0ebc6e91-2dd6-4311-b2f9-5df32fe8d899,Whitebox,12.8,57.1
rejected,Q56273725,Pyramid Club,a96dbfaf-9724-41f3-ab10-d1b6a733d1ad,Club Cumming,61.4,58.3
rejected,Q56668917,Guggenheim Bandshell,47f73748-3dc9-4305-9f88-e960b94aac70,Damrosch Park,85.0,24.2
rejected,Q56843124,World's Fair Pavilion Theatre,54b96991-6a7d-4530-b15c-7cb9fe085efb,International Tennis Hall of Fame & Museum Gallery at the US Open,18.1,37.0
rejected,Q56843694,Montauk Theatre,98a8f8cb-a132-407c-ada3-36ed4729e4bf,Kadamba Kafe,125.0,37.0
rejected,Q45109482,Park & 86th Street Cinemas,70b97d40-760a-455c-977c-f5dfc8d28d65,7th Street Burger,107.1,58.5
rejected,Q60771978,Duplex Cabaret Theatre,57998a90-ae81-4fa3-b3d6-e8e389b0ec99,Radiotheatre,126.3,52.9
rejected,Q60786714,Daly's Theatre,4562f378-d8d4-4c0a-bb32-00c9ba1ca54d,Treasure Art,139.9,53.8
rejected,Q63869721,American Folk Art Museum Midtown Building,0d98a1c2-67a4-43a3-8e86-087ff0eac3e6,"Ikrg - Midtown West, Llc",121.1,48.4
rejected,Q64025756,Kips Bay Brewing Company,0f2aa373-35e6-4944-828c-5752be490e52,Highland Park Modern,141.8,36.4
rejected,Q65058239,Lynch Triangle,4c87212e-e11e-4df0-9ddc-ed55b6370be3,siembra llc,75.0,40.0
rejected,Q65062063,The Village Den,8c022d9c-5bd7-4af1-8f69-a88d0e2659b1,Cole's Greenwich Village,46.8,57.1
rejected,Q127324353,Mount Eden Malls,7136c8b1-657f-4522-82b9-65e4342469d3,Mt Eden park,76.9,50.0
rejected,Q128811934,Neary's,4528b447-c041-4c0a-b98d-20c0a5d34752,Sushi Ginza,123.5,44.4
rejected,Q129964296,Costello's,b3cd117e-1d8b-4f34-a0cd-81d6365c80d1,Luke's Lobster,85.9,58.3
rejected,Q130232375,Regine's,f31b914b-12ec-4c32-b1e5-cb8d7c20b11b,Green Cafe,133.5,46.2
rejected,Q130326844,Germania Theatre,aeca75b5-a42f-4461-8dc3-aa1469c9e656,Grandpa Thai,84.2,64.3
rejected,Q130330423,Ro's Diner,51ad8462-d059-4748-9458-c6867121ac8a,Danny's Pizzeria,121.1,46.2
rejected,Q130333483,HARPER'S,0869e152-9687-4790-a5ea-92b7f102f4c7,Harper's Chelsea,96.7,66.7
rejected,Q130333480,Kapp Kapp Gallery,55b33ccf-d67a-4ea4-a063-a69ebba656f4,Kapp Kapp,4.0,69.2
rejected,Q130333508,Lyles and King,a61d34cf-cf05-4d23-ab22-f851e2650551,Lyles & King,13.3,83.3
rejected,Q130348690,Gern En Regalia,bfe13ac8-30d0-4945-9363-fe5cece94c18,Henry Street Gardens,72.4,45.7
rejected,Q130358750,Mercury Store,150a4a98-4358-4f83-af31-b77767b61050,Trestle Gallery,40.0,50.0
rejected,Q130421420,Lyons Pool Recreation Center,29fa5bef-da91-4a49-afbe-fd5bd1053045,Minthorne Street,114.5,40.9
rejected,Q130750975,Linda Gross Theater,62013294-acc9-48f3-be53-5d9829624bfe,Atlantic Theater Company,9.8,51.2
rejected,Q130917369,Greenwich House Theatre,522d8bea-764b-4708-9472-7985f1f6329d,West Greenwich Village,128.4,62.2
rejected,Q130918118,Atlantic Stage 2,25fdd4d2-de72-4905-9163-607323924cdb,Atlantic Theater Company Stage 2,8.1,66.7
rejected,Q130935075,312 West 36 Street,0011f1bc-e1bd-4e31-afdd-5fb89653cf45,Gastro At 35,116.5,40.0
rejected,Q131155961,Theatre 79,b9abeecd-a477-4522-8cbf-3d5f98f31dd3,Duo Theatre,63.7,76.2
rejected,Q131155996,Fourth Street Theatre,a5323693-2d0c-49df-b8e4-9e388fbfeef5,The Ellen Stewart Theatre,61.2,61.9
rejected,Q131282241,WP Theater,78444948-70c4-4011-b62f-c7f5ec32e9c0,Women’s Project Theater,27.7,54.5
rejected,Q131282271,BAM Howard Gilman Opera House,525df634-5a44-4fe9-a26e-ab8873ddf9b6,BMS Playhouse,96.0,47.6
rejected,Q131296130,Théâtre XIV,15d0ac9b-a82c-4501-a634-43b31c898373,Mami Arepa,138.0,38.1
rejected,Q134651026,Resorts World New York City,11b47ef9-b0fc-4d98-8c67-c8675d2500d0,Resorth World Casino In Rockaway Queens,42.8,54.5
rejected,Q134699275,Restaurant Laurent,a9ea0269-e610-4b74-9500-53a70bd38213,Murano Ristorante,37.2,62.9
rejected,Q135778229,The Brooklyn Monarch,26795fe3-3205-469d-a395-1e166a612356,The Commons Theater,117.4,38.7
rejected,Q136306634,Mother Courage,9de1402b-82c1-4266-a8b4-e5f8a928c5df,Canto West Village,133.5,43.8
rejected,Q136720716,Cultural Museum of African Art,5ec19122-d5df-430f-b3c3-fdbac0d91685,Copacabana Seafood & Brunch,142.1,36.4
rejected,Q136933202,Les Deux Mégots,9761cb7f-69c9-4300-a1d0-fadbebc7255c,Beetle House,84.8,44.4
rejected,Q137216934,Jōji,5d1a58e0-bd79-4205-9200-cc2112d76a61,Joji Box,8.2,50.0
rejected,Q131382414,The Public Theater building,c67a8d2c-05f5-42a0-876c-b606828729f8,Joes Pub-Nyc Public Theatre,40.6,60.0
rejected,Q131430562,Spazio Amanita,cc139e94-eec0-46ce-9bc4-fa8a5658e77e,Amanita,14.2,66.7
rejected,Q131430566,Theta Gallery,a57b49a2-2ea3-4fe1-8e73-b060d74d5bb2,Cheryl Hazan Gallery,145.4,60.6
rejected,Q131430569,Canal Projects,216c6622-2612-41a1-9241-b5cb1ff71218,Tribeca Canvas,138.5,57.1
rejected,Q131430574,Someday Gallery,8a02bbde-5a45-4d1a-bac3-a771d11e37ca,Hionas Gallery,93.9,69.0
rejected,Q131686881,The Modern,429884c1-8f4f-4909-823b-9de451d987a1,MoMA Teens,40.9,50.0
rejected,Q131755590,Second Stage Theater building,1295e218-1b1e-4fe1-9050-960d6ceaa46c,American Airlines Theatre,123.8,55.6
rejected,Q131927719,Martinique Theatre,7a6d87d0-8c1b-4969-ae97-aaf08ef7132d,Martinique Cafe,26.0,71.4
rejected,Q131939956,L10 Arts and Cultural Center,5df727b5-9e1c-48d4-9e27-81f71f824364,"BAM Cultural District: Brooklyn, NY.",58.6,45.9
rejected,Q132069481,Ichimura at Uchū,322e66f6-3caf-4a5a-9af3-4b2a0bd510cf,Una Pizza Napoletana,143.1,38.9
rejected,Q133458817,Southpaw,e12be0f1-0635-4f36-88d2-d862b4e58571,The V Spot,97.2,42.9
rejected,Q133500561,Bowery Electric,ccb26ce3-5f99-401c-b54b-d1055259f840,Kettl Tea - Bowery,105.9,64.5
rejected,Q133699404,Sbarro restaurant - Times Square location,2bd5fc87-b7cd-4c6e-867d-57fc6c20cb19,Sbarro 47st. At. Times Square,147.9,72.7
rejected,Q133728686,Rough Trade NYC,57afbc65-fa15-4c6a-b0ec-377c09718d4f,Cafe Mogador,127.3,44.4
rejected,Q133819907,Sugar Hill Bistro,2c2393ed-68f4-4837-8eda-42443e87c5cc,Sugar Hill Cafe,131.6,74.1
rejected,Q133867063,Plaster Casts at the Institute of Classical Architecture and Art,54d4db6a-5697-4141-bfb0-a0bb8028de18,New York Botanical Garden Adult Education Department,30.3,39.7
rejected,Q133968719,INTER,36792774-00f7-49e5-9c7b-28981487a497,INTER NYC,23.0,71.4
rejected,Q139575439,Ridgewood Presbyterian Church,5cdadae9-15f0-4e1e-a901-0e98558b703c,Cream Ridgewood,42.0,63.6
rejected,Q139761280,Noksu,edacefb5-f3c0-4e0d-9bfd-5f4644e633d1,Nōksu,6.2,80.0
rejected,Q139761851,Chalong,1c30761c-7b0d-47b7-bba0-0765c57b657c,Chez Napoléon,67.1,60.0
rejected,Q139850790,Brooklyn Theatre,4495ffb7-8678-4eff-8a1e-5e40b62d0698,Personal Space Theatrics,109.4,50.0
rejected,Q140011480,Tenth Floor,77111964-7ce2-4d64-99c9-1c9dfbdff6ad,On The Go Cafe,77.7,50.0
ambiguous,Q140033023,Andrew Kreps Gallery,eb3eda7b-ac64-4976-a41a-b5ddf049712f,Andrew Kreps Gallery,4.3,100.0
ambiguous,Q140033023,Andrew Kreps Gallery,36a47c5d-b08b-4d54-8e55-f0f2e0e81ab1,Andrew Kreps Gallery,3.9,100.0
rejected,Q140263416,Clara Coffey Park,e4d208f9-f726-468c-ae0e-f75463ba81a8,La Majolica Llc,132.6,37.5
rejected,Q49547878,Ramirez Playground,665e1665-e3cc-4753-ab59-9a32721e840d,Justice Gilbert Ramirez Park,14.3,47.8
rejected,Q49551661,Riverview Park,d8c2317b-db36-4dbe-ba8c-adc3088d7186,Riverview Fisk Park,30.1,84.8
rejected,Q49551919,Robert Allen Field,98ad793c-9228-41a1-94a0-3842045c4b54,Puerto Vallarta Restaurant,122.6,30.3
rejected,Q49555857,Saint John's Park,b67decac-24b0-4243-a177-f6e0b442ed6e,Behr Thyssen,105.3,41.4
rejected,Q49555881,Saint Johns Park,b3f7e205-7b3d-4b88-a1de-a77d5d8731a9,St. John's Park,29.1,80.0
rejected,Q49506345,Jacob Joffe Park,6abd518d-c1d8-44c4-b593-e9dfe4066eda,Jacob Joffe Fields,37.3,64.7
rejected,Q49506602,James J Byrne Memorial Playground,e3900719-1549-44da-9085-a31ddc220287,J.J. Byrne Playground,36.7,75.5
rejected,Q49506828,Jardin Criollo,1337bf0b-1071-4cc2-99b9-8e1d2d7c5b88,Cocina Latina,145.7,44.4
rejected,Q49507214,Jefferson Field,0dc061fd-e30d-4ed3-83c3-5cb2b7af578c,Ujima Garden/Slow Food NYC Urban Harvest,90.5,29.1
rejected,Q49507284,Jefferson Park,41275d30-e4a2-4cb6-9505-65d7610c46b9,Thomas Jefferson Park,13.8,80.0
rejected,Q49507600,Jesse And Charles Dome Playground,2062cc53-9d22-42d8-9ec3-7b5485b71357,Dome Playground,6.1,62.5
rejected,Q49508050,John D'Emic Senior Memorial Park,a5757833-cc02-4e06-a44d-a30d2d5b0285,D'Emic Playground,7.3,44.9
rejected,Q49508083,John E White Playground,a21a740e-3dbc-4753-ae3b-4d241a9bf011,White Playground,50.7,82.1
rejected,Q49508232,John J DeLury Senior Plaza,dd4b9afa-10d1-447e-aeb7-ce34f7f34498,DeLury Square,9.9,46.2
rejected,Q49508330,John R Brown Triangle,83aee4ba-d7fb-463c-ab8f-d1b5a4375736,Restaurante GORP,42.9,43.2
rejected,Q49508725,Jones Park,4fd4c0d0-e122-4968-9694-7a8f8e868369,Enos Jones Park,21.5,80.0
rejected,Q49509938,Keltch Memorial Park,63493d8e-8f57-4180-9fc2-35a969e6278a,Chipotle Mexican Grill,95.3,38.9
rejected,Q137739196,Ho Foods,89fc0788-a27e-4d84-a1db-8d6494dc28ed,Hop Devil Grill,130.4,47.1
rejected,Q137739232,Uluh,98b978a7-4d29-4fa9-af82-f691e9a49b4c,Sushi Lab,144.6,46.2
rejected,Q137861277,Teixeira's Bakery,21f4d64e-d74e-4963-b58c-62d18e40821c,Doce de Leite Cafe,130.0,40.0
rejected,Q138318119,Lafayette Square,3a65c063-daa7-4b85-913e-6f4c7cc938f9,Mustard Indian Eatery,141.4,37.8
rejected,Q138544011,New York Life Gallery,d6feb207-17ef-4dea-bfec-c3bb03f8813a,Island | Gallery,138.1,57.1
rejected,Q140328905,The Handpulled Noodle,8d1a7c76-6010-44df-b96e-324f0e9cdd5e,The Handpulled Noodle - Harlem,16.1,82.9
rejected,Q13689,The Battery,f7c682de-bc15-4ed9-842c-ecb6af16b3cf,The Battery Oval,98.6,73.7
rejected,Q49263,Harlem Alhambra,3a494be7-6702-4783-a943-74274b25819a,Harlem Lanes,25.8,44.4
rejected,Q45101460,Daly's Theatre,f6d806ed-4083-4f30-90f4-4a458b44a7e5,Sharif Halal Food,95.7,51.6
rejected,Q45101473,Greeley Theatre,b8f062e4-28da-43fc-8595-5db266d199ec,CAT Youth Theatre,79.5,50.0
rejected,Q45101485,Greenwich Theater,25fdd4d2-de72-4905-9163-607323924cdb,Atlantic Theater Company Stage 2,143.3,44.9
rejected,Q45101500,Pastime Theatre,a9cbfad9-a301-44ea-831b-c0516ca99506,Kasteli Market,145.3,55.2
rejected,Q59468,Neue Galerie,a8320931-9e32-4381-88b4-f5ac2f6e02f0,Neue Galerie New York,7.8,72.7
rejected,Q63751,Rubin Museum of Art,2e92a3d7-8481-44fd-afd0-7e5f8b77cd32,Rubin Museum of Himalayan Art,5.8,79.2
rejected,Q45101514,Penn Theatre,c265ed49-2e51-4321-8298-08186d9aa802,Magnet Theater,147.9,61.5
rejected,Q45101540,RKO Proctor's Twenty-Third Street Theatre,db4fed27-57d0-43e5-b580-a9fa02f611f5,Irish Repertory Theatre,100.9,46.9
rejected,Q45101554,S.V.A. Theatre,f9ae210a-76f4-4deb-8348-6adc01c221a3,SVA Theatre,11.7,75.0
rejected,Q45101566,Terrace Theater,f9ae210a-76f4-4deb-8348-6adc01c221a3,SVA Theatre,57.2,61.5
rejected,Q45101577,Village Theatre,36a314f1-c23c-4cfd-97ce-7b98739164de,Castellain Gallery,137.0,48.5
rejected,Q45101588,Weber's Theatre,4562f378-d8d4-4c0a-bb32-00c9ba1ca54d,Treasure Art,130.7,44.4
rejected,Q45101603,Governor Theatre,f0953c55-c081-4b96-bdc5-0dac5ad6798c,Three Roosters,83.3,53.3
rejected,Q45101616,Jade Cinema,d5a61992-d018-4f57-aa0f-9d45089ea8b1,City Vineyard,73.2,50.0
rejected,Q45101632,Music Palace,cb7a5847-6407-4dd7-b6fe-c054fd889093,Phoenix Palace,25.5,46.2
rejected,Q45101644,New Atlantic Theatre,b99757ad-1681-4a9d-8576-eeb6a6031c51,Latitude Gallery New York,127.8,48.9
rejected,Q45101654,Rosemary Theatre,ff114311-c2f2-4463-83d0-2fe2f7a9c133,The Bowery Beer Garden,74.5,52.9
rejected,Q45101665,42nd Street Cinema,e9f9fd12-92b6-4b83-b8c6-d7cbc3ce58e6,Signature Café and Bar,113.5,55.6
rejected,Q45101680,Amphion Theatre,cd550c69-1084-4972-8046-caea9e578859,AMT Theater,107.4,69.2
rejected,Q45101693,Central Theatre,bfbcd650-3cb5-48c0-8523-07ec50f2c3a9,Chanpen Thai,57.0,51.9
rejected,Q45101703,IndieHouse Cinema at the Producers Club,77acdc98-456e-474f-92fa-e205b61cae31,Producers Club Theaters,9.5,58.1
rejected,Q45101732,New Yorker Theater,099bf3b2-5041-4d24-abc5-3961ace7b3a7,Working Theater,48.2,66.7
rejected,Q45101746,Playpen Theatre,7a1ca5f6-cd8e-410c-804e-e9237742ced3,The Hayes Theater,147.6,71.4
rejected,Q45101761,Royal Theatre,513f62fa-b66f-4686-818c-2424405f58c4,Hotel Gerard,87.6,48.0
rejected,Q45101772,Union Theatre,5340572c-fe57-457f-a432-0696ca2efa47,Emotional Creature,91.0,58.1
rejected,Q45101785,Cosmo Theatre,5ac1d425-4931-459f-8e03-465a4c22ad79,Hole in the Wall,90.3,41.4
rejected,Q45101795,Harlem Grand Theatre,53de9aae-e3dc-48a3-a3fe-90c1159d698f,Greater Omentum And Lawrence H,92.0,44.0
rejected,Q49519518,Lou Gehrig Plaza,d145bc99-0147-4787-ab67-364237f9f2ab,Bronx Lala Pizza,111.0,43.8
rejected,Q49519586,Valentino Pier,0f735071-c95d-4bda-9da4-79c71c47295c,"Louis Valentino, Jr. Park and Pier",15.9,60.9
rejected,Q49519855,Lower Forecourt,6924639c-178b-42e3-8f0e-53ba59387097,Bento Sushi,101.4,23.1
rejected,Q49519987,Lowry Triangle,5d43d671-7cf0-4d95-acbd-f427d3e48ce9,Ortine,61.6,60.0
rejected,Q49520248,Lynch Triangle,ffc32165-e63c-4b07-b007-a0e6a9329586,Francis M Black LLC,149.2,42.4
rejected,Q49520268,Lyndhurst Municipal Park,95cb3f03-c39e-4087-a096-d13b88e779ae,Lyndhurst Sprayground,67.7,57.8
rejected,Q49520470,Mackay Park,dc7bae7d-5276-4d08-9b7c-c80c5800a7da,Englewood Recreation,126.3,12.9
rejected,Q49520495,MacLaughlin Playground,423bdff0-a82e-4310-be75-b94cccdbb06e,Tin Marin Tapas,130.5,43.2
rejected,Q49520639,Madison Park,4c3b1ea7-8ad3-4dd0-a815-65118ade61da,Madison Street Park,12.5,77.4
rejected,Q49520655,Madison Square Park,01cab8dc-5abd-4190-bb99-3ab1ff8da441,Eleven Madison Park,133.5,63.2
rejected,Q49520957,Major Barrett Triangle,3b802f77-b3e1-4ebf-8b90-90d614321346,Enoteca Maria,137.3,45.7
rejected,Q49521253,Manna Park,c9ac51b7-ce36-465a-be8e-d1bc2ff2fc2a,Whiskey Hideaway,87.9,30.8
rejected,Q49521339,Manuel De Dios Unanue Triangle,5c4b131c-c4dd-438c-b0c9-3bd8a33fe271,Los 3 Potrillos Restaurant & Bar #4,56.7,41.9
rejected,Q34855116,Pelton Field Park And Playground,4175ebc9-7c27-41d9-af49-ff6590d07662,Pelton Park,124.9,51.2
rejected,Q34855156,Penn Triangle,0301e4b7-a920-457e-8f42-6d3bdd153bda,The Big Grill Avenue,61.5,41.4
rejected,Q34855815,Real Good Park,632d42c2-be39-4123-8923-e94b36022f3f,Baskin Robbins,68.2,28.6
rejected,Q34856293,Reinhard E Kaltenmeier Playground,e9b7bbf7-140d-43aa-a9f8-c5cdaec8737d,Montalbanos Pork Store & Italian Food Specialties,128.5,35.0
rejected,Q34856778,Cooper Park,e4c7105b-16ee-4b48-a00b-fc15ace44def,Cooper's Pond,108.0,66.7
rejected,Q34857147,Rienzi Playground,607605a7-141c-4d04-a215-3e0b63aaad7b,Lin's Garden Restaurant,131.5,41.4
rejected,Q34858736,Roosevelt Triangle,be38552f-e045-451c-a4b9-4a08f31d58d3,Faison Firehouse Theater,137.6,38.1
rejected,Q34858817,Rose Hill Park,f88278f4-ca26-46e8-852b-40f1dcefe2ae,Martyr's Lawn,112.3,44.4
rejected,Q34859226,Ruoff Triangle,e9b2d066-9653-40e1-8cb2-dbb9349547d0,Western Union,130.6,44.4
rejected,Q34859396,Rutherford Memorial Park,f8f96faf-9f28-4174-8d8a-427d39cd50ef,Memorial Park,44.8,70.3
rejected,Q34859409,Rutherford Park,18f3dcc8-a6a0-4939-90b1-55f46ca82cc4,Esti Foods,69.9,32.0
rejected,Q34859423,Ryan Triangle,65306b03-fa1f-4c9b-9853-22370443092f,Tang & Tasty Deli Grocery,62.0,38.9
rejected,Q34859702,Archie Spigner Park,e5f58ec8-5a2f-43c3-895d-5acf54fc71cd,Saint Albans Memorial Park,70.4,53.3
rejected,Q34860563,Sheltering Arms Park,0e24a0bd-2930-480d-922c-fa6cf94eee05,iPizza NY- Harlem,113.7,44.4
rejected,Q34860825,Shipyard Park,135c6add-6b07-4556-9cf5-503c5dceea09,Shipyard Park Dog Park,100.1,74.3
rejected,Q34860840,Shipyard Piers,135c6add-6b07-4556-9cf5-503c5dceea09,Shipyard Park Dog Park,99.3,61.1
rejected,Q45104248,Peepland,15712668-5f2e-4081-b627-c61aa6243ad4,Bella Napoli,130.9,40.0
rejected,Q45104264,Penn Newsreel Theatre,415b8fc5-ce6c-453a-b8ab-2c1586283b5b,New Group Theater,83.2,52.6
rejected,Q45104277,Pix Theater,144a05e3-3ece-4098-aac3-361edf758079,Henry Miller Theatre,131.0,51.6
rejected,Q45104291,"Plaza Theatre, East 58th Street",c20e76b6-11d6-4ab3-bdfa-9fe6adb73e14,59E59 Theaters,111.8,40.9
rejected,Q45104304,"Plaza Theatre, Madison Avenue",07099069-7058-473c-bca7-6c3bf45f9be9,655 Madison Avenue,131.0,60.9
rejected,Q45104321,President Theatre,a45d6eda-57b6-408f-b3d6-81a2ebdb3b63,Lena Horne Theatre,99.9,68.6
rejected,Q45104336,Proctor's 58th Street Theatre,2b00f79f-0025-40b4-9aa6-82e7a59a939b,58th Street & Lexington Ave,19.4,51.9
rejected,Q45104349,Pussycat 2 Cinema,db5cb5fd-34c5-4084-94f3-6da3880aa398,Concerts at St. Malachy's,106.3,48.8
rejected,Q45104363,Ramrod Theatre,00f015bd-b292-4a67-a679-92a38659adfc,Sage Theatre,145.4,69.2
rejected,Q45104377,Regal E-Walk Stadium 13,af9ec692-8fc0-4e10-8ab3-9c6c4190410d,Titus Walker's Ujamaa Theater,107.2,50.0
rejected,Q45104393,Rendezvous Cinema,496b2341-1774-41f5-b7f5-ac6f9cf59743,Lou's Cafe Inc,131.4,45.2
rejected,Q45104404,Rick Nelson Screening Room,73ff5401-837f-4df1-b7e8-bd073e490d5c,5 o'Clock Somewhere Bar,130.6,44.4
rejected,Q45104420,Rivoli Theatre,193071a5-5847-415d-a593-d18e5f099a90,Ambassador Theatre,95.3,56.2
rejected,Q45104433,RKO Proctor's 58th Street Theatre,2b00f79f-0025-40b4-9aa6-82e7a59a939b,58th Street & Lexington Ave,18.0,48.3
rejected,Q45104448,Rose Garden Theatre,2fc73224-2864-47c7-a4cf-0f9c30d5a6a8,Broadway Theatre,56.4,57.1
rejected,Q45104462,San Francisco Adult Movies,8b03586c-defb-4641-ac3f-dab74f36fb79,Raising Cane's,102.5,45.0
rejected,Q57314283,Rheinland Restaurant Cabaret,77ff22bf-2290-4032-9eab-d981d50c2ef0,Wild Horse Tavern,144.0,48.9
rejected,Q57733503,Museum of Pizza,1f89ebf6-aedb-4eff-a4e3-7ad0e0bc5196,Isla & Co,63.4,36.4
rejected,Q59362813,218 West 57th Street,69234d22-4534-40e8-a1ad-af0d68ff6a4d,Stsrbucks West 55th,137.5,61.5
rejected,Q130637619,The McKittrick Hotel,b2542cba-f6f0-46b1-9453-c81777afe192,The South Terrace,16.2,41.4
rejected,Q45104475,Savoy Theatre,52aa5537-420d-450f-bac6-06271c537738,Statler Grill,83.8,50.0
rejected,Q45104490,Show Palace Theatre,84c828f1-5d23-44e1-9c76-a9401074eca2,St. James Theatre,116.9,68.6
rejected,Q45104502,Sony Columbus Circle,106f9623-55e9-4594-9296-99cc61890abb,Central Park Columbus Circle NYC,119.8,69.2
rejected,Q45104514,Stanley Theatre,519692c2-85d0-43c1-8d0c-2ec13520f32e,New Amsterdam Theatre,67.9,72.2
rejected,Q45104526,Sutton Theater,e3ad1cfd-7a49-43bd-bbfe-2b6e025c5106,Watering Hole,69.6,44.4
rejected,Q45104538,Times Theatre,4b49b54e-8c7a-4be3-83a8-25e32b0ce14e,The Times Eatery,100.9,80.0
rejected,Q45104552,Town Theatre,9b281ad8-f6ab-483d-94a0-5826a43f79ed,Chelsea Theater Center,116.3,41.2
rejected,Q45104568,Trans-Lux 52nd Street Theatre,b4bd8de8-6baf-43f4-bbf4-aa89f941abce,Lexington & 53 Str Manhattan Ny,121.9,44.8
rejected,Q45104580,"Trans-Lux Modern Theatre, Madison Avenue",07099069-7058-473c-bca7-6c3bf45f9be9,655 Madison Avenue,148.4,49.1
rejected,Q45104593,"Trans-Lux Modern Theatres, Broadway",28757f6d-554d-4ab8-b71f-1de714d89001,Vivian Beaumount Theater,104.4,55.2
rejected,Q45104603,Venus Theater,3e8967ea-e2a1-44e7-a3ef-7b0159772f37,8th Avenue,107.5,60.9
rejected,Q45104614,Waldorf Theatre,3b6c2250-cf0b-43ba-a7ef-93a33773e9ff,Roxy Theatre (New York City),77.7,48.8
rejected,Q45104626,Warners' Theatre,d8dfe306-9863-4644-a980-92cb56fee9e9,Virginia Theatre,119.7,64.5
rejected,Q45104641,Wonderland Theatre,5fa9bb4b-50be-4b2d-a15c-9aac3103b367,HFC Underground,149.2,48.5
rejected,Q45104656,World Theatre,ee8eb351-db3c-494a-99eb-e46f34018790,Cort Theatre,115.6,56.0
rejected,Q45104664,Columbia Theatre,abbe72fa-4036-4ca8-8091-895aaa8cddf5,Charm Thai,77.3,46.2
rejected,Q45104679,Nemo Theatre,53603a13-3fef-4f8a-adc8-65cf571600ae,Tea Magic,136.4,47.6
rejected,Q45104692,Brandt's Murray Hill Theatre,82e4b5a7-f13d-4352-b268-a51f54d4c556,Brownsville Roaster,47.8,55.3
rejected,Q45104706,Loew's 42nd Street Theatre,2bb4896e-be61-4ff6-a142-a93cb55849e6,42nd Street Lessee Llc,90.1,62.5
rejected,Q45104721,Tudor Theatre,ca820226-9f2e-4072-aeb6-f9af21614a52,New York Historical Society,112.0,40.0
rejected,Q45104731,Angelika Film Center,15b9e26e-dbaf-4d35-bacb-2f70138f8f40,Angelika Film Center & Cafe - New York,18.2,74.1
rejected,Q45104740,Fugazy Theatre,c7d179da-e545-47d9-86d4-2a430d860a77,Rouge Et Blanc,93.0,42.9
rejected,Q45104751,Prince Theatre,838715f9-9f04-48d4-bdf2-a194c75b7526,Society House NYC,41.5,32.3
rejected,Q45104777,Clifton Theatre,b0dd67ad-d168-4ae8-9b1e-b0e3a21cd189,Solomon Treasure,99.4,58.1
rejected,Q45104793,Canal Park Playhouse,0b9f1842-b2d5-42b9-b1da-e4dc7235630e,Anita Rogers Gallery,82.5,45.0
rejected,Q45104806,Major Theatre,9979ba04-0098-4fce-81b5-af1213d0d437,Car park,125.7,47.6
rejected,Q45104845,Alpine Theatre,ec509600-4c57-4681-aa2e-58a5db08c6cb,Little Caesars,83.9,42.9
rejected,Q45104855,Audubon Theatre,0e6bc6e3-242e-40b9-87e5-797c1bcc301e,Audubon Ballroom,34.0,64.5
rejected,Q45104868,Bridge Theatre,8460144b-954c-46e9-8536-0b74ee9c34cf,Humberto's Rice And Beans,25.3,41.0
rejected,Q45104880,Costello Theatre,b29de700-0198-43a9-a234-9671f508d5d6,Hilltop Park Alehouse,86.1,48.6
rejected,Q45104892,Empress Theater,58b302d7-4690-43f5-b4be-035f90a05e4f,Caridad Express Restaurant,22.1,40.0
rejected,Q45104904,Gem Theatre,60cb37c6-53e2-4557-89f6-84d85ea92f7a,El Panadero Bakery,129.4,34.5
rejected,Q45104915,Heights Theater,3edfa28b-cd3a-4d75-a9e9-3dfe8333c4e1,Pizza Heights,95.9,64.3
rejected,Q45107314,Bijou Cinema,0258dd50-2e9d-4b4f-88c7-bf4aaf17c123,Ichibantei,11.0,45.5
rejected,Q45107330,Bijou Cinema,e8ab0279-03ee-4e38-9a68-c938c7f1a65e,Alpine Cinemas,15.2,61.5
rejected,Q45107346,Charles Theatre,ee2ae2f8-6f43-491f-88d5-88aefcaf0cb5,Hekate Café & Elixir Lounge,115.6,54.5
rejected,Q45107360,Cinema 14,990c3445-33fb-45be-9fbd-3fef00d0b72f,Chickpea,54.2,47.1
rejected,Q45107374,DMac Theatre,b9abeecd-a477-4522-8cbf-3d5f98f31dd3,Duo Theatre,7.8,78.3
rejected,Q45107390,East Side Beauty Theatre,9b101d7c-7d38-4566-91cc-b1d3dea38d78,Caffe Bene - East Village,95.7,51.1
rejected,Q45107406,Hollywood Theatre,781df425-7b0e-48bd-adf7-0e844df38044,96th Street Playground,22.4,46.2
rejected,Q45107421,LaGrange Theatre,b5dc8ff3-3af0-407d-85d5-affcea58acdd,Kumble Theater,10.8,60.0
rejected,Q45107434,Loew's Avenue B Theatre,1cbfad70-1e3a-43b4-bde0-8888e93f2d5c,Russo's Avenue B,120.0,61.5
rejected,Q45107445,Lucky Star Theatre,b3b11df3-10ef-4147-ab79-552841cd7126,Lui's Thai Food,55.3,48.5
rejected,Q45107456,Mecca Theatre,46ae0255-dd48-464e-a816-badc03f7dbf4,Heathers,82.2,57.1
rejected,Q45107466,"Metropolitan Theater, 225 East 14th Street",3c9b8632-94b2-40ac-919f-9dcc9f17a6c9,King's Head Tavern,34.0,44.1
rejected,Q45107478,"Metropolitan Theater, 241 East 14th Street",466f9ea5-4488-4302-9ce2-7ae6be70ec2a,Rockys Pizza 14th Street Corp,94.5,48.6
rejected,Q45107488,New Law Theatre,33abe125-23a2-4d27-8dbb-a6468408cf97,Bad Hombre,15.2,40.0
rejected,Q45107513,RKO Jefferson Theatre,e9f6e857-b5c3-48dd-95ef-5d30bf36bd0a,The KnJ Theater,134.9,50.0
rejected,Q45107530,Roma Theater,6d72ec3f-85fb-487e-ae80-4af5e20b9eff,Thai Terminal,126.4,56.0
rejected,Q45107543,St. Marks Cinema,73296a0e-3390-422e-9717-5b59f070e636,St Marks Comedy Club,111.7,62.9
rejected,Q45107575,Tompkins Vaudeville Theatre,ca11305a-019e-4182-b4de-5946fa0627eb,Tompkins Square Plaza,41.7,50.0
rejected,Q45107588,Variety Theatre,e9f6e857-b5c3-48dd-95ef-5d30bf36bd0a,The KnJ Theater,58.7,53.8
rejected,Q45107727,Art Greenwich Twin,8c022d9c-5bd7-4af1-8f69-a88d0e2659b1,Cole's Greenwich Village,82.9,57.1
rejected,Q45107756,Greenwich Village Theatre,522d8bea-764b-4708-9472-7985f1f6329d,West Greenwich Village,51.0,72.3
rejected,Q45107775,Loew's Sheridan Theatre,8147e79c-67dc-475a-a6c0-8a37ca214520,Rattlestick Theater,141.8,52.4
rejected,Q45107792,Westworld Cinema,16d4586a-ed08-4c74-89ee-5b6f6f4280b0,Leroy Dog Run,65.1,27.6
rejected,Q49491708,Frederick Cabbell Park,4d91d614-1f1e-44ea-a98e-912fd0a3f4e7,Cabbell Park,41.2,70.6
rejected,Q49491733,Frederick Staats Circle,971d6990-ba6f-4975-bdcc-944c1b15bd9e,Nori Sushi and Ramen,114.9,32.6
rejected,Q49491757,Fredrick Johnson Park,fd33865d-47cd-4ae4-bf24-d1eb958b5c38,Frederick Johnson Playground,72.3,81.6
rejected,Q49491850,Freedom Square,cb8a4dc9-b8ef-4026-b95d-7ae9cf9b88ba,Freedom Square Playground,27.3,71.8
rejected,Q49491848,Freedom Triangle,43c1304f-05de-4835-8d1a-b6fca6f7f85b,Otion Front Studio,67.8,41.2
rejected,Q49492029,Friberger Park,58c4a1d0-2b06-4944-8837-b7839d105783,Jammed Up Bakery,146.3,40.0
rejected,Q49492419,Fulton Avenue Park,61b1bf16-b740-43ba-9871-1ca215fa17e0,Mary Mcleod Bethune Park,41.2,52.4
rejected,Q49492543,G. U. Harvey Playground,d87d187b-784b-4503-9ca4-95a6ee7cf5d0,Harvey Park,42.1,62.5
rejected,Q49492802,Garden of Happiness,f056d1d8-3325-4624-9cf7-2279cf5423c4,Clinton Arms,131.8,38.7
rejected,Q49492803,Garden of Life,7ee770ad-8ce4-419e-adb0-9be5e2dbc298,Garden Of Eden,20.1,64.3
rejected,Q49492962,Garrison Park,d2842bb0-9402-4ee6-a35e-2cf273d1f8d1,Margherita's Pizza,134.2,45.2
rejected,Q49492970,Garrison Playground,c1d25747-bb77-4b89-83c5-c9ffa8fab1e9,Longwood Art Gallery at Hostos,74.9,40.8
rejected,Q49493201,General Grant National Memorial,0a41b192-0549-4fdc-8ccf-fbd5602866b4,International House Pub,114.1,51.9
rejected,Q116205212,Mt. Carmel Triangle,7b402aa9-6d61-4db7-b2d1-a982990b9aab,Kings Co Imperial,91.3,45.7
rejected,Q116205231,Metropolitan Recreation Center,bb3e18a5-e77e-43b7-9eb5-c0f3a41d5b2e,MidiCi The Neapolitan Pizza Company,148.8,46.2
rejected,Q116205237,Maritcha R. Lyons Park,1db2bfed-e638-4a96-a99a-3ad9fb22e714,Bridge Park,8.8,43.8
rejected,Q116205248,Neptune Playground,dc8afc4c-8392-4f8d-84de-4503ef522963,Cafe Parus,143.3,42.9
rejected,Q116205268,Ocean Parkway Malls,46c2fafe-9e57-4342-b1a2-db8c78593963,Arcade,73.7,24.0
rejected,Q116205312,Public Place Mall,ff1208d1-b7b3-417b-a54f-86ab77d02eec,City Line Pizza & Pasta,128.0,36.8
rejected,Q116205347,Pfc Norton Playground,29c2459a-dfa7-40e3-a8dd-aae376ad0916,Idp & Cbw Food Llc,76.4,32.4
rejected,Q116205351,Playground 286,c11e2c2a-9467-42a4-bf06-89ffa6d488a4,Flaming Grill & Modern Buffet,101.7,34.1
rejected,Q116205354,Poseidon Playground,4a0e70f6-8337-4816-a981-9fc958bd0d0b,Poseidon Park,57.7,75.0
rejected,Q116205369,Prospect Plaza Park,407e44e0-4ed5-4765-91d0-1fa87b3f119e,Parkway Theatre,142.8,47.1
rejected,Q116224849,Hammel Community Center,4aa45385-559a-4587-85e1-408b6cc2fcb6,Beach Channel Playground,122.2,29.8
rejected,Q116257608,Q116257608,de570f8c-9ca8-469b-9008-517bf0edcece,976 Madison Restaurant Llc.,45.3,11.1
rejected,Q116291103,East 74th Street Theater,1f8226b6-f0a4-4846-8aa0-be723c529550,Best Health Gourmet Deli,129.9,50.0
rejected,Q116442725,Dante,a76e0454-8f92-40e0-a199-6000e640d8f7,Dante NYC,7.4,71.4
rejected,Q116467056,Ulrik,446b74f0-ed41-4fea-8ae2-8680903af409,Newuork,58.5,50.0
rejected,Q116480113,Maxwell Graham / Essex Street Gallery,4b2d20b6-6a87-422e-8675-3333151ba6d8,Maxwell Graham Gallery,1.5,77.2
ambiguous,Q116480273,Chapter NY,41bc8398-12db-4c9a-b5f1-a3cbb9d9ca74,Chapter NY,34.2,100.0
ambiguous,Q116480273,Chapter NY,707d6c9d-010e-4fd3-b460-46ab78943b3e,Chapter Ny,22.6,100.0
rejected,Q116480458,A. D.,ae8d48fe-20bf-4085-ad15-ca31971a4d36,The Mandarin,117.4,36.4
rejected,Q116480477,Deli Gallery,d52fd915-d298-4a59-b28a-4bb5b71ca24c,E.TAY Gallery,35.0,72.0
rejected,Q118904468,Townhouse Bar,84e418bd-2d63-4441-b871-1dd85cff7a81,The Townhouse of New York,8.7,60.0
rejected,Q113100967,Grove Street Playhouse,c497902c-99e7-4964-b9f8-a30337066068,Grove Street Social,106.6,68.3
rejected,Q116980066,Wells' Restaurant,039b7a6e-75da-46d0-bfec-b2ca327d9c11,Bill's Place,104.9,35.3
rejected,Q117184270,Galerie Philia,53006483-a397-4812-800e-8e380ac544ac,Nohra Haime Gallery,116.9,60.6
rejected,Q117705911,Monira Residencies,3a29a72d-a333-43c1-8425-663ba9fdbb21,Jonathan Levine Projects,115.5,42.9
rejected,Q118130790,Garritse-Doremus-Westervelt House,8e304e18-b730-4ed1-a144-f855d5a33073,Weasel Brook Park,64.3,40.0
rejected,Q118187646,Dag Hammarskjöld Plaza,a0ae5eec-39e5-4534-a440-bd34c943e42f,St. Mary's Garden,38.7,36.8
rejected,Q118287657,La MaMa Experimental Theatre Club,6776e532-c86a-4b22-a9ce-0bbb690e95f7,Bouwerie Lane Theatre,47.4,59.3
rejected,Q118289034,House of Cannabis,d358eb54-c2e1-445b-bb75-4859e0a417b1,Big Apple Tea House,131.5,55.6
rejected,Q118612610,Silverstein Family Park,fd4eb202-1cd9-41ff-830d-3e4f73fc53eb,Barclay Street Café NYC,54.9,39.1
rejected,Q118847647,Dia Chelsea,0869e152-9687-4790-a5ea-92b7f102f4c7,Harper's Chelsea,16.7,66.7
rejected,Q118874631,Butter Restaurant,231cb758-126e-4b88-90da-cb9510f68c30,Butterflied,145.4,70.6
rejected,Q118897480,Sarge's Deli,0d33a395-d10e-403f-b0a3-bfba7a4e09a5,Sarge’s Delicatessen & Diner,4.5,63.2
rejected,Q113436111,Pier 57 rooftop park,a485a4b5-9708-4521-9d45-56989f22d723,Harlem Hops,86.6,38.7
rejected,Q113453211,William Hall Walker Gymnasium,2a2644ef-3cf5-490a-b598-10039faf4950,America's Cup Cafe,127.0,28.6
rejected,Q113570349,Jerome Park,46cedaaf-abb5-4500-be2e-84da07bf629b,Ampark,91.6,58.8
rejected,Q113624794,Taormina Ristorante,82654d18-bc9c-4391-a996-843d8453c562,Capri Ristorante,7.5,57.1
rejected,Q114391919,Jack Hanley Gallery,7c15bdee-42d1-4420-9291-675788a7a362,Christine Park Gallery,90.8,48.8
rejected,Q114492641,Chanterelle,b6068782-2a28-4c72-8f3c-e057ce8d8854,Chanson Le Salon,78.9,44.4
rejected,Q114617090,ONE Dine,94a68243-076e-40db-bf9e-971d9fe318e4,One World Commons,27.6,40.0
rejected,Q115056538,30 West 44th Street,1b25cfb1-88ce-4b74-b41d-dcc1b2360d30,7th Street Burger,141.6,50.0
rejected,Q115123673,UCB East,bc3178dc-b51c-4cb6-87eb-8778847b925e,UCB Theatre East,0.0,66.7
rejected,Q115184333,Amant Foundation,abde8946-6aa4-4d6a-8afe-7ca0287cf018,Lula Bean,143.9,40.0
rejected,Q115599660,Tin Pan Alley,36815bfe-0cf6-4c32-a23d-83c509e5b5a5,Tiny Dancer Coffee,92.5,51.6
rejected,Q115626588,Cayman Gallery,a6ad29b1-fcb7-474d-af36-dc936823919d,Brooke Alexander Gallery,77.1,57.9
rejected,Q115628654,Tony Dapolito Recreation Center,0919abb6-687a-4acc-9b03-1d1c132b78cb,Espindola Restaurant Corp,146.8,46.4
rejected,Q115628656,Arthur W. Strickler Triangle,2d265b13-f0fd-45af-b53d-03eee17e49ad,Barachou West Village,130.0,50.0
rejected,Q115628666,Reggie Fitzgerald Triangle,8dfca25f-bd19-4a23-908c-76842fb63e8f,La Cantina Ristorante,85.8,46.8
rejected,Q115628675,Fiorello La Guardia Park,588614c7-624e-47fa-9234-7157d7c62344,LaGuardia Corner,127.4,55.0
rejected,Q115628681,Deepmohan Park,a93a671a-9f56-44a3-86ee-1a0f8c1e2afe,Joey Pepperoni’s Pizza,124.1,44.4
rejected,Q115628763,Secret Garden Park,1c53dcac-eb59-45d6-a11a-0758bd65e772,peter makebish gallery,83.9,45.0
rejected,Q115628864,Machate Circle,a7ac871b-9aa5-44d5-9e5b-81409345e7d3,Arabian Nights Restourant,67.8,25.6
rejected,Q115628906,Time Out Snack Bar,1438dfc9-74a6-4245-b267-8f6afe6501f5,Parade Ground,73.9,37.0
rejected,Q115651301,Sugar Hill Art Center,21ca3402-1a06-4296-8199-f22d0f52a5cd,Sugar Hill Children's Museum of Art & Storytelling,13.1,52.2
rejected,Q115682972,Langston Hughes Library,9da40198-98bc-44b7-ba1d-fc9fce0cb79d,El Nuevo Salinas,144.4,41.0
rejected,Q115683226,American Triangle,61d54101-e9f3-496a-a36f-a0e033357ddd,Park Of America,144.3,56.2
rejected,Q115857722,The Sign of the Dove,8504205b-3750-4a46-a65a-596e256da3a3,Donohue's Steak House,147.4,54.1
rejected,Q116201293,St. Johns Park (Brooklyn),b3f7e205-7b3d-4b88-a1de-a77d5d8731a9,St. John's Park,24.3,66.7
rejected,Q116203619,Avenue R Mall,aa96813d-1a49-4b03-8df4-517bab67bebd,Davry Kosher Sports Bar,123.2,31.2
rejected,Q116203667,Butterfly Gardens (Brooklyn),9293d949-835c-48b6-9944-8810b8d8c90f,Butterfly Gardens,29.7,79.1
rejected,Q49528512,Morris Garden,09d0e376-912f-4084-a636-9b824ae6deb3,181st Candy &amp Deli Corp,35.6,31.6
rejected,Q96409741,Therapy,e1901748-be62-412d-95c0-cf812e858b24,Eatery,144.4,61.5
rejected,Q97063215,"Yvon Lambert Gallery, New York, NY",8ac69c9e-3894-4362-bb19-ee88317528d5,Photography The Platinum Gallery,110.6,40.6
rejected,Q97097872,LoGiudice Gallery,2e231614-4b49-4d8f-9d7d-812b2eb30f42,Kai Gallery Llc,134.9,62.5
rejected,Q101176068,Cubiculo Theatre,5ee1c5ad-39a2-4c97-9677-8e30a84f85de,Taste of Magic,131.5,53.3
rejected,Q101252358,George M. Cohan's Theatre,144a05e3-3ece-4098-aac3-361edf758079,Henry Miller Theatre,65.5,59.1
rejected,Q49528782,Mott Haven Playground,5adc0875-6f6b-4ea9-9dfc-ecb9b843c035,Willis Playground,69.0,52.6
rejected,Q49528890,Mount Carmel Square,2190ce31-6afb-4ab5-a3a7-5a7d3501df43,Bamonte's Restaurant,75.7,50.0
rejected,Q49528962,Mount Hope Garden,0a7c5062-a01c-4b22-aef2-0fc912cd2bac,K N Mi Delicia Bakery,94.7,42.1
rejected,Q49529072,Mount Playground,7853a1f5-9cb5-4167-88cb-6872a52841db,The Painter's Playground,21.5,72.2
rejected,Q49529374,Mountainside Park,f2c327a9-7208-4ecf-b19c-5cec5b21d9d0,Presby Iris Gardens,129.0,38.9
rejected,Q49529607,Mullayly Park,5980369f-d47a-4f86-9ef9-5a8c7350d01b,Mullally Bikepark,45.7,46.7
rejected,Q49529619,Muller Triangle,ae8e2316-c5ca-4aa0-ad75-459deb0104ae,Legacy Smoothie & Cafe,72.6,40.0
rejected,Q49529845,Murphy Park,eca275a3-02f5-4431-bc2c-23a4148337f1,Murphy Brothers Playground,44.8,54.1
rejected,Q49530338,Nash Park,f53f1668-d73b-4833-93c3-76603796253b, Hot Grill,135.6,16.7
rejected,Q49530364,Nassau Mall,cb83912d-e62d-465a-819b-839ed3bcfe70,Slims Bagels and Bialys,85.6,35.3
rejected,Q49530421,Nathan Weidenbaum Park,42a198aa-7a49-4f22-92e6-8fa81d2af09e,Nathan Weidenbaum Playground,20.5,84.0
rejected,Q96373840,Boston Comedy Club,b2f1ffa3-a424-4c5d-9800-ebcfecab1c08,Comedy Cellar,147.4,58.1
rejected,Q96378672,Q96378672,3e8677d7-bc22-483a-974c-0acc0d42e2f4,2Spaghi,72.7,12.5
rejected,Q96379036,Galerie Chalette,56a58b34-5cf8-48ad-8543-2b0dc6805df1,Bluestone Lane,129.7,46.7
rejected,Q104843654,KGB Espionage Museum,2d16127d-f60a-4a97-bd5a-fb31990d65bc,Famous Bagels Buffet,98.0,45.0
rejected,Q104854855,Club Feathers,856e533c-e48e-4192-8819-6221d35342c4,Hairston Food Service Corp,51.4,35.9
rejected,Q104857413,Coney Island History Project,c1743d10-75d8-45da-815b-d3870c95ef1d,Coney Island Pinball,147.7,58.3
rejected,Q104863920,Le Club,48e1b9d3-eaa5-4c8a-bd74-63fd56a3beb0,La Terra,144.4,40.0
rejected,Q104864818,Lit Lounge,38874d2e-58e7-4718-ae46-b81bcdcf8c83,Haveli,31.9,44.4
rejected,Q104870711,Sam H. Harris Theatre,1295e218-1b1e-4fe1-9050-960d6ceaa46c,American Airlines Theatre,149.4,66.7
rejected,Q105724647,945 Madison Avenue,bf7728af-4874-47af-ab3b-686f1f2cf182,Frick Madison,3.5,51.6
rejected,Q105821354,Symphony Auditorium,e5c7b7d5-b28f-46d3-92a2-0a2291f9b689,Chateau of Spain,98.1,40.0
rejected,Q105821492,Empire Theatre,e3726b5c-f914-440b-894f-c4b0668bdecd,Activate: Market Street,77.2,44.4
rejected,Q105838248,Orange Theatre,881d0540-c4db-44e9-8b7e-9aed7c64d01a,Orange Recreation Department,112.6,47.6
rejected,Q106298944,Lenox Lyceum,3cf6ca2f-2efc-4924-9505-40eee7af1403,Le Bilboquet,91.4,41.7
rejected,Q106391156,Museum of Broken Windows,f747a562-8ce7-4eb9-abb6-fbbf33024a62,SING SING St.Marks Karaoke,105.0,48.0
rejected,Q106910658,Little Island @Pier55,9b87da0b-0d6e-4774-95e5-307c562dffe9,Little Island,11.5,78.8
rejected,Q106940680,Universal Hip Hop Museum,9ea27d1c-d185-4ab2-8324-a321b55fde50,Rokstar Chicken Bronx Terminal Market,21.2,32.8
rejected,Q107143984,Maple Street Community Garden,87cca9b2-9caa-4b21-9b2f-1d9115c3ed7e,hamlet coffee company,43.7,44.0
rejected,Q107176449,Henrietta Hudson,57f1ea72-3cbc-41d3-b674-f40ee7b4b916,Hudson Diner,96.1,64.3
rejected,Q107378900,outdoor gym in Berry Lane Park,b3a5b4b3-029f-4c3c-b0fe-a672a999f776,Berry Lane Park,132.0,66.7
rejected,Q107378926,outdoor gym Rutgers St dark esplanade,8f0a8773-2399-4667-a522-34d56b251e86,South Street Broadwalk,79.2,40.7
rejected,Q107378944,"outdoor gym Samuel N. Bennerson 2nd Playground, Amsterdam Houses",5987eed1-c856-4c41-84e5-1f4ad44d958f,Samuel N. Bennerson 2nd Playground,15.4,69.5
rejected,Q107378968,outdoor gym Parkside Playground,14903628-f525-4cf0-818a-1a482b95087e,Parkside Playground,29.5,76.0
rejected,Q107388737,Greenwich Village Theatre,522d8bea-764b-4708-9472-7985f1f6329d,West Greenwich Village,42.6,72.3
rejected,Q107584231,Marie's Crisis,8686cbb4-b186-4760-9e69-9c3b33cb8591,Marie's Crisis Café,2.6,84.8
rejected,Q108090650,The Q,bc43b2bd-8255-4196-ab5a-bad80ab6d88f,Times Square Diner,41.0,10.5
rejected,Q108732896,Clubhouse of the New York Yacht Club,ba517a8c-0d0c-448f-9139-6d9ee79de92c,Art Connects New York,148.2,45.6
rejected,Q45108632,"Windsor Theatre, Grand Street",b489cd29-f2ae-4b40-8cad-71e0124207ea,Grand Street Pizza,146.7,52.2
rejected,Q45108648,"Winston Theatre, Clinton Street",7fbeac7e-6b90-4de7-9345-f218f588de3a,Chinatown Chinese Restaurant 88 Inc,134.9,49.2
rejected,Q45108580,Sun Sing Theatre,4a1b23ca-1f30-4637-84cc-b49008ed1919,Tay Shing,118.2,56.0
rejected,Q45108598,Sunshine Cinema,58d310bb-7f47-4096-a215-2210dd5ae7ec,Sunshine Cafe,88.8,69.6
rejected,Q45108615,Venice Theatre,1fcb86f3-bab7-4b87-92bc-4c285dae3574,Everest Diner,123.3,44.4
rejected,Q108739779,Universal Hip Hop Museum,9ea27d1c-d185-4ab2-8324-a321b55fde50,Rokstar Chicken Bronx Terminal Market,45.9,32.8
rejected,Q108749757,Joel's Bohemia,6e37386d-223b-48fb-93b8-46ab62e45574,Boi Noodles,92.8,56.0
rejected,Q108750921,Tzarevna,a5e8fa96-53a6-4caa-bc06-29fa07729f80,Tre,137.8,54.5
rejected,Q108966839,Rise Bar,c340cc05-c83f-4e41-be63-fce3dae88f01,The Oasis Cafe,15.2,44.4
rejected,Q34852804,Oracle Playground,8e57e390-e3e4-4f41-8b16-1d46247ee480,Anchor and Plow,125.3,43.8
rejected,Q34852949,Orange Oval,d512918a-6b93-48ad-bf4b-bb7f28a43e65,Oval Park,62.5,40.0
rejected,Q34852975,Orange Park,4c9dcdbe-5cd8-4a81-9159-5764364f7f29,Monte Irvin Orange Park,3.9,64.7
rejected,Q34853057,Orchard Alley Garden,ecb0e61a-9333-4232-a20b-193675518bf2,Orchard Alley,10.8,78.8
rejected,Q34854464,Paul Korlesky Park,c5f9bde2-d00f-4f81-8fc5-dd30bc6d611c,Basketball courts,68.7,28.6
rejected,Q34854476,Paul W. Kolbert Park,c0790667-e911-4f2d-9b7e-f685debf3dc8,Kolbert Playground,20.4,64.9
rejected,Q34854521,Payne Park,e6e9442f-697f-4d3a-b573-8844cdfd926f,John Allen Payne Park,76.1,64.5
rejected,Q45108568,Silver Star Playhouse,b99c1da9-0d2b-4bd2-a3d8-a56f652e8fbf,Opera House,129.0,56.2
rejected,Q45109175,68th Street Playhouse,7383d597-71a1-4ac6-ad20-cc5d82a9dfa8,67th Street,66.8,62.5
rejected,Q45109189,72nd Street Playhouse,74717f29-f675-4c88-9594-971684d6cfd1,Xi'an Famous Foods - Lenox Hill  (72nd & 2nd),128.8,40.7
rejected,Q45109202,86th Street Grande Theatre,70b97d40-760a-455c-977c-f5dfc8d28d65,7th Street Burger,90.9,55.8
rejected,Q45109229,AMC Loews Orpheum 7,8d7c7124-0406-489b-8e47-f22451e5a9f3,AMC Orpheum 7,16.1,81.2
rejected,Q45109244,Annex Theatre,ca7dc31e-101a-4384-a36a-c878fb43dddd,Creative Cakes,129.7,51.9
rejected,Q45109257,Art East Cinema,4ce26851-5fb4-4680-a221-8686ebac6297,First and 62nd Clearview Cinemas,105.6,55.3
rejected,Q45109296,"City Cinemas Cinema 1, 2, and 3",ff71b5aa-3574-4b73-beca-6b76ccf60056,Cinema 123 by Angelika,22.2,58.8
rejected,Q45109310,Clearview's First & 62nd,4ce26851-5fb4-4680-a221-8686ebac6297,First and 62nd Clearview Cinemas,20.7,74.1
rejected,Q45109321,Colony Theatre,305a6ee2-4cdc-4a80-b634-0576c7404608,Bocca East,72.0,41.7
rejected,Q45109337,Coronet 1 & 2,444ae8cb-9a06-4996-96b3-e09043ddb9fc,117 W Ent Corp,61.3,56.0
rejected,Q45109365,Juliet I & II,ed5c7051-b21b-437f-893c-d80c55619125,Mad River Illinois Llc,132.4,42.4
rejected,Q116039571,Lower Manhattan Ocean Club,a0c95460-2a1a-4e40-a1b1-671277caab4e,Tribeca Comedy Club,142.3,48.9
rejected,Q45109377,Lido East,d6e9afe7-4a34-4ce1-954d-107773c64eec,Nubiani Midtown East,147.0,55.2
rejected,Q45109388,Little Lenox Theatre,97e2dfae-f3cd-454a-a7d7-e848fb701122,Antoine Helwaser Gallery,128.8,50.0
rejected,Q45109401,Loew's 72nd Street East,836a3b06-9166-4e23-829c-62844964e091,Theresa Lang Theatre,127.2,46.5
rejected,Q45109411,Loew's 72nd Street Theatre,5dcd27c6-09c6-473f-b14a-76e44e93dccf,Tasti D-Lite,123.7,47.4
rejected,Q45109424,Loew's 86th Street Theatre,70b97d40-760a-455c-977c-f5dfc8d28d65,7th Street Burger,93.3,51.2
rejected,Q49499538,Heffernan Square,ca28ccf3-e1dd-484c-9cf6-e93afe4dcabd,Chen's Garden,76.9,48.3
rejected,Q49499624,Heisser Triangle,d1e80a67-2c5a-4c48-bf5c-8b0bf0da2ba1,La Hueca Ecuatoriana,38.4,38.9
rejected,Q49500013,Henry M. Jackson Park,77b08f1a-eaa4-4f47-9167-5644d26ec72e,Henry M. Jackson Playground,17.5,82.6
rejected,Q49500133,Herbert Von King Park,d7452226-725f-48d3-aa0f-89a1ac7515ee,Tompkins Park,32.2,41.2
rejected,Q49500179,Heritage Field,b95a2363-e66d-49e1-9044-64a31a5a08b5,Yankee Twin Eatery Bar,138.8,37.5
rejected,Q49500893,High Bridge Park,b53e7a6c-494e-4edb-b387-84cd1226d992,China King,142.2,30.8
rejected,Q49501110,Highland Park,63f3952d-0a78-42ca-a3fa-ef1241e69987,Ridgewood Reservoir,45.9,18.8
rejected,Q49501818,Hines Park,f2f00e19-9e1a-475c-852e-d1cc000ad058,Safiyah Bakery Bites Cafe,70.4,33.3
rejected,Q49503227,Horseshoe Park,d51ea12a-7fbd-4660-9514-5942e5d0b60f,Horseshoe Playground,15.0,76.5
rejected,Q49505729,Israel Putnam Playground,4589f6a8-054f-4785-b5c4-d9a5bb3dea8e,Raymond Bush Playground,49.0,63.8
rejected,Q49506071,Jackie Robinson Park,668f6efa-26b2-4d75-a314-5289e6716099,Mama Kitchen NY,138.8,40.0
rejected,Q49506076,Jackie Robinson Play Center,cc949347-833c-47f9-be02-f5fb4743bf22,Jackie Robinson Pool,28.7,76.6
rejected,Q49506166,Jackson Mill Green,f41b3eaa-be65-4adf-a2c9-243b6f7149e0,North Beach,81.0,27.6
rejected,Q49530478,National Plaza,415fa8b6-1ab5-42cd-825d-413ef5805c82,La Antioquena Bakery,62.5,52.9
rejected,Q49530587,Nautilus Playground,3e3c931a-c276-4841-9d30-ef05b615efc2,Starbucks,87.4,28.6
rejected,Q49531250,New Street Plaza,ca151e6f-7cd0-4874-aa1a-3d14ffdc0f62,41 Halsey Street,148.9,56.2
rejected,Q49531440,Newton Barge Terminal Playground,6ab813e8-2c1c-4693-93a9-51ae2e70e475,Newtown Barge Playground,35.9,82.1
rejected,Q49531544,Nicholas A Brizzi Playground,230ffb71-8157-454f-bde8-caaa7cd140d8,Brizzi Playground,19.1,75.6
rejected,Q49531579,Nichols Park,63dfd34d-2fd8-49dc-879a-802ec9ccadea,Pats Place,124.2,36.4
rejected,Q49531986,Norelli-Hargreaves Memorial Triangle,098a65ac-e939-4ee7-80a1-58712a925140,Aroma Garden Inc,47.5,38.5
rejected,Q49532657,North Pacific Playground,e1c5e056-a69d-4832-b43b-833a710d7f0e,La Flor Del Paraiso,85.0,41.9
rejected,Q49532882,North Rochdale Playground,b94f24c6-6ee0-43f6-9374-7df1f9382e53,Galleria 168 Inc,70.0,24.4
rejected,Q49533766,O'Brien Oval,12b57915-c325-4a5d-bb3f-07f59ebbfa9b,Tattoo Heaven,72.7,40.0
rejected,Q49533845,O'Neill Triangle,2e888e81-5549-4756-9be8-a816d2c9b6b5,Robles Pizzeria,132.2,38.7
rejected,Q49533856,O'Sullivan Plaza,6a1e47cd-4d54-4a0c-9646-42463757079a,Great Wall Chinese Restaurant,88.0,29.4
rejected,Q49495286,Grant Gore,0e5cc5ed-21c9-4f30-8d6c-24d2028b3b45,Westbrook Memorial Garden,142.1,40.0
rejected,Q49495711,Green Acres Park,56e77fde-3558-44ec-ac14-3adb53a4c46b,Green Acres Field & Pool,58.3,68.4
rejected,Q49495795,Green Oasis and Gilbert's Garden,ddd871a4-537e-4337-9ddf-bb3c411c8750,Sam and Sadie Koenig Garden,92.1,61.0
rejected,Q49496248,Greenwood Playground,68636cf3-3b0c-48d7-8d30-9efe93107c0b,Uncle Louie G's,120.2,34.3
rejected,Q49496638,Grover Cleveland Park,178e99a0-45cb-4945-89d8-0ba0d71b2e43,Grover Cleveland Athletic Field,70.3,61.5
rejected,Q49496889,Gwirtzman Triangle,293d0093-f514-42ea-a6c5-f205cfa00657,Gateway National Park - Jamaica Bay Unit,26.7,32.1
rejected,Q49497011,Hackensack River County Park,d9e2b5c0-0cb6-4e42-b54a-d987a2ddef58,SGD Hackensack Tofu & Korean bbq,140.4,51.7
rejected,Q49497047,Q49497047,b921e80b-0360-4cff-8a05-7c2ef646534b,Haffen Park,11.6,0.0
rejected,Q49544892,Pontiac Playground,8d9188b7-a060-4328-80b3-891d4fb503b2,Sugar Plum Apple Pie,104.8,31.6
rejected,Q49545596,Powell Playground,8f4aa681-e595-4a5e-8a17-167b6b22cacd,Houston Playground,106.3,57.1
rejected,Q49545895,Prall Playground,a00eb11a-08b1-4fcb-9181-37df156dc46a,The Point Tavern,56.0,35.7
rejected,Q49546251,Private First Class Thomas Norton Memorial Playground,5dc78850-5462-4f77-9ed9-a6904e611524,Green Garden Deli & Grill,131.5,28.6
rejected,Q49546254,Private McKee Triangle,6917898a-4e2c-4f9b-90b5-f989b1ec736c,Neo Trattoria,26.2,51.4
rejected,Q49546555,Public School 125 Playground,65e74434-f60a-4c11-8a66-6ada372de0a7,Tropical Coffee Shop,99.9,33.3
rejected,Q49546564,Public School 4 Paradise Garden,6be34107-37b0-42be-ba65-a1b2843df532,Ashford Learning Garden,72.5,40.7
rejected,Q49546794,Pulaski Playground,93c8d6b0-6ffd-482d-a70c-ffb09865adbb,Heritage Row Playground,56.0,53.7
rejected,Q49547236,Queens Farm Park,fccaf38c-2945-4d7e-bf8c-48a277bddf61,Green Meadows Farm,73.7,58.8
rejected,Q49547257,Queens Village Veterans Plaza,a3a5075b-c9cf-4b05-b72a-f81a22fe03f1,Big John's Pizza - Queens Village NY,46.9,63.5
rejected,Q49489934,Flood Triangle,a1f836c3-6006-4658-ab58-af0726ef6c7c,Fiesta Lounge and Restaurant,137.3,45.2
rejected,Q49490028,Flushing Greens,5fe8ada4-a94b-4803-8d2f-e38c66d6ca6a,Blu Ember,128.0,41.7
rejected,Q49490039,Flynn Brothers Playground,8113fe7f-f2f7-457a-8d19-ace6ac58e328,Flynn Playground,44.2,78.0
rejected,Q49491318,Frank M. Charles Memorial Park,83ffd813-2c80-4a14-91b1-7b4ea0e759f3,Charles Memorial Park,38.2,84.0
rejected,Q49491335,Frank S Hackett Park,9a2e517c-7f78-46d2-9da2-5086c50d4ebc,Hackett Park,21.6,75.0
rejected,Q49491445,Franklin Memorial Garden,ee07231b-792f-4e07-acad-759f69ebeccc,New Gold Dragon,56.9,41.0
rejected,Q49491569,Franklin Triangle,a38c0756-828b-4d8f-ad8f-3b284a98e7f5,Yalloh Family Restaurant,41.7,40.0
rejected,Q119398361,Mario's,8cb4c3a0-81c1-4b7e-a66b-206079bc6275,Marie's Coffee,113.3,57.1
rejected,Q119823605,Moving Image and Recorded Sound Division,2db7b6e3-d8a1-40f2-9b0c-017f90c290f5,Jimbo's Hamburger Palace,133.3,37.5
rejected,Q120068967,Prime Burger,5f934953-cba8-477c-b66c-98f9b9ec3d07,Primeburger,26.3,52.2
rejected,Q120500027,Babi Yar Triangle Playground,bba47da3-3436-4cc5-9eeb-9babc72f1e42,Warwick Hotel,145.7,29.3
rejected,Q120758537,Lubin House,aa4bffa9-8686-44bf-ae9e-bee7bc6c9d10,Syracuse University Lubin House,11.7,52.4
rejected,Q121354135,Viand Coffee Shop,9bbdef9e-cc5a-432d-a92c-5595acc51d39,Gene's Coffee Shop,106.2,62.9
rejected,Q121461424,Contra,a6c4cfe8-b5f4-41f8-8b06-357efcd0c1f9,Bar Contra,3.8,75.0
rejected,Q121494205,Mari,f195c40f-f5c5-4b93-920a-b9d73b915053,Tartina,97.6,54.5
rejected,Q121590547,Yoshino,927882f9-4a3c-4a3a-8278-b513e4a56747,YOSHINO • NEW YORK,5.0,60.9
rejected,Q121590576,63 Clinton,33b344ec-20ba-4f05-8a48-c0967fed8c2c,2nd Floor on Clinton,102.4,53.3
rejected,Q49527732,Montauk Memorial Triangle,c92116f1-9c7e-4039-8973-9788710a88bb,Williamsburg Food Market,90.6,36.7
rejected,Q121590618,Kochi,3b8e6090-14eb-4b8d-b82b-0726f6c1dcfb,Cosi,143.3,44.4
ambiguous,Q121590651,One White Street,5508b157-1a03-4b1a-9869-0fa31df25370,One White Street,3.3,100.0
ambiguous,Q121590651,One White Street,6e888e92-c531-4c22-b433-fac5f69fe0de,White Street Restaurant,16.0,85.7
rejected,Q121590656,Convivio,bb63c5de-c24f-4556-8020-70bb51a939cf,Padre Figlio,145.8,30.0
rejected,Q121744843,Alto,54dbde49-bed4-4e2b-a409-9d487872c9a0,Grano,124.7,44.4
rejected,Q121819026,Yeh Art Gallery,36899bf9-757d-4231-b93c-b3d6185471c0,Cold Stone Creamery,38.2,41.2
rejected,Q121887755,Heartbreak,2e638e3f-9986-405c-96e0-8791235d0614,The Black Ant,142.8,52.6
rejected,Q49562428,Slope Park,4b91a584-0a4c-4429-9722-63fc712ae80a,Slope Park Playground,34.3,64.5
rejected,Q49562826,Sobel Green,e21c2d84-15c4-4457-9d3e-de27ee37fb91,Roebling Playground,70.0,46.7
rejected,Q49565227,Stanley Isaacs Courts,f9a266b9-af09-47a5-811f-9572ea31d2c6,Stanley Isaacs Playground,72.2,60.9
rejected,Q49565284,Stapleton Playground,0dd69ca2-b147-4d34-a26e-7c24fd421c0b,Rev. Dr. Maggie Howard Playground,25.6,47.1
rejected,Q49565334,Starlight Park,85360c5d-754a-438a-9bef-db6f00d91e53,Gustiamo,109.0,27.3
rejected,Q49566152,Stephen A Rudd Playground,953ec209-ca31-4179-995d-7e35760e86a4,Rudd Playground,60.5,75.0
rejected,Q49566160,Stephen R Gregg Bayonne Park,e7dfe651-0c88-4856-917d-28c6c3dfcae6,Dog Run,149.8,28.6
rejected,Q49566434,Stillwell Park,f64ee83b-91b8-4474-8a9f-c104438ababa,General Joseph Stillwell Park,0.0,65.1
rejected,Q49567353,Sumner Playground,26a06080-3e33-45f9-aa8b-23c399b85b77,New International Pasta House,141.1,26.1
rejected,Q49567666,Sunnyvale Courts,ea26b75b-e0c5-4bcc-95b9-d758ad2ff8e1,McDonald's,100.0,38.5
rejected,Q34863915,Studley Triangle,a771144e-0d51-492f-abf3-256eb75dce35,The Village Bakery,42.1,46.7
rejected,Q34864356,Tenney Park,b621dc49-851f-407e-99e5-3bdf2167a5ec,Glen Oaks Oval,6.0,24.0
rejected,Q34864462,Terrapin Playground,e3900719-1549-44da-9085-a31ddc220287,J.J. Byrne Playground,145.9,51.3
rejected,Q34864550,The Backyard,f9d6d852-25eb-475c-8bc5-d2752dd51640,Harold Ickes Playground,75.8,38.7
rejected,Q34864639,The Creative Little Garden,279e6f57-462a-4a51-9e1c-5f1bb0a2bfc7,Violet East Village,98.3,48.8
rejected,Q34864693,The Esplanade,05e07ad2-72ca-45f9-be23-41dd13832998,Steamer's Landing,141.9,38.5
rejected,Q34864986,The Secret Garden,b5405dda-7577-4c86-a302-cf05016fa1bf,Peachtree Garden,113.5,75.9
rejected,Q34864999,The Village Green,162bc5e6-5f8a-4787-8be9-b85deaabef37,Village Vanguard,103.3,69.0
rejected,Q34865050,Theodore Roosevelt Park,535b0800-6aa1-45b4-aec6-a504bff2288c,Arthur Ross Terrace,146.2,52.4
rejected,Q49521484,Maple Woods,d87e9b23-cb32-4d4e-a41b-5a72d9b65869,Marina's Bakery,91.4,30.8
rejected,Q49521492,Maplecrest Park,ff685dd7-6ba2-4e6c-83d7-df3c5c5dfbce,Maplecrest Skate Park,114.2,83.3
rejected,Q49521560,Marc And Jason's Playground,4af5779f-8e34-430e-82bb-0abfd5d32a2d,El Huasteco Authentic Mexican Restaurant,141.2,39.3
rejected,Q49521599,Marcy Green South,9ec96701-deff-4091-b67d-e76e864b436d,Marcy Green Center,75.1,62.9
rejected,Q49521597,Marcy Green North,9ec96701-deff-4091-b67d-e76e864b436d,Marcy Green Center,95.1,62.9
rejected,Q49521604,Marcy Park South,bffbdccb-428e-41d2-86bb-6098a685e666,Rodney Park South,100.3,60.6
rejected,Q49521615,Margaret I Carman Green,abd3570c-c78b-4a05-b0df-311e56c7c683,Queens Historical Society,93.3,41.7
rejected,Q49521664,Marie Currie Park,d6067884-3ad2-4296-b00c-2b6e136f8401,Marie Curie Mini Pool,9.1,68.4
rejected,Q49523498,McDonald Playground,59ab963a-86aa-4dbd-817f-e6058e711e1f,Playground,57.2,69.0
rejected,Q49523597,McGillvray Park,a5d8012d-60a2-4cef-add2-1de254c424c0,Mcgillvray Place Park,16.3,83.3
rejected,Q49527667,Monsignor Crawford Field,8fd85a3d-16a2-4c59-aa0a-787374cc85d4,Dolly's Ices,106.7,33.3
rejected,Q109772974,Think Coffee · 123 4th Ave,bc595a7d-d668-4b23-9872-d890b5f676e0,Think Coffee,11.5,66.7
rejected,Q110092094,Anco Cinema,feadd206-b4b6-43d6-a9e4-42857bcfff96,Qi Bangkok,149.4,47.6
rejected,Q49527794,Monterey Public Garden,9fc51299-60c5-4d9b-ac07-ede30a51b0fe,Lexington Publick,115.9,56.4
rejected,Q49568229,Sutton Place Park,1398a46c-2335-4c60-9b89-32222849e278,Olive Garden Italian Restaurant,69.8,37.8
rejected,Q49570908,Titanic Memorial Park,17a9db52-5651-45b8-987f-672033077645,Barbarini Alimentari,124.7,48.8
rejected,Q49570989,Todd Memorial Square,6c7c9fb5-59ae-47d1-a9ad-ca0f7da1f41c,Red Hook Park,132.2,36.4
rejected,Q49571728,Transitional Living Community Sculpture Garden,c497bab1-919c-457c-bca5-5fc545e1f3cb,smash industries,112.5,29.0
rejected,Q49571838,Tremley Park,6925f2c7-26ea-4dc3-b44d-34fe5eeb2c00,Robin's Nest,136.3,16.7
rejected,Q49572122,Trolley Car Triangle,fc4526e2-9198-4589-b898-8be86442bb1e,El Nuevo Barzola Rest,76.2,39.0
rejected,Q49573067,Under The Tracks Playground,a72b59f1-51e6-4692-936d-eccc2a070c83,Ennis Playground,142.3,46.5
rejected,Q49573075,Underhill Field,b80923c8-d3d9-4243-ab0b-a6427bfacf50,Breadstand Llc,85.3,41.4
ambiguous,Q49573230,Union Square Park,f75f64b9-9c91-41ff-b5c2-01b5987a221a,Union Square Park,148.0,100.0
ambiguous,Q49573230,Union Square Park,9f9e9b09-7c57-4ada-bee0-0b257fba553a,14st Union Square Park,64.0,87.2
ambiguous,Q49573230,Union Square Park,97d461a9-7ace-4281-8ec1-981684aab92f,Union Square Pizza,149.5,85.7
rejected,Q49573290,United We Stand Garden,d954a22a-b52a-46f8-8c34-a243fc7c32cd,Parque St Marys.,72.7,37.8
rejected,Q49573310,Rev Lena Irons Unity Park,c4c85eaf-44ef-48fe-82bf-db5a5ab53236,Luna Park Coney Island,122.5,51.1
rejected,Q49573418,University Place,67fafe03-fb1b-4819-a2d3-db24ac047e2a,Understudy,124.0,53.8
rejected,Q49574139,Van Voorhees Park,b88e39aa-c27f-473f-a425-f14a6c9e9568,Van Voorhees Playground,78.5,80.0
rejected,Q49574408,Vernon Mall,0b304931-a650-4108-bf55-f47c59912d7c,Vernon Grille,119.2,75.0
rejected,Q49574445,Vesey Green,d33f3406-8475-4e68-b049-2516ceaa2d99,Applebees New york,146.1,41.4
rejected,Q49574466,Veteran's Circle,a928ce99-e26b-4a15-a30e-9e2bd4b41e47,Rockaway Beach - 120th Street,66.0,32.6
rejected,Q49574473,Veteran's Memorial Park,f5004123-1d34-4620-91ca-557c39cfc127,West New York Pizza,112.4,38.1
rejected,Q49574494,Veteran's Square,7b1d325d-33e5-4727-84f0-7380c1d0331c,Guallpa & Nevarez Restaurant Corp,124.0,46.8
rejected,Q49574650,Veterans Memorial Park,e5b0bca1-2574-4729-890e-49d297f5c833,Third Ward Park,123.7,43.2
rejected,Q49574883,Veterans Plaza,3da8dd41-460e-4890-8435-d061cac11276,Dutan Bakery,94.8,38.5
rejected,Q49574887,Veterans Square,78979f78-25df-4426-b6e0-846a4617df7f,Mario's Pizzeria,39.7,45.2
rejected,Q49575019,Victory Field,8951bdb0-04bb-47f5-a146-c7c8f700d12f,Forest Park Run Track,27.5,29.4
rejected,Q49575129,Vietnam Veterans Triangle,3f7e6714-2ef8-4995-b9dc-ba701485f70e,Taste Of Tibet Inc,76.8,46.5
rejected,Q110414102,Embassy Theatre,0d077ff1-3c05-4408-8ab3-8791a1ad28d2,Lyceum Theatre,99.8,69.0
rejected,Q110809651,Participant Inc.,2286b711-bf2c-4a76-b8e3-d2c0d1f7fceb,Participant Inc. Gallery,12.8,78.9
rejected,Q110863996,Q110863996,8f51756c-a7e8-409f-b62e-d4111526775c,9 & 8 Cafe,148.7,30.8
rejected,Q111167939,Q111167939,428f585b-695b-458c-9eb2-d685afb41044,Brunch Bunch HQ,106.6,8.0
rejected,Q111286149,Other Half Brewing,df14ef3a-4002-407b-bfb6-339959ad54a4,Other Half Brewing Company,15.5,81.8
rejected,Q111336191,Pure Food and Wine,965edd24-3e4c-4648-9c46-8b13779be91c,H.o.c. Wine Inc,29.5,50.0
rejected,Q111337590,Cinque Gallery,aca1009a-3505-443c-8d9c-a96709f25643,72nd Eatery,136.6,48.0
rejected,Q111677096,Rivington Street Settlement,ca7b78f3-70cd-496c-b1d1-4275c404cde6,Tres Leches Cafe Downtown,100.4,46.2
rejected,Q111913718,Butter-Cake Dick's,205e0cc9-bc27-460f-a57d-518c1c78f340,"Craft Beekman, Llc",144.3,40.0
rejected,Q112150893,American LGBTQ+ Museum,5608887a-32e0-4bae-8a8c-375a2eb8881c,Parliament,59.0,38.7
rejected,Q112452643,Aqueduct Walk,0fed8c5a-408c-411a-8765-d2fb04577a52,Aqueduct Lands Playground,58.9,57.9
rejected,Q116203717,Chiarantano Playground,598b0b63-1df7-459a-b2eb-356e946c13a8,"CORAL ISLE Trading, Inc.",107.8,36.4
rejected,Q65640375,Flatbush Malls,284ec78c-8ac1-4d2f-a298-68a635699557,Flatbush Community Theater,143.9,50.0
rejected,Q71875434,Concert Grove,08d93449-2b3c-404b-a8ee-b3120f58ceb4,Prospect Park - Concert Grove,21.3,65.0
rejected,Q72981039,Macbeth Gallery,1b8f8c61-9f89-4456-9b83-0babcefcf671,Ronin Gallery,136.1,57.1
rejected,Q74850992,Bronx House Inc.,cb04ae67-1fe9-43d8-89c2-fa10fb52d686,Broadway the Lion King,109.1,37.8
rejected,Q76576300,44 Union Square,dc85721d-4294-4510-b475-6b14e9150a36,Union Square Park,55.2,81.2
rejected,Q116205153,Ketchum Triangle,0accd46d-0e97-4682-8467-7c42f46d6e1c,Kings Hideout Cafe,76.0,41.4
rejected,Q116205177,Luna Playground,ae100aa5-f89c-41b1-afd4-51f54940aa4d,Luna Park Cafe,70.1,66.7
rejected,Q116205184,Lewis Playground,bff8a695-ca7c-4d86-9523-84f3a7b478a6,Music Lab,120.6,24.0
rejected,Q49575491,Village Park,71fd7e86-c5d8-4da6-8dbe-74ef1d04bf76,Village Park of Lake Success,17.3,60.0
rejected,Q49575521,Village Square,ee6fbadb-68c5-4a44-a150-cd012530a34f,Amber Village,99.8,74.1
rejected,Q49575545,Vincent Ciccarone Playground,69b07f2a-512d-4d01-84b0-cc5ae4ae5e1f,Ciccarone Park Playground,44.5,75.5
rejected,Q49575561,Vincent V Abate Playground,3f46fbcc-906a-4d12-bc11-ca30551d67ea,New Warsaw Bakery Inc,134.8,38.3
rejected,Q49575790,Vladeck Park,b2da99b1-4a79-478a-83cc-9222ba56a424,Sage General Store,117.8,26.7
rejected,Q49575972,W C Bergan Park,813648fc-ebfc-4060-99b7-983f019b119e,Fabena Pizza,142.6,44.4
rejected,Q49576753,Wards Island Park,e65762ac-a9e8-440f-836f-fdb3037f58b6,Randalls Island Field 71,131.9,53.7
rejected,Q49577003,Washington Hall Park,c17098e1-5b4d-4186-bf2d-27e083bc1028,Waverly ave and Park Ave brooklyn ny,121.1,35.7
rejected,Q49577178,Washington Park,f922ba40-1b97-48c6-96b2-558cf8a777eb,Washington Park playground,68.6,73.2
rejected,Q49577180,Washington Park,95f0f2fd-8565-422d-bfe0-889490cbe401,Shree Shakti Brahmani Llc,90.6,25.0
rejected,Q49577200,Washington Park,3784ca09-d5ad-4354-a816-5dc4cdd8ba47,Stone Park Cafe,130.1,72.0
ambiguous,Q49577944,Weasel Brook Park,87ba7d58-d2aa-4268-ba49-47ef0baa9f44,Weasel Brook Lake,89.4,88.2
ambiguous,Q49577944,Weasel Brook Park,8e304e18-b730-4ed1-a144-f855d5a33073,Weasel Brook Park,121.1,100.0
rejected,Q49578015,Webster Memorial Playground,10bd09da-d09b-4171-b565-bbbeaa2ff84c,Webster Playground,29.6,80.0
rejected,Q49578128,Weinburg Triangle,c77f2aa7-f728-4d75-b0a9-be742075135c,Salt Brick Tavern,127.3,41.2
rejected,Q49578213,Wellbrook Triangle,c2cfaeaf-365b-4383-a605-f8e56423b44f,New China Star,39.2,37.5
rejected,Q49578463,Gertrude Ederle Recreation Center,21438f55-04f4-43a8-9029-88a739870ea4,Gertrude Ederle Playground,11.3,64.4
rejected,Q49578945,West Playground,6b1c4df5-d24c-453d-b7e0-f3c1d3365121,LavashUzN1,57.7,32.0
rejected,Q49579574,Westview Place Park,f6480eba-13ab-4248-82ab-f617e24b1959,Westview Park,106.1,81.2
rejected,Q49579684,Whalen Grove,c1aad93f-b0c5-4a65-9b3c-d85b430836ea,Twin Parks,89.1,36.4
rejected,Q49580943,William Birch Park,1544a50e-af78-4e6f-a788-4cf1f6fc7d3f,Baskin-Robbins,147.3,31.2
rejected,Q49581141,William Sunners Playground,9bd8fd54-9d03-4de3-b3da-5f7087bf51fd,Ices Queen - The Slice,122.0,26.1
rejected,Q49581266,Williamsbridge Playground,5d6eeb66-47af-482d-9872-8a89c9589c00,Williamsbridge Reservoir Oval,23.0,66.7
rejected,Q49581354,Willoughby Playground,9a77fa65-3b04-4046-916a-702a13320f88,Refuge Arts,113.8,31.2
rejected,Q49583008,Woodside Plaza,2ce00655-c397-4cc9-8ecc-3e53d6e8f122,Woodside Memorial Plaza,15.2,75.7
rejected,Q49583568,Yellowstone Municipal Park,95ed699c-2a32-4d4a-8655-a49baba662d5,George Washington Apartments,77.7,44.4
rejected,Q49583743,Young Park,efc5d461-3b89-4602-8f83-0c112eb1296a,A.b Bakery Restaurant Corp,124.4,33.3
rejected,Q49583792,Youth Village Playground,4bb24c30-2ea6-40df-98a7-1246a232f52e,Mike's Pizza and Pasta,40.7,34.8
rejected,Q65090402,Laurence Miller Gallery,fa0f9efe-a21a-4c8d-a733-b80c7de7c295,Heller Gallery,126.5,70.3
rejected,Q78209271,14 Sculptors Inc.,5d637b36-704b-4edc-a436-6226bbfded78,14th Street Park,51.0,43.8
rejected,Q78543331,Cityplex 12,b89dcd2e-1a50-4a25-82d0-367bb066f615,CityPlex 12 Newark,37.5,75.9
rejected,Q79946605,Continental Circus,f1f6bcee-37de-494d-9054-4c36b3301b3d,Ederle Terrace Cafe,137.1,31.2
rejected,Q85743386,Assembly Hall,93fe9472-652e-4765-a48b-f27785a3bcca,State Armory,141.2,40.0
rejected,Q85757654,DreamWorks Water Park,eb85b3d7-9241-4cec-aa56-21f8c90418be,Dream Bar at the American Dream Mall,99.4,38.6
rejected,Q85789246,Nitehawk Cinema,942b144d-da62-4cee-aee2-f019e39af85d,Nitehawk Cinema - Williamsburg,9.8,69.8
rejected,Q86595809,Korean War Veterans Plaza,0f5b9898-adad-44bb-a57e-c9b5271e8594,Cadman Plaza & Tillary St,58.9,54.2
rejected,Q87464948,Theatre Comique,74cc33c9-5a0b-4eb6-8f40-8cc72cea28a2,Haraz Coffee House,109.6,48.5
rejected,Q87732338,Eve's Hangout,15878398-74be-4846-a242-318a0d250e67,Mamoun's Falafel,88.8,48.3
rejected,Q87747949,Prime Produce,6a9411dc-7478-4401-a2be-3bf99bc549d5,Prime Meat Rokko,148.0,55.2
rejected,Q88106863,Joseph D. Williams Science Theater,22583aeb-d30c-4bec-9665-eb66be4faf02,IMAX Dome Theater,27.6,52.0
rejected,Q88386507,The Cock NYC,face1e86-4c8d-454a-b359-2690b7ff082d,The Cock,10.4,66.7
rejected,Q89503830,The Met Fifth Avenue,b3c842cc-ee19-466c-b766-2e4774bff524,Temple of Dendur,120.1,50.0
rejected,Q92632008,New Theatre Comique,e2c0dc50-af95-4ee5-88ba-1af0675ed9f6,Newman Theater,110.7,60.6
rejected,Q93361249,Acts of Art,83b8f659-1fc4-485d-8c14-7896b8aa58d2,Off Cuts Llc,132.4,60.9
rejected,Q95483506,Barracuda Lounge,56429f4b-cd72-4bff-aee9-70b84fd532ba,Cuba Cafe,146.4,46.2
rejected,Q95487162,Rebar (New York City),4ebab018-be0f-4957-8c14-55dcbfe30066,ART SMART New York,75.8,70.3
rejected,Q95582953,Henry Luce III Center for the Study of American Culture,f6a64a92-30ec-4d9b-9aaf-22f0b5d8df08,Corner of 77th & Central Park West,35.5,41.4
rejected,Q123625535,Liebman's Deli,5a57b651-d2a9-4bb2-aefa-c0224d91d07a,Py Deli Bros Inc,14.1,53.3
rejected,Q123655337,B&H Dairy,1ff4193b-2af8-48dc-aecd-2d3568b4883d,Holy Basil,134.9,52.6
rejected,Q123698309,Upright Citizens Brigade Theatre,db4fed27-57d0-43e5-b580-a9fa02f611f5,Irish Repertory Theatre,97.8,43.6
rejected,Q123698773,UCB Theatre in Hell's Kitchen,1d79696e-8fe2-4fa6-9d2c-8059df95000a,Castillo Theatre,68.5,54.1
rejected,Q123756275,German-American Shooting Society Clubhouse,f747a562-8ce7-4eb9-abb6-fbbf33024a62,SING SING St.Marks Karaoke,42.5,50.0
rejected,Q123756289,Union League Club,1431b6a5-0d82-4dd0-947b-361957415fa3,Rico Bagel,136.6,51.9
rejected,Q124366331,SHRINE New York,60c716ac-5623-4e05-9f81-7b8ef92233d8,Shrine,16.6,57.1
rejected,Q124546307,Civic Hall at Union Square,97d461a9-7ace-4281-8ec1-981684aab92f,Union Square Pizza,148.2,68.2
rejected,Q124650752,Mishkin Gallery,5923c75a-c943-49cb-b300-cc79edb5f971,Mason Hall,41.5,56.0
rejected,Q124896064,Pfc Laurence Strack Meadow,366dcf3f-a7d8-4355-89ad-b8eeee4476bd,Strack Memorial Park,43.1,52.2
rejected,Q124896324,Monsignor Leopold Arcese Park,cd352e5d-ed96-494f-903d-4cdb6a4e33b5,The Local Press,113.0,30.0
rejected,Q124900163,John Downing Park,b49c5e47-97c7-45fa-b0a2-5cc52843ff68,John Vincent Daniels Jr. Square,70.8,46.8
rejected,Q124903273,Frank W. Plaut Park,85d79957-bbdf-43d4-b2e0-c9562e60aef4,Plaut Triangle,0.7,37.5
rejected,Q124903869,Frank Frontera Park,29948a40-0b8c-4a67-b332-dfef9cae9e0d,Frontera Park,48.8,81.2
rejected,Q124904035,Leo Ehrenreich-Austin Park,de23bce1-1c09-4de6-8ed3-b76dc0199c5c,Ehrenreich-Austin Playground,45.5,77.8
rejected,Q124904040,Frederick Cabell Park,4d91d614-1f1e-44ea-a98e-912fd0a3f4e7,Cabbell Park,41.2,66.7
rejected,Q124904683,"George Seuffert, Sr. Bandshell",69cb2dad-b3f0-4eaf-adc1-fdd0d8ee39e9,Forest Park Bandshell,33.6,69.4
rejected,Q124906911,John P. Brennan Field,c37d1bb5-7a39-4794-893f-ba045b7448f9,Juniper Valley Park,130.1,25.6
rejected,Q124971380,Rory Staunton Field,380118c0-20f7-4789-a5e7-a235f9a58549,Paseo Park,104.4,27.6
rejected,Q124974209,Joseph P. Addabbo Memorial Park,fbc47fae-6b1b-49f2-b836-4276a8bd7e12,Tudor Park,62.8,20.0
rejected,Q124974386,Crosson Park,647ab576-f24f-4116-b48f-071b060bb3ce,Moon Supermarket & Grill,65.0,57.1
rejected,Q124974395,Raymond M. O'Connor Field,963a2128-c227-457f-930a-ce4d8055d642,Raymond O'Connor Park,2.3,71.1
rejected,Q124975103,Daniel Carter Beard Mall,9c288583-482a-445f-87ac-02bde5053edb,Oceania Seafood and Bar,99.8,46.5
rejected,Q49488778,Fems Park,1f7af125-ab51-4c27-9d31-30da05130d1a,Ferris Triangle Park,30.8,55.2
rejected,Q49488959,Fidler-Wyckoff House Park,4189b774-8fa9-4fc0-b682-1e9dbc2c8789,The Wyckoff House Museum,44.9,62.2
rejected,Q49488957,Fidelity Memorial Park,52058819-11f0-4f68-bdd0-e4f5051bc171,Nina's Restaurant & Pizzeria,86.2,37.5
rejected,Q49488969,Field of Dreams Park,4175ec02-52dd-4b40-a790-4c592e98c10a,Bon Ice Cream,105.3,42.4
rejected,Q110227430,"Parade Ground (Flatbush, Brooklyn)",dbf03a2b-22e6-4d79-bdbd-6328b73dd2d9,Parade Ground Field 10,117.6,64.2
rejected,Q110264422,"Boris & Horton · 195 Avenue A, New York, NY 10009",82e12216-72be-4295-8817-99b6660a63a5,"East 13Th Street Manhattan, New York",127.5,48.7
rejected,Q116203735,American Veterans Memorial Pier,94a90eaa-ed11-4061-8547-1c8831e1d805,69th Street Pier,54.9,34.0
rejected,Q116203733,Cough Triangle,d081dd63-a355-4a3e-9126-94b31bc1a75b,Loafers Cocktail Bar,84.5,40.0
rejected,Q116203740,Brooklyn Waterfront Greenway,8dafff7c-3500-4e74-80b4-90f25cd54ed0,Brooklyn Ice House,105.8,52.2
rejected,Q116204767,Dr. Green Playground,398b1850-3a1a-4ac7-9a92-52e441e5f089,Richard Green Park,68.4,54.1
rejected,Q116204787,East Flatbush Childrens Playground,0346c076-e912-4f30-8e76-e29a810772c7,Marino’s Italian Ices,81.0,40.0
rejected,Q116204785,Elizabeth Stroud Playground,67b39d77-be2d-4c32-95e3-0752fc82eef9,Fulton Park,66.4,31.6
rejected,Q116204798,Fox Playground,fc3d3403-31af-492b-a431-c07472350548,David Fox,58.0,26.1
rejected,Q116204851,Howard Malls,71f23750-2165-4f4e-b417-ba85e62ccb64,Mona Lounge,128.2,25.0
rejected,Q116204858,Hope Ballfield,18a69866-688e-4c86-833b-67d8e2cf6ccb,Omar's Place BK,145.3,34.5
rejected,Q116204894,Woods Playground,95b159c7-ed32-49e8-b56c-79f24624dc4c,"Bergen St, Brooklyn",120.0,35.3
rejected,Q116204898,Veterans Triangle,ef63ecb3-4cb0-4068-8cdf-053ffe489471,Plaza Residences,99.3,36.4
rejected,Q116204912,Ralph Triangle,7a73f4bd-55a4-418c-8684-580b3ce6f5e3,AJ Fine Arts Ltd.,149.4,40.0
rejected,Q116204919,Triangle Three Sixteen,450d89fc-9245-4f4a-9ba4-59eefbdeb921,Prospect Avenue,100.6,32.4
rejected,Q116205032,Surf Playground,3bce03c7-8b84-4a43-9203-15d704f817ad,Coney Island Brewery,122.2,28.6
rejected,Q116205036,Susan Smith McKinney Steward Park,2dc5b73c-38da-499d-bf45-8437f902b874,Annie's First Wok,114.0,40.0
rejected,Q116205043,St. Mark's Playground,c2c5e7bc-3699-4087-9fcc-2b51f9c3b719,Cas West Indian & American Restaurant,123.1,40.9
rejected,Q116205045,Sankofa Park,54a9567b-cf45-465b-8596-0d7a7cb9b709,Nelly's Cake and Party Supply,118.7,24.4
rejected,Q116205050,Sarah J.S. Tompkins Garnet Playground,0c8b99fd-b7f1-4825-b820-e95a266f35e9,Gshmak Bakery And Cafe,141.9,37.7
rejected,Q116205056,Schaefer Landing,bc6d6a5d-1d3f-4a55-b07f-1d1697ebc942,Cine Magic Riverfront Studios,143.2,31.1
rejected,Q116205105,Rudd Playground Skate Park,953ec209-ca31-4179-995d-7e35760e86a4,Rudd Playground,62.9,73.2
rejected,Q116205143,James Forten Playground,2a4b2055-fbc7-41a1-9a7d-f9cadd701dc4,Underhill Playground,16.4,46.5
rejected,Q124978257,Anthony Leo Placella Park,06a14d73-e78a-49d8-aa12-d3794a30d727,Big City Auto Body & Towing Service,127.6,31.0
rejected,Q124978570,"P.O. William Gunn, Jr. Park",e9ac1ab2-c90a-42c6-9518-5bcf9652c679,Detective William T Gunn Playground,36.8,54.2
rejected,Q124978875,Brigadier General Joseph T. Hart Memorial Park,da7a53dc-94d9-4502-93d2-c9f698821096,General Hart Playground,28.7,50.0
rejected,Q124989169,Kupferberg Center for the Arts,d3427374-92e5-41f9-a2b4-6513ef07042e,Knights Table Food Pantry,25.7,32.7
ambiguous,Q122060820,Chelsea Waterside Park,58fb1687-aca9-4a87-a16d-0c9cd23fd440,Chelsea Waterside Dog Park,63.4,91.7
ambiguous,Q122060820,Chelsea Waterside Park,d437eb51-9378-4ae6-a0df-badfab7584c3,Chelsea Waterside,8.4,87.2
rejected,Q122143067,Perry Street,679bbace-022c-4bb9-84ed-7b5facf60cae,Perry St,46.1,80.0
rejected,Q122143421,Nix,0c704632-d262-46a5-a15c-5f124d528d92,Japonica,83.1,36.4
rejected,Q122166579,Sushi Azabu,b67decac-24b0-4243-a177-f6e0b442ed6e,Behr Thyssen,121.1,34.8
rejected,Q122181882,Weber and Fields' Broadway Music Hall,7ffafe37-7be8-4021-90cb-aa3bb94be0be,Han Feng Art and Design Space,52.0,49.2
rejected,Q122332973,Lo Scalco,c4b9648f-4809-4b85-8cc6-1fb7f8fe0a9d,Margot Samel,75.2,47.6
rejected,Q122451845,Bar Uchū,bbf3aa5b-f603-49fe-bf47-7c15f5e6e58c,Uchu,2.0,50.0
rejected,Q122451850,Fiamma Osteria,fb972af9-038a-47c6-9555-256819efe0ab,Sullivan Taqueria,95.6,51.6
rejected,Q122451848,Aureole,09ebad05-6e8d-4028-b6c6-3ba34702964a,Aureole New York,78.8,60.9
rejected,Q122495448,Vong,6315f010-4d10-4174-9054-dde918bb6803,TacoVision,89.9,42.9
rejected,Q122609957,Kyo Ya,9d6dae14-1c80-41a6-9239-b842bf7a1ac7,Mokyo,124.7,54.5
rejected,Q122643059,Ginny's Supper Club,62178c1f-1689-46d6-949e-2e2d1add2354,Indian Summer Harlem,138.5,51.3
rejected,Q122958796,Maysles Documentary Center,415226da-edad-482f-b3a5-cde59e9eec42,Oberia Dempsey Multi Services Center,92.2,54.8
rejected,Q123038090,Café Camellia,b68159e9-8d16-48ab-8a95-400371b09f8e,The Gloria Gail Gallery,107.8,43.8
rejected,Q123111625,Safari,70e2dfb4-99eb-4c7a-a74b-6482096c2d6a,La Savane Restaurant,67.7,40.0
rejected,Q123201781,Eighty One,0304e9bc-b266-4453-9148-19a7724be8d1,Thyme & Tonic,146.7,47.6
rejected,Q123237903,NiLu,f05cea35-7f74-41c0-86a0-e1708c6f2d4c,Native Restaurant,117.3,40.0
rejected,Q123237913,The Sol Studio,db671a56-3147-481e-88f7-49f875a2ab78,Strictly Roots,86.5,41.7
rejected,Q123237975,Strivers Gardens Gallery,ddd717a1-2498-409f-9f0e-4750b7daa56f,Hudson River Cafe Pier 45,144.5,44.9
rejected,Q123238050,Hunter East Harlem Gallery,e19086aa-a47c-4cdc-8947-310db4c70a83,Harlem Art Park,99.5,53.7
rejected,Q123238129,Cafe Melo,6a55922e-a724-488d-ba02-990d5142e749,Cafe Melo Harlem,61.0,72.0
rejected,Q123238180,Calabar Gallery,a06520fd-6780-4f37-b357-f30ab5e4bb6f,Artosino Gallery,101.1,64.5
rejected,Q123238657,RIO II,66b4b883-3a53-4c21-9baf-7bd12ee476ec,Body Bar and Grill,54.3,33.3
rejected,Q123331547,Aileen B. Ryan Oval,74d9587b-338e-40a2-b291-60dc89212aac,Oval park,16.3,44.4
rejected,Q123421409,Peter Jay Sharp Theater at Playwrights Horizons,e8a29a0a-7caa-4f4f-8662-e4ac68554455,Playwrights Horizons,5.1,59.7
rejected,Q123497178,American Indian Community House,5f9ab1b1-c7fa-427d-ada4-5c0ae94b1817,Mictlan Mexico,144.0,44.4
rejected,Q34873471,Elizabeth River Parkway,0f60855f-d2d2-4ff1-b0ce-2cf3bfbf6bc0,Union County Park,68.2,40.0
rejected,Q34874327,Everett Park,ad578b7d-41fc-4770-93cf-a52491484aa6,Everett Field,66.0,64.0
rejected,Q34875126,Fairmount Park,152e80cd-2ca1-453f-99c8-8ef6587f063e,Jersey Ice,146.2,25.0
rejected,Q34903165,Booth Park,e8307525-bc52-40c5-bf81-90aa4740a332,Diamond Spring Beach Club,64.6,28.6
rejected,Q34904958,Brandes Field Playground,73051532-4910-46f9-98ac-a6f641d267f5,Ball Field on Marshall Street,22.5,49.1
rejected,Q34907564,Brookdale County Park,1b2f9c8d-2dce-45db-bf90-761e94ccb44d,Brookdale Park Children's Playground,57.4,59.6
rejected,Q45103905,Eros Theatre,b9e7bf80-d1d1-458c-85a8-1f3d269a7964,Broadhurst Theatre,132.5,73.3
rejected,Q45109974,Japanese Roof Garden Theatre,94ec5a21-d940-41da-a51c-13ea792d9153,Long Grain Thai & Japanese,105.2,69.2
rejected,Q49534533,Oasis Garden,bbd6a86b-d136-4008-9342-c6244fbaef23,Kare Thai,118.7,57.1
rejected,Q49534754,Ogden Plimpton Playground,6212a916-af02-437d-9bcb-c8cd9a98f33a,La Cocina Pizza Restaurante,86.5,38.5
rejected,Q49535002,Old Fort Park,2221fd88-3c88-43b5-9468-f99557bcdb76,Old Fort Four,8.3,61.5
rejected,Q49535051,Old Hickory Park,28e53dbe-39a9-4318-b370-11bfcdcb2cfa,Old Hickory Playground,23.0,78.9
rejected,Q49535508,Oliver Hazard Triangle,cc1041b7-6cd9-44e5-84c9-495d88a1c125,Lotus Garden Restaurant,132.5,35.3
rejected,Q49535548,Olmsted Triangle,dd17cc82-167c-4134-9f9f-dd4591713d5b,One Stop Restaurant,126.3,33.3
rejected,Q49535609,Olympic Field,6a7d369b-b08e-4061-aaa9-360ff8df56b3,Legend's Lounge NYC,130.5,37.5
rejected,Q49536651,Overpeck Park,6b913317-a248-4e50-9954-6616e1444119,Overpeck County Park,92.0,78.8
rejected,Q49539493,Parker Playground,f7168ec8-c447-494d-9663-1a8bf4aa6fcf,Castle Hill Playground,24.7,66.7
rejected,Q49539578,Winthrop Playground,14903628-f525-4cf0-818a-1a482b95087e,Parkside Playground,56.5,52.6
rejected,Q49540210,Patrol Officer William T Gunn Junior Park,e9ac1ab2-c90a-42c6-9518-5bcf9652c679,Detective William T Gunn Playground,50.5,50.0
rejected,Q49541634,Person Square,e54f73a2-4205-400e-8026-b044a2e8fa0b,Hudson Jane,90.5,50.0
rejected,Q49541737,Peter's Field,8246753a-115d-4605-af72-560f1e31ab22,Midwinter Kitchen,126.6,45.5
rejected,Q49542046,Phelps Park,3d9e37cd-44a8-4260-aa01-7e9770540c1b,Phelps Park Dog Park,113.3,71.0
rejected,Q49542404,Pier A Park,95872668-810e-4d27-bd4d-c5d3a8ade1b4,Hoboken Riverside Park,93.1,54.5
rejected,Q49542555,Pigeon Plaza,898ba014-77a3-47fd-9eba-dfc0ffccc634,Golden Dragon,21.4,40.0
rejected,Q49543125,Pinocchio Playground,bb8aaec7-5bf4-4f18-a597-e288b121d668,Hibachi Sun,79.5,45.2
rejected,Q49543735,Placella Park,1f363823-741a-4ef2-91db-1abafd9e13c7,My Most Favorite Dessert,125.9,21.6
rejected,Q49543854,Playground Fifty-two,ed80526e-88a5-4685-90fa-b29ceca1ac36,Playground 52 LII,18.6,64.9
rejected,Q49543866,Playground One Thirty-four,ecbfed28-2d48-4bdc-b18d-0618e1f00b49,Picanteria El Botecito,85.2,37.5
rejected,Q49543875,Playground Three Forty,3f49f594-106b-48b1-bad3-cea1beb08456,Gonzalo Plasencia Playground,27.7,48.0
rejected,Q49544300,Plimpton Playground,f3342439-e89d-48e8-899d-61ee1f24b3d1,Plimpton Ave Park,94.6,66.7
rejected,Q49544490,Poe Park,afa7a1b5-0c7a-4300-829f-dfa46d388864,Poe Park Visitor Center,84.6,51.6
rejected,Q49544700,Police Officer Hilario Serrano Playground,e5c54f00-8d06-4a14-9205-276f2b65410c,P.O. Serrano Playground,10.1,66.7
rejected,Q49544705,Police Officer Reinaldo Salgado Playground,3727068e-3a22-48e1-bb3f-b8bfcb361d9e,P.O. Reinaldo Salgado Playground,58.0,79.5
rejected,Q49555979,Saint Lawrence Triangle,6fb938be-007c-4466-a4d3-32b0279a0437,Naked Fitness Cafe,129.6,33.3
rejected,Q49555993,Saint Luke's Park,d954a22a-b52a-46f8-8c34-a243fc7c32cd,Parque St Marys.,64.1,43.8
rejected,Q49556173,Powers Street Garden,4e87f3f9-277a-439f-9865-84453dc95a84,Olive Street Garden,89.5,82.1
rejected,Q49556685,Sam Leggio Triangle,fca2dcde-0696-4255-bfa0-711eb02d31d3,Highland Park - Brooklyn,81.3,24.4
rejected,Q49556779,Samuel H Young Park,d4740557-925c-46e2-aab7-93c0045fa1c2,Dunkin',94.1,16.0
rejected,Q49556789,Samuel Nelkin County Park,dd0e51d0-760c-4a2b-8a18-9060ee179e9c,County Park Woods,64.8,61.9
rejected,Q49556808,Samuel Triangle,8b281fb2-bb48-4057-b68d-b59fea13341a,Tropical Grill Restaurant,99.9,43.5
rejected,Q49557905,Sarah Roosevelt Park,89249155-4f96-468e-8bf7-d55f171cae8a,SFA Projects,27.5,50.0
rejected,Q49558268,Scarangella Park,3997c192-f6ce-413b-a7a6-e864e62479fc,Scarangella Park Basketball Court,18.6,65.3
rejected,Q49558371,Sankofa Park,54a9567b-cf45-465b-8596-0d7a7cb9b709,Nelly's Cake and Party Supply,94.7,24.4
rejected,Q49558393,Scheutzen Park,cd89b915-5a3f-4af7-a4bd-219269ee5cf8,Karaoke Shout,128.5,59.3
rejected,Q49558505,Schmul Playground,59c03967-a3e2-402a-a52b-e2eb7d1fd082,Schmul Park,91.1,71.4
rejected,Q49559132,Seabury Park,d9b0b3d1-af25-4a3d-bdc6-c12246b7f54e,Jared Pizza,97.4,34.8
rejected,Q49559212,Seaside Nature Park,b4a13c35-33e7-4992-ae0a-438738b1b63e,Seaside Wildlife Nature Park,75.6,80.9
rejected,Q49559353,Second Ward Park,f89583ed-bb5c-48ac-8e76-be5076ba91ca,Second Ward Playground,71.3,78.9
rejected,Q49559396,Seeley Park,424403fc-1a48-47e5-b444-303ead80496a,The Prospect Range,120.0,40.0
rejected,Q49559758,Sergeant Colyer Square,33263929-261a-46a1-bd1e-4049e3b0f271,Satguru Sweets & Catering Inc,142.6,40.8
rejected,Q49559767,Sgt. Joyce Kilmer Square,9572e704-e96a-4da1-a2e9-0431395893a9,M&a Cohen Studios,124.9,40.0
rejected,Q49560984,Sheridan Square Triangle Association Viewing Garden,f7859cf6-fa95-4402-a303-08d1ce7e43b1,Vittorio Cucina Regionale Italiana Restaurant,126.7,44.7
rejected,Q49560996,Sheridan Triangle,478a3f2f-9d13-40a0-99d4-bc5cefb616f4,Frida Tacos,118.3,50.0
rejected,Q49561034,Sherman Creek Park,f6431dfc-22d8-40e7-9e2f-c79183167ff6,Sherman Creek,140.0,83.9
rejected,Q49561112,Sherry Park,0de2c8d7-63c0-4a31-a4e5-a7b10e913835,Sherry Dog Run,8.3,64.0
rejected,Q49562383,Slayton Field,f7f52a12-a84d-4340-a107-8fdd420a7dca,Wildflower Sculpture Park,101.5,26.3
rejected,Q96050426,Hippotheatron,c67f5e2e-792c-4f9a-bf01-13abd83b8459,Irving Place Theatre,107.6,48.5
rejected,Q96176044,Theatre on Nassau Street,3f5f13a8-e90d-43f2-a042-4dee801d3979,John Street Bar & Grill,99.0,56.4
rejected,Q3210324,La Maison Française,be294bb0-1bb0-49a0-badb-5c3c4d05ee77,Ramen Takumi,56.0,45.2
rejected,Q4727596,"Aljira, a Center for Contemporary Art",0fca4a2d-4a7f-4f08-bc96-d6afe89682fc,Little Theatre,140.8,40.0
rejected,Q4810679,Asterisk Art Project,e71b49f9-18b9-4b8c-ac4a-2256e3d34153,Asterisk,9.8,57.1
rejected,Q4875870,Beachland Amusements,21b7d7be-1607-4fed-9f49-32081bdbc5f5,El Cactus Mexican Restaurant,130.0,48.6
rejected,Q4936656,Bodley Gallery,671edd75-8f41-4e1e-a560-178472c9a44c,Gallery 60 NYC,66.1,57.1
rejected,Q4949671,Boulevard Theatre,a4529f6d-a316-414a-a553-7e34c5ba0d09,Teatro Restaurante Boulevard,14.0,66.7
rejected,Q4974144,Bronwyn Keenan Gallery,850054de-bd8c-4187-bc33-3c272360c376,Sacred Gallery,80.0,50.0
rejected,Q4974773,Brooklyn Center for the Performing Arts,504385f0-7ce8-42e4-9a70-313775dbdbd4,Home of the Rasta Pasta,141.9,35.5
rejected,Q5011045,CHAR No.4,15b9515d-1250-48eb-ad6e-b13bbbd27a95,Pane E Vino,86.7,50.0
rejected,Q5433443,Famous Accountants,7f4c0ca9-bdb7-473a-a40b-0230df06e80b,Grameen America,128.2,36.4
rejected,Q5967520,I-20,50ac1923-e856-4d43-976a-ff366b246cfb,Pace Prints,132.0,26.7
rejected,Q6163075,Jason McCoy Inc,b1f7a23b-635f-42ea-9e0b-68d410e8fd04,Jason McCoy Gallery,8.8,70.6
rejected,Q6177260,Jen Bekman Gallery,450dca44-1d5f-43f5-93b6-3466f8a82130,Company Gallery,125.6,66.7
rejected,Q6825143,Metropolitan Museum of Art Roof Garden,d87eced7-2292-47d6-8cee-691a41c8c22f,The Dining Room at The Metropolitan Museum of Art,41.4,81.9
rejected,Q7072631,OK Harris Gallery,58e1b213-58e0-4994-9577-3e2dba42c57a,Owen James Gallery,80.8,68.6
rejected,Q7332524,Ride of Fame,679f960e-3697-4360-8e8f-71f58b9c9328,Pie Face,78.7,60.0
rejected,Q7603982,Staten Island Botanical Garden,78c60593-59df-49a5-a9cd-d634c01a0e2f,The Connie Gretz Secret Garden,69.4,50.0
rejected,Q7691706,Teaneck Kebab House,5d8fb836-4b5a-4f1d-b2e5-e9b3ed7b39a6,Hiro Of Teaneck Llc,38.5,57.9
rejected,Q7899870,Urban Center,f01fcf8f-2a2b-4430-b3ab-3432667a6f4f,7W Entertainment,78.0,50.0
rejected,Q7922986,Veruka,5cf1d6a5-6c55-4cc0-8249-cdfe7c706c5f,Veranda,140.6,61.5
rejected,Q7968924,Ward-Nasse Gallery,948d9010-5c35-4749-a888-3b75797ea3e0,Sonnabend Gallery,129.8,68.6
rejected,Q8072560,Zion Triangle,356922ed-12df-4980-b7d2-08b454037c0f,Villa Castillo,71.4,37.0
rejected,Q14706862,Magic Towne House,5b24abd8-5538-40b8-a72f-112121dec8e6,Kusmi Tea,85.6,53.8
rejected,Q14707215,REVERSE (art space),a498266f-4700-4ca9-8122-59261d3875bc,Pete's Candy Store,68.6,45.7
rejected,Q15697082,Wildenstein Galleries,f4713d07-0a2b-43c6-9776-d526e80b1f2c,American Wing Cafe,104.9,47.1
rejected,Q16911091,St. Mark's Playhouse,83b02981-0724-4791-99b5-16b49be3b9d8,18 St Marks Place,111.0,66.7
rejected,Q16974386,Da Marino,881bef2b-4a29-469e-9931-ece9370d7846,Da Marino NYC,2.5,81.8
rejected,Q18748945,Brooklyn Museum Libraries and Archives,0ca46c8d-c39a-4e76-a3a3-d0b1da7ca403,Brooklyn Museum,4.1,56.6
rejected,Q49492003,Fresh Creek Nature Preserve,c8d93dc5-39af-4606-aab8-f6150f85b7e8,Spring Creek,89.6,46.2
rejected,Q49494388,Golden City Amusement Park,9de41ebb-7687-42ff-b635-3115b6f54353,Seaview Park. Aka. Canarsie Park,143.5,35.7
rejected,Q49494757,Gorman Memorial Park,41046067-99ee-4a6b-847a-27605e505f35,Gorman Park,95.3,71.0
rejected,Q56277924,Palisades,d6ece33c-d591-4cfd-96a7-931df5a1477f,St. Elias,46.5,47.1
rejected,Q62994557,B.B. King's Blues Club of New York,a640bb4f-cafc-4aaf-9da2-df6883f59591,Cake Boss Cafe New York City,135.5,52.5
rejected,Q66121113,The Hogar Collection,3a05de4f-7969-4c0b-8afe-6313f27fcf5b,NaRa Chicken & Korean Cuisine,142.8,41.9
rejected,Q107379005,outdoor gym St. Albans Park,e5f58ec8-5a2f-43c3-895d-5acf54fc71cd,Saint Albans Memorial Park,112.6,69.2
rejected,Q107379043,Macombs Dam Park Outdoor Fitness Gym,3ff44459-437a-4bdb-b06e-c7f804cf4620,Macombs Dam Park,39.8,61.5
rejected,Q118904856,David Lewis Gallery,35b6d44c-7cd5-40be-bd8c-0080bc4c0600,David Lewis,2.1,73.3
rejected,Q123035802,Krispy Kreme Times Square,a0ee1ae6-ae10-4354-863f-a077e359219e,R Lounge Times Square,125.4,69.6
rejected,Q123238330,X Gallery,e805581b-f8cc-416b-b038-7cecd73fdcd5,Archer & Goat,83.0,40.0
rejected,Q124268679,New York Transit Museum (Grand Central Terminal annex),e0678e50-77d7-4efe-aafb-9fb7becc7b9b,Grand Central Terminal Clock,128.2,55.0
rejected,Q124878590,Peter Chahales Park,29948a40-0b8c-4a67-b332-dfef9cae9e0d,Frontera Park,61.8,37.5
rejected,Q125131695,New York Museum of Science and Industry,09f8f3c3-2f72-4fd9-bed6-f554d291bad8,Lyric Chamber Music Society Of New York,86.9,61.5
rejected,Q125381237,Triangle of the Cat,904fc485-030b-4bf0-a55d-42d78804b8ab,La Fonda Restaurant Corp,95.6,41.9
rejected,Q131359493,National Theatre,459ec48f-762c-4a3d-8f2e-52d2f7f33fe2,Mela Foundation,115.3,58.1
rejected,Q125225375,Horsebrook Island,696f08cf-bd9a-46c9-96cc-30f20a997628,Ming Yuan Chinese,126.7,41.2
rejected,Q125314608,Escuelita,e30def24-2cbb-44c5-875e-95f472c01179,Venisalvi,113.9,44.4
rejected,Q125386729,Howard Gilman Performance Space,a7c3afc9-4c90-4ed7-8e07-2c17004a47da,New Perspectives Theatre Company,6.5,44.4
rejected,Q125796842,The Modern,429884c1-8f4f-4909-823b-9de451d987a1,MoMA Teens,3.5,50.0
rejected,Q125796932,Bouley at Home,37e7bf5f-a8ad-471d-ace0-6944e94bb6d6,Bouley,9.0,60.0
rejected,Q126616604,3 Dollar Bill,110358ea-09e5-4d7f-85a6-1050d4ec2b9d,International Waters,2.2,30.3
rejected,Q126870349,Williamsburg Biannual,ed80e3dd-c956-4cd8-8dd8-2366f4f3b52a,Wayne and Sons,136.1,34.3
rejected,Q126960081,Llama Inn,d58f5a8d-2c1b-4cd4-ade5-b4cac258978c,The Lineup Dinner,89.3,45.5
rejected,Q96279897,The Chatwal New York,d197787f-137a-4beb-a0f6-e7c6509929bb,Steinway Hall,101.7,48.3
rejected,Q141485403,Q141485403,428f585b-695b-458c-9eb2-d685afb41044,Brunch Bunch HQ,50.6,8.0
rejected,Q141305650,Russian Samovar,250e02d0-ef1d-4e1a-b7b4-36f8a944e3b5,Russian Samovar Restaurant and Piano Bar,6.0,58.8
rejected,Q5027414,Camp Merritt Memorial Circle,e371bd7a-6633-447b-9430-f57b47f4a69b,Circle Diner,57.1,50.0
rejected,Q6074931,Irvington Town Hall,d6ef6ba0-a4a1-4a50-b50c-9c3600afc03c,Irvington Theater,82.9,61.1
rejected,Q34865277,Thomas Ragone And Anthony Muscente Memorial Park,d1e3ae25-4cd7-4787-9d00-c7aab1dde9dc,Restaurante Salvadoreno,130.9,33.8
rejected,Q43016671,Park Theater,ff6bfe34-c771-415a-b720-303798d338fd,Stephanie's Italian Restaurant,42.1,38.7
rejected,Q43017045,Cinema 23 Fiveplex,2c6643a0-3fbe-4515-98a1-9b7bf069b058,Forum Coffee (Little Falls),26.7,37.2
rejected,Q43017301,CMX Closter,ff6c7c42-b1b9-49b9-a401-155f508f4e64,Closter Pizza,50.5,66.7
rejected,Q5577261,Goffle Brook Park,681afe26-b915-41bb-b309-da7e833906be,Diamond Bridge Field,87.0,32.4
rejected,Q5611524,Grover Cleveland Birthplace,d5b92f6d-2cc9-45f6-b7ac-2738175fc3a0,Guerriero Gelato & Cakes,74.1,44.9
rejected,Q43021322,Fabian Theatre,bec83d30-9d1b-4961-9d46-4101dadd33b0,Halal New York Platters,31.9,37.8
rejected,Q43021334,Garden Theatre,db6e4f53-95ab-4616-85f2-8b7020149334,Estrellita Del Sur,60.8,43.8
rejected,Q43021347,Lyric Theatre,3779d047-6f55-4a5f-9d6a-d5bc646ccade,Cicilia Pizzeri,140.7,35.7
rejected,Q43021358,Majestic Theater,f8ca2e40-6155-448d-a5b0-6f173613cb1b,Community Theaters Llc,58.7,57.9
rejected,Q43021373,Paterson Show,633a23ae-e48a-4291-982a-65e708f170df,Silk City Platters,121.4,51.6
rejected,Q43021386,Plaza Theater,63f01ad8-60af-4497-b4cf-4ac6ef738e7b,Plaza Restaurant,70.1,55.6
rejected,Q43021410,Rivoli Theatre,9e2ca789-534c-4baa-86cf-9c62f73ed974,Inside the sole,76.0,48.3
rejected,Q43021423,Royal Theater,f8ca2e40-6155-448d-a5b0-6f173613cb1b,Community Theaters Llc,89.8,62.9
rejected,Q43021288,Capitol Theater,dbfa377c-059d-470e-8994-44ce3f7a8e20,Brothers Bar,102.8,43.5
rejected,Q43021309,Elite Theater,633a23ae-e48a-4291-982a-65e708f170df,Silk City Platters,73.9,45.2
rejected,Q43063418,Central Theater,e74212fc-c46f-49f0-b69a-eb85abacd6a7,Pearl River Central Ave Field,122.6,54.5
rejected,Q43063421,Pearl River Theater,a05c4d60-5954-40f6-946d-16fdca54a322,The Pearl River Hotel,96.0,61.1
rejected,Q43064642,Fine Arts Cinema,552808d2-ecda-42f1-8849-ea9d56bffb19,Asiangrocerymart,52.8,43.8
rejected,Q34872179,East Side Park,0d84009e-6a8d-4cc2-8154-913513ab995f,Eastside Park,10.5,66.7
rejected,Q43021435,State Theater,b6374f6a-80be-41d1-84e5-f987e8b14527,Tastee Freez,136.2,48.0
rejected,Q43021446,U.S. Theatre,a3b0da47-3235-415a-bd00-e22bb07486d7,Beauty 4 Ever Inc,49.4,42.9
rejected,Q43021937,Interstate Theatre,fe93616c-7ac1-4346-9442-b03ecc18ab8a,Paris Baguette,9.5,43.8
rejected,Q43041778,RKO Theater,775b0b99-2498-4b71-aabd-e45ffbfdaa31,Taqueria America #2,132.8,41.4
rejected,Q43041788,UA Route 59 Theater,44220b8f-d1f3-4699-9678-649044a6def6,World Sushi of NY,76.8,27.8
rejected,Q43062852,Astor Theatre,2d9ebbe4-1aad-4cf9-a2ae-262b98a77ff8,Brother's Seafood,112.9,40.0
rejected,Q43062858,Cameo Theatre,2243ca1e-336a-4872-b044-32f8df0489de,Ossie Davis Theater,111.0,56.2
rejected,Q43062867,Century's Mall Theatre,03566d38-bfc6-4ca5-b5de-a7658a25af1d,"Loew's Theatre, New Rochelle",94.7,61.2
rejected,Q43062878,Hudson Theatre,99604126-fc8d-477c-abd2-006891d2acc7,Tim Hortons,72.1,40.0
rejected,Q43062883,Main Street Cinema,29428aa1-4363-45e9-97b2-18c73539ab02,Rangoli Indian Cuisine,99.6,45.0
rejected,Q43062886,Princess Theatre,b7036b0b-ea2d-4b42-aa40-ea51fdcbb1f5,Drake Main Cafe & Lounge,25.7,32.3
rejected,Q43062897,Town Theatre,6c4697d7-4bab-4446-b045-983662af9575,Little Mexican Cafe,74.8,38.5
rejected,Q43062902,Union Avenue Theatre,ef1fe161-ff9f-4154-b949-630f58f5a020,El Trigal Bakery,26.4,38.9
rejected,Q43063130,Rockland Theatre,0762f9e6-f443-4fb9-9850-bd1ec4a984e7,Lanterna Tuscan Bistro,141.1,47.4
rejected,Q43022125,Bow Tie Warner Theater,7312cba3-7a3f-4027-93df-174c3075324b,Bow Tie Cinemas Warner Theater,9.6,84.6
rejected,Q43022143,Opera House,abd48ea5-70b4-4790-8d0d-14117b888922,Country Pancake House,120.3,50.0
rejected,Q43021950,Ramsey Cinema,09017c68-d298-4570-ba24-91ff7c034d1f,Ramsey Corner Cafe,105.3,76.9
rejected,Q43022909,Cinema 46,e9a1d388-f225-49bb-9e0a-662cea8568ff,Cubanelle Restaurant,103.5,33.3
rejected,Q43022917,Totowa Cinema,f558d4bf-56ef-41e1-aad1-32182b016103,Xo Private Functions & Social Lounge,48.8,35.0
rejected,Q43022150,Play House Theater,513e2e90-bc0f-4481-ac10-511530970346,Salad House,12.1,55.2
rejected,Q43064648,Scarsdale Plaza Theatre,a94f37e9-e8e0-4c98-94c8-096a1d9f9a0e,Scarsdale Pizza Inc,136.9,61.9
rejected,Q43066068,Riverdale Theatre,447e38b8-23f7-4d55-ba74-1539fbab358c,Untermyer Gardens Conservancy,146.3,43.5
rejected,Q43066083,Strand Theatre,dc7e34f2-26e4-4903-ac2e-2320654861bb,"Proctor's Theater (Yonkers, New York)",60.9,41.7
rejected,Q43066081,St Joseph's Theatre,1a073a44-639d-48b6-afcb-2443d77e08a4,Esperanza Cocina & Deli,130.4,30.0
rejected,Q34921087,Charles A Kurzius Memorial Park,322079bb-f7f3-4004-ad12-13482ff8541e,Laurelwood Arboretum,38.1,31.4
rejected,Q34879424,Frank D Zaccaria Memorial Park,f9eee210-554d-41dc-a1c1-8ea065bca272,Henderson Pond,100.9,22.7
rejected,Q43066087,Warburton Theater,085632cb-2858-40bf-9b60-3a37a25ca8ad,Andrus Planetarium,119.6,34.3
rejected,Q49568760,Tackamack Park,e9cb9310-d3ad-4b2e-b2b3-da56548c7e99,Tackamack North Park,15.6,82.4
rejected,Q43023599,AMC Wayne 14,5ab17476-fda7-48b9-91be-c3b2841686d3,Panera Bread,77.8,41.7
rejected,Q43023612,Wayne Movietown,e5022919-1184-4f92-9528-6bdc52be11a0,Wayne Pizza Corporation,107.3,52.6
rejected,Q43023620,Little Cinema,9cd085ed-955e-4e0e-b87f-b448b2e31ab4,Dairy Queen (Treat),139.2,33.3
rejected,Q43023652,Valleyview Cinemas,5423ffef-d968-4e2c-95e3-6480d37dd15b,Pie Guys Pizza Inc.,30.4,27.8
rejected,Q43023472,Verona Theater,6e6420b6-78f9-4693-970d-653a4cdb20da,Horseneck Tavern,129.4,53.3
rejected,Q43023663,Willowbrook Cinema,7814279c-f743-487f-b238-69ff53a66869,California Pizza Kitchen at Willowbrook,109.6,59.6
rejected,Q43023676,Cinema West,591d48e6-6ed8-4a78-bc9a-8721073b5e8e,Game Stop,5.8,40.0
rejected,Q43064883,Music Hall,00a3addb-c4eb-4364-81de-f061f5e93b64,Tarrytown Music Hall,5.5,66.7
rejected,Q43064891,Strand Theatre,517b459d-93b4-4332-80f6-41bbdf4d79d2,Tumbao Bar and Lounge,141.8,42.9
rejected,Q43064896,Veteran's Memorial Building,1237e47a-0202-4d64-b8d1-cebb1b2beaeb,Himalaya Tibetan Momo,139.2,45.8
rejected,Q43065022,Maveli Twin Cinema 59,d6d83971-2a06-435c-9236-0ca033665227,Elparaiso Spring Valley,104.1,31.8
rejected,Q43065803,IMAX Theatre at Palisades Center,d5b5c892-54e5-4216-a1be-b1c47768913a,Romano's Macaroni Grill,133.4,32.7
rejected,Q43066005,Central Plaza Cinema,b74d56f4-5a2c-4641-8cb9-996b7d879e5b,Pardon My Cheesesteak,36.6,43.9
rejected,Q43066011,Central Theatre,b8cb0502-1d99-4695-a569-f13eacdd44eb,Thai Hut,133.4,43.5
rejected,Q43065029,Town of Ramapo Cultural Arts Center,5c9e107d-bdbd-4316-9b2e-d1dac369866f,El Mana Restaurant Diner,138.2,37.3
rejected,Q43065036,UA Spring Valley Marketplace,33627412-894c-41a9-89b8-0b5f38a11814,Burger King,43.6,30.8
rejected,Q43066015,Cross County Multiplex Cinemas,f28437ec-60ea-446a-89f5-b6caaa242f4c,Auntie Anne's,92.2,37.2
rejected,Q43066022,Douglas Theatre,cca04356-09c5-4cef-b540-b7c0f41e2f58,La H Sazon,58.8,32.0
rejected,Q43066027,Empire Theatre,7830216f-56a3-448e-9d94-710601955929,New China House,7.6,34.5
rejected,Q43066031,Hamilton Theatre,059da430-8ec3-490f-b4e5-793a9fc87829,Metate,98.7,45.5
rejected,Q43066041,Kimball Theatre,2d3cea85-49e7-4ed9-b8ff-cb3df15936f4,Mito Hibachi,44.5,37.0
rejected,Q43066047,Loew's Yonkers Theatre,205ca40b-9530-4add-9179-0825ca67951e,El Marinero Restaurant,103.4,42.4
rejected,Q43066055,Orpheum Theatre,7bf09e4c-ff37-45e0-abdf-da60bfb86ff2,Dos Marias,35.9,32.0
rejected,Q49566000,Station Park Plaza,522d3cbb-d5af-41b5-96a1-78d422b2a1e2,Larchmont Art Galleries,144.6,39.0
rejected,Q6481233,Lambert Castle,c69a4466-7f3e-4e07-bd81-5827ab6eeb55,Passaic County Historical Society,17.6,34.0
rejected,Q43017921,Emerson Quad,a27e6039-4038-48d1-9cb5-5df3251ada1d,Jersey Mike's,82.3,32.0
rejected,Q49571891,Trevor Park,89b9208e-d855-48ca-9ff9-da105d253d88,Trevor Park and Playground,60.2,59.5
rejected,Q49574166,Vanderberg Park,419d7f46-0937-46b2-a9ea-c5c82d86d76c,Turtle Park,25.4,53.8
rejected,Q49574497,Veterans Alliance Park,b942c217-1300-4a0d-9d7e-348e9fc0ec33,Mother's Ale House & Grill,128.2,45.0
rejected,Q49575074,Victory Park,3c63ea03-6895-46cd-8930-05af7b662e8c,Victory Memorial Park,79.6,72.7
rejected,Q49575432,Village Hall Park,bef45808-1b32-4859-86d8-ad07686071ef,Post Road Gallery,119.9,41.2
rejected,Q7161362,Pelham Picture House,e7c992d5-0686-4cb8-9cdb-1fe3f1994a97,Bella Rest Inc,45.6,47.1
rejected,Q7185545,Philipsburg Manor,cf99722f-36bb-4d82-a19f-5b274af041dd,Mint Cafe,61.8,19.0
rejected,Q7247507,Proctor's Theater,0aec8a0b-99db-4f0f-9b3c-497e9fb87068,Vark Street Park,111.7,48.5
rejected,Q7247505,RKO Quad,29428aa1-4363-45e9-97b2-18c73539ab02,Rangoli Indian Cuisine,116.3,33.3
rejected,Q42298363,Alamo Drafthouse Yonkers,7232434c-62ce-458b-9ed6-05c52a0decc6,Dunkin' Donuts,115.5,37.8
rejected,Q43015481,Route 17 Drive-In,7bc760e3-6b93-4159-8946-7e1d3536d703,Tim Hortons,65.1,28.6
rejected,Q43015507,Anthony Wayne Drive-In,54f0cc5d-7075-40f4-8a45-c872b1b1d143,Chipotle Mexican Grill,54.1,36.8
rejected,Q49576774,Waring Park,6be43711-0556-414f-af9a-ff4bd349e1e4,Superlicious Food Truck Yonkers,77.8,23.8
rejected,Q49577208,Washington Park,5dc3a8a6-2b50-4f02-ad59-bf864e280318,La Pinata Bakery,52.2,45.2
rejected,Q49579072,West Side Park,09dfcda4-479c-4dd6-8322-6e2a823f6491,Westside Park,76.7,66.7
rejected,Q49579100,West Street Park,65f9fec5-e543-4d98-80bb-174a643b4b92,Famous Famiglia,69.4,19.4
rejected,Q49581421,Willow Edge Park,71b4b6fa-71bf-472e-bb88-2a3b70f67627,Hogan Park Fields,27.0,48.5
rejected,Q43031392,Rockland Drive-In,c742bc64-bd4f-4c99-b5e3-697af1013e65,Rita's Italian Ice & Frozen Custard,57.4,40.0
rejected,Q43034685,Bow-Tie Bronxville Cinemas,fb444198-a74f-4968-9fff-a5d97265c8fc,Bow Tie Cinemas,26.7,73.2
rejected,Q43023812,Rosebud Theater,70d89e7c-159d-4392-9691-792b143be392,Harmony Tea Room,96.3,38.7
rejected,Q43023821,Westwood Theater,cd4c36ea-a7a9-4146-a9b5-fafe9dfd64e9,Westwood-Pascack Theaters,128.7,78.0
rejected,Q43037198,Pickwick Theatre,3211cf00-d74e-4558-bdde-56d6f8476c04,Cedar Street Grill,33.9,42.9
rejected,Q43037853,Greenburgh Multiplex Cinemas,b3abd42c-8eb9-4221-a451-b81b106d36fc,Azteca Paradise Restaurant,17.6,27.9
rejected,Q43039027,Hartsdale 1-4,692cde30-6184-4254-a75b-87996f7b5a27,BBQ Chicken Hartsdale,118.5,64.7
rejected,Q43039042,Hastings Theatre,c03a9a45-abad-4c2e-a1f2-4a0d14578beb,Otis Park,143.4,48.0
rejected,Q43040587,Larchmont Playhouse,8d91b578-e75c-467b-a236-7b8b810ed588,Pine Brook Park,111.0,35.3
rejected,Q43041110,Mamaroneck Playhouse,59ac4ad3-58c0-4d0e-b7ab-8d9a31a7607a,Sal's Pizza Mamaroneck,124.2,66.7
rejected,Q43041713,Biltmore Theater,24dd3eb7-f1b2-4cde-a0e5-1a695eea9fab,Clinton's Southern Kitchen,143.5,47.1
rejected,Q43041769,Nanuet Mall Theater,1041951f-2e3c-410f-b658-05165af3dddb,Roast'd Coffee - Nanuet,100.4,50.0
rejected,Q43041739,Loew's Mt. Vernon Theatre,ce408fd7-06db-45c0-b290-4d504fe6f31b,Ilovemtvernonny.com,87.0,51.2
rejected,Q43041750,Parkway Theater,d5808522-765f-4a70-85d8-5c9f30972d3e,Ristorante Buona Sera,68.2,38.9
rejected,Q43041760,RKO Proctor's Theatre,24dd3eb7-f1b2-4cde-a0e5-1a695eea9fab,Clinton's Southern Kitchen,70.5,51.3
rejected,Q43019617,Oxford Theatre,4028251a-5901-4682-8401-61a083a12f5f,Anthony Bracco Art Studio,66.8,25.6
rejected,Q49583645,Yonkers War Memorial Field,469cd356-9672-4f32-8a1f-e883989ead7d,War Memorial Field,13.8,81.8
rejected,Q76415948,Cinemark Willowbrook Mall,e1587e7f-edc0-4bd1-9134-4a23dc9dd36e,Cinemark Willowbrook Mall XD and ScreenX,15.9,76.9
rejected,Q7897589,Untermyer Park,a425f1d8-a3c2-4415-815c-a2eb359ecc30,Untermyer Gardens Conservancy,76.2,55.8
rejected,Q49495898,Greenacres Playground,21963697-c10b-4816-9f3e-848390019bef,Greenacres Park,77.6,77.8
rejected,Q49495933,Greenburgh Town Park,b6cbca4e-a4f5-4bf1-94d9-1f6aab42ffd2,McDowell Park,128.4,36.4
rejected,Q49496940,H F Redmond Junior Memorial Park,20e8f0bf-5e26-478b-90d5-d6758247d25f,Redmond Field,60.0,53.3
rejected,Q49559362,Secor Woods Park,aff8fbb9-efd6-49ad-b3a4-59f6b20bc9a2,Greenburgh Tennis Courts Town Park,19.8,32.0
rejected,Q49562539,Smith Memorial Park,3acb9b93-1af8-41c2-8daf-20dd727855d2,Smith Park,61.3,69.0
rejected,Q49507974,John Barton Memorial Park,566901e2-0a51-4a0e-a82d-8fa3f57234b9,Barton Park,28.9,61.1
rejected,Q49508075,John E Andrus Memorial Park,c1cd1e5d-703e-4a80-9355-2d5a3cacf6a6,Andrus Park,79.1,57.9
rejected,Q49557502,Sandy Hill Park,ef9c4e23-47c7-4cb6-befd-ad4664fc6f5b,Roberto Clemente Park Playground,89.0,42.6
rejected,Q49501670,Hillsdale Memorial Park,000e34b7-ea9c-4693-8e66-7e689dd69396,Hillsdale Football Field,38.0,38.3
rejected,Q49501729,Hillside Park Playground,3c63ea03-6895-46cd-8930-05af7b662e8c,Victory Memorial Park,146.7,40.0
rejected,Q49506618,James L Fleming Park,a6131ecd-ce39-44ab-9e6e-698018249460,Fleming Park,75.3,75.0
rejected,Q49506639,James P Scotti Junior Park,5f0dda79-8ae5-41e1-a574-51739d3f5798,James P. Scotti Park,44.8,84.4
rejected,Q7964102,Walter's Hot Dog Stand,e3f2f3bf-bb1b-44d9-ba8d-74d36ce60ded,PACE Program at Mamaroneck High School (Official),93.3,29.0
rejected,Q49508418,John W Draper Memorial Park,9b30f5a9-de55-4ba3-9a6b-3d97d1dcc5fa,Draper Park,37.4,57.9
rejected,Q49511028,Kingsland Point County Park,8807cd62-5076-40ea-ae3f-9411e0d108e2,Devries Park,108.1,35.9
rejected,Q49512804,Lagana Field,4cd3474f-57c4-49de-842b-b33e1e171e42,Pennybridge Field,54.8,48.3
rejected,Q49483113,Dexter Park,3cae5089-67ea-4c69-9b77-d521a4f35c23,Childrens Town Park,149.7,46.7
rejected,Q49484791,E Wetmore Kinsley Park,a79165f1-7d82-4929-a356-eec9459f6c11,Kinsley Park,36.0,70.6
rejected,Q49488280,Faneuil Park,55f7ad3f-9400-4eb4-b2ea-aebb5911ea3a,Fratelli Pizza & Pasta,51.7,43.8
rejected,Q49488474,Farnsworth Park,b4514403-90f3-4ad6-b46a-029be5c192e4,Renfro Valley New Barn Theater,121.3,40.0
rejected,Q49488646,Fayette Avenue Park,f86810be-5630-40c8-ab47-c574665f2899,SBI Companies,144.3,25.0
rejected,Q49489967,Florence Street Park,9c878882-5de1-4a71-86c3-22b3125aa2c7,Florence Park,138.7,78.8
rejected,Q49491190,Foy Park,97ce9295-f0f1-4865-a853-8f3f82a9305e,Eddie Foy Park,51.3,72.7
rejected,Q49515763,Leif Erickson Park,1eac9761-b082-4f6e-8ab8-101f8a1b1034,Hudson Park and Beach,107.2,51.3
rejected,Q49516050,Lester Park,c9f3f210-a6f5-4de4-878c-1f8437d45ce1,Thomas Paine Cottage Museum,63.3,31.6
rejected,Q49519285,Lorenzen Street Park,7e868f50-b925-48fd-904e-1e2acd5feccc,Lorenzen Park,39.6,78.8
rejected,Q34809719,Boniface Circle,12cebfe8-6c75-40db-b18c-cb789ae99b68,Akai Lounge - Scarsdale,55.0,44.4
rejected,Q34810538,Bregano Memorial Park,156b2568-f943-4c92-90b0-56105525e11b,Bregano Park,47.6,72.7
rejected,Q34816004,Cerone Avenue Park,f05148dc-878f-4898-8d2b-ed71950f62b0,Beer Garden Bar & Restaurant,121.3,41.4
rejected,Q34816016,Cerrato Park,b906ef21-4bab-4b3c-9690-dd09ad14b8c8,Joseph Cerrato Park,15.0,77.4
rejected,Q106625600,Empire Theatre,5a782e74-b3f8-4299-a0fb-b3295975bf6f,22 Steaks,144.5,34.8
ambiguous,Q119252577,Crestwood Park,28d48141-e140-48da-8061-e8ff8d0eaf24,Crestwood Park,0.4,100.0
ambiguous,Q119252577,Crestwood Park,f8eb7ed4-1761-4034-ba2d-c7c5a401e82b,Crestwood Lake,40.2,85.7
rejected,Q34806606,Alps Road Park,a7fce0cb-aee8-434c-8506-3bf85880caab,Casa Don Manuel,117.7,41.4
rejected,Q49494804,Gould Park,2c9d2e97-730e-4546-8a42-2f54dc131021,Gould Park Pool,92.4,80.0
rejected,Q49493137,Gedney Field,d920f516-636e-46ed-8cf0-ff2437c34550,Gillie Park,85.0,26.1
rejected,Q49494055,Glen Park,09580ff2-90ec-4a62-9344-3cbc50c11d7b,Glen Park Running Track,37.3,56.2
rejected,Q34835034,Hawthorne Memorial Pool,e140072c-f7dd-486a-9c79-da2a200eed8f,Hawthorne Day,85.5,50.0
rejected,Q34836478,Hudson Park,7985c194-0368-4125-9c38-9a0984909289,Hudson Park Bandshell,147.4,68.8
rejected,Q34836528,Hudson-Fulton Park,7788df08-6361-4368-b46e-76c72bec5c6a,Hudson Fulton Memorial park,83.3,80.0
rejected,Q34839669,Kane Avenue Park,304e8fcd-3243-42fb-8dcc-f007462058a7,Kane Park,13.3,72.0
rejected,Q34840790,Larkin Plaza,15c63417-05ad-4212-85d0-722a6e0a1e5d,La Cantina,140.9,54.5
rejected,Q34841374,Laurence J Dunn Park,632fa99d-016d-42a0-a921-d27aff2ea2d1,Dunn Park,20.6,62.1
rejected,Q34842177,Liberty Park,45530bef-9476-4cef-804d-49433a27ba27,Lief Erickson Park,38.1,53.3
rejected,Q127275776,Fritz Behnke Historical Museum,56046ce6-0cd9-4d13-abac-473b56ddf8dc,Saddle River Park,146.0,38.3
rejected,Q34813318,Caldwell Plaza,fed42bfd-8819-463c-bd26-52440b64c614,Paterson Metropolitan Region Research Center,103.0,24.1
rejected,Q20657177,Legoland Discovery Center Westchester,6b5a9969-632d-4eb0-97c7-0fafc8690db2,Ridgehill Shopping Center,141.0,45.2
rejected,Q49521250,Mann Park,6f075c75-984c-4337-9e60-58ac0bc3aa46,Leo Mann Park,51.6,81.8
rejected,Q34811108,Brom Dyckman Park,e181eb18-3821-4051-93ca-2e6d865d1fe6,The Original Blue Cantina,34.9,36.8
rejected,Q34811644,Brush Memorial Park,bb3ecb1f-f1bd-4420-8585-3abe1b2c24e3,Brush Park,60.0,69.0
rejected,Q34838068,Irving Park,57eb84a5-9102-405b-a65c-f7b392738b25,Samuel H. Dow Post,130.0,21.4
rejected,Q34839164,Joseph E Pickett Memorial Playground,4ed91b4d-4f00-4d5b-afa9-6e284b7e966c,Joseph Pickett Memorial Park,14.9,71.9
rejected,Q49544803,Pompton River Park,d10de949-64b6-4a19-bd63-5d837d33fb6a,Pizza Cucina,112.3,26.7
rejected,Q49545934,Preakness Valley Park,5bc0be90-1f2d-41d9-b0c4-eecd055823d1,Preakness Winter Park,92.2,76.2
rejected,Q135688151,Cerrato Park,b906ef21-4bab-4b3c-9690-dd09ad14b8c8,Joseph Cerrato Park,36.5,77.4
rejected,Q34817880,City Park,ebb15926-3e64-459c-b089-8ce25c761fd3,City Park Stadium,148.6,69.2
rejected,Q34818767,Cochran Park,83e2120c-c956-4934-929b-9cc3b626756e,Capis Pizza,127.0,43.5
rejected,Q34818854,Cohn Park,47a2428f-01c6-445f-893d-6918abaef6ea,rol c,111.4,42.9
rejected,Q49529959,Music Terrace,36fc1d3f-84ee-46d8-aa4e-0281793ae6bc,OSilas Gallery,46.8,22.2
rejected,Q49530994,Neptune Park,e39fee78-2d32-4fc1-a2a0-1ae048617e89,Neptune Island,70.9,53.8
rejected,Q49531108,New Bridge Landing Historic Park,496db529-f14c-4212-8148-3a67b9bf7875,Silk Cafe,69.6,22.2
rejected,Q34816687,Chase Road Park,abfde90e-e26e-40f6-8b97-ea4416d86f52,Chase Park,19.9,80.0
rejected,Q34848674,Memorial Field,31368f54-64f9-4e83-b3b0-4cfa05683f12,Lou's Hot Dog Truck,119.8,24.2
rejected,Q34848911,Memorial Park,184f5427-33eb-4019-b9dd-a779203cbd1d,Diane Grimes Park,20.1,53.3
rejected,Q34843441,Lincoln Park,ab064156-4641-4053-99b4-3920f7225830,Lincoln Park/Pool,46.9,82.8
rejected,Q49547415,R Sheldon Wagner Plaza,5022fdb2-1d78-4a17-94ec-93f60b51c174,Zinsser Park,88.2,41.2
rejected,Q49551987,Robert Fulton Park,cc57ed30-b738-4259-a288-634b6958c03d,Wild Culture Waffles and Frozen Yogurt,144.2,39.3
rejected,Q34805326,Battle-Whitney Park,56aec75f-6e5d-484b-af43-7c7950f2826a,Battle Hill Lookout,132.5,52.6
ambiguous,Q34831491,Grant Park,0897b47d-0ac7-440c-8130-3d78dcb764a2,Grant Park,57.6,100.0
ambiguous,Q34831491,Grant Park,4e8bba58-9586-49b5-acd0-197c19e5e7af,Grant Park,29.0,100.0
rejected,Q34834266,Harwood Park,93a2e8fc-89bf-4a0c-bb6c-accec25bdef4,Apiary at The Library,61.5,30.3
rejected,Q34853983,Palisades State Park,af3603cf-2ced-4cf0-8f48-124b884e76f1,Palisades Hiking Spot,8.5,58.5
rejected,Q34855774,Raymond Leroy Williams Park,11cad5e6-1456-49af-a6d3-9169c83a564d,H. Boo Wilson Park & Playground,30.5,61.8
rejected,Q34856684,Rice Oval,c83848ee-21da-400a-8af6-60fc42f942ca,"Five Island Park, New Rochelle",79.6,31.6
rejected,Q34857197,Rigley's Park,146d0af6-17c4-4a98-8c11-019652b84cc0,Montgomery Park,32.4,28.6
rejected,Q34858370,Roe Field Park,67c97385-333c-4d4d-8d31-dd5f39561026,Roe Park,66.3,72.7
rejected,Q7684762,Tappan Zee Playhouse,26acb931-fec6-4a9f-909f-9cc0116667e2,Turiello's Pizza House,139.1,47.6
rejected,Q16532044,Q16532044,dcd6b653-99c8-4e86-8087-8851168793f9,Arboreto de Glen Rock,8.1,0.0
rejected,Q34858685,Roosevelt Square,6b50e61d-f792-4cfe-a06f-e4cd3b216680,Salsa Y Brasa Restaurant,101.5,34.5
rejected,Q34858698,Roosevelt Square,a2a1a542-bfe6-47f0-b8d7-8bc3463c3e61,Ann's Roti,61.8,38.5
rejected,Q34858748,Rory O'Moore Parklet,2d49af21-0773-4c54-a209-6b27123220be,Rory O'Moore Memorial Park,20.8,73.9
rejected,Q34859153,Rubeo-Cieslinski Memorial Park,992c8d6c-a8bc-4a0e-bab6-c98a01b4dace,Rubeo Cieslinski Park,27.8,82.4
rejected,Q18392862,Starin's Glen Island,94de4b81-af7f-42ca-8cbc-0e21c19fc948,Glen Island Park,0.6,77.8
rejected,Q7457386,Seven Presidents Park,841a5505-53fa-4902-baa8-2ae9ca6b6638,Seven Presidents Oceanfront Park,71.2,79.2
rejected,Q5176643,Count Basie Theatre,ae7b76d7-e57c-4fa0-8905-ad8d63214314,Count Basie Center for the Arts,14.6,60.0
rejected,Q7230100,Poricy Park,41942897-d5f5-4aa8-b19f-26629b044eff,Poricy Park Fossil Beds,6.8,64.7
rejected,Q15961657,Sandy Ground Historical Museum,9b47e00e-d300-4673-b3a4-3d1404e6d8fc,Sandy Ground Historical Society Inc.,13.1,73.8
rejected,Q5442513,Fellowship Theatre,d6310114-27df-40da-8701-9baf77cc05f2,Vba Restaurants Llc,66.7,32.4
rejected,Q49521321,Manson Park,7d5c9417-e881-481f-9208-1c8b27491644,Manson Park-Phase 1,27.1,73.3
rejected,Q23091971,O'Donohue Park,9bef0b2b-e1fa-4d07-9dfa-f7d23249cf7f,Beach 17th Street at Seagirt Blvd.,104.7,25.5
rejected,Q49515825,Lemon Creek Park,9eed71d8-30fc-49a7-adea-f7600390d461,Lemon Creek,107.9,81.5
rejected,Q16950499,Basil T's Brewery,6231c88c-da82-4cd5-a581-ed2cc431bb58,Red Bank Waterfront Park,141.8,43.9
rejected,Q4842897,Bahrs,159d67e3-fbf5-470b-ae7b-9677e84dfabe,Bahrs Landing,17.9,55.6
rejected,Q34820819,Bay View Park,684a0e12-5cbf-4084-aedb-51d1aa0146d2,Bayview Park,73.1,64.0
rejected,Q49507564,Jerry Morgan Park,c28d8a16-964a-4a69-bab7-23b7f18fe731,Long Branch Deli & Pizza,82.1,35.9
rejected,Q5619268,Gunnison Beach,e5de1fba-c640-45c9-bb8b-c2dcda4d4c04,Battery Gunnison,21.6,73.3
rejected,Q49544177,Pleasant Plains Plaza,46d1f6e5-748f-4aae-93e8-95b2969092cf,La Dolce Pastry Shoppe Ii,67.4,43.5
rejected,Q49544277,Pleasure Bay Park,dcac4650-974a-489e-afd2-48ccd45d2081,Atlantic Ave Park,16.1,41.2
rejected,Q49546423,Prospect Park,e53a6507-4a8b-40da-9c5b-11e53e1fb499,A Paradise Platter,125.2,45.2
rejected,Q49547586,Rahway Avenue Park,2221e8df-3c5a-4159-ad5f-f0da1f78c575,Woodbridge Township Skateboard Park,143.3,30.2
rejected,Q124061667,Market Square,cc1bdf52-12d4-4e28-a42a-7d882dfe76b9,Market Square Garden,3.7,78.8
rejected,Q49479408,Columbus Park,85e54fef-440c-4ba8-a6fa-9f482fbe6ce6,Columbus Circle Park,38.4,78.8
rejected,Q5876906,Hofstra University Arboretum,cbff2dbd-6ef7-4586-93c1-6f8520cd7d21,WRHU-FM Radio Hofstra University,126.2,66.7
rejected,Q5349935,Eisenhower Park,e036d83f-9765-444d-8794-34863956b0ff,Eisenhower Park Golf Courses,115.1,69.8
rejected,Q43032275,Westbury Drive-In,ca8f0c49-9fa1-4acb-b819-7c065a75f3a2,Westbury Stadium 12,24.8,61.1
rejected,Q43033647,Baldwin Theatre,45ba2f07-aaeb-4b29-bb14-4743cbbbc84a,Baldwin Bowl & Lounge - Ultra Lanes,51.4,47.8
rejected,Q43033658,Century's Baldwin Theatre,127fedb4-8d13-4b22-acc3-76e4b67abd90,"Bites Galore Sweetique, Inc.",24.3,43.1
rejected,Q43033670,Grand Avenue Cinemas,9a89049b-9bc8-41e5-be78-414af4a208b4,China King,82.9,40.0
rejected,Q43034102,Bellmore The Movies,b0475c41-b609-469d-8136-358b45b35c70,Bellmore Movies & The Showplace,144.2,79.2
rejected,Q43034137,Mid-Island Triplex,6c316987-5727-44a2-8180-672c0a3b099c,Diner Luxe,146.5,35.7
rejected,Q43036323,Airdome,404d7b41-fbe4-41b2-8b7a-9ebb4392d2b7,Doma Land + Sea,100.9,40.0
rejected,Q43036334,Central Theatre,3bd1115b-beb1-4412-a3a5-2a2327f29cda,Central Galleries,90.6,68.8
rejected,Q43036344,Playhouse,8846dad0-ba22-4062-93ef-3a7c2cdfcad6,Glicks Bakehouse,133.5,48.0
rejected,Q43037463,Flick 1 & 2,cbf95d42-de08-46f4-8900-8690c40be888,"The Funk Law Firm, P.c",45.7,30.8
rejected,Q43037475,Meadowbrook Theatre,c10ddc9e-151d-4369-bd7f-af6cb62f3618,Texas Roadhouse,142.2,41.2
rejected,Q43037545,Criterion Twin,5be83897-68a4-48cf-813e-0cd9f5cdf5ec,IL Forno Express,24.2,40.0
rejected,Q43038024,Showcase Cinema DeLuxe,833c3d1a-01e6-4738-938d-4725ef7e0d19,Lilly's Corner Express,97.7,40.9
rejected,Q43065123,Syosset Triplex,53aa8d0a-e9cc-49a6-97e8-a71506f18561,Golden Temple II,147.4,45.2
rejected,Q43065128,UA Cinema 150,0e926cc3-613f-4d2b-b8a0-5a7e55b7d110,Beijing House,82.4,30.8
rejected,Q43065568,Belair Twin Theatre,9ed3af86-83b2-4151-ad9b-296b8a9ddcb2,Burger King,72.0,46.7
rejected,Q43064462,Bow-Tie Roslyn Cinemas,dc8212dc-8bd2-4135-b798-78f6f88cbb17,Roslyn Cinema,43.1,74.3
rejected,Q43065580,Valley Stream Theatre,57d15699-6b74-42bb-9329-ea6fb929e511,Ben's Crab Valley Stream,61.9,57.8
rejected,Q43065616,Wantagh Theatre,76d6b1ce-3c0f-4d70-920c-f00774d63f22,Umberto's of Wantagh,148.5,57.1
rejected,Q43065813,AMC Loews Raceway 10,f22622cf-20bc-4b07-99d4-f6101581fc83,Famous Dave's,63.4,36.4
rejected,Q43065820,Raceway Cinema,25da56d8-789b-449d-b31d-f6943cd7f420,Orale Cafe Mexican Grill,87.8,50.0
rejected,Q43065825,Salisbury Theatre,6c0dbd97-e8b4-4353-8402-38317c670727,Steve's Piccola Bussola Restaurant,116.3,40.0
rejected,Q43038151,Lily Theatre,226228ca-a4cc-4c44-b462-9cbecae8681a,Marble Steakhouse,58.4,41.4
ambiguous,Q43038178,Bow-Tie Franklin Square Cinemas,8f944308-e317-4e5f-a5db-315e72af4701,Franklin Square Cinemas,24.2,85.2
ambiguous,Q43038178,Bow-Tie Franklin Square Cinemas,98955fab-2e61-486b-8b07-997ffd6b108f,Franklin Square Cinemas,2.5,85.2
rejected,Q43038207,American Theater,7454ab94-82f8-4b99-b1e9-4121306b7580,Albertina Restaurant,126.1,48.0
rejected,Q43038217,Colonial Theatre,56dd4f85-b276-43f0-b2d2-cc0043d69d50,Freedom Boat Club,89.4,36.4
rejected,Q43038231,Crystal Theatre,2740ceaa-a793-49cd-a5ac-a2eb6b12ba42,Master Chen Chinese Restaurant,54.0,41.2
rejected,Q43038246,Freeport Theatre,fcbb2f33-c02c-4134-98fa-49ed177f247a,Sabor Catracho Restaurant,100.8,33.3
rejected,Q43038260,Grove Theatre,32a83ffc-b961-4dfe-9c4c-7e9e10808fbd,El Tejadito Restaurant,75.5,50.0
rejected,Q43038273,Plaza Theatre,265bf3c5-b117-4927-bd55-43dd2221d8ec,Pardon My Cheesesteak,120.6,23.5
rejected,Q43038362,Grumman Imax Theatre,8f4aaeae-2e92-4210-9c93-f9e1f416013f,Long Island Children's Museum,126.9,28.6
rejected,Q43038456,Cove Theater,27b6322e-569d-4da8-be71-b4d5da9d5410,Page One Restaurant,10.8,50.0
rejected,Q43038480,AMC Glen Cove 6,eb1ba712-4d39-494e-9969-7841d079d1f3,Kiko Ramen Glen Cove,102.3,51.4
rejected,Q43038490,Glen Theatre,c8495044-a5dc-4fa6-b86b-f8ac5f442b52,El Marinero Restaurant,89.8,43.5
rejected,Q43039240,Broadway Multiplex Cinemas,ea397fba-0afc-4b1d-ac06-ff1eccf78920,Broadway Multiplex,115.1,81.8
rejected,Q43039258,Fox Plaza North and South,58ae34e0-4398-423e-a915-2f34be1febd7,Noodles and Company,88.9,45.5
rejected,Q43039271,Hicksville Opera House,c0d5e4da-c51a-4408-926c-146def40b961,Choopan Grill,108.1,41.4
rejected,Q43039286,Hicksville Twin Theater,7a6a57b0-b697-4379-9512-c1b9bef706d8,Hicksville Sweet Shop,100.1,68.2
rejected,Q43040668,AMC Levittown 10 Theatre,84fad151-cf71-4c4c-96b0-cff0037f3fd2,Cold Stone Creamery,94.0,37.2
rejected,Q43040682,Levittown Theatre,790ee15e-2cbb-425a-8684-4687ee85069d,Levittown Treat Company,71.9,70.0
rejected,Q43040916,Crest Theatre,6461576b-5e3a-4a9c-88e3-815a09b1c8e2,Edwards Beach,133.7,38.5
rejected,Q43040926,Laurel Theatre,30011dab-1afb-4090-a24f-454d81f3ec21,"Beautiful Long Beach NY, City by the Sea.",149.0,34.0
rejected,Q49581773,Wilson Park,b7967eb8-c01f-4bf8-8da9-2965ebc5b547,North Shore Mechanical,144.2,30.3
rejected,Q43039134,Fine Arts Theater,4c13f700-cca8-44c3-a02b-0cf9850340cb,La Tapachulteca NY,130.3,45.7
rejected,Q43039150,Hempstead Theatre,32ea7a7a-a76b-49f4-af92-469f176b744d,La Frontera Deli,147.4,36.4
rejected,Q43041018,Studio 1,1eb62be7-00d2-4c39-8620-86c167fdf7ec,CASK Foundation,135.9,43.5
rejected,Q43041027,UA Lynbrook 6,55d6ba1e-6b92-4735-a7a3-366078783a1b,Regal Lynbrook,36.1,74.1
rejected,Q43040936,Long Beach Cinema 4,d89ddf8c-0fe1-4ab9-8cac-d621b2476458,Long Beach Sports Inc,67.6,65.0
rejected,Q43040950,Nautilus Theater,dad141a2-1061-4d94-ad61-b000264c0cb6,The Bungalow West,74.4,41.4
rejected,Q43041004,Lynbrook Airdrome,55e409a4-17bf-429c-ade8-6effc43109df,Prosperi Bakery,76.0,37.5
rejected,Q43039100,ACT Theatre,33fe838d-4128-40ce-8057-0f97a9fc7223,Court House Eatery,100.7,55.2
rejected,Q43039116,Calderone Theater,2a10cf20-68b8-4bd0-9002-9b156a3bc786,Dragon City Chinese Restaurant,123.4,33.3
rejected,Q43062820,Park East Theater,457fa69d-cb6e-4791-a5c7-37a9c01cbf75,Santa Fe Steakhouse,18.3,50.0
rejected,Q43062826,Park Theatre,fa702f29-b4a5-40c6-b407-a4d2119b09e1,Park Delicatessen,76.2,34.5
rejected,Q43041451,Merrick Holiday Twin,2b2c54d4-5919-4167-80d4-9885bca4d6b1,China Garden Of Merrick Inc,29.3,51.1
rejected,Q43041466,Merrick Mall Cinema,f897b27a-ee2a-464a-b292-8600dc3792be,A&S Fine Foods Merrick,63.4,58.5
rejected,Q43041551,Century Opera House,5b0f526a-55c4-49b6-9411-810fa9a5cf18,Mager Food Corp,93.1,41.2
rejected,Q43041561,Mineola Theatre,ba210f9c-3e4a-42b3-a7bb-9557dab75221,Burrito Blvd Mineola,137.0,40.0
rejected,Q43041570,Williston Theatre,162c3b45-94d1-43ea-b029-c5070990735e,"Carvalho Enterprises, Inc",94.0,39.0
rejected,Q43062814,Bow-Tie Herricks Cinema 4,0f8cfb26-0750-4c60-bab0-c1e1d9590a62,Herricks Theatre,56.6,53.7
rejected,Q43062817,Century's Alan Theatre,9e11fd70-eb14-47a3-8d88-1501a71968bc,Taste Of Kerala Kitchen,64.0,48.6
rejected,Q43041126,Bow-Tie Manhasset Cinemas,02da7f5e-0090-4d49-a7e2-2d5944f74e84,Manhasset Cinemas,8.1,81.0
rejected,Q43041138,Cinema Manhasset,5516b1db-d322-4ef8-896b-32160a44b942,Manhasset,141.2,72.0
rejected,Q43041430,Gables Theatre,b681e242-74fa-466a-bf4c-f0879f783a0d,Street to Table,19.7,41.4
rejected,Q43064360,Lyric Theatre,a8c7e821-b5e7-4b37-8741-54599fde8d9e,Lucky Star,99.4,52.2
rejected,Q43064369,Rockville Centre Cinema,eabc5e63-6066-4290-b7c7-e93efb80c98f,Mad For Chicken Rockville Centre,67.7,80.0
rejected,Q43064377,Strand Theatre,00ad76db-84fb-4fb8-9824-bb49e9f15eb6,Tandoor Grill,63.4,47.6
rejected,Q43063527,Century's Plainview,9209c98d-ba14-406f-81d2-96aeb37f2ea7,La Bottega Plainview,139.8,56.4
rejected,Q43063543,RKO Twin Plainview Theatres,e54038f7-4b67-4884-85a3-d5ad716daf7a,Ayhan's Shish-Kebab Restaurant,136.9,39.1
rejected,Q43063742,Bow-Tie Port Washington Cinemas,1d0157b6-529b-4c53-85c1-c0801d173505,El Patron Fresh Mexican Grill Inc,64.4,40.6
rejected,Q43063747,Sands Point Theatre,e5d8cb32-25c4-44d9-a094-ae4344bcb85c,Patdom Pizza Inc,138.8,40.0
rejected,Q43063053,North Massapequa Theatre,853b33f1-1ce2-4612-a37a-29220e937510,Burrito Mariachi,109.9,30.0
rejected,Q43063149,Oceanside Twin,8126dc04-d254-4e35-99ca-ba77f210b8fb,Mio Posto - Oceanside,64.3,66.7
rejected,Q7069845,Nunley's,3ba2e327-4c9b-4a2e-9b22-05123f4c7b2a,Empanada Queen,67.6,27.3
rejected,Q7912221,Valley Stream State Park,c8dd4486-e264-418f-b9c8-af1bcb61d69f,Valley Stream State Park Playground,114.3,81.4
rejected,Q17038548,Steinberg Museum of Art at Hillwood,f093751b-bb95-43a6-a143-9b1e4780c679,Long Island University College of Veterinary Medicine,5.1,40.9
rejected,Q104868895,Elderfields Preserve,a94a27b7-df16-4d10-8fea-66e22a0af255,The Art Guild,9.1,27.6
rejected,Q108101588,"""Yes We Can"" Community Center",86c742cb-22d3-41df-ae7d-dcccf6ebc243,Bunky Reid Park,62.4,28.6
rejected,Q108113045,Plandome Pond Park,18e03dd3-911d-4402-af18-dddc7dbfbb26,Plandome Park,12.4,83.9
ambiguous,Q49496320,Greis Park,39d4f658-eee4-43ba-ab08-28666f175aea,Gries Park,136.8,90.0
ambiguous,Q49496320,Greis Park,fb1df789-b792-4df4-ad63-6edfb947b938,Greis Park,77.5,100.0
rejected,Q49499817,Hempstead Harbor Park,edaa83bd-d4b5-4835-b469-fc275e9ad702,Hempstead Harbor County Beach,69.8,64.0
rejected,Q49500057,Henry Street Park,203f1bac-669d-49a5-b8ce-3504e09fe2e0,Around The House,124.7,36.4
rejected,Q49500496,Herricks Park,364bce9b-5cb4-419b-ad43-c2dfe486a543,Herricks Pond,61.2,76.9
rejected,Q115189900,John Paul Jones Park,b9ceb29f-c8d5-4dbd-b58e-aa31940813b1,Westwood,55.9,14.3
rejected,Q49521288,Manorhaven Beach Town Park,0b317e8b-db35-4235-b675-603a7e73f8a0,Manorhaven Dog Park,52.9,71.1
rejected,Q49528307,Morgan Memorial Park,cf1ea1c4-96df-420d-a5c1-0127a7f36865,Morgans Beach,61.7,54.5
rejected,Q49546435,Prospect Park,45705431-fc89-487f-a2c0-62521088b557,Memorial Park,146.0,30.8
rejected,Q18737134,Holocaust Memorial and Tolerance Center of Nassau County,01272e9e-731b-4d5f-b3e1-a96c019da9c5,Holocaust Memorial and Tolerance Center,3.7,82.1
rejected,Q49533031,North Village Green,8fa7820f-3741-41f9-9f46-0802c3140ad6,North Levittown Lanes,14.9,45.0
rejected,Q49533135,Northeast Park,ed607d78-01c8-47e9-ae56-3abe0f2a9ff4,Freeport Northeast Park,36.2,75.7
rejected,Q49544061,Plaza Park,f38dd259-8ddc-4b8f-bec0-1af54bba9bab,Maa's Indian Kitchen,144.8,36.4
rejected,Q49566055,Stecklow Gardens,5b782ea0-98af-446b-bb57-b9e543dd50a2,Riggs Park,119.4,30.8
rejected,Q49574478,Veteran's Memorial Park,45705431-fc89-487f-a2c0-62521088b557,Memorial Park,23.5,72.2
rejected,Q49574661,Veterans Memorial Park,e3439569-66c7-49c2-8a4d-edf6fcde7cac,Veterans Park,115.9,74.3
rejected,Q34802286,Albertson Park,6b23d726-ef86-4638-95bb-8cdc49e3c25d,John D Caemmerer Park,135.0,57.1
ambiguous,Q49567972,Sunset Park,eb00d29e-5463-41bd-aa18-3390ef2c292b,Sunset Park,43.8,100.0
ambiguous,Q49567972,Sunset Park,31f11ca4-87d4-476c-9b32-2a514bd8c42b,Sunset Park,144.8,100.0
rejected,Q34808944,Bligh Field,02fcf71e-ce2f-432a-aff9-0e34190165ad,Ketler Field,97.4,43.5
rejected,Q34815619,Centennial Park,d51c0aa0-a3c2-494b-a9a5-09adb0b66786,Elvira Bakery & Deli,79.1,30.3
ambiguous,Q123823791,Sunset Park,eb00d29e-5463-41bd-aa18-3390ef2c292b,Sunset Park,52.9,100.0
ambiguous,Q123823791,Sunset Park,31f11ca4-87d4-476c-9b32-2a514bd8c42b,Sunset Park,144.4,100.0
rejected,Q34803891,Averill Boulevard Park,c987e423-d354-4aef-8760-ccbec364e7f3,Hempstead Parks & Recreation,80.0,37.5
rejected,Q34804475,Baldwin Harbor Town Park,6e52f767-0aa3-40e9-aa58-d3008e4c7c17,Baldwin Skatepark,131.7,63.4
rejected,Q34804596,Bar Beach Town Park,e3b4e967-17c9-4e9e-b9b9-8e1c741727f7,North Hempstead Beach Park,55.6,48.9
rejected,Q34820281,Cow Meadow Preserve,f98da43a-7c91-4cf8-ae4f-9dfd8266a9f0,Cow Meadow Park,40.9,76.5
rejected,Q34830209,Forest City Park,b3773a21-7127-4e4c-9a33-74d8be426cea,Forest City Community Park,135.5,76.2
rejected,Q34832872,Halls Pond Park,18acab33-f09a-4e29-8ea8-96a6cf7faaf6,Carvel,116.0,19.0
rejected,Q135662305,Merriman Park,a3d3af55-cdd4-4e25-9e98-8f424370fe6c,Pine Street Park,25.7,34.5
rejected,Q138636843,Rainbow Monument Park,7a5b1b98-fed7-4a1b-8acc-c1f8b70f1ba0,Sunberry Coffee Co.,53.1,25.6
rejected,Q138690885,Forest City Community Park,ef52349e-6ec4-43cc-a438-ea3e7539ba4e,Forest City Pool,56.9,61.9
rejected,Q138754726,Captain Omer Neutra Memorial Park,50b80a6a-a23a-4901-a931-22f5e7907cf4,Phipps Lane Park,26.4,32.7
rejected,Q139902483,Bay Walk Park,99cd2dbf-9723-4c14-8b4d-08695d52d948,La Piccola Liguria Restaurant,45.5,32.3
rejected,Q4689667,African American Museum,e9954c60-b34a-4059-a734-3059ea309a2a,La Union Oyster and Clam Bar,32.6,42.6
rejected,Q139396708,North Hempstead Town Dock,22ec801b-7c00-448b-bcb2-7e94c6bb254d,John Philip Sousa Memorial Band Shell,118.3,32.3
rejected,Q139576507,Veterans of Foreign Wars Memorial Park,e2227eee-9a50-4ed2-9bf2-01edc1ee4896,TGI Fridays,122.4,24.5
rejected,Q139622373,Joseph L. Minore Park,0897ac23-2afb-43fa-ab14-d4e0e92ddea3,Cedar Park Group,71.9,44.4
rejected,Q34846903,Martin Park,43322dab-4ebd-47fc-8679-16c35e8b9dcb,Clinton G. Martin Park,12.2,68.8
rejected,Q34846917,Martin Reid Town Park,7ef26231-0f53-4ae5-abd7-8363991a19fd,Martin Bunky Reid Park,21.6,74.4
rejected,Q34856484,Reservoir Park,a9c5d75f-758e-409c-85d7-786c2898935c,Still Partners,77.8,42.9
rejected,Q4950720,Bowcraft Amusement Park,24fb3279-e497-4afa-9904-eaa074096dbd,China House Scotch Plains Inc,135.7,34.6
rejected,Q1795487,Drew University,8585370b-54a2-44fb-a8a0-383743c535c0,Shakespeare Theatre of New Jersey,94.6,29.2
rejected,Q4674550,Acorn Hall,bb43724f-de05-4b7c-829b-47bb4a644409,Morris County Historical Society,64.0,33.3
rejected,Q43018011,Fords Cinema,64c48a5f-7f36-49a9-b961-f646edbc0f11,Isabella's,50.1,45.5
rejected,Q6969581,Nathaniel Drake House,7aa652ea-4cb3-4025-87cf-dc6883f6469b,Drake House Museum,45.3,66.7
rejected,Q34842491,Lidgerwood Park,f430d803-87a3-432a-a6e2-ec9037b3fc51,Lidgerwood Park Tennis Courts,55.5,68.2
rejected,Q43015034,Plainfield Edison Drive-In,444a07fc-7b0c-4582-9746-cd9487475e47,"BIG Cinemas Edison, NJ",103.3,46.8
rejected,Q43015161,Livingston Drive-In,168a9b39-1562-4143-8a04-81f2fd70c6ab,Cinar Mediterranean Restaurant,125.0,31.6
rejected,Q43015521,Woodbridge Drive-In,987798b3-3ade-4a57-a3be-eed0e0d15886,KPOT Korean BBQ & Hot Pot,118.6,28.6
rejected,Q43016303,Berkeley Cinema,aff4fdad-d4d3-41a6-9a1d-260b5618093f,The Pink Buttercup,131.8,41.4
rejected,Q43018973,Iselin Theatre,e094af7a-6db6-473c-b45b-d21c2304769d,Shalimar Grill,51.8,45.5
rejected,Q43021678,Paramount Theatre,aa6fe79e-f19a-4360-b1cd-c1a5a7e84127,El Gran Pastel Bakery,137.0,42.1
rejected,Q43021694,Strand Theatre,709aa142-ac5e-4016-b3a6-c2d57224d582,Tita's Restaurant,105.4,40.0
rejected,Q43021926,Empire Theatre,275d00c5-7cc8-49a5-81f1-6e8c09561772,Rahway Theatre,141.0,64.3
rejected,Q43022315,Amboy Multiplex Cinemas,9ac99284-7f7d-43b7-b41f-400f5b1d06a0,XXXV Gentlemen's Club,37.8,36.4
rejected,Q43022610,Middlesex Mall Cinema,e1e65785-67c4-4920-8fb0-a178f9ddd629,Addarsh Llc,66.0,25.0
rejected,Q43022623,Park Community Theater,80ea3568-2fd8-41a6-8c54-6b215b326cf5,Sabor Catracho Restaur,57.0,36.4
rejected,Q43022638,Regal Hadley Stadium 16,002460b2-3e76-4e5b-ba73-a9de117bd9ed,Panda Express,86.7,33.3
rejected,Q43022759,Beacon Hill 5,d41cbf47-86ce-40ce-a714-fbe308cc3698,Nakorn Thai Restaurant,69.3,50.0
rejected,Q43022769,Lyric Theatre,a986f1f2-3afe-4011-882c-f52da26c0463,The Office Tavern Grill,119.6,46.2
rejected,Q34859584,Sadowski Park,13d7aaa7-a33c-4457-8247-b78ccffaeed6,Sadowski Parkway Waterfront Park,66.8,57.8
rejected,Q7959606,Wagner Farm Arboretum,0a9b8f10-d659-4ef6-ae7d-c68f1df8adba,Wagner Farm Arboretum Foundation,132.9,79.2
rejected,Q34833269,Hampton Park,8352f045-45ec-47cd-af58-dcd72bbdfcd8,Hampton Park Soccer Field,71.8,64.9
rejected,Q43019630,Colony Theater,e12c509d-639d-40ce-b30a-3b2d90261764,Avalon Glatt Kosher Restaurant,138.3,48.5
rejected,Q43019712,Bow-Tie Madison Cinema 4,950c91ce-75eb-453a-971f-02d67b4463e2,Bagel Chateau of Madison,107.3,58.3
rejected,Q43019722,Electric Theatre,22dd9c13-d0e7-47b4-8eb0-df9b189a415d,Noon Tea Creperie,121.8,48.5
rejected,Q43019729,Liberty Theatre,28cd3629-874c-4c55-9ed7-1abed6108c0a,Harvest Bistro,114.6,48.3
rejected,Q43021528,Ditmas Theatre,6913c004-44c5-4019-9174-fbf206b9f3b1,Tierra Azteca,105.9,44.4
rejected,Q43021541,Majestic Theatre,ebfecc36-69ad-41c7-b22c-d64d4028f3ad,Pasteles Karen,82.6,40.0
rejected,Q43021552,Roky Theatre,ec38ad79-fe68-46a7-ab05-4173c5ff2722,Bread-n-Butter Bakery Cafe,122.6,42.4
rejected,Q43021562,Royal Theatre,ec38ad79-fe68-46a7-ab05-4173c5ff2722,Bread-n-Butter Bakery Cafe,45.1,41.2
rejected,Q43021575,Strand Theatre,ee19f6c3-0a7c-4feb-b65a-03db8001749f,Terrazza Restaurant,106.0,36.4
rejected,Q43021638,Astor Theatre,7c0d1f2e-b069-4fcf-a78b-1e1ff3568544,Tacompadres,144.6,41.7
rejected,Q43021652,Liberty Theatre,996408a3-c790-4821-a8f5-17a3fd1a2093,Meriland,141.1,26.1
rejected,Q43021665,Oxford Theatre,dec4866a-3972-4627-b65a-044d84f43278,Maree Group,123.0,40.0
rejected,Q43017462,AMC East Hanover 12,244c534d-5952-4b32-a62d-7a0cc538b23f,Blu Blu Greek Kitchen,110.8,25.0
rejected,Q43017656,AMC Dine-In Menlo Park 12,a8c052be-4a3e-4cd2-a567-29f534b8ddea,Starbucks Coffee Company,73.7,36.7
rejected,Q43017667,Menlo Park Twin Cinema,a8c052be-4a3e-4cd2-a567-29f534b8ddea,Starbucks Coffee Company,73.7,39.1
rejected,Q43017678,Movie City,47d718a2-6a67-439b-952f-be77397a7568,Chili's Grill & Bar,119.8,35.3
rejected,Q43017688,Movie City 8,68968695-3f73-459d-9791-fbfc8677f5cf,Mega Enterprises Llc,112.8,31.2
rejected,Q43065373,Stadium Theatre,853cdd2b-d720-46b9-9313-3cc12e640498,Taqueria Restaurant Tres Amigos,110.6,47.8
rejected,Q43344814,Riverside Galleria,c0bfcf1d-6134-485d-83e0-5b06211c1923,Arena Steakhouse & Lounge,88.7,41.2
rejected,Q34868479,Walnut Park,bc047413-75db-483b-8df4-b17f730e8862,Walnut Street Park,77.1,75.9
rejected,Q34877985,Fort Nonsense Historical National Park,fcb2b224-025e-40cc-bcce-dc52f68c3cf6,Fort Nonsense,96.7,51.0
rejected,Q34863013,Speedwell Park,de0ab6f4-32e9-46dc-b0a3-f0c9d659e6ff,Speedwell Lake Park,48.0,84.8
rejected,Q34863674,Dalton Park,f591f98c-8c87-4d22-8815-054eedc32bb6,Dunkin',56.5,35.3
rejected,Q43017055,Morris County Mall Twin,b3ae2687-dfa6-4a23-bf2f-71ebbe1d4986,"Panda Chinese, Japanese & Thai Restaurant",99.3,32.0
rejected,Q43017063,Chatham Cinema,fe211b6f-53ba-4b6d-9ece-87f445cdc5a0,Chatham Hickory Cinema,84.6,77.8
rejected,Q34838152,Irwin Playground,f6cafbeb-3732-46ca-8ecd-daf2dfe621f7,Playground,86.6,76.9
rejected,Q43017068,Circle Twin,8a73148d-4734-4d93-9605-7f9f7dd5965f,Chu Xin Inc,17.8,54.5
rejected,Q43017415,Dunellen Theater and Cinema Cafe,a218eef3-1eb6-47d8-a5f7-ae04d08bbee6,Dunellen Bagel,37.1,53.7
rejected,Q43021226,Cinepolis Parsippany,083a6373-dd7d-47be-bcef-2859f9d7f453,G's Famous Pizza,61.8,33.3
rejected,Q43021236,Loew's Troy Hills,3af6baa0-0e06-412e-aada-25d8f93a7117,Valentinos Pizza & Restaurant,49.1,36.4
rejected,Q43022781,Strand Theater,0b13179f-96b6-4521-8b72-c9111fc523ca,Times Thai Streatery,15.4,58.8
rejected,Q43023586,Blue Star 1-4 Cinemas,b9f9b509-88fd-4a7f-abc7-02f063b3c22e,Old Country Buffet,75.1,41.0
rejected,Q43019887,Forum Theatre Arts Center,37e043e7-1722-4550-ac24-10f784254f0e,Forum Theater,6.6,63.2
rejected,Q43019912,Bow-Tie Millburn Cinema 4,993a9a8b-3dcc-4944-9444-aab6c7685d1f,Millburn Cinemas,3.1,73.2
rejected,Q43020047,AMC Headquarters Theatres,c93efa67-d179-4abd-b5a3-8689eb289828,Parkside Tavern,110.2,35.0
rejected,Q43020063,Morristown Triplex Cinema,82ea7fc9-5374-4362-ad7a-e28588dcc1ab,Sonic Wave Morristown Inc,50.4,64.0
rejected,Q43020082,Palace Theater,c93efa67-d179-4abd-b5a3-8689eb289828,Parkside Tavern,89.1,55.2
rejected,Q43020096,Park Theatre,7620698b-4e09-4f70-ad25-a5511c97ca7e,K Partners Llc,72.5,46.2
rejected,Q34849434,Metro Homes Field,d3407c67-6c9b-4474-b310-620d3b50db13,Tatlock Sports Complex,78.3,35.9
rejected,Q7307052,Reeves-Reed Arboretum,749c8fef-2875-45ef-ac43-5eb92cc94615,The Secret Tea Room,107.2,44.4
rejected,Q7366478,Roosevelt Park,1d550c08-2de6-4490-ae93-8367d6f19947,"Roosevelt Park (Edison, New Jersey)",23.8,60.9
rejected,Q43023763,Rialto Theatre,c52f4677-74c4-4a0e-b1b9-fac52600c431,Inspiration Roll,44.2,40.0
rejected,Q43023772,Westfield Cinema,aa031f57-21be-4e6c-aec8-da4b3ca0bf44,Vnp Westfield Inc,112.8,72.7
rejected,Q43024024,Monument Theater,97bb9a7c-a3c8-4247-9668-92aa02036921,Mie Thai Restaurant,85.5,50.0
rejected,Q43024039,Movie City 5,5165880b-82cc-46d6-a4d4-9805bcb6657e,9 City,122.6,55.6
rejected,Q43024054,State Theatre,97bb9a7c-a3c8-4247-9668-92aa02036921,Mie Thai Restaurant,56.6,47.6
rejected,Q43024064,Woodbridge Center Twin Cinema,527f7612-b9e5-4e7e-a333-8a93937524aa,Bertucci's,75.5,25.6
rejected,Q43024091,Woodbridge Theatre,5ece8dd7-fd79-45a3-a09a-3d23c8b4d22f,Yodelight Woodbridge,133.8,52.6
rejected,Q34843251,Lincoln Park,bf936424-357d-491c-a343-af55d0e2002f,Robbin's Ice Company,135.8,31.2
rejected,Q49520588,Madison Avenue Park,a6a07893-6bd1-4251-ac04-7769a3588bfb,Madison Avenue Park - Greenfield,117.7,77.6
rejected,Q107470183,Twin Elephant Brewing,2689710e-2533-491c-b888-6afe5e4c41e3,Twin Elephant Brewing Company,32.9,84.0
rejected,Q110820034,Barron Library,a0dbd6af-2eb9-4dbc-a152-0bfdcd2b46a9,Akcornerstore Llc,106.3,38.7
rejected,Q114804537,Macculloch Hall,c5e29083-b19c-48a8-b2e5-790b853f1870,Macculloch Hall Historical Museum,14.1,62.5
rejected,Q123150776,Oakflower Brewing,22ff026d-e76c-4128-ae5f-add8b3e3bdcc,Oakflower Brewing Company,9.8,81.0
rejected,Q130531151,Plainfield Masonic Temple,22619723-e9ae-4016-b5f1-48d1292e3a3f,Plainfield Performing Arts Center - PPAC,111.9,54.0
rejected,Q49490163,Foote Park,e68e9220-00fc-4872-bd87-ffb944a93df0,Foote's Pond Park,110.7,74.1
rejected,Q49535536,Olmezer Park,57b01c19-d807-4472-a424-c7985ac3c7da,Olmezer Park Playground,48.7,68.6
rejected,Q140610620,The Rosecourt Brewery,22dd9c13-d0e7-47b4-8eb0-df9b189a415d,Noon Tea Creperie,76.0,47.1
rejected,Q49577007,Washington Headquarters National Park,337522b0-9df1-48bc-8ea6-fd17fc19a625,Washington's Headquarters Museum,93.0,72.5
rejected,Q49579383,Westminster House Historical Site,8ade9396-55b9-49cd-bc29-6d0ce3e2d36b,The Proprietary House,30.5,40.0
rejected,Q49582785,Woodland Park,549f98b5-3c63-4216-a3ee-8017d64e80cd,Woodwild Park,48.2,84.6
rejected,Q49583723,Young Field,e2500cd3-e525-4de2-87e4-803193bc5b44,Zuck Arboretum,120.3,24.0
rejected,Q49512856,Lagrande Park,3a52ce4f-21e2-4a3a-b487-7ce4ef2c39fd,La Grande Park,41.7,81.5
rejected,Q71736344,Vermeule Mansion,118e273b-2735-4b68-be05-f676593127b8,Vermeule Mansion and Fleetwood Camera Museum,10.2,53.3
rejected,Q98017809,Oakes Center,1fa68e4e-f3d1-48d1-b83b-79a51668ab30,Natale's Summit Bakery,117.9,35.3
rejected,Q78168970,Regal Bricktown Charleston,1cd20129-5bd6-4ff9-a583-7262a4d084da,Regal,40.0,32.3
rejected,Q7787050,Thomas Alva Edison Memorial Tower and Museum,6b46981c-ef14-4142-9bd9-de3ac10efb0b,Edison Memorial Tower,53.7,64.6
rejected,Q100213642,Summit Historical Society,d8f2df62-479a-4a16-a408-26eed88fee37,Martin's Brook Park,120.4,27.3
