item,itemLabel,coord,instagram,website,desc
http://www.wikidata.org/entity/Q43295885,Princess Theatre,Point(-86.39027 35.8456213),,,"former movie theater in Murfreesboro, Tennessee, United States"
http://www.wikidata.org/entity/Q43295885,Princess Theatre,Point(-86.39027 35.8456213),,,"former movie theater in Murfreesboro, Tennessee, United States"
http://www.wikidata.org/entity/Q43295885,Princess Theatre,Point(-86.39027 35.8456213),,,"former movie theater in Murfreesboro, Tennessee, United States"
http://www.wikidata.org/entity/Q43295885,Princess Theatre,Point(-86.39027 35.8456213),,,"former movie theater in Murfreesboro, Tennessee, United States"
http://www.wikidata.org/entity/Q43295890,Roxy Theatre,Point(-86.4087875 35.8589052),,,"former movie theater in Murfreesboro, Tennessee, United States"
http://www.wikidata.org/entity/Q43295890,Roxy Theatre,Point(-86.4087875 35.8589052),,,"former movie theater in Murfreesboro, Tennessee, United States"
http://www.wikidata.org/entity/Q43295890,Roxy Theatre,Point(-86.4087875 35.8589052),,,"former movie theater in Murfreesboro, Tennessee, United States"
http://www.wikidata.org/entity/Q43295890,Roxy Theatre,Point(-86.4087875 35.8589052),,,"former movie theater in Murfreesboro, Tennessee, United States"
http://www.wikidata.org/entity/Q43295890,Roxy Theatre,Point(-86.4087875 35.8589052),,,"former movie theater in Murfreesboro, Tennessee, United States"
http://www.wikidata.org/entity/Q43295890,Roxy Theatre,Point(-86.4087875 35.8589052),,,"former movie theater in Murfreesboro, Tennessee, United States"
http://www.wikidata.org/entity/Q43295890,Roxy Theatre,Point(-86.4087875 35.8589052),,,"former movie theater in Murfreesboro, Tennessee, United States"
http://www.wikidata.org/entity/Q43295890,Roxy Theatre,Point(-86.4087875 35.8589052),,,"former movie theater in Murfreesboro, Tennessee, United States"
http://www.wikidata.org/entity/Q43295890,Roxy Theatre,Point(-86.4087875 35.8589052),,,"former movie theater in Murfreesboro, Tennessee, United States"
http://www.wikidata.org/entity/Q43295890,Roxy Theatre,Point(-86.4087875 35.8589052),,,"former movie theater in Murfreesboro, Tennessee, United States"
http://www.wikidata.org/entity/Q43295890,Roxy Theatre,Point(-86.4087875 35.8589052),,,"former movie theater in Murfreesboro, Tennessee, United States"
http://www.wikidata.org/entity/Q43295890,Roxy Theatre,Point(-86.4087875 35.8589052),,,"former movie theater in Murfreesboro, Tennessee, United States"
http://www.wikidata.org/entity/Q43295890,Roxy Theatre,Point(-86.4087875 35.8589052),,,"former movie theater in Murfreesboro, Tennessee, United States"
http://www.wikidata.org/entity/Q43295890,Roxy Theatre,Point(-86.4087875 35.8589052),,,"former movie theater in Murfreesboro, Tennessee, United States"
http://www.wikidata.org/entity/Q43295890,Roxy Theatre,Point(-86.4087875 35.8589052),,,"former movie theater in Murfreesboro, Tennessee, United States"
http://www.wikidata.org/entity/Q43295890,Roxy Theatre,Point(-86.4087875 35.8589052),,,"former movie theater in Murfreesboro, Tennessee, United States"
http://www.wikidata.org/entity/Q43295890,Roxy Theatre,Point(-86.4087875 35.8589052),,,"former movie theater in Murfreesboro, Tennessee, United States"
http://www.wikidata.org/entity/Q43295890,Roxy Theatre,Point(-86.4087875 35.8589052),,,"former movie theater in Murfreesboro, Tennessee, United States"
http://www.wikidata.org/entity/Q43295890,Roxy Theatre,Point(-86.4087875 35.8589052),,,"former movie theater in Murfreesboro, Tennessee, United States"
http://www.wikidata.org/entity/Q43295890,Roxy Theatre,Point(-86.4087875 35.8589052),,,"former movie theater in Murfreesboro, Tennessee, United States"
http://www.wikidata.org/entity/Q43295890,Roxy Theatre,Point(-86.4087875 35.8589052),,,"former movie theater in Murfreesboro, Tennessee, United States"
http://www.wikidata.org/entity/Q43295890,Roxy Theatre,Point(-86.4087875 35.8589052),,,"former movie theater in Murfreesboro, Tennessee, United States"
http://www.wikidata.org/entity/Q43295890,Roxy Theatre,Point(-86.4087875 35.8589052),,,"former movie theater in Murfreesboro, Tennessee, United States"
http://www.wikidata.org/entity/Q43295890,Roxy Theatre,Point(-86.4087875 35.8589052),,,"former movie theater in Murfreesboro, Tennessee, United States"
http://www.wikidata.org/entity/Q43295890,Roxy Theatre,Point(-86.4087875 35.8589052),,,"former movie theater in Murfreesboro, Tennessee, United States"
http://www.wikidata.org/entity/Q43295890,Roxy Theatre,Point(-86.4087875 35.8589052),,,"former movie theater in Murfreesboro, Tennessee, United States"
http://www.wikidata.org/entity/Q43295896,Stones River Cinemas,Point(-86.4181935 35.84818),,,"former movie theater in Murfreesboro, Tennessee, United States"
http://www.wikidata.org/entity/Q43295896,Stones River Cinemas,Point(-86.4181935 35.84818),,,"former movie theater in Murfreesboro, Tennessee, United States"
http://www.wikidata.org/entity/Q43295896,Stones River Cinemas,Point(-86.4181935 35.84818),,,"former movie theater in Murfreesboro, Tennessee, United States"
http://www.wikidata.org/entity/Q43295896,Stones River Cinemas,Point(-86.4181935 35.84818),,,"former movie theater in Murfreesboro, Tennessee, United States"
http://www.wikidata.org/entity/Q43295896,Stones River Cinemas,Point(-86.4181935 35.84818),,,"former movie theater in Murfreesboro, Tennessee, United States"
http://www.wikidata.org/entity/Q43295896,Stones River Cinemas,Point(-86.4181935 35.84818),,,"former movie theater in Murfreesboro, Tennessee, United States"
http://www.wikidata.org/entity/Q43295896,Stones River Cinemas,Point(-86.4181935 35.84818),,,"former movie theater in Murfreesboro, Tennessee, United States"
http://www.wikidata.org/entity/Q43295896,Stones River Cinemas,Point(-86.4181935 35.84818),,,"former movie theater in Murfreesboro, Tennessee, United States"
http://www.wikidata.org/entity/Q43295896,Stones River Cinemas,Point(-86.4181935 35.84818),,,"former movie theater in Murfreesboro, Tennessee, United States"
http://www.wikidata.org/entity/Q43295896,Stones River Cinemas,Point(-86.4181935 35.84818),,,"former movie theater in Murfreesboro, Tennessee, United States"
http://www.wikidata.org/entity/Q43295896,Stones River Cinemas,Point(-86.4181935 35.84818),,,"former movie theater in Murfreesboro, Tennessee, United States"
http://www.wikidata.org/entity/Q43295896,Stones River Cinemas,Point(-86.4181935 35.84818),,,"former movie theater in Murfreesboro, Tennessee, United States"
http://www.wikidata.org/entity/Q43295896,Stones River Cinemas,Point(-86.4181935 35.84818),,,"former movie theater in Murfreesboro, Tennessee, United States"
http://www.wikidata.org/entity/Q43295896,Stones River Cinemas,Point(-86.4181935 35.84818),,,"former movie theater in Murfreesboro, Tennessee, United States"
http://www.wikidata.org/entity/Q43295896,Stones River Cinemas,Point(-86.4181935 35.84818),,,"former movie theater in Murfreesboro, Tennessee, United States"
http://www.wikidata.org/entity/Q43295896,Stones River Cinemas,Point(-86.4181935 35.84818),,,"former movie theater in Murfreesboro, Tennessee, United States"
http://www.wikidata.org/entity/Q43295896,Stones River Cinemas,Point(-86.4181935 35.84818),,,"former movie theater in Murfreesboro, Tennessee, United States"
http://www.wikidata.org/entity/Q43295896,Stones River Cinemas,Point(-86.4181935 35.84818),,,"former movie theater in Murfreesboro, Tennessee, United States"
http://www.wikidata.org/entity/Q43295896,Stones River Cinemas,Point(-86.4181935 35.84818),,,"former movie theater in Murfreesboro, Tennessee, United States"
http://www.wikidata.org/entity/Q43295896,Stones River Cinemas,Point(-86.4181935 35.84818),,,"former movie theater in Murfreesboro, Tennessee, United States"
http://www.wikidata.org/entity/Q43295896,Stones River Cinemas,Point(-86.4181935 35.84818),,,"former movie theater in Murfreesboro, Tennessee, United States"
http://www.wikidata.org/entity/Q43295896,Stones River Cinemas,Point(-86.4181935 35.84818),,,"former movie theater in Murfreesboro, Tennessee, United States"
http://www.wikidata.org/entity/Q43295896,Stones River Cinemas,Point(-86.4181935 35.84818),,,"former movie theater in Murfreesboro, Tennessee, United States"
http://www.wikidata.org/entity/Q43295896,Stones River Cinemas,Point(-86.4181935 35.84818),,,"former movie theater in Murfreesboro, Tennessee, United States"
http://www.wikidata.org/entity/Q43295896,Stones River Cinemas,Point(-86.4181935 35.84818),,,"former movie theater in Murfreesboro, Tennessee, United States"
http://www.wikidata.org/entity/Q43295896,Stones River Cinemas,Point(-86.4181935 35.84818),,,"former movie theater in Murfreesboro, Tennessee, United States"
http://www.wikidata.org/entity/Q43295900,Ace Theatre,Point(-86.7908588 36.1619857),,,"former movie theater in Nashville, Tennessee, United States"
http://www.wikidata.org/entity/Q43295900,Ace Theatre,Point(-86.7908588 36.1619857),,,"former movie theater in Nashville, Tennessee, United States"
http://www.wikidata.org/entity/Q43295900,Ace Theatre,Point(-86.7908588 36.1619857),,,"former movie theater in Nashville, Tennessee, United States"
http://www.wikidata.org/entity/Q43295900,Ace Theatre,Point(-86.7908588 36.1619857),,,"former movie theater in Nashville, Tennessee, United States"
http://www.wikidata.org/entity/Q43295900,Ace Theatre,Point(-86.7908588 36.1619857),,,"former movie theater in Nashville, Tennessee, United States"
http://www.wikidata.org/entity/Q43295900,Ace Theatre,Point(-86.7908588 36.1619857),,,"former movie theater in Nashville, Tennessee, United States"
http://www.wikidata.org/entity/Q43295900,Ace Theatre,Point(-86.7908588 36.1619857),,,"former movie theater in Nashville, Tennessee, United States"
http://www.wikidata.org/entity/Q43295900,Ace Theatre,Point(-86.7908588 36.1619857),,,"former movie theater in Nashville, Tennessee, United States"
http://www.wikidata.org/entity/Q43295900,Ace Theatre,Point(-86.7908588 36.1619857),,,"former movie theater in Nashville, Tennessee, United States"
http://www.wikidata.org/entity/Q43295900,Ace Theatre,Point(-86.7908588 36.1619857),,,"former movie theater in Nashville, Tennessee, United States"
http://www.wikidata.org/entity/Q43295900,Ace Theatre,Point(-86.7908588 36.1619857),,,"former movie theater in Nashville, Tennessee, United States"
http://www.wikidata.org/entity/Q43295900,Ace Theatre,Point(-86.7908588 36.1619857),,,"former movie theater in Nashville, Tennessee, United States"
http://www.wikidata.org/entity/Q43295900,Ace Theatre,Point(-86.7908588 36.1619857),,,"former movie theater in Nashville, Tennessee, United States"
http://www.wikidata.org/entity/Q43295900,Ace Theatre,Point(-86.7908588 36.1619857),,,"former movie theater in Nashville, Tennessee, United States"
http://www.wikidata.org/entity/Q43295900,Ace Theatre,Point(-86.7908588 36.1619857),,,"former movie theater in Nashville, Tennessee, United States"
http://www.wikidata.org/entity/Q43295900,Ace Theatre,Point(-86.7908588 36.1619857),,,"former movie theater in Nashville, Tennessee, United States"
http://www.wikidata.org/entity/Q43295900,Ace Theatre,Point(-86.7908588 36.1619857),,,"former movie theater in Nashville, Tennessee, United States"
http://www.wikidata.org/entity/Q43295900,Ace Theatre,Point(-86.7908588 36.1619857),,,"former movie theater in Nashville, Tennessee, United States"
http://www.wikidata.org/entity/Q43295900,Ace Theatre,Point(-86.7908588 36.1619857),,,"former movie theater in Nashville, Tennessee, United States"
http://www.wikidata.org/entity/Q43295900,Ace Theatre,Point(-86.7908588 36.1619857),,,"former movie theater in Nashville, Tennessee, United States"
http://www.wikidata.org/entity/Q43295900,Ace Theatre,Point(-86.7908588 36.1619857),,,"former movie theater in Nashville, Tennessee, United States"
http://www.wikidata.org/entity/Q43295900,Ace Theatre,Point(-86.7908588 36.1619857),,,"former movie theater in Nashville, Tennessee, United States"
http://www.wikidata.org/entity/Q43295900,Ace Theatre,Point(-86.7908588 36.1619857),,,"former movie theater in Nashville, Tennessee, United States"
http://www.wikidata.org/entity/Q43295900,Ace Theatre,Point(-86.7908588 36.1619857),,,"former movie theater in Nashville, Tennessee, United States"
http://www.wikidata.org/entity/Q43295900,Ace Theatre,Point(-86.7908588 36.1619857),,,"former movie theater in Nashville, Tennessee, United States"
http://www.wikidata.org/entity/Q43295900,Ace Theatre,Point(-86.7908588 36.1619857),,,"former movie theater in Nashville, Tennessee, United States"
http://www.wikidata.org/entity/Q43294406,Indian Lake 10,Point(-86.60583 36.311578),,,"former movie theater in Hendersonville, Tennessee, United States"
http://www.wikidata.org/entity/Q43294406,Indian Lake 10,Point(-86.60583 36.311578),,,"former movie theater in Hendersonville, Tennessee, United States"
http://www.wikidata.org/entity/Q43294406,Indian Lake 10,Point(-86.60583 36.311578),,,"former movie theater in Hendersonville, Tennessee, United States"
http://www.wikidata.org/entity/Q43294406,Indian Lake 10,Point(-86.60583 36.311578),,,"former movie theater in Hendersonville, Tennessee, United States"
http://www.wikidata.org/entity/Q43294406,Indian Lake 10,Point(-86.60583 36.311578),,,"former movie theater in Hendersonville, Tennessee, United States"
http://www.wikidata.org/entity/Q43294406,Indian Lake 10,Point(-86.60583 36.311578),,,"former movie theater in Hendersonville, Tennessee, United States"
http://www.wikidata.org/entity/Q43294406,Indian Lake 10,Point(-86.60583 36.311578),,,"former movie theater in Hendersonville, Tennessee, United States"
http://www.wikidata.org/entity/Q43294406,Indian Lake 10,Point(-86.60583 36.311578),,,"former movie theater in Hendersonville, Tennessee, United States"
http://www.wikidata.org/entity/Q43294406,Indian Lake 10,Point(-86.60583 36.311578),,,"former movie theater in Hendersonville, Tennessee, United States"
http://www.wikidata.org/entity/Q43294406,Indian Lake 10,Point(-86.60583 36.311578),,,"former movie theater in Hendersonville, Tennessee, United States"
http://www.wikidata.org/entity/Q43294406,Indian Lake 10,Point(-86.60583 36.311578),,,"former movie theater in Hendersonville, Tennessee, United States"
http://www.wikidata.org/entity/Q43294406,Indian Lake 10,Point(-86.60583 36.311578),,,"former movie theater in Hendersonville, Tennessee, United States"
http://www.wikidata.org/entity/Q43294406,Indian Lake 10,Point(-86.60583 36.311578),,,"former movie theater in Hendersonville, Tennessee, United States"
http://www.wikidata.org/entity/Q43294406,Indian Lake 10,Point(-86.60583 36.311578),,,"former movie theater in Hendersonville, Tennessee, United States"
http://www.wikidata.org/entity/Q43294406,Indian Lake 10,Point(-86.60583 36.311578),,,"former movie theater in Hendersonville, Tennessee, United States"
http://www.wikidata.org/entity/Q43294406,Indian Lake 10,Point(-86.60583 36.311578),,,"former movie theater in Hendersonville, Tennessee, United States"
http://www.wikidata.org/entity/Q43294406,Indian Lake 10,Point(-86.60583 36.311578),,,"former movie theater in Hendersonville, Tennessee, United States"
http://www.wikidata.org/entity/Q43294406,Indian Lake 10,Point(-86.60583 36.311578),,,"former movie theater in Hendersonville, Tennessee, United States"
http://www.wikidata.org/entity/Q43294406,Indian Lake 10,Point(-86.60583 36.311578),,,"former movie theater in Hendersonville, Tennessee, United States"
http://www.wikidata.org/entity/Q43294406,Indian Lake 10,Point(-86.60583 36.311578),,,"former movie theater in Hendersonville, Tennessee, United States"
http://www.wikidata.org/entity/Q43294406,Indian Lake 10,Point(-86.60583 36.311578),,,"former movie theater in Hendersonville, Tennessee, United States"
http://www.wikidata.org/entity/Q43294406,Indian Lake 10,Point(-86.60583 36.311578),,,"former movie theater in Hendersonville, Tennessee, United States"
http://www.wikidata.org/entity/Q43294406,Indian Lake 10,Point(-86.60583 36.311578),,,"former movie theater in Hendersonville, Tennessee, United States"
http://www.wikidata.org/entity/Q43294406,Indian Lake 10,Point(-86.60583 36.311578),,,"former movie theater in Hendersonville, Tennessee, United States"
http://www.wikidata.org/entity/Q43294406,Indian Lake 10,Point(-86.60583 36.311578),,,"former movie theater in Hendersonville, Tennessee, United States"
http://www.wikidata.org/entity/Q43294406,Indian Lake 10,Point(-86.60583 36.311578),,,"former movie theater in Hendersonville, Tennessee, United States"
http://www.wikidata.org/entity/Q43294412,Streets of Indian Lake Stadium 16,Point(-86.592908 36.329423),,https://www.regmovies.com/theatres,"movie theater in Hendersonville, Tennessee, United States"
http://www.wikidata.org/entity/Q43294412,Streets of Indian Lake Stadium 16,Point(-86.592908 36.329423),,https://www.regmovies.com/theatres,"movie theater in Hendersonville, Tennessee, United States"
http://www.wikidata.org/entity/Q43294412,Streets of Indian Lake Stadium 16,Point(-86.592908 36.329423),,https://www.regmovies.com/theatres,"movie theater in Hendersonville, Tennessee, United States"
http://www.wikidata.org/entity/Q43294412,Streets of Indian Lake Stadium 16,Point(-86.592908 36.329423),,https://www.regmovies.com/theatres,"movie theater in Hendersonville, Tennessee, United States"
http://www.wikidata.org/entity/Q43294412,Streets of Indian Lake Stadium 16,Point(-86.592908 36.329423),,https://www.regmovies.com/theatres,"movie theater in Hendersonville, Tennessee, United States"
http://www.wikidata.org/entity/Q43294412,Streets of Indian Lake Stadium 16,Point(-86.592908 36.329423),,https://www.regmovies.com/theatres,"movie theater in Hendersonville, Tennessee, United States"
http://www.wikidata.org/entity/Q43294412,Streets of Indian Lake Stadium 16,Point(-86.592908 36.329423),,https://www.regmovies.com/theatres,"movie theater in Hendersonville, Tennessee, United States"
http://www.wikidata.org/entity/Q43294412,Streets of Indian Lake Stadium 16,Point(-86.592908 36.329423),,https://www.regmovies.com/theatres,"movie theater in Hendersonville, Tennessee, United States"
http://www.wikidata.org/entity/Q43294412,Streets of Indian Lake Stadium 16,Point(-86.592908 36.329423),,https://www.regmovies.com/theatres,"movie theater in Hendersonville, Tennessee, United States"
http://www.wikidata.org/entity/Q43294412,Streets of Indian Lake Stadium 16,Point(-86.592908 36.329423),,https://www.regmovies.com/theatres,"movie theater in Hendersonville, Tennessee, United States"
http://www.wikidata.org/entity/Q43294412,Streets of Indian Lake Stadium 16,Point(-86.592908 36.329423),,https://www.regmovies.com/theatres,"movie theater in Hendersonville, Tennessee, United States"
http://www.wikidata.org/entity/Q43294412,Streets of Indian Lake Stadium 16,Point(-86.592908 36.329423),,https://www.regmovies.com/theatres,"movie theater in Hendersonville, Tennessee, United States"
http://www.wikidata.org/entity/Q43294412,Streets of Indian Lake Stadium 16,Point(-86.592908 36.329423),,https://www.regmovies.com/theatres,"movie theater in Hendersonville, Tennessee, United States"
http://www.wikidata.org/entity/Q43294412,Streets of Indian Lake Stadium 16,Point(-86.592908 36.329423),,https://www.regmovies.com/theatres,"movie theater in Hendersonville, Tennessee, United States"
http://www.wikidata.org/entity/Q43294412,Streets of Indian Lake Stadium 16,Point(-86.592908 36.329423),,https://www.regmovies.com/theatres,"movie theater in Hendersonville, Tennessee, United States"
http://www.wikidata.org/entity/Q43294412,Streets of Indian Lake Stadium 16,Point(-86.592908 36.329423),,https://www.regmovies.com/theatres,"movie theater in Hendersonville, Tennessee, United States"
http://www.wikidata.org/entity/Q43294412,Streets of Indian Lake Stadium 16,Point(-86.592908 36.329423),,https://www.regmovies.com/theatres,"movie theater in Hendersonville, Tennessee, United States"
http://www.wikidata.org/entity/Q43294412,Streets of Indian Lake Stadium 16,Point(-86.592908 36.329423),,https://www.regmovies.com/theatres,"movie theater in Hendersonville, Tennessee, United States"
http://www.wikidata.org/entity/Q43294412,Streets of Indian Lake Stadium 16,Point(-86.592908 36.329423),,https://www.regmovies.com/theatres,"movie theater in Hendersonville, Tennessee, United States"
http://www.wikidata.org/entity/Q43294412,Streets of Indian Lake Stadium 16,Point(-86.592908 36.329423),,https://www.regmovies.com/theatres,"movie theater in Hendersonville, Tennessee, United States"
http://www.wikidata.org/entity/Q43294412,Streets of Indian Lake Stadium 16,Point(-86.592908 36.329423),,https://www.regmovies.com/theatres,"movie theater in Hendersonville, Tennessee, United States"
http://www.wikidata.org/entity/Q43294412,Streets of Indian Lake Stadium 16,Point(-86.592908 36.329423),,https://www.regmovies.com/theatres,"movie theater in Hendersonville, Tennessee, United States"
http://www.wikidata.org/entity/Q43294412,Streets of Indian Lake Stadium 16,Point(-86.592908 36.329423),,https://www.regmovies.com/theatres,"movie theater in Hendersonville, Tennessee, United States"
http://www.wikidata.org/entity/Q43294412,Streets of Indian Lake Stadium 16,Point(-86.592908 36.329423),,https://www.regmovies.com/theatres,"movie theater in Hendersonville, Tennessee, United States"
http://www.wikidata.org/entity/Q43294412,Streets of Indian Lake Stadium 16,Point(-86.592908 36.329423),,https://www.regmovies.com/theatres,"movie theater in Hendersonville, Tennessee, United States"
http://www.wikidata.org/entity/Q43294412,Streets of Indian Lake Stadium 16,Point(-86.592908 36.329423),,https://www.regmovies.com/theatres,"movie theater in Hendersonville, Tennessee, United States"
http://www.wikidata.org/entity/Q43294419,Hermitage 4 Theatre,Point(-86.6065108 36.2132251),,,"former movie theater in Hermitage, Tennessee, United States"
http://www.wikidata.org/entity/Q43294419,Hermitage 4 Theatre,Point(-86.6065108 36.2132251),,,"former movie theater in Hermitage, Tennessee, United States"
http://www.wikidata.org/entity/Q43294419,Hermitage 4 Theatre,Point(-86.6065108 36.2132251),,,"former movie theater in Hermitage, Tennessee, United States"
http://www.wikidata.org/entity/Q43294419,Hermitage 4 Theatre,Point(-86.6065108 36.2132251),,,"former movie theater in Hermitage, Tennessee, United States"
http://www.wikidata.org/entity/Q43294419,Hermitage 4 Theatre,Point(-86.6065108 36.2132251),,,"former movie theater in Hermitage, Tennessee, United States"
http://www.wikidata.org/entity/Q43294419,Hermitage 4 Theatre,Point(-86.6065108 36.2132251),,,"former movie theater in Hermitage, Tennessee, United States"
http://www.wikidata.org/entity/Q43294419,Hermitage 4 Theatre,Point(-86.6065108 36.2132251),,,"former movie theater in Hermitage, Tennessee, United States"
http://www.wikidata.org/entity/Q43294419,Hermitage 4 Theatre,Point(-86.6065108 36.2132251),,,"former movie theater in Hermitage, Tennessee, United States"
http://www.wikidata.org/entity/Q43294419,Hermitage 4 Theatre,Point(-86.6065108 36.2132251),,,"former movie theater in Hermitage, Tennessee, United States"
http://www.wikidata.org/entity/Q43294419,Hermitage 4 Theatre,Point(-86.6065108 36.2132251),,,"former movie theater in Hermitage, Tennessee, United States"
http://www.wikidata.org/entity/Q43294419,Hermitage 4 Theatre,Point(-86.6065108 36.2132251),,,"former movie theater in Hermitage, Tennessee, United States"
http://www.wikidata.org/entity/Q43294419,Hermitage 4 Theatre,Point(-86.6065108 36.2132251),,,"former movie theater in Hermitage, Tennessee, United States"
http://www.wikidata.org/entity/Q43294419,Hermitage 4 Theatre,Point(-86.6065108 36.2132251),,,"former movie theater in Hermitage, Tennessee, United States"
http://www.wikidata.org/entity/Q43294419,Hermitage 4 Theatre,Point(-86.6065108 36.2132251),,,"former movie theater in Hermitage, Tennessee, United States"
http://www.wikidata.org/entity/Q43294419,Hermitage 4 Theatre,Point(-86.6065108 36.2132251),,,"former movie theater in Hermitage, Tennessee, United States"
http://www.wikidata.org/entity/Q43294419,Hermitage 4 Theatre,Point(-86.6065108 36.2132251),,,"former movie theater in Hermitage, Tennessee, United States"
http://www.wikidata.org/entity/Q43294419,Hermitage 4 Theatre,Point(-86.6065108 36.2132251),,,"former movie theater in Hermitage, Tennessee, United States"
http://www.wikidata.org/entity/Q43294419,Hermitage 4 Theatre,Point(-86.6065108 36.2132251),,,"former movie theater in Hermitage, Tennessee, United States"
http://www.wikidata.org/entity/Q43294419,Hermitage 4 Theatre,Point(-86.6065108 36.2132251),,,"former movie theater in Hermitage, Tennessee, United States"
http://www.wikidata.org/entity/Q43294419,Hermitage 4 Theatre,Point(-86.6065108 36.2132251),,,"former movie theater in Hermitage, Tennessee, United States"
http://www.wikidata.org/entity/Q43294419,Hermitage 4 Theatre,Point(-86.6065108 36.2132251),,,"former movie theater in Hermitage, Tennessee, United States"
http://www.wikidata.org/entity/Q43294419,Hermitage 4 Theatre,Point(-86.6065108 36.2132251),,,"former movie theater in Hermitage, Tennessee, United States"
http://www.wikidata.org/entity/Q43294419,Hermitage 4 Theatre,Point(-86.6065108 36.2132251),,,"former movie theater in Hermitage, Tennessee, United States"
http://www.wikidata.org/entity/Q43294419,Hermitage 4 Theatre,Point(-86.6065108 36.2132251),,,"former movie theater in Hermitage, Tennessee, United States"
http://www.wikidata.org/entity/Q43294419,Hermitage 4 Theatre,Point(-86.6065108 36.2132251),,,"former movie theater in Hermitage, Tennessee, United States"
http://www.wikidata.org/entity/Q43294419,Hermitage 4 Theatre,Point(-86.6065108 36.2132251),,,"former movie theater in Hermitage, Tennessee, United States"
http://www.wikidata.org/entity/Q43294867,La Vergne Theatre,Point(-86.5672129 36.0069216),,,"former movie theater in La Vergne, Tennessee, United States"
http://www.wikidata.org/entity/Q43294867,La Vergne Theatre,Point(-86.5672129 36.0069216),,,"former movie theater in La Vergne, Tennessee, United States"
http://www.wikidata.org/entity/Q43294867,La Vergne Theatre,Point(-86.5672129 36.0069216),,,"former movie theater in La Vergne, Tennessee, United States"
http://www.wikidata.org/entity/Q43294867,La Vergne Theatre,Point(-86.5672129 36.0069216),,,"former movie theater in La Vergne, Tennessee, United States"
http://www.wikidata.org/entity/Q43294867,La Vergne Theatre,Point(-86.5672129 36.0069216),,,"former movie theater in La Vergne, Tennessee, United States"
http://www.wikidata.org/entity/Q43294867,La Vergne Theatre,Point(-86.5672129 36.0069216),,,"former movie theater in La Vergne, Tennessee, United States"
http://www.wikidata.org/entity/Q43294867,La Vergne Theatre,Point(-86.5672129 36.0069216),,,"former movie theater in La Vergne, Tennessee, United States"
http://www.wikidata.org/entity/Q43294867,La Vergne Theatre,Point(-86.5672129 36.0069216),,,"former movie theater in La Vergne, Tennessee, United States"
http://www.wikidata.org/entity/Q43294867,La Vergne Theatre,Point(-86.5672129 36.0069216),,,"former movie theater in La Vergne, Tennessee, United States"
http://www.wikidata.org/entity/Q43294867,La Vergne Theatre,Point(-86.5672129 36.0069216),,,"former movie theater in La Vergne, Tennessee, United States"
http://www.wikidata.org/entity/Q43294867,La Vergne Theatre,Point(-86.5672129 36.0069216),,,"former movie theater in La Vergne, Tennessee, United States"
http://www.wikidata.org/entity/Q43294867,La Vergne Theatre,Point(-86.5672129 36.0069216),,,"former movie theater in La Vergne, Tennessee, United States"
http://www.wikidata.org/entity/Q43294867,La Vergne Theatre,Point(-86.5672129 36.0069216),,,"former movie theater in La Vergne, Tennessee, United States"
http://www.wikidata.org/entity/Q43294867,La Vergne Theatre,Point(-86.5672129 36.0069216),,,"former movie theater in La Vergne, Tennessee, United States"
http://www.wikidata.org/entity/Q43294867,La Vergne Theatre,Point(-86.5672129 36.0069216),,,"former movie theater in La Vergne, Tennessee, United States"
http://www.wikidata.org/entity/Q43294867,La Vergne Theatre,Point(-86.5672129 36.0069216),,,"former movie theater in La Vergne, Tennessee, United States"
http://www.wikidata.org/entity/Q43294867,La Vergne Theatre,Point(-86.5672129 36.0069216),,,"former movie theater in La Vergne, Tennessee, United States"
http://www.wikidata.org/entity/Q43294867,La Vergne Theatre,Point(-86.5672129 36.0069216),,,"former movie theater in La Vergne, Tennessee, United States"
http://www.wikidata.org/entity/Q43294867,La Vergne Theatre,Point(-86.5672129 36.0069216),,,"former movie theater in La Vergne, Tennessee, United States"
http://www.wikidata.org/entity/Q43294867,La Vergne Theatre,Point(-86.5672129 36.0069216),,,"former movie theater in La Vergne, Tennessee, United States"
http://www.wikidata.org/entity/Q43294867,La Vergne Theatre,Point(-86.5672129 36.0069216),,,"former movie theater in La Vergne, Tennessee, United States"
http://www.wikidata.org/entity/Q43294867,La Vergne Theatre,Point(-86.5672129 36.0069216),,,"former movie theater in La Vergne, Tennessee, United States"
http://www.wikidata.org/entity/Q43294892,Howard Theatre,Point(-86.291034 36.207437),,,"former movie theater in Lebanon, Tennessee, United States"
http://www.wikidata.org/entity/Q43294892,Howard Theatre,Point(-86.291034 36.207437),,,"former movie theater in Lebanon, Tennessee, United States"
http://www.wikidata.org/entity/Q43294892,Howard Theatre,Point(-86.291034 36.207437),,,"former movie theater in Lebanon, Tennessee, United States"
http://www.wikidata.org/entity/Q43294892,Howard Theatre,Point(-86.291034 36.207437),,,"former movie theater in Lebanon, Tennessee, United States"
http://www.wikidata.org/entity/Q43294892,Howard Theatre,Point(-86.291034 36.207437),,,"former movie theater in Lebanon, Tennessee, United States"
http://www.wikidata.org/entity/Q43294892,Howard Theatre,Point(-86.291034 36.207437),,,"former movie theater in Lebanon, Tennessee, United States"
http://www.wikidata.org/entity/Q43294892,Howard Theatre,Point(-86.291034 36.207437),,,"former movie theater in Lebanon, Tennessee, United States"
http://www.wikidata.org/entity/Q43294892,Howard Theatre,Point(-86.291034 36.207437),,,"former movie theater in Lebanon, Tennessee, United States"
http://www.wikidata.org/entity/Q43294901,Princess Theater,Point(-86.29121 36.2071073),,,"former movie theater in Lebanon, Tennessee, United States"
http://www.wikidata.org/entity/Q43294901,Princess Theater,Point(-86.29121 36.2071073),,,"former movie theater in Lebanon, Tennessee, United States"
http://www.wikidata.org/entity/Q43294901,Princess Theater,Point(-86.29121 36.2071073),,,"former movie theater in Lebanon, Tennessee, United States"
http://www.wikidata.org/entity/Q43294901,Princess Theater,Point(-86.29121 36.2071073),,,"former movie theater in Lebanon, Tennessee, United States"
http://www.wikidata.org/entity/Q43294901,Princess Theater,Point(-86.29121 36.2071073),,,"former movie theater in Lebanon, Tennessee, United States"
http://www.wikidata.org/entity/Q43294901,Princess Theater,Point(-86.29121 36.2071073),,,"former movie theater in Lebanon, Tennessee, United States"
http://www.wikidata.org/entity/Q43294901,Princess Theater,Point(-86.29121 36.2071073),,,"former movie theater in Lebanon, Tennessee, United States"
http://www.wikidata.org/entity/Q43294901,Princess Theater,Point(-86.29121 36.2071073),,,"former movie theater in Lebanon, Tennessee, United States"
http://www.wikidata.org/entity/Q43294901,Princess Theater,Point(-86.29121 36.2071073),,,"former movie theater in Lebanon, Tennessee, United States"
http://www.wikidata.org/entity/Q43294901,Princess Theater,Point(-86.29121 36.2071073),,,"former movie theater in Lebanon, Tennessee, United States"
http://www.wikidata.org/entity/Q43294901,Princess Theater,Point(-86.29121 36.2071073),,,"former movie theater in Lebanon, Tennessee, United States"
http://www.wikidata.org/entity/Q43294901,Princess Theater,Point(-86.29121 36.2071073),,,"former movie theater in Lebanon, Tennessee, United States"
http://www.wikidata.org/entity/Q43294901,Princess Theater,Point(-86.29121 36.2071073),,,"former movie theater in Lebanon, Tennessee, United States"
http://www.wikidata.org/entity/Q43294901,Princess Theater,Point(-86.29121 36.2071073),,,"former movie theater in Lebanon, Tennessee, United States"
http://www.wikidata.org/entity/Q43294901,Princess Theater,Point(-86.29121 36.2071073),,,"former movie theater in Lebanon, Tennessee, United States"
http://www.wikidata.org/entity/Q43294901,Princess Theater,Point(-86.29121 36.2071073),,,"former movie theater in Lebanon, Tennessee, United States"
http://www.wikidata.org/entity/Q43294901,Princess Theater,Point(-86.29121 36.2071073),,,"former movie theater in Lebanon, Tennessee, United States"
http://www.wikidata.org/entity/Q43294901,Princess Theater,Point(-86.29121 36.2071073),,,"former movie theater in Lebanon, Tennessee, United States"
http://www.wikidata.org/entity/Q43294901,Princess Theater,Point(-86.29121 36.2071073),,,"former movie theater in Lebanon, Tennessee, United States"
http://www.wikidata.org/entity/Q43294901,Princess Theater,Point(-86.29121 36.2071073),,,"former movie theater in Lebanon, Tennessee, United States"
http://www.wikidata.org/entity/Q43294901,Princess Theater,Point(-86.29121 36.2071073),,,"former movie theater in Lebanon, Tennessee, United States"
http://www.wikidata.org/entity/Q43294901,Princess Theater,Point(-86.29121 36.2071073),,,"former movie theater in Lebanon, Tennessee, United States"
http://www.wikidata.org/entity/Q43294901,Princess Theater,Point(-86.29121 36.2071073),,,"former movie theater in Lebanon, Tennessee, United States"
http://www.wikidata.org/entity/Q43294901,Princess Theater,Point(-86.29121 36.2071073),,,"former movie theater in Lebanon, Tennessee, United States"
http://www.wikidata.org/entity/Q43294901,Princess Theater,Point(-86.29121 36.2071073),,,"former movie theater in Lebanon, Tennessee, United States"
http://www.wikidata.org/entity/Q43294901,Princess Theater,Point(-86.29121 36.2071073),,,"former movie theater in Lebanon, Tennessee, United States"
http://www.wikidata.org/entity/Q43294906,Ritz Theatre,Point(-86.2940008 36.1933344),,,"former movie theater in Lebanon, Tennessee, United States"
http://www.wikidata.org/entity/Q43294906,Ritz Theatre,Point(-86.2940008 36.1933344),,,"former movie theater in Lebanon, Tennessee, United States"
http://www.wikidata.org/entity/Q43294906,Ritz Theatre,Point(-86.2940008 36.1933344),,,"former movie theater in Lebanon, Tennessee, United States"
http://www.wikidata.org/entity/Q43294906,Ritz Theatre,Point(-86.2940008 36.1933344),,,"former movie theater in Lebanon, Tennessee, United States"
http://www.wikidata.org/entity/Q43294906,Ritz Theatre,Point(-86.2940008 36.1933344),,,"former movie theater in Lebanon, Tennessee, United States"
http://www.wikidata.org/entity/Q43294906,Ritz Theatre,Point(-86.2940008 36.1933344),,,"former movie theater in Lebanon, Tennessee, United States"
http://www.wikidata.org/entity/Q43294906,Ritz Theatre,Point(-86.2940008 36.1933344),,,"former movie theater in Lebanon, Tennessee, United States"
http://www.wikidata.org/entity/Q43294906,Ritz Theatre,Point(-86.2940008 36.1933344),,,"former movie theater in Lebanon, Tennessee, United States"
http://www.wikidata.org/entity/Q43294906,Ritz Theatre,Point(-86.2940008 36.1933344),,,"former movie theater in Lebanon, Tennessee, United States"
http://www.wikidata.org/entity/Q43294906,Ritz Theatre,Point(-86.2940008 36.1933344),,,"former movie theater in Lebanon, Tennessee, United States"
http://www.wikidata.org/entity/Q43294906,Ritz Theatre,Point(-86.2940008 36.1933344),,,"former movie theater in Lebanon, Tennessee, United States"
http://www.wikidata.org/entity/Q43294906,Ritz Theatre,Point(-86.2940008 36.1933344),,,"former movie theater in Lebanon, Tennessee, United States"
http://www.wikidata.org/entity/Q43294906,Ritz Theatre,Point(-86.2940008 36.1933344),,,"former movie theater in Lebanon, Tennessee, United States"
http://www.wikidata.org/entity/Q43294906,Ritz Theatre,Point(-86.2940008 36.1933344),,,"former movie theater in Lebanon, Tennessee, United States"
http://www.wikidata.org/entity/Q43294906,Ritz Theatre,Point(-86.2940008 36.1933344),,,"former movie theater in Lebanon, Tennessee, United States"
http://www.wikidata.org/entity/Q43294906,Ritz Theatre,Point(-86.2940008 36.1933344),,,"former movie theater in Lebanon, Tennessee, United States"
http://www.wikidata.org/entity/Q43294906,Ritz Theatre,Point(-86.2940008 36.1933344),,,"former movie theater in Lebanon, Tennessee, United States"
http://www.wikidata.org/entity/Q43294906,Ritz Theatre,Point(-86.2940008 36.1933344),,,"former movie theater in Lebanon, Tennessee, United States"
http://www.wikidata.org/entity/Q43294906,Ritz Theatre,Point(-86.2940008 36.1933344),,,"former movie theater in Lebanon, Tennessee, United States"
http://www.wikidata.org/entity/Q43294906,Ritz Theatre,Point(-86.2940008 36.1933344),,,"former movie theater in Lebanon, Tennessee, United States"
http://www.wikidata.org/entity/Q43294906,Ritz Theatre,Point(-86.2940008 36.1933344),,,"former movie theater in Lebanon, Tennessee, United States"
http://www.wikidata.org/entity/Q43294906,Ritz Theatre,Point(-86.2940008 36.1933344),,,"former movie theater in Lebanon, Tennessee, United States"
http://www.wikidata.org/entity/Q43294906,Ritz Theatre,Point(-86.2940008 36.1933344),,,"former movie theater in Lebanon, Tennessee, United States"
http://www.wikidata.org/entity/Q43294906,Ritz Theatre,Point(-86.2940008 36.1933344),,,"former movie theater in Lebanon, Tennessee, United States"
http://www.wikidata.org/entity/Q43294906,Ritz Theatre,Point(-86.2940008 36.1933344),,,"former movie theater in Lebanon, Tennessee, United States"
http://www.wikidata.org/entity/Q43294906,Ritz Theatre,Point(-86.2940008 36.1933344),,,"former movie theater in Lebanon, Tennessee, United States"
http://www.wikidata.org/entity/Q43294968,AMC Classic Madison 10,Point(-86.6968666 36.2942745),,https://www.amctheatres.com/movie-theatres/nashville-tn/amc-classic-madison-10,"movie theater in Madison, Tennessee, United States"
http://www.wikidata.org/entity/Q43294968,AMC Classic Madison 10,Point(-86.6968666 36.2942745),,https://www.amctheatres.com/movie-theatres/nashville-tn/amc-classic-madison-10,"movie theater in Madison, Tennessee, United States"
http://www.wikidata.org/entity/Q43294968,AMC Classic Madison 10,Point(-86.6968666 36.2942745),,https://www.amctheatres.com/movie-theatres/nashville-tn/amc-classic-madison-10,"movie theater in Madison, Tennessee, United States"
http://www.wikidata.org/entity/Q43294968,AMC Classic Madison 10,Point(-86.6968666 36.2942745),,https://www.amctheatres.com/movie-theatres/nashville-tn/amc-classic-madison-10,"movie theater in Madison, Tennessee, United States"
http://www.wikidata.org/entity/Q43294968,AMC Classic Madison 10,Point(-86.6968666 36.2942745),,https://www.amctheatres.com/movie-theatres/nashville-tn/amc-classic-madison-10,"movie theater in Madison, Tennessee, United States"
http://www.wikidata.org/entity/Q43294968,AMC Classic Madison 10,Point(-86.6968666 36.2942745),,https://www.amctheatres.com/movie-theatres/nashville-tn/amc-classic-madison-10,"movie theater in Madison, Tennessee, United States"
http://www.wikidata.org/entity/Q43294968,AMC Classic Madison 10,Point(-86.6968666 36.2942745),,https://www.amctheatres.com/movie-theatres/nashville-tn/amc-classic-madison-10,"movie theater in Madison, Tennessee, United States"
http://www.wikidata.org/entity/Q43294968,AMC Classic Madison 10,Point(-86.6968666 36.2942745),,https://www.amctheatres.com/movie-theatres/nashville-tn/amc-classic-madison-10,"movie theater in Madison, Tennessee, United States"
http://www.wikidata.org/entity/Q43294968,AMC Classic Madison 10,Point(-86.6968666 36.2942745),,https://www.amctheatres.com/movie-theatres/nashville-tn/amc-classic-madison-10,"movie theater in Madison, Tennessee, United States"
http://www.wikidata.org/entity/Q43294968,AMC Classic Madison 10,Point(-86.6968666 36.2942745),,https://www.amctheatres.com/movie-theatres/nashville-tn/amc-classic-madison-10,"movie theater in Madison, Tennessee, United States"
http://www.wikidata.org/entity/Q43294968,AMC Classic Madison 10,Point(-86.6968666 36.2942745),,https://www.amctheatres.com/movie-theatres/nashville-tn/amc-classic-madison-10,"movie theater in Madison, Tennessee, United States"
http://www.wikidata.org/entity/Q43294968,AMC Classic Madison 10,Point(-86.6968666 36.2942745),,https://www.amctheatres.com/movie-theatres/nashville-tn/amc-classic-madison-10,"movie theater in Madison, Tennessee, United States"
http://www.wikidata.org/entity/Q43294968,AMC Classic Madison 10,Point(-86.6968666 36.2942745),,https://www.amctheatres.com/movie-theatres/nashville-tn/amc-classic-madison-10,"movie theater in Madison, Tennessee, United States"
http://www.wikidata.org/entity/Q43294968,AMC Classic Madison 10,Point(-86.6968666 36.2942745),,https://www.amctheatres.com/movie-theatres/nashville-tn/amc-classic-madison-10,"movie theater in Madison, Tennessee, United States"
http://www.wikidata.org/entity/Q43294968,AMC Classic Madison 10,Point(-86.6968666 36.2942745),,https://www.amctheatres.com/movie-theatres/nashville-tn/amc-classic-madison-10,"movie theater in Madison, Tennessee, United States"
http://www.wikidata.org/entity/Q43294968,AMC Classic Madison 10,Point(-86.6968666 36.2942745),,https://www.amctheatres.com/movie-theatres/nashville-tn/amc-classic-madison-10,"movie theater in Madison, Tennessee, United States"
http://www.wikidata.org/entity/Q43294968,AMC Classic Madison 10,Point(-86.6968666 36.2942745),,https://www.amctheatres.com/movie-theatres/nashville-tn/amc-classic-madison-10,"movie theater in Madison, Tennessee, United States"
http://www.wikidata.org/entity/Q43294968,AMC Classic Madison 10,Point(-86.6968666 36.2942745),,https://www.amctheatres.com/movie-theatres/nashville-tn/amc-classic-madison-10,"movie theater in Madison, Tennessee, United States"
http://www.wikidata.org/entity/Q43294968,AMC Classic Madison 10,Point(-86.6968666 36.2942745),,https://www.amctheatres.com/movie-theatres/nashville-tn/amc-classic-madison-10,"movie theater in Madison, Tennessee, United States"
http://www.wikidata.org/entity/Q43294968,AMC Classic Madison 10,Point(-86.6968666 36.2942745),,https://www.amctheatres.com/movie-theatres/nashville-tn/amc-classic-madison-10,"movie theater in Madison, Tennessee, United States"
http://www.wikidata.org/entity/Q43294968,AMC Classic Madison 10,Point(-86.6968666 36.2942745),,https://www.amctheatres.com/movie-theatres/nashville-tn/amc-classic-madison-10,"movie theater in Madison, Tennessee, United States"
http://www.wikidata.org/entity/Q43294968,AMC Classic Madison 10,Point(-86.6968666 36.2942745),,https://www.amctheatres.com/movie-theatres/nashville-tn/amc-classic-madison-10,"movie theater in Madison, Tennessee, United States"
http://www.wikidata.org/entity/Q43294968,AMC Classic Madison 10,Point(-86.6968666 36.2942745),,https://www.amctheatres.com/movie-theatres/nashville-tn/amc-classic-madison-10,"movie theater in Madison, Tennessee, United States"
http://www.wikidata.org/entity/Q43294968,AMC Classic Madison 10,Point(-86.6968666 36.2942745),,https://www.amctheatres.com/movie-theatres/nashville-tn/amc-classic-madison-10,"movie theater in Madison, Tennessee, United States"
http://www.wikidata.org/entity/Q43294968,AMC Classic Madison 10,Point(-86.6968666 36.2942745),,https://www.amctheatres.com/movie-theatres/nashville-tn/amc-classic-madison-10,"movie theater in Madison, Tennessee, United States"
http://www.wikidata.org/entity/Q43294968,AMC Classic Madison 10,Point(-86.6968666 36.2942745),,https://www.amctheatres.com/movie-theatres/nashville-tn/amc-classic-madison-10,"movie theater in Madison, Tennessee, United States"
http://www.wikidata.org/entity/Q43294975,Madison Theatre,Point(-86.712771 36.258929),,,"former movie theater in Madison, Tennessee, United States"
http://www.wikidata.org/entity/Q43294975,Madison Theatre,Point(-86.712771 36.258929),,,"former movie theater in Madison, Tennessee, United States"
http://www.wikidata.org/entity/Q43294975,Madison Theatre,Point(-86.712771 36.258929),,,"former movie theater in Madison, Tennessee, United States"
http://www.wikidata.org/entity/Q43294975,Madison Theatre,Point(-86.712771 36.258929),,,"former movie theater in Madison, Tennessee, United States"
http://www.wikidata.org/entity/Q43294975,Madison Theatre,Point(-86.712771 36.258929),,,"former movie theater in Madison, Tennessee, United States"
http://www.wikidata.org/entity/Q43294975,Madison Theatre,Point(-86.712771 36.258929),,,"former movie theater in Madison, Tennessee, United States"
http://www.wikidata.org/entity/Q43294975,Madison Theatre,Point(-86.712771 36.258929),,,"former movie theater in Madison, Tennessee, United States"
http://www.wikidata.org/entity/Q43294975,Madison Theatre,Point(-86.712771 36.258929),,,"former movie theater in Madison, Tennessee, United States"
http://www.wikidata.org/entity/Q43294975,Madison Theatre,Point(-86.712771 36.258929),,,"former movie theater in Madison, Tennessee, United States"
http://www.wikidata.org/entity/Q43294975,Madison Theatre,Point(-86.712771 36.258929),,,"former movie theater in Madison, Tennessee, United States"
http://www.wikidata.org/entity/Q43294975,Madison Theatre,Point(-86.712771 36.258929),,,"former movie theater in Madison, Tennessee, United States"
http://www.wikidata.org/entity/Q43294975,Madison Theatre,Point(-86.712771 36.258929),,,"former movie theater in Madison, Tennessee, United States"
http://www.wikidata.org/entity/Q43294975,Madison Theatre,Point(-86.712771 36.258929),,,"former movie theater in Madison, Tennessee, United States"
http://www.wikidata.org/entity/Q43294975,Madison Theatre,Point(-86.712771 36.258929),,,"former movie theater in Madison, Tennessee, United States"
http://www.wikidata.org/entity/Q43294867,La Vergne Theatre,Point(-86.5672129 36.0069216),,,"former movie theater in La Vergne, Tennessee, United States"
http://www.wikidata.org/entity/Q43294867,La Vergne Theatre,Point(-86.5672129 36.0069216),,,"former movie theater in La Vergne, Tennessee, United States"
http://www.wikidata.org/entity/Q43294867,La Vergne Theatre,Point(-86.5672129 36.0069216),,,"former movie theater in La Vergne, Tennessee, United States"
http://www.wikidata.org/entity/Q43294867,La Vergne Theatre,Point(-86.5672129 36.0069216),,,"former movie theater in La Vergne, Tennessee, United States"
http://www.wikidata.org/entity/Q43294887,Capitol Theatre,Point(-86.2918235 36.2080339),,http://www.capitoltheatretn.com,"movie theater in Lebanon, Tennessee, United States"
http://www.wikidata.org/entity/Q43294887,Capitol Theatre,Point(-86.2918235 36.2080339),,http://www.capitoltheatretn.com,"movie theater in Lebanon, Tennessee, United States"
http://www.wikidata.org/entity/Q43294887,Capitol Theatre,Point(-86.2918235 36.2080339),,http://www.capitoltheatretn.com,"movie theater in Lebanon, Tennessee, United States"
http://www.wikidata.org/entity/Q43294887,Capitol Theatre,Point(-86.2918235 36.2080339),,http://www.capitoltheatretn.com,"movie theater in Lebanon, Tennessee, United States"
http://www.wikidata.org/entity/Q43294887,Capitol Theatre,Point(-86.2918235 36.2080339),,http://www.capitoltheatretn.com,"movie theater in Lebanon, Tennessee, United States"
http://www.wikidata.org/entity/Q43294887,Capitol Theatre,Point(-86.2918235 36.2080339),,http://www.capitoltheatretn.com,"movie theater in Lebanon, Tennessee, United States"
http://www.wikidata.org/entity/Q43294887,Capitol Theatre,Point(-86.2918235 36.2080339),,http://www.capitoltheatretn.com,"movie theater in Lebanon, Tennessee, United States"
http://www.wikidata.org/entity/Q43294887,Capitol Theatre,Point(-86.2918235 36.2080339),,http://www.capitoltheatretn.com,"movie theater in Lebanon, Tennessee, United States"
http://www.wikidata.org/entity/Q43294887,Capitol Theatre,Point(-86.2918235 36.2080339),,http://www.capitoltheatretn.com,"movie theater in Lebanon, Tennessee, United States"
http://www.wikidata.org/entity/Q43294887,Capitol Theatre,Point(-86.2918235 36.2080339),,http://www.capitoltheatretn.com,"movie theater in Lebanon, Tennessee, United States"
http://www.wikidata.org/entity/Q43294887,Capitol Theatre,Point(-86.2918235 36.2080339),,http://www.capitoltheatretn.com,"movie theater in Lebanon, Tennessee, United States"
http://www.wikidata.org/entity/Q43294887,Capitol Theatre,Point(-86.2918235 36.2080339),,http://www.capitoltheatretn.com,"movie theater in Lebanon, Tennessee, United States"
http://www.wikidata.org/entity/Q43294887,Capitol Theatre,Point(-86.2918235 36.2080339),,http://www.capitoltheatretn.com,"movie theater in Lebanon, Tennessee, United States"
http://www.wikidata.org/entity/Q43294887,Capitol Theatre,Point(-86.2918235 36.2080339),,http://www.capitoltheatretn.com,"movie theater in Lebanon, Tennessee, United States"
http://www.wikidata.org/entity/Q43294887,Capitol Theatre,Point(-86.2918235 36.2080339),,http://www.capitoltheatretn.com,"movie theater in Lebanon, Tennessee, United States"
http://www.wikidata.org/entity/Q43294887,Capitol Theatre,Point(-86.2918235 36.2080339),,http://www.capitoltheatretn.com,"movie theater in Lebanon, Tennessee, United States"
http://www.wikidata.org/entity/Q43294887,Capitol Theatre,Point(-86.2918235 36.2080339),,http://www.capitoltheatretn.com,"movie theater in Lebanon, Tennessee, United States"
http://www.wikidata.org/entity/Q43294887,Capitol Theatre,Point(-86.2918235 36.2080339),,http://www.capitoltheatretn.com,"movie theater in Lebanon, Tennessee, United States"
http://www.wikidata.org/entity/Q43294887,Capitol Theatre,Point(-86.2918235 36.2080339),,http://www.capitoltheatretn.com,"movie theater in Lebanon, Tennessee, United States"
http://www.wikidata.org/entity/Q43294887,Capitol Theatre,Point(-86.2918235 36.2080339),,http://www.capitoltheatretn.com,"movie theater in Lebanon, Tennessee, United States"
http://www.wikidata.org/entity/Q43294887,Capitol Theatre,Point(-86.2918235 36.2080339),,http://www.capitoltheatretn.com,"movie theater in Lebanon, Tennessee, United States"
http://www.wikidata.org/entity/Q43294887,Capitol Theatre,Point(-86.2918235 36.2080339),,http://www.capitoltheatretn.com,"movie theater in Lebanon, Tennessee, United States"
http://www.wikidata.org/entity/Q43294887,Capitol Theatre,Point(-86.2918235 36.2080339),,http://www.capitoltheatretn.com,"movie theater in Lebanon, Tennessee, United States"
http://www.wikidata.org/entity/Q43294887,Capitol Theatre,Point(-86.2918235 36.2080339),,http://www.capitoltheatretn.com,"movie theater in Lebanon, Tennessee, United States"
http://www.wikidata.org/entity/Q43294887,Capitol Theatre,Point(-86.2918235 36.2080339),,http://www.capitoltheatretn.com,"movie theater in Lebanon, Tennessee, United States"
http://www.wikidata.org/entity/Q43294887,Capitol Theatre,Point(-86.2918235 36.2080339),,http://www.capitoltheatretn.com,"movie theater in Lebanon, Tennessee, United States"
http://www.wikidata.org/entity/Q43294889,Cluster Theatre,Point(-86.291205 36.207203),,,"former movie theater in Lebanon, Tennessee, United States"
http://www.wikidata.org/entity/Q43294889,Cluster Theatre,Point(-86.291205 36.207203),,,"former movie theater in Lebanon, Tennessee, United States"
http://www.wikidata.org/entity/Q43294889,Cluster Theatre,Point(-86.291205 36.207203),,,"former movie theater in Lebanon, Tennessee, United States"
http://www.wikidata.org/entity/Q43294889,Cluster Theatre,Point(-86.291205 36.207203),,,"former movie theater in Lebanon, Tennessee, United States"
http://www.wikidata.org/entity/Q43294889,Cluster Theatre,Point(-86.291205 36.207203),,,"former movie theater in Lebanon, Tennessee, United States"
http://www.wikidata.org/entity/Q43294889,Cluster Theatre,Point(-86.291205 36.207203),,,"former movie theater in Lebanon, Tennessee, United States"
http://www.wikidata.org/entity/Q43294889,Cluster Theatre,Point(-86.291205 36.207203),,,"former movie theater in Lebanon, Tennessee, United States"
http://www.wikidata.org/entity/Q43294889,Cluster Theatre,Point(-86.291205 36.207203),,,"former movie theater in Lebanon, Tennessee, United States"
http://www.wikidata.org/entity/Q43294889,Cluster Theatre,Point(-86.291205 36.207203),,,"former movie theater in Lebanon, Tennessee, United States"
http://www.wikidata.org/entity/Q43294889,Cluster Theatre,Point(-86.291205 36.207203),,,"former movie theater in Lebanon, Tennessee, United States"
http://www.wikidata.org/entity/Q43294889,Cluster Theatre,Point(-86.291205 36.207203),,,"former movie theater in Lebanon, Tennessee, United States"
http://www.wikidata.org/entity/Q43294889,Cluster Theatre,Point(-86.291205 36.207203),,,"former movie theater in Lebanon, Tennessee, United States"
http://www.wikidata.org/entity/Q43294889,Cluster Theatre,Point(-86.291205 36.207203),,,"former movie theater in Lebanon, Tennessee, United States"
http://www.wikidata.org/entity/Q43294889,Cluster Theatre,Point(-86.291205 36.207203),,,"former movie theater in Lebanon, Tennessee, United States"
http://www.wikidata.org/entity/Q43294889,Cluster Theatre,Point(-86.291205 36.207203),,,"former movie theater in Lebanon, Tennessee, United States"
http://www.wikidata.org/entity/Q43294889,Cluster Theatre,Point(-86.291205 36.207203),,,"former movie theater in Lebanon, Tennessee, United States"
http://www.wikidata.org/entity/Q43294889,Cluster Theatre,Point(-86.291205 36.207203),,,"former movie theater in Lebanon, Tennessee, United States"
http://www.wikidata.org/entity/Q43294889,Cluster Theatre,Point(-86.291205 36.207203),,,"former movie theater in Lebanon, Tennessee, United States"
http://www.wikidata.org/entity/Q43294889,Cluster Theatre,Point(-86.291205 36.207203),,,"former movie theater in Lebanon, Tennessee, United States"
http://www.wikidata.org/entity/Q43294889,Cluster Theatre,Point(-86.291205 36.207203),,,"former movie theater in Lebanon, Tennessee, United States"
http://www.wikidata.org/entity/Q43294889,Cluster Theatre,Point(-86.291205 36.207203),,,"former movie theater in Lebanon, Tennessee, United States"
http://www.wikidata.org/entity/Q43294889,Cluster Theatre,Point(-86.291205 36.207203),,,"former movie theater in Lebanon, Tennessee, United States"
http://www.wikidata.org/entity/Q43294889,Cluster Theatre,Point(-86.291205 36.207203),,,"former movie theater in Lebanon, Tennessee, United States"
http://www.wikidata.org/entity/Q43294889,Cluster Theatre,Point(-86.291205 36.207203),,,"former movie theater in Lebanon, Tennessee, United States"
http://www.wikidata.org/entity/Q43294889,Cluster Theatre,Point(-86.291205 36.207203),,,"former movie theater in Lebanon, Tennessee, United States"
http://www.wikidata.org/entity/Q43294889,Cluster Theatre,Point(-86.291205 36.207203),,,"former movie theater in Lebanon, Tennessee, United States"
http://www.wikidata.org/entity/Q43294895,Martin Triple Theatre,Point(-86.3329177 36.2172061),,,"former movie theater in Lebanon, Tennessee, United States"
http://www.wikidata.org/entity/Q43294895,Martin Triple Theatre,Point(-86.3329177 36.2172061),,,"former movie theater in Lebanon, Tennessee, United States"
http://www.wikidata.org/entity/Q43294895,Martin Triple Theatre,Point(-86.3329177 36.2172061),,,"former movie theater in Lebanon, Tennessee, United States"
http://www.wikidata.org/entity/Q43294895,Martin Triple Theatre,Point(-86.3329177 36.2172061),,,"former movie theater in Lebanon, Tennessee, United States"
http://www.wikidata.org/entity/Q43294895,Martin Triple Theatre,Point(-86.3329177 36.2172061),,,"former movie theater in Lebanon, Tennessee, United States"
http://www.wikidata.org/entity/Q43294895,Martin Triple Theatre,Point(-86.3329177 36.2172061),,,"former movie theater in Lebanon, Tennessee, United States"
http://www.wikidata.org/entity/Q43294895,Martin Triple Theatre,Point(-86.3329177 36.2172061),,,"former movie theater in Lebanon, Tennessee, United States"
http://www.wikidata.org/entity/Q43294895,Martin Triple Theatre,Point(-86.3329177 36.2172061),,,"former movie theater in Lebanon, Tennessee, United States"
http://www.wikidata.org/entity/Q43294895,Martin Triple Theatre,Point(-86.3329177 36.2172061),,,"former movie theater in Lebanon, Tennessee, United States"
http://www.wikidata.org/entity/Q43294895,Martin Triple Theatre,Point(-86.3329177 36.2172061),,,"former movie theater in Lebanon, Tennessee, United States"
http://www.wikidata.org/entity/Q43294895,Martin Triple Theatre,Point(-86.3329177 36.2172061),,,"former movie theater in Lebanon, Tennessee, United States"
http://www.wikidata.org/entity/Q43294895,Martin Triple Theatre,Point(-86.3329177 36.2172061),,,"former movie theater in Lebanon, Tennessee, United States"
http://www.wikidata.org/entity/Q43294895,Martin Triple Theatre,Point(-86.3329177 36.2172061),,,"former movie theater in Lebanon, Tennessee, United States"
http://www.wikidata.org/entity/Q43294895,Martin Triple Theatre,Point(-86.3329177 36.2172061),,,"former movie theater in Lebanon, Tennessee, United States"
http://www.wikidata.org/entity/Q43294895,Martin Triple Theatre,Point(-86.3329177 36.2172061),,,"former movie theater in Lebanon, Tennessee, United States"
http://www.wikidata.org/entity/Q43294895,Martin Triple Theatre,Point(-86.3329177 36.2172061),,,"former movie theater in Lebanon, Tennessee, United States"
http://www.wikidata.org/entity/Q43294895,Martin Triple Theatre,Point(-86.3329177 36.2172061),,,"former movie theater in Lebanon, Tennessee, United States"
http://www.wikidata.org/entity/Q43294895,Martin Triple Theatre,Point(-86.3329177 36.2172061),,,"former movie theater in Lebanon, Tennessee, United States"
http://www.wikidata.org/entity/Q43294895,Martin Triple Theatre,Point(-86.3329177 36.2172061),,,"former movie theater in Lebanon, Tennessee, United States"
http://www.wikidata.org/entity/Q43294895,Martin Triple Theatre,Point(-86.3329177 36.2172061),,,"former movie theater in Lebanon, Tennessee, United States"
http://www.wikidata.org/entity/Q43294895,Martin Triple Theatre,Point(-86.3329177 36.2172061),,,"former movie theater in Lebanon, Tennessee, United States"
http://www.wikidata.org/entity/Q43294895,Martin Triple Theatre,Point(-86.3329177 36.2172061),,,"former movie theater in Lebanon, Tennessee, United States"
http://www.wikidata.org/entity/Q43294895,Martin Triple Theatre,Point(-86.3329177 36.2172061),,,"former movie theater in Lebanon, Tennessee, United States"
http://www.wikidata.org/entity/Q43294895,Martin Triple Theatre,Point(-86.3329177 36.2172061),,,"former movie theater in Lebanon, Tennessee, United States"
http://www.wikidata.org/entity/Q43294895,Martin Triple Theatre,Point(-86.3329177 36.2172061),,,"former movie theater in Lebanon, Tennessee, United States"
http://www.wikidata.org/entity/Q43294895,Martin Triple Theatre,Point(-86.3329177 36.2172061),,,"former movie theater in Lebanon, Tennessee, United States"
http://www.wikidata.org/entity/Q43294892,Howard Theatre,Point(-86.291034 36.207437),,,"former movie theater in Lebanon, Tennessee, United States"
http://www.wikidata.org/entity/Q43294892,Howard Theatre,Point(-86.291034 36.207437),,,"former movie theater in Lebanon, Tennessee, United States"
http://www.wikidata.org/entity/Q43294892,Howard Theatre,Point(-86.291034 36.207437),,,"former movie theater in Lebanon, Tennessee, United States"
http://www.wikidata.org/entity/Q43294892,Howard Theatre,Point(-86.291034 36.207437),,,"former movie theater in Lebanon, Tennessee, United States"
http://www.wikidata.org/entity/Q43294892,Howard Theatre,Point(-86.291034 36.207437),,,"former movie theater in Lebanon, Tennessee, United States"
http://www.wikidata.org/entity/Q43294892,Howard Theatre,Point(-86.291034 36.207437),,,"former movie theater in Lebanon, Tennessee, United States"
http://www.wikidata.org/entity/Q43294892,Howard Theatre,Point(-86.291034 36.207437),,,"former movie theater in Lebanon, Tennessee, United States"
http://www.wikidata.org/entity/Q43294892,Howard Theatre,Point(-86.291034 36.207437),,,"former movie theater in Lebanon, Tennessee, United States"
http://www.wikidata.org/entity/Q43294892,Howard Theatre,Point(-86.291034 36.207437),,,"former movie theater in Lebanon, Tennessee, United States"
http://www.wikidata.org/entity/Q43294892,Howard Theatre,Point(-86.291034 36.207437),,,"former movie theater in Lebanon, Tennessee, United States"
http://www.wikidata.org/entity/Q43294892,Howard Theatre,Point(-86.291034 36.207437),,,"former movie theater in Lebanon, Tennessee, United States"
http://www.wikidata.org/entity/Q43294892,Howard Theatre,Point(-86.291034 36.207437),,,"former movie theater in Lebanon, Tennessee, United States"
http://www.wikidata.org/entity/Q43294892,Howard Theatre,Point(-86.291034 36.207437),,,"former movie theater in Lebanon, Tennessee, United States"
http://www.wikidata.org/entity/Q43294892,Howard Theatre,Point(-86.291034 36.207437),,,"former movie theater in Lebanon, Tennessee, United States"
http://www.wikidata.org/entity/Q43294892,Howard Theatre,Point(-86.291034 36.207437),,,"former movie theater in Lebanon, Tennessee, United States"
http://www.wikidata.org/entity/Q43294892,Howard Theatre,Point(-86.291034 36.207437),,,"former movie theater in Lebanon, Tennessee, United States"
http://www.wikidata.org/entity/Q43294892,Howard Theatre,Point(-86.291034 36.207437),,,"former movie theater in Lebanon, Tennessee, United States"
http://www.wikidata.org/entity/Q43294892,Howard Theatre,Point(-86.291034 36.207437),,,"former movie theater in Lebanon, Tennessee, United States"
http://www.wikidata.org/entity/Q43294975,Madison Theatre,Point(-86.712771 36.258929),,,"former movie theater in Madison, Tennessee, United States"
http://www.wikidata.org/entity/Q43294975,Madison Theatre,Point(-86.712771 36.258929),,,"former movie theater in Madison, Tennessee, United States"
http://www.wikidata.org/entity/Q43294975,Madison Theatre,Point(-86.712771 36.258929),,,"former movie theater in Madison, Tennessee, United States"
http://www.wikidata.org/entity/Q43294975,Madison Theatre,Point(-86.712771 36.258929),,,"former movie theater in Madison, Tennessee, United States"
http://www.wikidata.org/entity/Q43294975,Madison Theatre,Point(-86.712771 36.258929),,,"former movie theater in Madison, Tennessee, United States"
http://www.wikidata.org/entity/Q43294975,Madison Theatre,Point(-86.712771 36.258929),,,"former movie theater in Madison, Tennessee, United States"
http://www.wikidata.org/entity/Q43294975,Madison Theatre,Point(-86.712771 36.258929),,,"former movie theater in Madison, Tennessee, United States"
http://www.wikidata.org/entity/Q43294975,Madison Theatre,Point(-86.712771 36.258929),,,"former movie theater in Madison, Tennessee, United States"
http://www.wikidata.org/entity/Q43294975,Madison Theatre,Point(-86.712771 36.258929),,,"former movie theater in Madison, Tennessee, United States"
http://www.wikidata.org/entity/Q43294975,Madison Theatre,Point(-86.712771 36.258929),,,"former movie theater in Madison, Tennessee, United States"
http://www.wikidata.org/entity/Q43294975,Madison Theatre,Point(-86.712771 36.258929),,,"former movie theater in Madison, Tennessee, United States"
http://www.wikidata.org/entity/Q43294975,Madison Theatre,Point(-86.712771 36.258929),,,"former movie theater in Madison, Tennessee, United States"
http://www.wikidata.org/entity/Q43294979,Old Hickory Cinema 16,Point(-86.7118793 36.2631384),,,"former movie theater in Madison, Tennessee, United States"
http://www.wikidata.org/entity/Q43294979,Old Hickory Cinema 16,Point(-86.7118793 36.2631384),,,"former movie theater in Madison, Tennessee, United States"
http://www.wikidata.org/entity/Q43294979,Old Hickory Cinema 16,Point(-86.7118793 36.2631384),,,"former movie theater in Madison, Tennessee, United States"
http://www.wikidata.org/entity/Q43294979,Old Hickory Cinema 16,Point(-86.7118793 36.2631384),,,"former movie theater in Madison, Tennessee, United States"
http://www.wikidata.org/entity/Q43294979,Old Hickory Cinema 16,Point(-86.7118793 36.2631384),,,"former movie theater in Madison, Tennessee, United States"
http://www.wikidata.org/entity/Q43294979,Old Hickory Cinema 16,Point(-86.7118793 36.2631384),,,"former movie theater in Madison, Tennessee, United States"
http://www.wikidata.org/entity/Q43294979,Old Hickory Cinema 16,Point(-86.7118793 36.2631384),,,"former movie theater in Madison, Tennessee, United States"
http://www.wikidata.org/entity/Q43294979,Old Hickory Cinema 16,Point(-86.7118793 36.2631384),,,"former movie theater in Madison, Tennessee, United States"
http://www.wikidata.org/entity/Q43294979,Old Hickory Cinema 16,Point(-86.7118793 36.2631384),,,"former movie theater in Madison, Tennessee, United States"
http://www.wikidata.org/entity/Q43294979,Old Hickory Cinema 16,Point(-86.7118793 36.2631384),,,"former movie theater in Madison, Tennessee, United States"
http://www.wikidata.org/entity/Q43294979,Old Hickory Cinema 16,Point(-86.7118793 36.2631384),,,"former movie theater in Madison, Tennessee, United States"
http://www.wikidata.org/entity/Q43294979,Old Hickory Cinema 16,Point(-86.7118793 36.2631384),,,"former movie theater in Madison, Tennessee, United States"
http://www.wikidata.org/entity/Q43294979,Old Hickory Cinema 16,Point(-86.7118793 36.2631384),,,"former movie theater in Madison, Tennessee, United States"
http://www.wikidata.org/entity/Q43294979,Old Hickory Cinema 16,Point(-86.7118793 36.2631384),,,"former movie theater in Madison, Tennessee, United States"
http://www.wikidata.org/entity/Q43294979,Old Hickory Cinema 16,Point(-86.7118793 36.2631384),,,"former movie theater in Madison, Tennessee, United States"
http://www.wikidata.org/entity/Q43294979,Old Hickory Cinema 16,Point(-86.7118793 36.2631384),,,"former movie theater in Madison, Tennessee, United States"
http://www.wikidata.org/entity/Q43294979,Old Hickory Cinema 16,Point(-86.7118793 36.2631384),,,"former movie theater in Madison, Tennessee, United States"
http://www.wikidata.org/entity/Q43294979,Old Hickory Cinema 16,Point(-86.7118793 36.2631384),,,"former movie theater in Madison, Tennessee, United States"
http://www.wikidata.org/entity/Q43294979,Old Hickory Cinema 16,Point(-86.7118793 36.2631384),,,"former movie theater in Madison, Tennessee, United States"
http://www.wikidata.org/entity/Q43294979,Old Hickory Cinema 16,Point(-86.7118793 36.2631384),,,"former movie theater in Madison, Tennessee, United States"
http://www.wikidata.org/entity/Q43294979,Old Hickory Cinema 16,Point(-86.7118793 36.2631384),,,"former movie theater in Madison, Tennessee, United States"
http://www.wikidata.org/entity/Q43294979,Old Hickory Cinema 16,Point(-86.7118793 36.2631384),,,"former movie theater in Madison, Tennessee, United States"
http://www.wikidata.org/entity/Q43294979,Old Hickory Cinema 16,Point(-86.7118793 36.2631384),,,"former movie theater in Madison, Tennessee, United States"
http://www.wikidata.org/entity/Q43294979,Old Hickory Cinema 16,Point(-86.7118793 36.2631384),,,"former movie theater in Madison, Tennessee, United States"
http://www.wikidata.org/entity/Q43294979,Old Hickory Cinema 16,Point(-86.7118793 36.2631384),,,"former movie theater in Madison, Tennessee, United States"
http://www.wikidata.org/entity/Q43294979,Old Hickory Cinema 16,Point(-86.7118793 36.2631384),,,"former movie theater in Madison, Tennessee, United States"
http://www.wikidata.org/entity/Q43295859,Regal Cinemas Providence 14,Point(-86.5102731 36.1687288),,http://www.regalcinemas.com,"movie theater in Mount Juliet, Tennessee, United States"
http://www.wikidata.org/entity/Q43295859,Regal Cinemas Providence 14,Point(-86.5102731 36.1687288),,http://www.regalcinemas.com,"movie theater in Mount Juliet, Tennessee, United States"
http://www.wikidata.org/entity/Q43295859,Regal Cinemas Providence 14,Point(-86.5102731 36.1687288),,http://www.regalcinemas.com,"movie theater in Mount Juliet, Tennessee, United States"
http://www.wikidata.org/entity/Q43295859,Regal Cinemas Providence 14,Point(-86.5102731 36.1687288),,http://www.regalcinemas.com,"movie theater in Mount Juliet, Tennessee, United States"
http://www.wikidata.org/entity/Q43295859,Regal Cinemas Providence 14,Point(-86.5102731 36.1687288),,http://www.regalcinemas.com,"movie theater in Mount Juliet, Tennessee, United States"
http://www.wikidata.org/entity/Q43295859,Regal Cinemas Providence 14,Point(-86.5102731 36.1687288),,http://www.regalcinemas.com,"movie theater in Mount Juliet, Tennessee, United States"
http://www.wikidata.org/entity/Q43295859,Regal Cinemas Providence 14,Point(-86.5102731 36.1687288),,http://www.regalcinemas.com,"movie theater in Mount Juliet, Tennessee, United States"
http://www.wikidata.org/entity/Q43295859,Regal Cinemas Providence 14,Point(-86.5102731 36.1687288),,http://www.regalcinemas.com,"movie theater in Mount Juliet, Tennessee, United States"
http://www.wikidata.org/entity/Q43295859,Regal Cinemas Providence 14,Point(-86.5102731 36.1687288),,http://www.regalcinemas.com,"movie theater in Mount Juliet, Tennessee, United States"
http://www.wikidata.org/entity/Q43295859,Regal Cinemas Providence 14,Point(-86.5102731 36.1687288),,http://www.regalcinemas.com,"movie theater in Mount Juliet, Tennessee, United States"
http://www.wikidata.org/entity/Q43295859,Regal Cinemas Providence 14,Point(-86.5102731 36.1687288),,http://www.regalcinemas.com,"movie theater in Mount Juliet, Tennessee, United States"
http://www.wikidata.org/entity/Q43295859,Regal Cinemas Providence 14,Point(-86.5102731 36.1687288),,http://www.regalcinemas.com,"movie theater in Mount Juliet, Tennessee, United States"
http://www.wikidata.org/entity/Q43295859,Regal Cinemas Providence 14,Point(-86.5102731 36.1687288),,http://www.regalcinemas.com,"movie theater in Mount Juliet, Tennessee, United States"
http://www.wikidata.org/entity/Q43295859,Regal Cinemas Providence 14,Point(-86.5102731 36.1687288),,http://www.regalcinemas.com,"movie theater in Mount Juliet, Tennessee, United States"
http://www.wikidata.org/entity/Q43295859,Regal Cinemas Providence 14,Point(-86.5102731 36.1687288),,http://www.regalcinemas.com,"movie theater in Mount Juliet, Tennessee, United States"
http://www.wikidata.org/entity/Q43295859,Regal Cinemas Providence 14,Point(-86.5102731 36.1687288),,http://www.regalcinemas.com,"movie theater in Mount Juliet, Tennessee, United States"
http://www.wikidata.org/entity/Q43295859,Regal Cinemas Providence 14,Point(-86.5102731 36.1687288),,http://www.regalcinemas.com,"movie theater in Mount Juliet, Tennessee, United States"
http://www.wikidata.org/entity/Q43295859,Regal Cinemas Providence 14,Point(-86.5102731 36.1687288),,http://www.regalcinemas.com,"movie theater in Mount Juliet, Tennessee, United States"
http://www.wikidata.org/entity/Q43295859,Regal Cinemas Providence 14,Point(-86.5102731 36.1687288),,http://www.regalcinemas.com,"movie theater in Mount Juliet, Tennessee, United States"
http://www.wikidata.org/entity/Q43295859,Regal Cinemas Providence 14,Point(-86.5102731 36.1687288),,http://www.regalcinemas.com,"movie theater in Mount Juliet, Tennessee, United States"
http://www.wikidata.org/entity/Q43295859,Regal Cinemas Providence 14,Point(-86.5102731 36.1687288),,http://www.regalcinemas.com,"movie theater in Mount Juliet, Tennessee, United States"
http://www.wikidata.org/entity/Q43295859,Regal Cinemas Providence 14,Point(-86.5102731 36.1687288),,http://www.regalcinemas.com,"movie theater in Mount Juliet, Tennessee, United States"
http://www.wikidata.org/entity/Q43295859,Regal Cinemas Providence 14,Point(-86.5102731 36.1687288),,http://www.regalcinemas.com,"movie theater in Mount Juliet, Tennessee, United States"
http://www.wikidata.org/entity/Q43295859,Regal Cinemas Providence 14,Point(-86.5102731 36.1687288),,http://www.regalcinemas.com,"movie theater in Mount Juliet, Tennessee, United States"
http://www.wikidata.org/entity/Q43295859,Regal Cinemas Providence 14,Point(-86.5102731 36.1687288),,http://www.regalcinemas.com,"movie theater in Mount Juliet, Tennessee, United States"
http://www.wikidata.org/entity/Q43295859,Regal Cinemas Providence 14,Point(-86.5102731 36.1687288),,http://www.regalcinemas.com,"movie theater in Mount Juliet, Tennessee, United States"
http://www.wikidata.org/entity/Q43295867,AMC Murfreesboro 16,Point(-86.4381525 35.8433925),,https://www.amctheatres.com/movie-theatres/nashville-tn/amc-murfreesboro-16,"movie theater in Murfreesboro, Tennessee, United States"
http://www.wikidata.org/entity/Q43295867,AMC Murfreesboro 16,Point(-86.4381525 35.8433925),,https://www.amctheatres.com/movie-theatres/nashville-tn/amc-murfreesboro-16,"movie theater in Murfreesboro, Tennessee, United States"
http://www.wikidata.org/entity/Q43295867,AMC Murfreesboro 16,Point(-86.4381525 35.8433925),,https://www.amctheatres.com/movie-theatres/nashville-tn/amc-murfreesboro-16,"movie theater in Murfreesboro, Tennessee, United States"
http://www.wikidata.org/entity/Q43295867,AMC Murfreesboro 16,Point(-86.4381525 35.8433925),,https://www.amctheatres.com/movie-theatres/nashville-tn/amc-murfreesboro-16,"movie theater in Murfreesboro, Tennessee, United States"
http://www.wikidata.org/entity/Q43295867,AMC Murfreesboro 16,Point(-86.4381525 35.8433925),,https://www.amctheatres.com/movie-theatres/nashville-tn/amc-murfreesboro-16,"movie theater in Murfreesboro, Tennessee, United States"
http://www.wikidata.org/entity/Q43295867,AMC Murfreesboro 16,Point(-86.4381525 35.8433925),,https://www.amctheatres.com/movie-theatres/nashville-tn/amc-murfreesboro-16,"movie theater in Murfreesboro, Tennessee, United States"
http://www.wikidata.org/entity/Q43295867,AMC Murfreesboro 16,Point(-86.4381525 35.8433925),,https://www.amctheatres.com/movie-theatres/nashville-tn/amc-murfreesboro-16,"movie theater in Murfreesboro, Tennessee, United States"
http://www.wikidata.org/entity/Q43295867,AMC Murfreesboro 16,Point(-86.4381525 35.8433925),,https://www.amctheatres.com/movie-theatres/nashville-tn/amc-murfreesboro-16,"movie theater in Murfreesboro, Tennessee, United States"
http://www.wikidata.org/entity/Q43295867,AMC Murfreesboro 16,Point(-86.4381525 35.8433925),,https://www.amctheatres.com/movie-theatres/nashville-tn/amc-murfreesboro-16,"movie theater in Murfreesboro, Tennessee, United States"
http://www.wikidata.org/entity/Q43295867,AMC Murfreesboro 16,Point(-86.4381525 35.8433925),,https://www.amctheatres.com/movie-theatres/nashville-tn/amc-murfreesboro-16,"movie theater in Murfreesboro, Tennessee, United States"
http://www.wikidata.org/entity/Q43295867,AMC Murfreesboro 16,Point(-86.4381525 35.8433925),,https://www.amctheatres.com/movie-theatres/nashville-tn/amc-murfreesboro-16,"movie theater in Murfreesboro, Tennessee, United States"
http://www.wikidata.org/entity/Q43295867,AMC Murfreesboro 16,Point(-86.4381525 35.8433925),,https://www.amctheatres.com/movie-theatres/nashville-tn/amc-murfreesboro-16,"movie theater in Murfreesboro, Tennessee, United States"
http://www.wikidata.org/entity/Q43295867,AMC Murfreesboro 16,Point(-86.4381525 35.8433925),,https://www.amctheatres.com/movie-theatres/nashville-tn/amc-murfreesboro-16,"movie theater in Murfreesboro, Tennessee, United States"
http://www.wikidata.org/entity/Q43295867,AMC Murfreesboro 16,Point(-86.4381525 35.8433925),,https://www.amctheatres.com/movie-theatres/nashville-tn/amc-murfreesboro-16,"movie theater in Murfreesboro, Tennessee, United States"
http://www.wikidata.org/entity/Q43295867,AMC Murfreesboro 16,Point(-86.4381525 35.8433925),,https://www.amctheatres.com/movie-theatres/nashville-tn/amc-murfreesboro-16,"movie theater in Murfreesboro, Tennessee, United States"
http://www.wikidata.org/entity/Q43295867,AMC Murfreesboro 16,Point(-86.4381525 35.8433925),,https://www.amctheatres.com/movie-theatres/nashville-tn/amc-murfreesboro-16,"movie theater in Murfreesboro, Tennessee, United States"
http://www.wikidata.org/entity/Q43295867,AMC Murfreesboro 16,Point(-86.4381525 35.8433925),,https://www.amctheatres.com/movie-theatres/nashville-tn/amc-murfreesboro-16,"movie theater in Murfreesboro, Tennessee, United States"
http://www.wikidata.org/entity/Q43295867,AMC Murfreesboro 16,Point(-86.4381525 35.8433925),,https://www.amctheatres.com/movie-theatres/nashville-tn/amc-murfreesboro-16,"movie theater in Murfreesboro, Tennessee, United States"
http://www.wikidata.org/entity/Q43295867,AMC Murfreesboro 16,Point(-86.4381525 35.8433925),,https://www.amctheatres.com/movie-theatres/nashville-tn/amc-murfreesboro-16,"movie theater in Murfreesboro, Tennessee, United States"
http://www.wikidata.org/entity/Q43295867,AMC Murfreesboro 16,Point(-86.4381525 35.8433925),,https://www.amctheatres.com/movie-theatres/nashville-tn/amc-murfreesboro-16,"movie theater in Murfreesboro, Tennessee, United States"
http://www.wikidata.org/entity/Q43295867,AMC Murfreesboro 16,Point(-86.4381525 35.8433925),,https://www.amctheatres.com/movie-theatres/nashville-tn/amc-murfreesboro-16,"movie theater in Murfreesboro, Tennessee, United States"
http://www.wikidata.org/entity/Q43295867,AMC Murfreesboro 16,Point(-86.4381525 35.8433925),,https://www.amctheatres.com/movie-theatres/nashville-tn/amc-murfreesboro-16,"movie theater in Murfreesboro, Tennessee, United States"
http://www.wikidata.org/entity/Q43295867,AMC Murfreesboro 16,Point(-86.4381525 35.8433925),,https://www.amctheatres.com/movie-theatres/nashville-tn/amc-murfreesboro-16,"movie theater in Murfreesboro, Tennessee, United States"
http://www.wikidata.org/entity/Q43295867,AMC Murfreesboro 16,Point(-86.4381525 35.8433925),,https://www.amctheatres.com/movie-theatres/nashville-tn/amc-murfreesboro-16,"movie theater in Murfreesboro, Tennessee, United States"
http://www.wikidata.org/entity/Q43295867,AMC Murfreesboro 16,Point(-86.4381525 35.8433925),,https://www.amctheatres.com/movie-theatres/nashville-tn/amc-murfreesboro-16,"movie theater in Murfreesboro, Tennessee, United States"
http://www.wikidata.org/entity/Q43295867,AMC Murfreesboro 16,Point(-86.4381525 35.8433925),,https://www.amctheatres.com/movie-theatres/nashville-tn/amc-murfreesboro-16,"movie theater in Murfreesboro, Tennessee, United States"
http://www.wikidata.org/entity/Q43295879,Premier 6 Theatre,Point(-86.40096 35.854221),,http://www.murfreesboromovies.com,"movie theater in Murfreesboro, Tennessee, United States"
http://www.wikidata.org/entity/Q43295879,Premier 6 Theatre,Point(-86.40096 35.854221),,http://www.murfreesboromovies.com,"movie theater in Murfreesboro, Tennessee, United States"
http://www.wikidata.org/entity/Q43295879,Premier 6 Theatre,Point(-86.40096 35.854221),,http://www.murfreesboromovies.com,"movie theater in Murfreesboro, Tennessee, United States"
http://www.wikidata.org/entity/Q43295879,Premier 6 Theatre,Point(-86.40096 35.854221),,http://www.murfreesboromovies.com,"movie theater in Murfreesboro, Tennessee, United States"
http://www.wikidata.org/entity/Q43295879,Premier 6 Theatre,Point(-86.40096 35.854221),,http://www.murfreesboromovies.com,"movie theater in Murfreesboro, Tennessee, United States"
http://www.wikidata.org/entity/Q43295879,Premier 6 Theatre,Point(-86.40096 35.854221),,http://www.murfreesboromovies.com,"movie theater in Murfreesboro, Tennessee, United States"
http://www.wikidata.org/entity/Q43295879,Premier 6 Theatre,Point(-86.40096 35.854221),,http://www.murfreesboromovies.com,"movie theater in Murfreesboro, Tennessee, United States"
http://www.wikidata.org/entity/Q43295879,Premier 6 Theatre,Point(-86.40096 35.854221),,http://www.murfreesboromovies.com,"movie theater in Murfreesboro, Tennessee, United States"
http://www.wikidata.org/entity/Q43295879,Premier 6 Theatre,Point(-86.40096 35.854221),,http://www.murfreesboromovies.com,"movie theater in Murfreesboro, Tennessee, United States"
http://www.wikidata.org/entity/Q43295879,Premier 6 Theatre,Point(-86.40096 35.854221),,http://www.murfreesboromovies.com,"movie theater in Murfreesboro, Tennessee, United States"
http://www.wikidata.org/entity/Q43296128,Majestic Theatre,Point(-86.7809246 36.1662695),,,"former movie theater in Nashville, Tennessee, United States"
http://www.wikidata.org/entity/Q43296128,Majestic Theatre,Point(-86.7809246 36.1662695),,,"former movie theater in Nashville, Tennessee, United States"
http://www.wikidata.org/entity/Q43296128,Majestic Theatre,Point(-86.7809246 36.1662695),,,"former movie theater in Nashville, Tennessee, United States"
http://www.wikidata.org/entity/Q43296128,Majestic Theatre,Point(-86.7809246 36.1662695),,,"former movie theater in Nashville, Tennessee, United States"
http://www.wikidata.org/entity/Q43296134,Rainbow Theatre,Point(-86.7674625 36.1857339),,,"former movie theater in Nashville, Tennessee, United States"
http://www.wikidata.org/entity/Q43296134,Rainbow Theatre,Point(-86.7674625 36.1857339),,,"former movie theater in Nashville, Tennessee, United States"
http://www.wikidata.org/entity/Q43296134,Rainbow Theatre,Point(-86.7674625 36.1857339),,,"former movie theater in Nashville, Tennessee, United States"
http://www.wikidata.org/entity/Q43296134,Rainbow Theatre,Point(-86.7674625 36.1857339),,,"former movie theater in Nashville, Tennessee, United States"
http://www.wikidata.org/entity/Q43296134,Rainbow Theatre,Point(-86.7674625 36.1857339),,,"former movie theater in Nashville, Tennessee, United States"
http://www.wikidata.org/entity/Q43296134,Rainbow Theatre,Point(-86.7674625 36.1857339),,,"former movie theater in Nashville, Tennessee, United States"
http://www.wikidata.org/entity/Q43296134,Rainbow Theatre,Point(-86.7674625 36.1857339),,,"former movie theater in Nashville, Tennessee, United States"
http://www.wikidata.org/entity/Q43296134,Rainbow Theatre,Point(-86.7674625 36.1857339),,,"former movie theater in Nashville, Tennessee, United States"
http://www.wikidata.org/entity/Q43296134,Rainbow Theatre,Point(-86.7674625 36.1857339),,,"former movie theater in Nashville, Tennessee, United States"
http://www.wikidata.org/entity/Q43296134,Rainbow Theatre,Point(-86.7674625 36.1857339),,,"former movie theater in Nashville, Tennessee, United States"
http://www.wikidata.org/entity/Q43296134,Rainbow Theatre,Point(-86.7674625 36.1857339),,,"former movie theater in Nashville, Tennessee, United States"
http://www.wikidata.org/entity/Q43296134,Rainbow Theatre,Point(-86.7674625 36.1857339),,,"former movie theater in Nashville, Tennessee, United States"
http://www.wikidata.org/entity/Q43296134,Rainbow Theatre,Point(-86.7674625 36.1857339),,,"former movie theater in Nashville, Tennessee, United States"
http://www.wikidata.org/entity/Q43296134,Rainbow Theatre,Point(-86.7674625 36.1857339),,,"former movie theater in Nashville, Tennessee, United States"
http://www.wikidata.org/entity/Q43296134,Rainbow Theatre,Point(-86.7674625 36.1857339),,,"former movie theater in Nashville, Tennessee, United States"
http://www.wikidata.org/entity/Q43296134,Rainbow Theatre,Point(-86.7674625 36.1857339),,,"former movie theater in Nashville, Tennessee, United States"
http://www.wikidata.org/entity/Q43296134,Rainbow Theatre,Point(-86.7674625 36.1857339),,,"former movie theater in Nashville, Tennessee, United States"
http://www.wikidata.org/entity/Q43296134,Rainbow Theatre,Point(-86.7674625 36.1857339),,,"former movie theater in Nashville, Tennessee, United States"
http://www.wikidata.org/entity/Q43296134,Rainbow Theatre,Point(-86.7674625 36.1857339),,,"former movie theater in Nashville, Tennessee, United States"
http://www.wikidata.org/entity/Q43296134,Rainbow Theatre,Point(-86.7674625 36.1857339),,,"former movie theater in Nashville, Tennessee, United States"
http://www.wikidata.org/entity/Q43296134,Rainbow Theatre,Point(-86.7674625 36.1857339),,,"former movie theater in Nashville, Tennessee, United States"
http://www.wikidata.org/entity/Q43296134,Rainbow Theatre,Point(-86.7674625 36.1857339),,,"former movie theater in Nashville, Tennessee, United States"
http://www.wikidata.org/entity/Q43296134,Rainbow Theatre,Point(-86.7674625 36.1857339),,,"former movie theater in Nashville, Tennessee, United States"
http://www.wikidata.org/entity/Q43296134,Rainbow Theatre,Point(-86.7674625 36.1857339),,,"former movie theater in Nashville, Tennessee, United States"
http://www.wikidata.org/entity/Q43296134,Rainbow Theatre,Point(-86.7674625 36.1857339),,,"former movie theater in Nashville, Tennessee, United States"
http://www.wikidata.org/entity/Q43296134,Rainbow Theatre,Point(-86.7674625 36.1857339),,,"former movie theater in Nashville, Tennessee, United States"
http://www.wikidata.org/entity/Q43296139,Roxy Theatre,Point(-86.767791 36.185942),,http://www.savetheroxy.org,"former movie theater in Nashville, Tennessee, United States"
http://www.wikidata.org/entity/Q43296139,Roxy Theatre,Point(-86.767791 36.185942),,http://www.savetheroxy.org,"former movie theater in Nashville, Tennessee, United States"
http://www.wikidata.org/entity/Q43296139,Roxy Theatre,Point(-86.767791 36.185942),,http://www.savetheroxy.org,"former movie theater in Nashville, Tennessee, United States"
http://www.wikidata.org/entity/Q43296139,Roxy Theatre,Point(-86.767791 36.185942),,http://www.savetheroxy.org,"former movie theater in Nashville, Tennessee, United States"
http://www.wikidata.org/entity/Q43296139,Roxy Theatre,Point(-86.767791 36.185942),,http://www.savetheroxy.org,"former movie theater in Nashville, Tennessee, United States"
http://www.wikidata.org/entity/Q43296139,Roxy Theatre,Point(-86.767791 36.185942),,http://www.savetheroxy.org,"former movie theater in Nashville, Tennessee, United States"
http://www.wikidata.org/entity/Q43296139,Roxy Theatre,Point(-86.767791 36.185942),,http://www.savetheroxy.org,"former movie theater in Nashville, Tennessee, United States"
http://www.wikidata.org/entity/Q43296139,Roxy Theatre,Point(-86.767791 36.185942),,http://www.savetheroxy.org,"former movie theater in Nashville, Tennessee, United States"
http://www.wikidata.org/entity/Q43296139,Roxy Theatre,Point(-86.767791 36.185942),,http://www.savetheroxy.org,"former movie theater in Nashville, Tennessee, United States"
http://www.wikidata.org/entity/Q43296139,Roxy Theatre,Point(-86.767791 36.185942),,http://www.savetheroxy.org,"former movie theater in Nashville, Tennessee, United States"
http://www.wikidata.org/entity/Q43296139,Roxy Theatre,Point(-86.767791 36.185942),,http://www.savetheroxy.org,"former movie theater in Nashville, Tennessee, United States"
http://www.wikidata.org/entity/Q43296139,Roxy Theatre,Point(-86.767791 36.185942),,http://www.savetheroxy.org,"former movie theater in Nashville, Tennessee, United States"
http://www.wikidata.org/entity/Q43296139,Roxy Theatre,Point(-86.767791 36.185942),,http://www.savetheroxy.org,"former movie theater in Nashville, Tennessee, United States"
http://www.wikidata.org/entity/Q43296139,Roxy Theatre,Point(-86.767791 36.185942),,http://www.savetheroxy.org,"former movie theater in Nashville, Tennessee, United States"
http://www.wikidata.org/entity/Q43296139,Roxy Theatre,Point(-86.767791 36.185942),,http://www.savetheroxy.org,"former movie theater in Nashville, Tennessee, United States"
http://www.wikidata.org/entity/Q43296139,Roxy Theatre,Point(-86.767791 36.185942),,http://www.savetheroxy.org,"former movie theater in Nashville, Tennessee, United States"
http://www.wikidata.org/entity/Q43296139,Roxy Theatre,Point(-86.767791 36.185942),,http://www.savetheroxy.org,"former movie theater in Nashville, Tennessee, United States"
http://www.wikidata.org/entity/Q43296139,Roxy Theatre,Point(-86.767791 36.185942),,http://www.savetheroxy.org,"former movie theater in Nashville, Tennessee, United States"
http://www.wikidata.org/entity/Q43296139,Roxy Theatre,Point(-86.767791 36.185942),,http://www.savetheroxy.org,"former movie theater in Nashville, Tennessee, United States"
http://www.wikidata.org/entity/Q43296139,Roxy Theatre,Point(-86.767791 36.185942),,http://www.savetheroxy.org,"former movie theater in Nashville, Tennessee, United States"
http://www.wikidata.org/entity/Q43296139,Roxy Theatre,Point(-86.767791 36.185942),,http://www.savetheroxy.org,"former movie theater in Nashville, Tennessee, United States"
http://www.wikidata.org/entity/Q43296139,Roxy Theatre,Point(-86.767791 36.185942),,http://www.savetheroxy.org,"former movie theater in Nashville, Tennessee, United States"
http://www.wikidata.org/entity/Q43296139,Roxy Theatre,Point(-86.767791 36.185942),,http://www.savetheroxy.org,"former movie theater in Nashville, Tennessee, United States"
http://www.wikidata.org/entity/Q43296139,Roxy Theatre,Point(-86.767791 36.185942),,http://www.savetheroxy.org,"former movie theater in Nashville, Tennessee, United States"
http://www.wikidata.org/entity/Q43296139,Roxy Theatre,Point(-86.767791 36.185942),,http://www.savetheroxy.org,"former movie theater in Nashville, Tennessee, United States"
http://www.wikidata.org/entity/Q43296139,Roxy Theatre,Point(-86.767791 36.185942),,http://www.savetheroxy.org,"former movie theater in Nashville, Tennessee, United States"
http://www.wikidata.org/entity/Q43296142,Melrose Theatre,Point(-86.7738878 36.1061696),,,"former movie theater in Nashville, Tennessee, United States"
http://www.wikidata.org/entity/Q43296142,Melrose Theatre,Point(-86.7738878 36.1061696),,,"former movie theater in Nashville, Tennessee, United States"
http://www.wikidata.org/entity/Q43296142,Melrose Theatre,Point(-86.7738878 36.1061696),,,"former movie theater in Nashville, Tennessee, United States"
http://www.wikidata.org/entity/Q43296142,Melrose Theatre,Point(-86.7738878 36.1061696),,,"former movie theater in Nashville, Tennessee, United States"
http://www.wikidata.org/entity/Q43296142,Melrose Theatre,Point(-86.7738878 36.1061696),,,"former movie theater in Nashville, Tennessee, United States"
http://www.wikidata.org/entity/Q43296142,Melrose Theatre,Point(-86.7738878 36.1061696),,,"former movie theater in Nashville, Tennessee, United States"
http://www.wikidata.org/entity/Q43296142,Melrose Theatre,Point(-86.7738878 36.1061696),,,"former movie theater in Nashville, Tennessee, United States"
http://www.wikidata.org/entity/Q43296142,Melrose Theatre,Point(-86.7738878 36.1061696),,,"former movie theater in Nashville, Tennessee, United States"
http://www.wikidata.org/entity/Q43296142,Melrose Theatre,Point(-86.7738878 36.1061696),,,"former movie theater in Nashville, Tennessee, United States"
http://www.wikidata.org/entity/Q43296142,Melrose Theatre,Point(-86.7738878 36.1061696),,,"former movie theater in Nashville, Tennessee, United States"
http://www.wikidata.org/entity/Q43296142,Melrose Theatre,Point(-86.7738878 36.1061696),,,"former movie theater in Nashville, Tennessee, United States"
http://www.wikidata.org/entity/Q43296142,Melrose Theatre,Point(-86.7738878 36.1061696),,,"former movie theater in Nashville, Tennessee, United States"
http://www.wikidata.org/entity/Q43296142,Melrose Theatre,Point(-86.7738878 36.1061696),,,"former movie theater in Nashville, Tennessee, United States"
http://www.wikidata.org/entity/Q43296142,Melrose Theatre,Point(-86.7738878 36.1061696),,,"former movie theater in Nashville, Tennessee, United States"
http://www.wikidata.org/entity/Q43296142,Melrose Theatre,Point(-86.7738878 36.1061696),,,"former movie theater in Nashville, Tennessee, United States"
http://www.wikidata.org/entity/Q43296142,Melrose Theatre,Point(-86.7738878 36.1061696),,,"former movie theater in Nashville, Tennessee, United States"
http://www.wikidata.org/entity/Q43296142,Melrose Theatre,Point(-86.7738878 36.1061696),,,"former movie theater in Nashville, Tennessee, United States"
http://www.wikidata.org/entity/Q43296142,Melrose Theatre,Point(-86.7738878 36.1061696),,,"former movie theater in Nashville, Tennessee, United States"
http://www.wikidata.org/entity/Q43296142,Melrose Theatre,Point(-86.7738878 36.1061696),,,"former movie theater in Nashville, Tennessee, United States"
http://www.wikidata.org/entity/Q43296142,Melrose Theatre,Point(-86.7738878 36.1061696),,,"former movie theater in Nashville, Tennessee, United States"
http://www.wikidata.org/entity/Q43296142,Melrose Theatre,Point(-86.7738878 36.1061696),,,"former movie theater in Nashville, Tennessee, United States"
http://www.wikidata.org/entity/Q43296142,Melrose Theatre,Point(-86.7738878 36.1061696),,,"former movie theater in Nashville, Tennessee, United States"
http://www.wikidata.org/entity/Q43296142,Melrose Theatre,Point(-86.7738878 36.1061696),,,"former movie theater in Nashville, Tennessee, United States"
http://www.wikidata.org/entity/Q43296142,Melrose Theatre,Point(-86.7738878 36.1061696),,,"former movie theater in Nashville, Tennessee, United States"
http://www.wikidata.org/entity/Q43296142,Melrose Theatre,Point(-86.7738878 36.1061696),,,"former movie theater in Nashville, Tennessee, United States"
http://www.wikidata.org/entity/Q43296142,Melrose Theatre,Point(-86.7738878 36.1061696),,,"former movie theater in Nashville, Tennessee, United States"
http://www.wikidata.org/entity/Q43296050,Gem Theatre,Point(-86.7791514 36.1653551),,,"former movie theater in Nashville, Tennessee, United States"
http://www.wikidata.org/entity/Q43296050,Gem Theatre,Point(-86.7791514 36.1653551),,,"former movie theater in Nashville, Tennessee, United States"
http://www.wikidata.org/entity/Q43296050,Gem Theatre,Point(-86.7791514 36.1653551),,,"former movie theater in Nashville, Tennessee, United States"
http://www.wikidata.org/entity/Q43296050,Gem Theatre,Point(-86.7791514 36.1653551),,,"former movie theater in Nashville, Tennessee, United States"
http://www.wikidata.org/entity/Q43296057,Peafowl Theatre,Point(-86.7864119 36.1758546),,,"former movie theater in Nashville, Tennessee, United States"
http://www.wikidata.org/entity/Q43296057,Peafowl Theatre,Point(-86.7864119 36.1758546),,,"former movie theater in Nashville, Tennessee, United States"
http://www.wikidata.org/entity/Q43296057,Peafowl Theatre,Point(-86.7864119 36.1758546),,,"former movie theater in Nashville, Tennessee, United States"
http://www.wikidata.org/entity/Q43296057,Peafowl Theatre,Point(-86.7864119 36.1758546),,,"former movie theater in Nashville, Tennessee, United States"
http://www.wikidata.org/entity/Q43296057,Peafowl Theatre,Point(-86.7864119 36.1758546),,,"former movie theater in Nashville, Tennessee, United States"
http://www.wikidata.org/entity/Q43296057,Peafowl Theatre,Point(-86.7864119 36.1758546),,,"former movie theater in Nashville, Tennessee, United States"
http://www.wikidata.org/entity/Q43296057,Peafowl Theatre,Point(-86.7864119 36.1758546),,,"former movie theater in Nashville, Tennessee, United States"
http://www.wikidata.org/entity/Q43296057,Peafowl Theatre,Point(-86.7864119 36.1758546),,,"former movie theater in Nashville, Tennessee, United States"
http://www.wikidata.org/entity/Q43296057,Peafowl Theatre,Point(-86.7864119 36.1758546),,,"former movie theater in Nashville, Tennessee, United States"
http://www.wikidata.org/entity/Q43296057,Peafowl Theatre,Point(-86.7864119 36.1758546),,,"former movie theater in Nashville, Tennessee, United States"
http://www.wikidata.org/entity/Q43296057,Peafowl Theatre,Point(-86.7864119 36.1758546),,,"former movie theater in Nashville, Tennessee, United States"
http://www.wikidata.org/entity/Q43296057,Peafowl Theatre,Point(-86.7864119 36.1758546),,,"former movie theater in Nashville, Tennessee, United States"
http://www.wikidata.org/entity/Q43296057,Peafowl Theatre,Point(-86.7864119 36.1758546),,,"former movie theater in Nashville, Tennessee, United States"
http://www.wikidata.org/entity/Q43296057,Peafowl Theatre,Point(-86.7864119 36.1758546),,,"former movie theater in Nashville, Tennessee, United States"
http://www.wikidata.org/entity/Q43296057,Peafowl Theatre,Point(-86.7864119 36.1758546),,,"former movie theater in Nashville, Tennessee, United States"
http://www.wikidata.org/entity/Q43296057,Peafowl Theatre,Point(-86.7864119 36.1758546),,,"former movie theater in Nashville, Tennessee, United States"
http://www.wikidata.org/entity/Q43296057,Peafowl Theatre,Point(-86.7864119 36.1758546),,,"former movie theater in Nashville, Tennessee, United States"
http://www.wikidata.org/entity/Q43296057,Peafowl Theatre,Point(-86.7864119 36.1758546),,,"former movie theater in Nashville, Tennessee, United States"
http://www.wikidata.org/entity/Q43296057,Peafowl Theatre,Point(-86.7864119 36.1758546),,,"former movie theater in Nashville, Tennessee, United States"
http://www.wikidata.org/entity/Q43296057,Peafowl Theatre,Point(-86.7864119 36.1758546),,,"former movie theater in Nashville, Tennessee, United States"
http://www.wikidata.org/entity/Q43296057,Peafowl Theatre,Point(-86.7864119 36.1758546),,,"former movie theater in Nashville, Tennessee, United States"
http://www.wikidata.org/entity/Q43296057,Peafowl Theatre,Point(-86.7864119 36.1758546),,,"former movie theater in Nashville, Tennessee, United States"
http://www.wikidata.org/entity/Q43296057,Peafowl Theatre,Point(-86.7864119 36.1758546),,,"former movie theater in Nashville, Tennessee, United States"
http://www.wikidata.org/entity/Q43296057,Peafowl Theatre,Point(-86.7864119 36.1758546),,,"former movie theater in Nashville, Tennessee, United States"
http://www.wikidata.org/entity/Q43296057,Peafowl Theatre,Point(-86.7864119 36.1758546),,,"former movie theater in Nashville, Tennessee, United States"
http://www.wikidata.org/entity/Q43296057,Peafowl Theatre,Point(-86.7864119 36.1758546),,,"former movie theater in Nashville, Tennessee, United States"
http://www.wikidata.org/entity/Q43296062,Grand Theatre,Point(-86.7807603 36.1629085),,,"former movie theater in Nashville, Tennessee, United States"
http://www.wikidata.org/entity/Q43296062,Grand Theatre,Point(-86.7807603 36.1629085),,,"former movie theater in Nashville, Tennessee, United States"
http://www.wikidata.org/entity/Q43296062,Grand Theatre,Point(-86.7807603 36.1629085),,,"former movie theater in Nashville, Tennessee, United States"
http://www.wikidata.org/entity/Q43296062,Grand Theatre,Point(-86.7807603 36.1629085),,,"former movie theater in Nashville, Tennessee, United States"
http://www.wikidata.org/entity/Q43296062,Grand Theatre,Point(-86.7807603 36.1629085),,,"former movie theater in Nashville, Tennessee, United States"
http://www.wikidata.org/entity/Q43296062,Grand Theatre,Point(-86.7807603 36.1629085),,,"former movie theater in Nashville, Tennessee, United States"
http://www.wikidata.org/entity/Q43296062,Grand Theatre,Point(-86.7807603 36.1629085),,,"former movie theater in Nashville, Tennessee, United States"
http://www.wikidata.org/entity/Q43296062,Grand Theatre,Point(-86.7807603 36.1629085),,,"former movie theater in Nashville, Tennessee, United States"
http://www.wikidata.org/entity/Q43296062,Grand Theatre,Point(-86.7807603 36.1629085),,,"former movie theater in Nashville, Tennessee, United States"
http://www.wikidata.org/entity/Q43296062,Grand Theatre,Point(-86.7807603 36.1629085),,,"former movie theater in Nashville, Tennessee, United States"
http://www.wikidata.org/entity/Q43296062,Grand Theatre,Point(-86.7807603 36.1629085),,,"former movie theater in Nashville, Tennessee, United States"
http://www.wikidata.org/entity/Q43296062,Grand Theatre,Point(-86.7807603 36.1629085),,,"former movie theater in Nashville, Tennessee, United States"
http://www.wikidata.org/entity/Q43296062,Grand Theatre,Point(-86.7807603 36.1629085),,,"former movie theater in Nashville, Tennessee, United States"
http://www.wikidata.org/entity/Q43296062,Grand Theatre,Point(-86.7807603 36.1629085),,,"former movie theater in Nashville, Tennessee, United States"
http://www.wikidata.org/entity/Q43296062,Grand Theatre,Point(-86.7807603 36.1629085),,,"former movie theater in Nashville, Tennessee, United States"
http://www.wikidata.org/entity/Q43296062,Grand Theatre,Point(-86.7807603 36.1629085),,,"former movie theater in Nashville, Tennessee, United States"
http://www.wikidata.org/entity/Q43296062,Grand Theatre,Point(-86.7807603 36.1629085),,,"former movie theater in Nashville, Tennessee, United States"
http://www.wikidata.org/entity/Q43296062,Grand Theatre,Point(-86.7807603 36.1629085),,,"former movie theater in Nashville, Tennessee, United States"
http://www.wikidata.org/entity/Q43296062,Grand Theatre,Point(-86.7807603 36.1629085),,,"former movie theater in Nashville, Tennessee, United States"
http://www.wikidata.org/entity/Q43296062,Grand Theatre,Point(-86.7807603 36.1629085),,,"former movie theater in Nashville, Tennessee, United States"
http://www.wikidata.org/entity/Q43296062,Grand Theatre,Point(-86.7807603 36.1629085),,,"former movie theater in Nashville, Tennessee, United States"
http://www.wikidata.org/entity/Q43296062,Grand Theatre,Point(-86.7807603 36.1629085),,,"former movie theater in Nashville, Tennessee, United States"
http://www.wikidata.org/entity/Q43296062,Grand Theatre,Point(-86.7807603 36.1629085),,,"former movie theater in Nashville, Tennessee, United States"
http://www.wikidata.org/entity/Q43296062,Grand Theatre,Point(-86.7807603 36.1629085),,,"former movie theater in Nashville, Tennessee, United States"
http://www.wikidata.org/entity/Q43296062,Grand Theatre,Point(-86.7807603 36.1629085),,,"former movie theater in Nashville, Tennessee, United States"
http://www.wikidata.org/entity/Q43296062,Grand Theatre,Point(-86.7807603 36.1629085),,,"former movie theater in Nashville, Tennessee, United States"
http://www.wikidata.org/entity/Q43296071,Green Hills Stadium 16,Point(-86.8162226 36.1069809),,http://www.regalcinemas.com,"movie theater in Nashville, Tennessee, United States"
http://www.wikidata.org/entity/Q43296071,Green Hills Stadium 16,Point(-86.8162226 36.1069809),,http://www.regalcinemas.com,"movie theater in Nashville, Tennessee, United States"
http://www.wikidata.org/entity/Q43296071,Green Hills Stadium 16,Point(-86.8162226 36.1069809),,http://www.regalcinemas.com,"movie theater in Nashville, Tennessee, United States"
http://www.wikidata.org/entity/Q43296071,Green Hills Stadium 16,Point(-86.8162226 36.1069809),,http://www.regalcinemas.com,"movie theater in Nashville, Tennessee, United States"
http://www.wikidata.org/entity/Q43296071,Green Hills Stadium 16,Point(-86.8162226 36.1069809),,http://www.regalcinemas.com,"movie theater in Nashville, Tennessee, United States"
http://www.wikidata.org/entity/Q43296071,Green Hills Stadium 16,Point(-86.8162226 36.1069809),,http://www.regalcinemas.com,"movie theater in Nashville, Tennessee, United States"
http://www.wikidata.org/entity/Q43296071,Green Hills Stadium 16,Point(-86.8162226 36.1069809),,http://www.regalcinemas.com,"movie theater in Nashville, Tennessee, United States"
http://www.wikidata.org/entity/Q43296071,Green Hills Stadium 16,Point(-86.8162226 36.1069809),,http://www.regalcinemas.com,"movie theater in Nashville, Tennessee, United States"
http://www.wikidata.org/entity/Q43296071,Green Hills Stadium 16,Point(-86.8162226 36.1069809),,http://www.regalcinemas.com,"movie theater in Nashville, Tennessee, United States"
http://www.wikidata.org/entity/Q43296071,Green Hills Stadium 16,Point(-86.8162226 36.1069809),,http://www.regalcinemas.com,"movie theater in Nashville, Tennessee, United States"
http://www.wikidata.org/entity/Q43296071,Green Hills Stadium 16,Point(-86.8162226 36.1069809),,http://www.regalcinemas.com,"movie theater in Nashville, Tennessee, United States"
http://www.wikidata.org/entity/Q43296071,Green Hills Stadium 16,Point(-86.8162226 36.1069809),,http://www.regalcinemas.com,"movie theater in Nashville, Tennessee, United States"
http://www.wikidata.org/entity/Q43296071,Green Hills Stadium 16,Point(-86.8162226 36.1069809),,http://www.regalcinemas.com,"movie theater in Nashville, Tennessee, United States"
http://www.wikidata.org/entity/Q43296071,Green Hills Stadium 16,Point(-86.8162226 36.1069809),,http://www.regalcinemas.com,"movie theater in Nashville, Tennessee, United States"
http://www.wikidata.org/entity/Q43296071,Green Hills Stadium 16,Point(-86.8162226 36.1069809),,http://www.regalcinemas.com,"movie theater in Nashville, Tennessee, United States"
http://www.wikidata.org/entity/Q43296071,Green Hills Stadium 16,Point(-86.8162226 36.1069809),,http://www.regalcinemas.com,"movie theater in Nashville, Tennessee, United States"
http://www.wikidata.org/entity/Q43296071,Green Hills Stadium 16,Point(-86.8162226 36.1069809),,http://www.regalcinemas.com,"movie theater in Nashville, Tennessee, United States"
http://www.wikidata.org/entity/Q43296071,Green Hills Stadium 16,Point(-86.8162226 36.1069809),,http://www.regalcinemas.com,"movie theater in Nashville, Tennessee, United States"
http://www.wikidata.org/entity/Q43296071,Green Hills Stadium 16,Point(-86.8162226 36.1069809),,http://www.regalcinemas.com,"movie theater in Nashville, Tennessee, United States"
http://www.wikidata.org/entity/Q43296071,Green Hills Stadium 16,Point(-86.8162226 36.1069809),,http://www.regalcinemas.com,"movie theater in Nashville, Tennessee, United States"
http://www.wikidata.org/entity/Q43296071,Green Hills Stadium 16,Point(-86.8162226 36.1069809),,http://www.regalcinemas.com,"movie theater in Nashville, Tennessee, United States"
http://www.wikidata.org/entity/Q43296071,Green Hills Stadium 16,Point(-86.8162226 36.1069809),,http://www.regalcinemas.com,"movie theater in Nashville, Tennessee, United States"
http://www.wikidata.org/entity/Q43296071,Green Hills Stadium 16,Point(-86.8162226 36.1069809),,http://www.regalcinemas.com,"movie theater in Nashville, Tennessee, United States"
http://www.wikidata.org/entity/Q43296071,Green Hills Stadium 16,Point(-86.8162226 36.1069809),,http://www.regalcinemas.com,"movie theater in Nashville, Tennessee, United States"
http://www.wikidata.org/entity/Q43296071,Green Hills Stadium 16,Point(-86.8162226 36.1069809),,http://www.regalcinemas.com,"movie theater in Nashville, Tennessee, United States"
http://www.wikidata.org/entity/Q43296071,Green Hills Stadium 16,Point(-86.8162226 36.1069809),,http://www.regalcinemas.com,"movie theater in Nashville, Tennessee, United States"
http://www.wikidata.org/entity/Q43296068,Belle Meade Theatre,Point(-86.8452278 36.1265247),,,"former movie theater in Nashville, Tennessee, United States"
http://www.wikidata.org/entity/Q43296068,Belle Meade Theatre,Point(-86.8452278 36.1265247),,,"former movie theater in Nashville, Tennessee, United States"
http://www.wikidata.org/entity/Q43296068,Belle Meade Theatre,Point(-86.8452278 36.1265247),,,"former movie theater in Nashville, Tennessee, United States"
http://www.wikidata.org/entity/Q43296068,Belle Meade Theatre,Point(-86.8452278 36.1265247),,,"former movie theater in Nashville, Tennessee, United States"
http://www.wikidata.org/entity/Q43296068,Belle Meade Theatre,Point(-86.8452278 36.1265247),,,"former movie theater in Nashville, Tennessee, United States"
http://www.wikidata.org/entity/Q43296068,Belle Meade Theatre,Point(-86.8452278 36.1265247),,,"former movie theater in Nashville, Tennessee, United States"
http://www.wikidata.org/entity/Q43296068,Belle Meade Theatre,Point(-86.8452278 36.1265247),,,"former movie theater in Nashville, Tennessee, United States"
http://www.wikidata.org/entity/Q43296068,Belle Meade Theatre,Point(-86.8452278 36.1265247),,,"former movie theater in Nashville, Tennessee, United States"
http://www.wikidata.org/entity/Q43296068,Belle Meade Theatre,Point(-86.8452278 36.1265247),,,"former movie theater in Nashville, Tennessee, United States"
http://www.wikidata.org/entity/Q43296068,Belle Meade Theatre,Point(-86.8452278 36.1265247),,,"former movie theater in Nashville, Tennessee, United States"
http://www.wikidata.org/entity/Q43296068,Belle Meade Theatre,Point(-86.8452278 36.1265247),,,"former movie theater in Nashville, Tennessee, United States"
http://www.wikidata.org/entity/Q43296068,Belle Meade Theatre,Point(-86.8452278 36.1265247),,,"former movie theater in Nashville, Tennessee, United States"
http://www.wikidata.org/entity/Q43296068,Belle Meade Theatre,Point(-86.8452278 36.1265247),,,"former movie theater in Nashville, Tennessee, United States"
http://www.wikidata.org/entity/Q43296068,Belle Meade Theatre,Point(-86.8452278 36.1265247),,,"former movie theater in Nashville, Tennessee, United States"
http://www.wikidata.org/entity/Q43296068,Belle Meade Theatre,Point(-86.8452278 36.1265247),,,"former movie theater in Nashville, Tennessee, United States"
http://www.wikidata.org/entity/Q43296068,Belle Meade Theatre,Point(-86.8452278 36.1265247),,,"former movie theater in Nashville, Tennessee, United States"
http://www.wikidata.org/entity/Q43296068,Belle Meade Theatre,Point(-86.8452278 36.1265247),,,"former movie theater in Nashville, Tennessee, United States"
http://www.wikidata.org/entity/Q43296068,Belle Meade Theatre,Point(-86.8452278 36.1265247),,,"former movie theater in Nashville, Tennessee, United States"
http://www.wikidata.org/entity/Q43296068,Belle Meade Theatre,Point(-86.8452278 36.1265247),,,"former movie theater in Nashville, Tennessee, United States"
http://www.wikidata.org/entity/Q43296068,Belle Meade Theatre,Point(-86.8452278 36.1265247),,,"former movie theater in Nashville, Tennessee, United States"
http://www.wikidata.org/entity/Q43296068,Belle Meade Theatre,Point(-86.8452278 36.1265247),,,"former movie theater in Nashville, Tennessee, United States"
http://www.wikidata.org/entity/Q43296068,Belle Meade Theatre,Point(-86.8452278 36.1265247),,,"former movie theater in Nashville, Tennessee, United States"
http://www.wikidata.org/entity/Q43296068,Belle Meade Theatre,Point(-86.8452278 36.1265247),,,"former movie theater in Nashville, Tennessee, United States"
http://www.wikidata.org/entity/Q43296068,Belle Meade Theatre,Point(-86.8452278 36.1265247),,,"former movie theater in Nashville, Tennessee, United States"
http://www.wikidata.org/entity/Q43296068,Belle Meade Theatre,Point(-86.8452278 36.1265247),,,"former movie theater in Nashville, Tennessee, United States"
http://www.wikidata.org/entity/Q43296068,Belle Meade Theatre,Point(-86.8452278 36.1265247),,,"former movie theater in Nashville, Tennessee, United States"
http://www.wikidata.org/entity/Q43296079,Green Hills Theatre,Point(-86.8150936 36.1042211),,,"former movie theater in Nashville, Tennessee, United States"
http://www.wikidata.org/entity/Q43296079,Green Hills Theatre,Point(-86.8150936 36.1042211),,,"former movie theater in Nashville, Tennessee, United States"
http://www.wikidata.org/entity/Q43296079,Green Hills Theatre,Point(-86.8150936 36.1042211),,,"former movie theater in Nashville, Tennessee, United States"
http://www.wikidata.org/entity/Q43296079,Green Hills Theatre,Point(-86.8150936 36.1042211),,,"former movie theater in Nashville, Tennessee, United States"
http://www.wikidata.org/entity/Q43296079,Green Hills Theatre,Point(-86.8150936 36.1042211),,,"former movie theater in Nashville, Tennessee, United States"
http://www.wikidata.org/entity/Q43296079,Green Hills Theatre,Point(-86.8150936 36.1042211),,,"former movie theater in Nashville, Tennessee, United States"
http://www.wikidata.org/entity/Q43296079,Green Hills Theatre,Point(-86.8150936 36.1042211),,,"former movie theater in Nashville, Tennessee, United States"
http://www.wikidata.org/entity/Q43296079,Green Hills Theatre,Point(-86.8150936 36.1042211),,,"former movie theater in Nashville, Tennessee, United States"
http://www.wikidata.org/entity/Q43296079,Green Hills Theatre,Point(-86.8150936 36.1042211),,,"former movie theater in Nashville, Tennessee, United States"
http://www.wikidata.org/entity/Q43296079,Green Hills Theatre,Point(-86.8150936 36.1042211),,,"former movie theater in Nashville, Tennessee, United States"
http://www.wikidata.org/entity/Q43296079,Green Hills Theatre,Point(-86.8150936 36.1042211),,,"former movie theater in Nashville, Tennessee, United States"
http://www.wikidata.org/entity/Q43296079,Green Hills Theatre,Point(-86.8150936 36.1042211),,,"former movie theater in Nashville, Tennessee, United States"
http://www.wikidata.org/entity/Q43296079,Green Hills Theatre,Point(-86.8150936 36.1042211),,,"former movie theater in Nashville, Tennessee, United States"
http://www.wikidata.org/entity/Q43296079,Green Hills Theatre,Point(-86.8150936 36.1042211),,,"former movie theater in Nashville, Tennessee, United States"
http://www.wikidata.org/entity/Q43296079,Green Hills Theatre,Point(-86.8150936 36.1042211),,,"former movie theater in Nashville, Tennessee, United States"
http://www.wikidata.org/entity/Q43296079,Green Hills Theatre,Point(-86.8150936 36.1042211),,,"former movie theater in Nashville, Tennessee, United States"
http://www.wikidata.org/entity/Q43296079,Green Hills Theatre,Point(-86.8150936 36.1042211),,,"former movie theater in Nashville, Tennessee, United States"
http://www.wikidata.org/entity/Q43296079,Green Hills Theatre,Point(-86.8150936 36.1042211),,,"former movie theater in Nashville, Tennessee, United States"
http://www.wikidata.org/entity/Q43296079,Green Hills Theatre,Point(-86.8150936 36.1042211),,,"former movie theater in Nashville, Tennessee, United States"
http://www.wikidata.org/entity/Q43296079,Green Hills Theatre,Point(-86.8150936 36.1042211),,,"former movie theater in Nashville, Tennessee, United States"
http://www.wikidata.org/entity/Q43296079,Green Hills Theatre,Point(-86.8150936 36.1042211),,,"former movie theater in Nashville, Tennessee, United States"
http://www.wikidata.org/entity/Q43296079,Green Hills Theatre,Point(-86.8150936 36.1042211),,,"former movie theater in Nashville, Tennessee, United States"
http://www.wikidata.org/entity/Q43296079,Green Hills Theatre,Point(-86.8150936 36.1042211),,,"former movie theater in Nashville, Tennessee, United States"
http://www.wikidata.org/entity/Q43296079,Green Hills Theatre,Point(-86.8150936 36.1042211),,,"former movie theater in Nashville, Tennessee, United States"
http://www.wikidata.org/entity/Q43296079,Green Hills Theatre,Point(-86.8150936 36.1042211),,,"former movie theater in Nashville, Tennessee, United States"
http://www.wikidata.org/entity/Q43296079,Green Hills Theatre,Point(-86.8150936 36.1042211),,,"former movie theater in Nashville, Tennessee, United States"
http://www.wikidata.org/entity/Q43296085,Harding Place 6,Point(-86.7271035 36.0821678),,,"former movie theater in Nashville, Tennessee, United States"
http://www.wikidata.org/entity/Q43296085,Harding Place 6,Point(-86.7271035 36.0821678),,,"former movie theater in Nashville, Tennessee, United States"
http://www.wikidata.org/entity/Q43296085,Harding Place 6,Point(-86.7271035 36.0821678),,,"former movie theater in Nashville, Tennessee, United States"
http://www.wikidata.org/entity/Q43296085,Harding Place 6,Point(-86.7271035 36.0821678),,,"former movie theater in Nashville, Tennessee, United States"
http://www.wikidata.org/entity/Q43296085,Harding Place 6,Point(-86.7271035 36.0821678),,,"former movie theater in Nashville, Tennessee, United States"
http://www.wikidata.org/entity/Q43296085,Harding Place 6,Point(-86.7271035 36.0821678),,,"former movie theater in Nashville, Tennessee, United States"
http://www.wikidata.org/entity/Q43296085,Harding Place 6,Point(-86.7271035 36.0821678),,,"former movie theater in Nashville, Tennessee, United States"
http://www.wikidata.org/entity/Q43296085,Harding Place 6,Point(-86.7271035 36.0821678),,,"former movie theater in Nashville, Tennessee, United States"
http://www.wikidata.org/entity/Q43296085,Harding Place 6,Point(-86.7271035 36.0821678),,,"former movie theater in Nashville, Tennessee, United States"
http://www.wikidata.org/entity/Q43296085,Harding Place 6,Point(-86.7271035 36.0821678),,,"former movie theater in Nashville, Tennessee, United States"
http://www.wikidata.org/entity/Q43296085,Harding Place 6,Point(-86.7271035 36.0821678),,,"former movie theater in Nashville, Tennessee, United States"
http://www.wikidata.org/entity/Q43296085,Harding Place 6,Point(-86.7271035 36.0821678),,,"former movie theater in Nashville, Tennessee, United States"
http://www.wikidata.org/entity/Q43296085,Harding Place 6,Point(-86.7271035 36.0821678),,,"former movie theater in Nashville, Tennessee, United States"
http://www.wikidata.org/entity/Q43296085,Harding Place 6,Point(-86.7271035 36.0821678),,,"former movie theater in Nashville, Tennessee, United States"
http://www.wikidata.org/entity/Q43296085,Harding Place 6,Point(-86.7271035 36.0821678),,,"former movie theater in Nashville, Tennessee, United States"
http://www.wikidata.org/entity/Q43296085,Harding Place 6,Point(-86.7271035 36.0821678),,,"former movie theater in Nashville, Tennessee, United States"
http://www.wikidata.org/entity/Q43296085,Harding Place 6,Point(-86.7271035 36.0821678),,,"former movie theater in Nashville, Tennessee, United States"
http://www.wikidata.org/entity/Q43296085,Harding Place 6,Point(-86.7271035 36.0821678),,,"former movie theater in Nashville, Tennessee, United States"
http://www.wikidata.org/entity/Q43296085,Harding Place 6,Point(-86.7271035 36.0821678),,,"former movie theater in Nashville, Tennessee, United States"
http://www.wikidata.org/entity/Q43296085,Harding Place 6,Point(-86.7271035 36.0821678),,,"former movie theater in Nashville, Tennessee, United States"
http://www.wikidata.org/entity/Q43296085,Harding Place 6,Point(-86.7271035 36.0821678),,,"former movie theater in Nashville, Tennessee, United States"
http://www.wikidata.org/entity/Q43296085,Harding Place 6,Point(-86.7271035 36.0821678),,,"former movie theater in Nashville, Tennessee, United States"
http://www.wikidata.org/entity/Q43296085,Harding Place 6,Point(-86.7271035 36.0821678),,,"former movie theater in Nashville, Tennessee, United States"
http://www.wikidata.org/entity/Q43296085,Harding Place 6,Point(-86.7271035 36.0821678),,,"former movie theater in Nashville, Tennessee, United States"
http://www.wikidata.org/entity/Q43296085,Harding Place 6,Point(-86.7271035 36.0821678),,,"former movie theater in Nashville, Tennessee, United States"
http://www.wikidata.org/entity/Q43296085,Harding Place 6,Point(-86.7271035 36.0821678),,,"former movie theater in Nashville, Tennessee, United States"
http://www.wikidata.org/entity/Q43296089,Inglewood Theater,Point(-86.733903 36.210735),,,"former movie theater in Nashville, Tennessee, United States"
http://www.wikidata.org/entity/Q43296089,Inglewood Theater,Point(-86.733903 36.210735),,,"former movie theater in Nashville, Tennessee, United States"
http://www.wikidata.org/entity/Q43296089,Inglewood Theater,Point(-86.733903 36.210735),,,"former movie theater in Nashville, Tennessee, United States"
http://www.wikidata.org/entity/Q43296089,Inglewood Theater,Point(-86.733903 36.210735),,,"former movie theater in Nashville, Tennessee, United States"
http://www.wikidata.org/entity/Q43296089,Inglewood Theater,Point(-86.733903 36.210735),,,"former movie theater in Nashville, Tennessee, United States"
http://www.wikidata.org/entity/Q43296089,Inglewood Theater,Point(-86.733903 36.210735),,,"former movie theater in Nashville, Tennessee, United States"
http://www.wikidata.org/entity/Q43296089,Inglewood Theater,Point(-86.733903 36.210735),,,"former movie theater in Nashville, Tennessee, United States"
http://www.wikidata.org/entity/Q43296089,Inglewood Theater,Point(-86.733903 36.210735),,,"former movie theater in Nashville, Tennessee, United States"
http://www.wikidata.org/entity/Q43296089,Inglewood Theater,Point(-86.733903 36.210735),,,"former movie theater in Nashville, Tennessee, United States"
http://www.wikidata.org/entity/Q43296089,Inglewood Theater,Point(-86.733903 36.210735),,,"former movie theater in Nashville, Tennessee, United States"
http://www.wikidata.org/entity/Q43296089,Inglewood Theater,Point(-86.733903 36.210735),,,"former movie theater in Nashville, Tennessee, United States"
http://www.wikidata.org/entity/Q43296089,Inglewood Theater,Point(-86.733903 36.210735),,,"former movie theater in Nashville, Tennessee, United States"
http://www.wikidata.org/entity/Q43296089,Inglewood Theater,Point(-86.733903 36.210735),,,"former movie theater in Nashville, Tennessee, United States"
http://www.wikidata.org/entity/Q43296089,Inglewood Theater,Point(-86.733903 36.210735),,,"former movie theater in Nashville, Tennessee, United States"
http://www.wikidata.org/entity/Q43296089,Inglewood Theater,Point(-86.733903 36.210735),,,"former movie theater in Nashville, Tennessee, United States"
http://www.wikidata.org/entity/Q43296089,Inglewood Theater,Point(-86.733903 36.210735),,,"former movie theater in Nashville, Tennessee, United States"
http://www.wikidata.org/entity/Q43296089,Inglewood Theater,Point(-86.733903 36.210735),,,"former movie theater in Nashville, Tennessee, United States"
http://www.wikidata.org/entity/Q43296089,Inglewood Theater,Point(-86.733903 36.210735),,,"former movie theater in Nashville, Tennessee, United States"
http://www.wikidata.org/entity/Q43296089,Inglewood Theater,Point(-86.733903 36.210735),,,"former movie theater in Nashville, Tennessee, United States"
http://www.wikidata.org/entity/Q43296089,Inglewood Theater,Point(-86.733903 36.210735),,,"former movie theater in Nashville, Tennessee, United States"
http://www.wikidata.org/entity/Q43296089,Inglewood Theater,Point(-86.733903 36.210735),,,"former movie theater in Nashville, Tennessee, United States"
http://www.wikidata.org/entity/Q43296089,Inglewood Theater,Point(-86.733903 36.210735),,,"former movie theater in Nashville, Tennessee, United States"
http://www.wikidata.org/entity/Q43296089,Inglewood Theater,Point(-86.733903 36.210735),,,"former movie theater in Nashville, Tennessee, United States"
http://www.wikidata.org/entity/Q43296089,Inglewood Theater,Point(-86.733903 36.210735),,,"former movie theater in Nashville, Tennessee, United States"
http://www.wikidata.org/entity/Q43296089,Inglewood Theater,Point(-86.733903 36.210735),,,"former movie theater in Nashville, Tennessee, United States"
http://www.wikidata.org/entity/Q43296089,Inglewood Theater,Point(-86.733903 36.210735),,,"former movie theater in Nashville, Tennessee, United States"
http://www.wikidata.org/entity/Q43296095,Knickerbocker Theatre,Point(-86.7820994 36.1624701),,,"former movie theater in Nashville, Tennessee, United States"
http://www.wikidata.org/entity/Q43296095,Knickerbocker Theatre,Point(-86.7820994 36.1624701),,,"former movie theater in Nashville, Tennessee, United States"
http://www.wikidata.org/entity/Q43296095,Knickerbocker Theatre,Point(-86.7820994 36.1624701),,,"former movie theater in Nashville, Tennessee, United States"
http://www.wikidata.org/entity/Q43296095,Knickerbocker Theatre,Point(-86.7820994 36.1624701),,,"former movie theater in Nashville, Tennessee, United States"
http://www.wikidata.org/entity/Q43296095,Knickerbocker Theatre,Point(-86.7820994 36.1624701),,,"former movie theater in Nashville, Tennessee, United States"
http://www.wikidata.org/entity/Q43296095,Knickerbocker Theatre,Point(-86.7820994 36.1624701),,,"former movie theater in Nashville, Tennessee, United States"
http://www.wikidata.org/entity/Q43296095,Knickerbocker Theatre,Point(-86.7820994 36.1624701),,,"former movie theater in Nashville, Tennessee, United States"
http://www.wikidata.org/entity/Q43296095,Knickerbocker Theatre,Point(-86.7820994 36.1624701),,,"former movie theater in Nashville, Tennessee, United States"
http://www.wikidata.org/entity/Q43296095,Knickerbocker Theatre,Point(-86.7820994 36.1624701),,,"former movie theater in Nashville, Tennessee, United States"
http://www.wikidata.org/entity/Q43296095,Knickerbocker Theatre,Point(-86.7820994 36.1624701),,,"former movie theater in Nashville, Tennessee, United States"
http://www.wikidata.org/entity/Q43296095,Knickerbocker Theatre,Point(-86.7820994 36.1624701),,,"former movie theater in Nashville, Tennessee, United States"
http://www.wikidata.org/entity/Q43296095,Knickerbocker Theatre,Point(-86.7820994 36.1624701),,,"former movie theater in Nashville, Tennessee, United States"
http://www.wikidata.org/entity/Q43296095,Knickerbocker Theatre,Point(-86.7820994 36.1624701),,,"former movie theater in Nashville, Tennessee, United States"
http://www.wikidata.org/entity/Q43296095,Knickerbocker Theatre,Point(-86.7820994 36.1624701),,,"former movie theater in Nashville, Tennessee, United States"
http://www.wikidata.org/entity/Q43296095,Knickerbocker Theatre,Point(-86.7820994 36.1624701),,,"former movie theater in Nashville, Tennessee, United States"
http://www.wikidata.org/entity/Q43296095,Knickerbocker Theatre,Point(-86.7820994 36.1624701),,,"former movie theater in Nashville, Tennessee, United States"
http://www.wikidata.org/entity/Q43296095,Knickerbocker Theatre,Point(-86.7820994 36.1624701),,,"former movie theater in Nashville, Tennessee, United States"
http://www.wikidata.org/entity/Q43296095,Knickerbocker Theatre,Point(-86.7820994 36.1624701),,,"former movie theater in Nashville, Tennessee, United States"
http://www.wikidata.org/entity/Q43296095,Knickerbocker Theatre,Point(-86.7820994 36.1624701),,,"former movie theater in Nashville, Tennessee, United States"
http://www.wikidata.org/entity/Q43296095,Knickerbocker Theatre,Point(-86.7820994 36.1624701),,,"former movie theater in Nashville, Tennessee, United States"
http://www.wikidata.org/entity/Q43296095,Knickerbocker Theatre,Point(-86.7820994 36.1624701),,,"former movie theater in Nashville, Tennessee, United States"
http://www.wikidata.org/entity/Q43296095,Knickerbocker Theatre,Point(-86.7820994 36.1624701),,,"former movie theater in Nashville, Tennessee, United States"
http://www.wikidata.org/entity/Q43296095,Knickerbocker Theatre,Point(-86.7820994 36.1624701),,,"former movie theater in Nashville, Tennessee, United States"
http://www.wikidata.org/entity/Q43296095,Knickerbocker Theatre,Point(-86.7820994 36.1624701),,,"former movie theater in Nashville, Tennessee, United States"
http://www.wikidata.org/entity/Q43296095,Knickerbocker Theatre,Point(-86.7820994 36.1624701),,,"former movie theater in Nashville, Tennessee, United States"
http://www.wikidata.org/entity/Q43296095,Knickerbocker Theatre,Point(-86.7820994 36.1624701),,,"former movie theater in Nashville, Tennessee, United States"
http://www.wikidata.org/entity/Q43296103,Liberty Theatre,Point(-86.7755595 36.1560437),,,"former movie theater in Nashville, Tennessee, United States"
http://www.wikidata.org/entity/Q43296103,Liberty Theatre,Point(-86.7755595 36.1560437),,,"former movie theater in Nashville, Tennessee, United States"
http://www.wikidata.org/entity/Q43296103,Liberty Theatre,Point(-86.7755595 36.1560437),,,"former movie theater in Nashville, Tennessee, United States"
http://www.wikidata.org/entity/Q43296103,Liberty Theatre,Point(-86.7755595 36.1560437),,,"former movie theater in Nashville, Tennessee, United States"
http://www.wikidata.org/entity/Q43296103,Liberty Theatre,Point(-86.7755595 36.1560437),,,"former movie theater in Nashville, Tennessee, United States"
http://www.wikidata.org/entity/Q43296103,Liberty Theatre,Point(-86.7755595 36.1560437),,,"former movie theater in Nashville, Tennessee, United States"
http://www.wikidata.org/entity/Q43296103,Liberty Theatre,Point(-86.7755595 36.1560437),,,"former movie theater in Nashville, Tennessee, United States"
http://www.wikidata.org/entity/Q43296103,Liberty Theatre,Point(-86.7755595 36.1560437),,,"former movie theater in Nashville, Tennessee, United States"
http://www.wikidata.org/entity/Q43296103,Liberty Theatre,Point(-86.7755595 36.1560437),,,"former movie theater in Nashville, Tennessee, United States"
http://www.wikidata.org/entity/Q43296103,Liberty Theatre,Point(-86.7755595 36.1560437),,,"former movie theater in Nashville, Tennessee, United States"
http://www.wikidata.org/entity/Q43296103,Liberty Theatre,Point(-86.7755595 36.1560437),,,"former movie theater in Nashville, Tennessee, United States"
http://www.wikidata.org/entity/Q43296103,Liberty Theatre,Point(-86.7755595 36.1560437),,,"former movie theater in Nashville, Tennessee, United States"
http://www.wikidata.org/entity/Q43296103,Liberty Theatre,Point(-86.7755595 36.1560437),,,"former movie theater in Nashville, Tennessee, United States"
http://www.wikidata.org/entity/Q43296103,Liberty Theatre,Point(-86.7755595 36.1560437),,,"former movie theater in Nashville, Tennessee, United States"
http://www.wikidata.org/entity/Q43296103,Liberty Theatre,Point(-86.7755595 36.1560437),,,"former movie theater in Nashville, Tennessee, United States"
http://www.wikidata.org/entity/Q43296103,Liberty Theatre,Point(-86.7755595 36.1560437),,,"former movie theater in Nashville, Tennessee, United States"
http://www.wikidata.org/entity/Q43296103,Liberty Theatre,Point(-86.7755595 36.1560437),,,"former movie theater in Nashville, Tennessee, United States"
http://www.wikidata.org/entity/Q43296103,Liberty Theatre,Point(-86.7755595 36.1560437),,,"former movie theater in Nashville, Tennessee, United States"
http://www.wikidata.org/entity/Q43296103,Liberty Theatre,Point(-86.7755595 36.1560437),,,"former movie theater in Nashville, Tennessee, United States"
http://www.wikidata.org/entity/Q43296103,Liberty Theatre,Point(-86.7755595 36.1560437),,,"former movie theater in Nashville, Tennessee, United States"
http://www.wikidata.org/entity/Q43296103,Liberty Theatre,Point(-86.7755595 36.1560437),,,"former movie theater in Nashville, Tennessee, United States"
http://www.wikidata.org/entity/Q43296103,Liberty Theatre,Point(-86.7755595 36.1560437),,,"former movie theater in Nashville, Tennessee, United States"
http://www.wikidata.org/entity/Q43296103,Liberty Theatre,Point(-86.7755595 36.1560437),,,"former movie theater in Nashville, Tennessee, United States"
http://www.wikidata.org/entity/Q43296103,Liberty Theatre,Point(-86.7755595 36.1560437),,,"former movie theater in Nashville, Tennessee, United States"
http://www.wikidata.org/entity/Q43296103,Liberty Theatre,Point(-86.7755595 36.1560437),,,"former movie theater in Nashville, Tennessee, United States"
http://www.wikidata.org/entity/Q43296103,Liberty Theatre,Point(-86.7755595 36.1560437),,,"former movie theater in Nashville, Tennessee, United States"
http://www.wikidata.org/entity/Q43296110,Loew's Crescent Theatre,Point(-86.779369 36.163006),,,"former movie theater in Nashville, Tennessee, United States"
http://www.wikidata.org/entity/Q43296110,Loew's Crescent Theatre,Point(-86.779369 36.163006),,,"former movie theater in Nashville, Tennessee, United States"
http://www.wikidata.org/entity/Q43296110,Loew's Crescent Theatre,Point(-86.779369 36.163006),,,"former movie theater in Nashville, Tennessee, United States"
http://www.wikidata.org/entity/Q43296110,Loew's Crescent Theatre,Point(-86.779369 36.163006),,,"former movie theater in Nashville, Tennessee, United States"
http://www.wikidata.org/entity/Q43296110,Loew's Crescent Theatre,Point(-86.779369 36.163006),,,"former movie theater in Nashville, Tennessee, United States"
http://www.wikidata.org/entity/Q43296110,Loew's Crescent Theatre,Point(-86.779369 36.163006),,,"former movie theater in Nashville, Tennessee, United States"
http://www.wikidata.org/entity/Q43296110,Loew's Crescent Theatre,Point(-86.779369 36.163006),,,"former movie theater in Nashville, Tennessee, United States"
http://www.wikidata.org/entity/Q43296110,Loew's Crescent Theatre,Point(-86.779369 36.163006),,,"former movie theater in Nashville, Tennessee, United States"
http://www.wikidata.org/entity/Q43296110,Loew's Crescent Theatre,Point(-86.779369 36.163006),,,"former movie theater in Nashville, Tennessee, United States"
http://www.wikidata.org/entity/Q43296110,Loew's Crescent Theatre,Point(-86.779369 36.163006),,,"former movie theater in Nashville, Tennessee, United States"
http://www.wikidata.org/entity/Q43296110,Loew's Crescent Theatre,Point(-86.779369 36.163006),,,"former movie theater in Nashville, Tennessee, United States"
http://www.wikidata.org/entity/Q43296110,Loew's Crescent Theatre,Point(-86.779369 36.163006),,,"former movie theater in Nashville, Tennessee, United States"
http://www.wikidata.org/entity/Q43296110,Loew's Crescent Theatre,Point(-86.779369 36.163006),,,"former movie theater in Nashville, Tennessee, United States"
http://www.wikidata.org/entity/Q43296110,Loew's Crescent Theatre,Point(-86.779369 36.163006),,,"former movie theater in Nashville, Tennessee, United States"
http://www.wikidata.org/entity/Q43296110,Loew's Crescent Theatre,Point(-86.779369 36.163006),,,"former movie theater in Nashville, Tennessee, United States"
http://www.wikidata.org/entity/Q43296110,Loew's Crescent Theatre,Point(-86.779369 36.163006),,,"former movie theater in Nashville, Tennessee, United States"
http://www.wikidata.org/entity/Q43296110,Loew's Crescent Theatre,Point(-86.779369 36.163006),,,"former movie theater in Nashville, Tennessee, United States"
http://www.wikidata.org/entity/Q43296110,Loew's Crescent Theatre,Point(-86.779369 36.163006),,,"former movie theater in Nashville, Tennessee, United States"
http://www.wikidata.org/entity/Q43296110,Loew's Crescent Theatre,Point(-86.779369 36.163006),,,"former movie theater in Nashville, Tennessee, United States"
http://www.wikidata.org/entity/Q43296110,Loew's Crescent Theatre,Point(-86.779369 36.163006),,,"former movie theater in Nashville, Tennessee, United States"
http://www.wikidata.org/entity/Q43296110,Loew's Crescent Theatre,Point(-86.779369 36.163006),,,"former movie theater in Nashville, Tennessee, United States"
http://www.wikidata.org/entity/Q43296110,Loew's Crescent Theatre,Point(-86.779369 36.163006),,,"former movie theater in Nashville, Tennessee, United States"
http://www.wikidata.org/entity/Q43296110,Loew's Crescent Theatre,Point(-86.779369 36.163006),,,"former movie theater in Nashville, Tennessee, United States"
http://www.wikidata.org/entity/Q43296110,Loew's Crescent Theatre,Point(-86.779369 36.163006),,,"former movie theater in Nashville, Tennessee, United States"
http://www.wikidata.org/entity/Q43296110,Loew's Crescent Theatre,Point(-86.779369 36.163006),,,"former movie theater in Nashville, Tennessee, United States"
http://www.wikidata.org/entity/Q43296110,Loew's Crescent Theatre,Point(-86.779369 36.163006),,,"former movie theater in Nashville, Tennessee, United States"
http://www.wikidata.org/entity/Q43296115,Loew's Vendome Theatre,Point(-86.781612 36.161754),,,"former movie theater in Nashville, Tennessee, United States"
http://www.wikidata.org/entity/Q43296115,Loew's Vendome Theatre,Point(-86.781612 36.161754),,,"former movie theater in Nashville, Tennessee, United States"
http://www.wikidata.org/entity/Q43296115,Loew's Vendome Theatre,Point(-86.781612 36.161754),,,"former movie theater in Nashville, Tennessee, United States"
http://www.wikidata.org/entity/Q43296115,Loew's Vendome Theatre,Point(-86.781612 36.161754),,,"former movie theater in Nashville, Tennessee, United States"
http://www.wikidata.org/entity/Q43296115,Loew's Vendome Theatre,Point(-86.781612 36.161754),,,"former movie theater in Nashville, Tennessee, United States"
http://www.wikidata.org/entity/Q43296115,Loew's Vendome Theatre,Point(-86.781612 36.161754),,,"former movie theater in Nashville, Tennessee, United States"
http://www.wikidata.org/entity/Q43296115,Loew's Vendome Theatre,Point(-86.781612 36.161754),,,"former movie theater in Nashville, Tennessee, United States"
http://www.wikidata.org/entity/Q43296115,Loew's Vendome Theatre,Point(-86.781612 36.161754),,,"former movie theater in Nashville, Tennessee, United States"
http://www.wikidata.org/entity/Q43296115,Loew's Vendome Theatre,Point(-86.781612 36.161754),,,"former movie theater in Nashville, Tennessee, United States"
http://www.wikidata.org/entity/Q43296115,Loew's Vendome Theatre,Point(-86.781612 36.161754),,,"former movie theater in Nashville, Tennessee, United States"
http://www.wikidata.org/entity/Q43296115,Loew's Vendome Theatre,Point(-86.781612 36.161754),,,"former movie theater in Nashville, Tennessee, United States"
http://www.wikidata.org/entity/Q43296115,Loew's Vendome Theatre,Point(-86.781612 36.161754),,,"former movie theater in Nashville, Tennessee, United States"
http://www.wikidata.org/entity/Q43296115,Loew's Vendome Theatre,Point(-86.781612 36.161754),,,"former movie theater in Nashville, Tennessee, United States"
http://www.wikidata.org/entity/Q43296115,Loew's Vendome Theatre,Point(-86.781612 36.161754),,,"former movie theater in Nashville, Tennessee, United States"
http://www.wikidata.org/entity/Q43296115,Loew's Vendome Theatre,Point(-86.781612 36.161754),,,"former movie theater in Nashville, Tennessee, United States"
http://www.wikidata.org/entity/Q43296115,Loew's Vendome Theatre,Point(-86.781612 36.161754),,,"former movie theater in Nashville, Tennessee, United States"
http://www.wikidata.org/entity/Q43296115,Loew's Vendome Theatre,Point(-86.781612 36.161754),,,"former movie theater in Nashville, Tennessee, United States"
http://www.wikidata.org/entity/Q43296115,Loew's Vendome Theatre,Point(-86.781612 36.161754),,,"former movie theater in Nashville, Tennessee, United States"
http://www.wikidata.org/entity/Q43296115,Loew's Vendome Theatre,Point(-86.781612 36.161754),,,"former movie theater in Nashville, Tennessee, United States"
http://www.wikidata.org/entity/Q43296115,Loew's Vendome Theatre,Point(-86.781612 36.161754),,,"former movie theater in Nashville, Tennessee, United States"
http://www.wikidata.org/entity/Q43296115,Loew's Vendome Theatre,Point(-86.781612 36.161754),,,"former movie theater in Nashville, Tennessee, United States"
http://www.wikidata.org/entity/Q43296115,Loew's Vendome Theatre,Point(-86.781612 36.161754),,,"former movie theater in Nashville, Tennessee, United States"
http://www.wikidata.org/entity/Q43296115,Loew's Vendome Theatre,Point(-86.781612 36.161754),,,"former movie theater in Nashville, Tennessee, United States"
http://www.wikidata.org/entity/Q43296115,Loew's Vendome Theatre,Point(-86.781612 36.161754),,,"former movie theater in Nashville, Tennessee, United States"
http://www.wikidata.org/entity/Q43296115,Loew's Vendome Theatre,Point(-86.781612 36.161754),,,"former movie theater in Nashville, Tennessee, United States"
http://www.wikidata.org/entity/Q43296115,Loew's Vendome Theatre,Point(-86.781612 36.161754),,,"former movie theater in Nashville, Tennessee, United States"
http://www.wikidata.org/entity/Q43296121,Madison Square Theatre,Point(-86.7147452 36.2556158),,,"former movie theater in Nashville, Tennessee, United States"
http://www.wikidata.org/entity/Q43296121,Madison Square Theatre,Point(-86.7147452 36.2556158),,,"former movie theater in Nashville, Tennessee, United States"
http://www.wikidata.org/entity/Q43296121,Madison Square Theatre,Point(-86.7147452 36.2556158),,,"former movie theater in Nashville, Tennessee, United States"
http://www.wikidata.org/entity/Q43296121,Madison Square Theatre,Point(-86.7147452 36.2556158),,,"former movie theater in Nashville, Tennessee, United States"
http://www.wikidata.org/entity/Q43296121,Madison Square Theatre,Point(-86.7147452 36.2556158),,,"former movie theater in Nashville, Tennessee, United States"
http://www.wikidata.org/entity/Q43296121,Madison Square Theatre,Point(-86.7147452 36.2556158),,,"former movie theater in Nashville, Tennessee, United States"
http://www.wikidata.org/entity/Q43296121,Madison Square Theatre,Point(-86.7147452 36.2556158),,,"former movie theater in Nashville, Tennessee, United States"
http://www.wikidata.org/entity/Q43296121,Madison Square Theatre,Point(-86.7147452 36.2556158),,,"former movie theater in Nashville, Tennessee, United States"
http://www.wikidata.org/entity/Q43296121,Madison Square Theatre,Point(-86.7147452 36.2556158),,,"former movie theater in Nashville, Tennessee, United States"
http://www.wikidata.org/entity/Q43296121,Madison Square Theatre,Point(-86.7147452 36.2556158),,,"former movie theater in Nashville, Tennessee, United States"
http://www.wikidata.org/entity/Q43296033,"Elite Theatre, 2nd Avenue",Point(-86.7691435 36.1525332),,,"former movie theater in Nashville, Tennessee, United States"
http://www.wikidata.org/entity/Q43296033,"Elite Theatre, 2nd Avenue",Point(-86.7691435 36.1525332),,,"former movie theater in Nashville, Tennessee, United States"
http://www.wikidata.org/entity/Q43296033,"Elite Theatre, 2nd Avenue",Point(-86.7691435 36.1525332),,,"former movie theater in Nashville, Tennessee, United States"
http://www.wikidata.org/entity/Q43296033,"Elite Theatre, 2nd Avenue",Point(-86.7691435 36.1525332),,,"former movie theater in Nashville, Tennessee, United States"
http://www.wikidata.org/entity/Q43296033,"Elite Theatre, 2nd Avenue",Point(-86.7691435 36.1525332),,,"former movie theater in Nashville, Tennessee, United States"
http://www.wikidata.org/entity/Q43296033,"Elite Theatre, 2nd Avenue",Point(-86.7691435 36.1525332),,,"former movie theater in Nashville, Tennessee, United States"
http://www.wikidata.org/entity/Q43296033,"Elite Theatre, 2nd Avenue",Point(-86.7691435 36.1525332),,,"former movie theater in Nashville, Tennessee, United States"
http://www.wikidata.org/entity/Q43296033,"Elite Theatre, 2nd Avenue",Point(-86.7691435 36.1525332),,,"former movie theater in Nashville, Tennessee, United States"
http://www.wikidata.org/entity/Q43296033,"Elite Theatre, 2nd Avenue",Point(-86.7691435 36.1525332),,,"former movie theater in Nashville, Tennessee, United States"
http://www.wikidata.org/entity/Q43296033,"Elite Theatre, 2nd Avenue",Point(-86.7691435 36.1525332),,,"former movie theater in Nashville, Tennessee, United States"
http://www.wikidata.org/entity/Q43296033,"Elite Theatre, 2nd Avenue",Point(-86.7691435 36.1525332),,,"former movie theater in Nashville, Tennessee, United States"
http://www.wikidata.org/entity/Q43296033,"Elite Theatre, 2nd Avenue",Point(-86.7691435 36.1525332),,,"former movie theater in Nashville, Tennessee, United States"
http://www.wikidata.org/entity/Q43296033,"Elite Theatre, 2nd Avenue",Point(-86.7691435 36.1525332),,,"former movie theater in Nashville, Tennessee, United States"
http://www.wikidata.org/entity/Q43296033,"Elite Theatre, 2nd Avenue",Point(-86.7691435 36.1525332),,,"former movie theater in Nashville, Tennessee, United States"
http://www.wikidata.org/entity/Q43296033,"Elite Theatre, 2nd Avenue",Point(-86.7691435 36.1525332),,,"former movie theater in Nashville, Tennessee, United States"
http://www.wikidata.org/entity/Q43296033,"Elite Theatre, 2nd Avenue",Point(-86.7691435 36.1525332),,,"former movie theater in Nashville, Tennessee, United States"
http://www.wikidata.org/entity/Q43296033,"Elite Theatre, 2nd Avenue",Point(-86.7691435 36.1525332),,,"former movie theater in Nashville, Tennessee, United States"
http://www.wikidata.org/entity/Q43296033,"Elite Theatre, 2nd Avenue",Point(-86.7691435 36.1525332),,,"former movie theater in Nashville, Tennessee, United States"
http://www.wikidata.org/entity/Q43296033,"Elite Theatre, 2nd Avenue",Point(-86.7691435 36.1525332),,,"former movie theater in Nashville, Tennessee, United States"
http://www.wikidata.org/entity/Q43296033,"Elite Theatre, 2nd Avenue",Point(-86.7691435 36.1525332),,,"former movie theater in Nashville, Tennessee, United States"
http://www.wikidata.org/entity/Q43296033,"Elite Theatre, 2nd Avenue",Point(-86.7691435 36.1525332),,,"former movie theater in Nashville, Tennessee, United States"
http://www.wikidata.org/entity/Q43296033,"Elite Theatre, 2nd Avenue",Point(-86.7691435 36.1525332),,,"former movie theater in Nashville, Tennessee, United States"
http://www.wikidata.org/entity/Q43296033,"Elite Theatre, 2nd Avenue",Point(-86.7691435 36.1525332),,,"former movie theater in Nashville, Tennessee, United States"
http://www.wikidata.org/entity/Q43296033,"Elite Theatre, 2nd Avenue",Point(-86.7691435 36.1525332),,,"former movie theater in Nashville, Tennessee, United States"
http://www.wikidata.org/entity/Q43296033,"Elite Theatre, 2nd Avenue",Point(-86.7691435 36.1525332),,,"former movie theater in Nashville, Tennessee, United States"
http://www.wikidata.org/entity/Q43296033,"Elite Theatre, 2nd Avenue",Point(-86.7691435 36.1525332),,,"former movie theater in Nashville, Tennessee, United States"
http://www.wikidata.org/entity/Q43296039,Fifth Avenue Theatre,Point(-86.780284 36.163965),,,"former movie theater in Nashville, Tennessee, United States"
http://www.wikidata.org/entity/Q43296039,Fifth Avenue Theatre,Point(-86.780284 36.163965),,,"former movie theater in Nashville, Tennessee, United States"
http://www.wikidata.org/entity/Q43296039,Fifth Avenue Theatre,Point(-86.780284 36.163965),,,"former movie theater in Nashville, Tennessee, United States"
http://www.wikidata.org/entity/Q43296039,Fifth Avenue Theatre,Point(-86.780284 36.163965),,,"former movie theater in Nashville, Tennessee, United States"
http://www.wikidata.org/entity/Q43296039,Fifth Avenue Theatre,Point(-86.780284 36.163965),,,"former movie theater in Nashville, Tennessee, United States"
http://www.wikidata.org/entity/Q43296039,Fifth Avenue Theatre,Point(-86.780284 36.163965),,,"former movie theater in Nashville, Tennessee, United States"
http://www.wikidata.org/entity/Q43296039,Fifth Avenue Theatre,Point(-86.780284 36.163965),,,"former movie theater in Nashville, Tennessee, United States"
http://www.wikidata.org/entity/Q43296039,Fifth Avenue Theatre,Point(-86.780284 36.163965),,,"former movie theater in Nashville, Tennessee, United States"
http://www.wikidata.org/entity/Q43296039,Fifth Avenue Theatre,Point(-86.780284 36.163965),,,"former movie theater in Nashville, Tennessee, United States"
http://www.wikidata.org/entity/Q43296039,Fifth Avenue Theatre,Point(-86.780284 36.163965),,,"former movie theater in Nashville, Tennessee, United States"
http://www.wikidata.org/entity/Q43296039,Fifth Avenue Theatre,Point(-86.780284 36.163965),,,"former movie theater in Nashville, Tennessee, United States"
http://www.wikidata.org/entity/Q43296039,Fifth Avenue Theatre,Point(-86.780284 36.163965),,,"former movie theater in Nashville, Tennessee, United States"
http://www.wikidata.org/entity/Q43296039,Fifth Avenue Theatre,Point(-86.780284 36.163965),,,"former movie theater in Nashville, Tennessee, United States"
http://www.wikidata.org/entity/Q43296039,Fifth Avenue Theatre,Point(-86.780284 36.163965),,,"former movie theater in Nashville, Tennessee, United States"
http://www.wikidata.org/entity/Q43296039,Fifth Avenue Theatre,Point(-86.780284 36.163965),,,"former movie theater in Nashville, Tennessee, United States"
http://www.wikidata.org/entity/Q43296039,Fifth Avenue Theatre,Point(-86.780284 36.163965),,,"former movie theater in Nashville, Tennessee, United States"
http://www.wikidata.org/entity/Q43296039,Fifth Avenue Theatre,Point(-86.780284 36.163965),,,"former movie theater in Nashville, Tennessee, United States"
http://www.wikidata.org/entity/Q43296039,Fifth Avenue Theatre,Point(-86.780284 36.163965),,,"former movie theater in Nashville, Tennessee, United States"
http://www.wikidata.org/entity/Q43296039,Fifth Avenue Theatre,Point(-86.780284 36.163965),,,"former movie theater in Nashville, Tennessee, United States"
http://www.wikidata.org/entity/Q43296039,Fifth Avenue Theatre,Point(-86.780284 36.163965),,,"former movie theater in Nashville, Tennessee, United States"
http://www.wikidata.org/entity/Q43296039,Fifth Avenue Theatre,Point(-86.780284 36.163965),,,"former movie theater in Nashville, Tennessee, United States"
http://www.wikidata.org/entity/Q43296039,Fifth Avenue Theatre,Point(-86.780284 36.163965),,,"former movie theater in Nashville, Tennessee, United States"
http://www.wikidata.org/entity/Q43296039,Fifth Avenue Theatre,Point(-86.780284 36.163965),,,"former movie theater in Nashville, Tennessee, United States"
http://www.wikidata.org/entity/Q43296039,Fifth Avenue Theatre,Point(-86.780284 36.163965),,,"former movie theater in Nashville, Tennessee, United States"
http://www.wikidata.org/entity/Q43296039,Fifth Avenue Theatre,Point(-86.780284 36.163965),,,"former movie theater in Nashville, Tennessee, United States"
http://www.wikidata.org/entity/Q43296039,Fifth Avenue Theatre,Point(-86.780284 36.163965),,,"former movie theater in Nashville, Tennessee, United States"
http://www.wikidata.org/entity/Q43296042,Ritz Theater,Point(-86.8052257 36.1698365),,,"former movie theater in Nashville, Tennessee, United States"
http://www.wikidata.org/entity/Q43296042,Ritz Theater,Point(-86.8052257 36.1698365),,,"former movie theater in Nashville, Tennessee, United States"
http://www.wikidata.org/entity/Q43296042,Ritz Theater,Point(-86.8052257 36.1698365),,,"former movie theater in Nashville, Tennessee, United States"
http://www.wikidata.org/entity/Q43296042,Ritz Theater,Point(-86.8052257 36.1698365),,,"former movie theater in Nashville, Tennessee, United States"
http://www.wikidata.org/entity/Q43296042,Ritz Theater,Point(-86.8052257 36.1698365),,,"former movie theater in Nashville, Tennessee, United States"
http://www.wikidata.org/entity/Q43296042,Ritz Theater,Point(-86.8052257 36.1698365),,,"former movie theater in Nashville, Tennessee, United States"
http://www.wikidata.org/entity/Q43296042,Ritz Theater,Point(-86.8052257 36.1698365),,,"former movie theater in Nashville, Tennessee, United States"
http://www.wikidata.org/entity/Q43296042,Ritz Theater,Point(-86.8052257 36.1698365),,,"former movie theater in Nashville, Tennessee, United States"
http://www.wikidata.org/entity/Q43296042,Ritz Theater,Point(-86.8052257 36.1698365),,,"former movie theater in Nashville, Tennessee, United States"
http://www.wikidata.org/entity/Q43296042,Ritz Theater,Point(-86.8052257 36.1698365),,,"former movie theater in Nashville, Tennessee, United States"
http://www.wikidata.org/entity/Q43296042,Ritz Theater,Point(-86.8052257 36.1698365),,,"former movie theater in Nashville, Tennessee, United States"
http://www.wikidata.org/entity/Q43296042,Ritz Theater,Point(-86.8052257 36.1698365),,,"former movie theater in Nashville, Tennessee, United States"
http://www.wikidata.org/entity/Q43296042,Ritz Theater,Point(-86.8052257 36.1698365),,,"former movie theater in Nashville, Tennessee, United States"
http://www.wikidata.org/entity/Q43296042,Ritz Theater,Point(-86.8052257 36.1698365),,,"former movie theater in Nashville, Tennessee, United States"
http://www.wikidata.org/entity/Q43296042,Ritz Theater,Point(-86.8052257 36.1698365),,,"former movie theater in Nashville, Tennessee, United States"
http://www.wikidata.org/entity/Q43296042,Ritz Theater,Point(-86.8052257 36.1698365),,,"former movie theater in Nashville, Tennessee, United States"
http://www.wikidata.org/entity/Q43296042,Ritz Theater,Point(-86.8052257 36.1698365),,,"former movie theater in Nashville, Tennessee, United States"
http://www.wikidata.org/entity/Q43296042,Ritz Theater,Point(-86.8052257 36.1698365),,,"former movie theater in Nashville, Tennessee, United States"
http://www.wikidata.org/entity/Q43296042,Ritz Theater,Point(-86.8052257 36.1698365),,,"former movie theater in Nashville, Tennessee, United States"
http://www.wikidata.org/entity/Q43296042,Ritz Theater,Point(-86.8052257 36.1698365),,,"former movie theater in Nashville, Tennessee, United States"
http://www.wikidata.org/entity/Q43296042,Ritz Theater,Point(-86.8052257 36.1698365),,,"former movie theater in Nashville, Tennessee, United States"
http://www.wikidata.org/entity/Q43296042,Ritz Theater,Point(-86.8052257 36.1698365),,,"former movie theater in Nashville, Tennessee, United States"
http://www.wikidata.org/entity/Q43296042,Ritz Theater,Point(-86.8052257 36.1698365),,,"former movie theater in Nashville, Tennessee, United States"
http://www.wikidata.org/entity/Q43296042,Ritz Theater,Point(-86.8052257 36.1698365),,,"former movie theater in Nashville, Tennessee, United States"
http://www.wikidata.org/entity/Q43296042,Ritz Theater,Point(-86.8052257 36.1698365),,,"former movie theater in Nashville, Tennessee, United States"
http://www.wikidata.org/entity/Q43296042,Ritz Theater,Point(-86.8052257 36.1698365),,,"former movie theater in Nashville, Tennessee, United States"
http://www.wikidata.org/entity/Q43296050,Gem Theatre,Point(-86.7791514 36.1653551),,,"former movie theater in Nashville, Tennessee, United States"
http://www.wikidata.org/entity/Q43296050,Gem Theatre,Point(-86.7791514 36.1653551),,,"former movie theater in Nashville, Tennessee, United States"
http://www.wikidata.org/entity/Q43296050,Gem Theatre,Point(-86.7791514 36.1653551),,,"former movie theater in Nashville, Tennessee, United States"
http://www.wikidata.org/entity/Q43296050,Gem Theatre,Point(-86.7791514 36.1653551),,,"former movie theater in Nashville, Tennessee, United States"
http://www.wikidata.org/entity/Q43296050,Gem Theatre,Point(-86.7791514 36.1653551),,,"former movie theater in Nashville, Tennessee, United States"
http://www.wikidata.org/entity/Q43296050,Gem Theatre,Point(-86.7791514 36.1653551),,,"former movie theater in Nashville, Tennessee, United States"
http://www.wikidata.org/entity/Q43296050,Gem Theatre,Point(-86.7791514 36.1653551),,,"former movie theater in Nashville, Tennessee, United States"
http://www.wikidata.org/entity/Q43296050,Gem Theatre,Point(-86.7791514 36.1653551),,,"former movie theater in Nashville, Tennessee, United States"
http://www.wikidata.org/entity/Q43296050,Gem Theatre,Point(-86.7791514 36.1653551),,,"former movie theater in Nashville, Tennessee, United States"
http://www.wikidata.org/entity/Q43296050,Gem Theatre,Point(-86.7791514 36.1653551),,,"former movie theater in Nashville, Tennessee, United States"
http://www.wikidata.org/entity/Q43296050,Gem Theatre,Point(-86.7791514 36.1653551),,,"former movie theater in Nashville, Tennessee, United States"
http://www.wikidata.org/entity/Q43296050,Gem Theatre,Point(-86.7791514 36.1653551),,,"former movie theater in Nashville, Tennessee, United States"
http://www.wikidata.org/entity/Q43296050,Gem Theatre,Point(-86.7791514 36.1653551),,,"former movie theater in Nashville, Tennessee, United States"
http://www.wikidata.org/entity/Q43296050,Gem Theatre,Point(-86.7791514 36.1653551),,,"former movie theater in Nashville, Tennessee, United States"
http://www.wikidata.org/entity/Q43296050,Gem Theatre,Point(-86.7791514 36.1653551),,,"former movie theater in Nashville, Tennessee, United States"
http://www.wikidata.org/entity/Q43296050,Gem Theatre,Point(-86.7791514 36.1653551),,,"former movie theater in Nashville, Tennessee, United States"
http://www.wikidata.org/entity/Q43296050,Gem Theatre,Point(-86.7791514 36.1653551),,,"former movie theater in Nashville, Tennessee, United States"
http://www.wikidata.org/entity/Q43296050,Gem Theatre,Point(-86.7791514 36.1653551),,,"former movie theater in Nashville, Tennessee, United States"
http://www.wikidata.org/entity/Q43296050,Gem Theatre,Point(-86.7791514 36.1653551),,,"former movie theater in Nashville, Tennessee, United States"
http://www.wikidata.org/entity/Q43296050,Gem Theatre,Point(-86.7791514 36.1653551),,,"former movie theater in Nashville, Tennessee, United States"
http://www.wikidata.org/entity/Q43296050,Gem Theatre,Point(-86.7791514 36.1653551),,,"former movie theater in Nashville, Tennessee, United States"
http://www.wikidata.org/entity/Q43296050,Gem Theatre,Point(-86.7791514 36.1653551),,,"former movie theater in Nashville, Tennessee, United States"
http://www.wikidata.org/entity/Q43296151,Nippers Corner 10 Cinema,Point(-86.740905 36.0398883),,,"former movie theater in Nashville, Tennessee, United States"
http://www.wikidata.org/entity/Q43296151,Nippers Corner 10 Cinema,Point(-86.740905 36.0398883),,,"former movie theater in Nashville, Tennessee, United States"
http://www.wikidata.org/entity/Q43296151,Nippers Corner 10 Cinema,Point(-86.740905 36.0398883),,,"former movie theater in Nashville, Tennessee, United States"
http://www.wikidata.org/entity/Q43296151,Nippers Corner 10 Cinema,Point(-86.740905 36.0398883),,,"former movie theater in Nashville, Tennessee, United States"
http://www.wikidata.org/entity/Q43296151,Nippers Corner 10 Cinema,Point(-86.740905 36.0398883),,,"former movie theater in Nashville, Tennessee, United States"
http://www.wikidata.org/entity/Q43296151,Nippers Corner 10 Cinema,Point(-86.740905 36.0398883),,,"former movie theater in Nashville, Tennessee, United States"
http://www.wikidata.org/entity/Q43296151,Nippers Corner 10 Cinema,Point(-86.740905 36.0398883),,,"former movie theater in Nashville, Tennessee, United States"
http://www.wikidata.org/entity/Q43296151,Nippers Corner 10 Cinema,Point(-86.740905 36.0398883),,,"former movie theater in Nashville, Tennessee, United States"
http://www.wikidata.org/entity/Q43296151,Nippers Corner 10 Cinema,Point(-86.740905 36.0398883),,,"former movie theater in Nashville, Tennessee, United States"
http://www.wikidata.org/entity/Q43296151,Nippers Corner 10 Cinema,Point(-86.740905 36.0398883),,,"former movie theater in Nashville, Tennessee, United States"
http://www.wikidata.org/entity/Q43296151,Nippers Corner 10 Cinema,Point(-86.740905 36.0398883),,,"former movie theater in Nashville, Tennessee, United States"
http://www.wikidata.org/entity/Q43296151,Nippers Corner 10 Cinema,Point(-86.740905 36.0398883),,,"former movie theater in Nashville, Tennessee, United States"
http://www.wikidata.org/entity/Q43296151,Nippers Corner 10 Cinema,Point(-86.740905 36.0398883),,,"former movie theater in Nashville, Tennessee, United States"
http://www.wikidata.org/entity/Q43296151,Nippers Corner 10 Cinema,Point(-86.740905 36.0398883),,,"former movie theater in Nashville, Tennessee, United States"
http://www.wikidata.org/entity/Q43296151,Nippers Corner 10 Cinema,Point(-86.740905 36.0398883),,,"former movie theater in Nashville, Tennessee, United States"
http://www.wikidata.org/entity/Q43296151,Nippers Corner 10 Cinema,Point(-86.740905 36.0398883),,,"former movie theater in Nashville, Tennessee, United States"
http://www.wikidata.org/entity/Q43296151,Nippers Corner 10 Cinema,Point(-86.740905 36.0398883),,,"former movie theater in Nashville, Tennessee, United States"
http://www.wikidata.org/entity/Q43296151,Nippers Corner 10 Cinema,Point(-86.740905 36.0398883),,,"former movie theater in Nashville, Tennessee, United States"
http://www.wikidata.org/entity/Q43296151,Nippers Corner 10 Cinema,Point(-86.740905 36.0398883),,,"former movie theater in Nashville, Tennessee, United States"
http://www.wikidata.org/entity/Q43296151,Nippers Corner 10 Cinema,Point(-86.740905 36.0398883),,,"former movie theater in Nashville, Tennessee, United States"
http://www.wikidata.org/entity/Q43296151,Nippers Corner 10 Cinema,Point(-86.740905 36.0398883),,,"former movie theater in Nashville, Tennessee, United States"
http://www.wikidata.org/entity/Q43296151,Nippers Corner 10 Cinema,Point(-86.740905 36.0398883),,,"former movie theater in Nashville, Tennessee, United States"
http://www.wikidata.org/entity/Q43296151,Nippers Corner 10 Cinema,Point(-86.740905 36.0398883),,,"former movie theater in Nashville, Tennessee, United States"
http://www.wikidata.org/entity/Q43296151,Nippers Corner 10 Cinema,Point(-86.740905 36.0398883),,,"former movie theater in Nashville, Tennessee, United States"
http://www.wikidata.org/entity/Q43296151,Nippers Corner 10 Cinema,Point(-86.740905 36.0398883),,,"former movie theater in Nashville, Tennessee, United States"
http://www.wikidata.org/entity/Q43296151,Nippers Corner 10 Cinema,Point(-86.740905 36.0398883),,,"former movie theater in Nashville, Tennessee, United States"
http://www.wikidata.org/entity/Q43296156,Orpheum Theatre,Point(-86.781841 36.1608992),,,"former movie theater in Nashville, Tennessee, United States"
http://www.wikidata.org/entity/Q43296156,Orpheum Theatre,Point(-86.781841 36.1608992),,,"former movie theater in Nashville, Tennessee, United States"
http://www.wikidata.org/entity/Q43296156,Orpheum Theatre,Point(-86.781841 36.1608992),,,"former movie theater in Nashville, Tennessee, United States"
http://www.wikidata.org/entity/Q43296156,Orpheum Theatre,Point(-86.781841 36.1608992),,,"former movie theater in Nashville, Tennessee, United States"
http://www.wikidata.org/entity/Q43296156,Orpheum Theatre,Point(-86.781841 36.1608992),,,"former movie theater in Nashville, Tennessee, United States"
http://www.wikidata.org/entity/Q43296156,Orpheum Theatre,Point(-86.781841 36.1608992),,,"former movie theater in Nashville, Tennessee, United States"
http://www.wikidata.org/entity/Q43296156,Orpheum Theatre,Point(-86.781841 36.1608992),,,"former movie theater in Nashville, Tennessee, United States"
http://www.wikidata.org/entity/Q43296156,Orpheum Theatre,Point(-86.781841 36.1608992),,,"former movie theater in Nashville, Tennessee, United States"
http://www.wikidata.org/entity/Q43296156,Orpheum Theatre,Point(-86.781841 36.1608992),,,"former movie theater in Nashville, Tennessee, United States"
http://www.wikidata.org/entity/Q43296156,Orpheum Theatre,Point(-86.781841 36.1608992),,,"former movie theater in Nashville, Tennessee, United States"
http://www.wikidata.org/entity/Q43296156,Orpheum Theatre,Point(-86.781841 36.1608992),,,"former movie theater in Nashville, Tennessee, United States"
http://www.wikidata.org/entity/Q43296156,Orpheum Theatre,Point(-86.781841 36.1608992),,,"former movie theater in Nashville, Tennessee, United States"
http://www.wikidata.org/entity/Q43296156,Orpheum Theatre,Point(-86.781841 36.1608992),,,"former movie theater in Nashville, Tennessee, United States"
http://www.wikidata.org/entity/Q43296156,Orpheum Theatre,Point(-86.781841 36.1608992),,,"former movie theater in Nashville, Tennessee, United States"
http://www.wikidata.org/entity/Q43296156,Orpheum Theatre,Point(-86.781841 36.1608992),,,"former movie theater in Nashville, Tennessee, United States"
http://www.wikidata.org/entity/Q43296156,Orpheum Theatre,Point(-86.781841 36.1608992),,,"former movie theater in Nashville, Tennessee, United States"
http://www.wikidata.org/entity/Q43296156,Orpheum Theatre,Point(-86.781841 36.1608992),,,"former movie theater in Nashville, Tennessee, United States"
http://www.wikidata.org/entity/Q43296156,Orpheum Theatre,Point(-86.781841 36.1608992),,,"former movie theater in Nashville, Tennessee, United States"
http://www.wikidata.org/entity/Q43296156,Orpheum Theatre,Point(-86.781841 36.1608992),,,"former movie theater in Nashville, Tennessee, United States"
http://www.wikidata.org/entity/Q43296156,Orpheum Theatre,Point(-86.781841 36.1608992),,,"former movie theater in Nashville, Tennessee, United States"
http://www.wikidata.org/entity/Q43296156,Orpheum Theatre,Point(-86.781841 36.1608992),,,"former movie theater in Nashville, Tennessee, United States"
http://www.wikidata.org/entity/Q43296156,Orpheum Theatre,Point(-86.781841 36.1608992),,,"former movie theater in Nashville, Tennessee, United States"
http://www.wikidata.org/entity/Q43296156,Orpheum Theatre,Point(-86.781841 36.1608992),,,"former movie theater in Nashville, Tennessee, United States"
http://www.wikidata.org/entity/Q43296156,Orpheum Theatre,Point(-86.781841 36.1608992),,,"former movie theater in Nashville, Tennessee, United States"
http://www.wikidata.org/entity/Q43296156,Orpheum Theatre,Point(-86.781841 36.1608992),,,"former movie theater in Nashville, Tennessee, United States"
http://www.wikidata.org/entity/Q43296156,Orpheum Theatre,Point(-86.781841 36.1608992),,,"former movie theater in Nashville, Tennessee, United States"
http://www.wikidata.org/entity/Q43296162,Paramount Theatre,Point(-86.783407 36.161435),,,"former movie theater in Nashville, Tennessee, United States"
http://www.wikidata.org/entity/Q43296162,Paramount Theatre,Point(-86.783407 36.161435),,,"former movie theater in Nashville, Tennessee, United States"
http://www.wikidata.org/entity/Q43296162,Paramount Theatre,Point(-86.783407 36.161435),,,"former movie theater in Nashville, Tennessee, United States"
http://www.wikidata.org/entity/Q43296162,Paramount Theatre,Point(-86.783407 36.161435),,,"former movie theater in Nashville, Tennessee, United States"
http://www.wikidata.org/entity/Q43296162,Paramount Theatre,Point(-86.783407 36.161435),,,"former movie theater in Nashville, Tennessee, United States"
http://www.wikidata.org/entity/Q43296162,Paramount Theatre,Point(-86.783407 36.161435),,,"former movie theater in Nashville, Tennessee, United States"
http://www.wikidata.org/entity/Q43296162,Paramount Theatre,Point(-86.783407 36.161435),,,"former movie theater in Nashville, Tennessee, United States"
http://www.wikidata.org/entity/Q43296162,Paramount Theatre,Point(-86.783407 36.161435),,,"former movie theater in Nashville, Tennessee, United States"
http://www.wikidata.org/entity/Q43296162,Paramount Theatre,Point(-86.783407 36.161435),,,"former movie theater in Nashville, Tennessee, United States"
http://www.wikidata.org/entity/Q43296162,Paramount Theatre,Point(-86.783407 36.161435),,,"former movie theater in Nashville, Tennessee, United States"
http://www.wikidata.org/entity/Q43296162,Paramount Theatre,Point(-86.783407 36.161435),,,"former movie theater in Nashville, Tennessee, United States"
http://www.wikidata.org/entity/Q43296162,Paramount Theatre,Point(-86.783407 36.161435),,,"former movie theater in Nashville, Tennessee, United States"
http://www.wikidata.org/entity/Q43296162,Paramount Theatre,Point(-86.783407 36.161435),,,"former movie theater in Nashville, Tennessee, United States"
http://www.wikidata.org/entity/Q43296162,Paramount Theatre,Point(-86.783407 36.161435),,,"former movie theater in Nashville, Tennessee, United States"
http://www.wikidata.org/entity/Q43296162,Paramount Theatre,Point(-86.783407 36.161435),,,"former movie theater in Nashville, Tennessee, United States"
http://www.wikidata.org/entity/Q43296162,Paramount Theatre,Point(-86.783407 36.161435),,,"former movie theater in Nashville, Tennessee, United States"
http://www.wikidata.org/entity/Q43296162,Paramount Theatre,Point(-86.783407 36.161435),,,"former movie theater in Nashville, Tennessee, United States"
http://www.wikidata.org/entity/Q43296162,Paramount Theatre,Point(-86.783407 36.161435),,,"former movie theater in Nashville, Tennessee, United States"
http://www.wikidata.org/entity/Q43296162,Paramount Theatre,Point(-86.783407 36.161435),,,"former movie theater in Nashville, Tennessee, United States"
http://www.wikidata.org/entity/Q43296162,Paramount Theatre,Point(-86.783407 36.161435),,,"former movie theater in Nashville, Tennessee, United States"
http://www.wikidata.org/entity/Q43296162,Paramount Theatre,Point(-86.783407 36.161435),,,"former movie theater in Nashville, Tennessee, United States"
http://www.wikidata.org/entity/Q43296162,Paramount Theatre,Point(-86.783407 36.161435),,,"former movie theater in Nashville, Tennessee, United States"
http://www.wikidata.org/entity/Q43296162,Paramount Theatre,Point(-86.783407 36.161435),,,"former movie theater in Nashville, Tennessee, United States"
http://www.wikidata.org/entity/Q43296162,Paramount Theatre,Point(-86.783407 36.161435),,,"former movie theater in Nashville, Tennessee, United States"
http://www.wikidata.org/entity/Q43296162,Paramount Theatre,Point(-86.783407 36.161435),,,"former movie theater in Nashville, Tennessee, United States"
http://www.wikidata.org/entity/Q43296162,Paramount Theatre,Point(-86.783407 36.161435),,,"former movie theater in Nashville, Tennessee, United States"
http://www.wikidata.org/entity/Q43296168,Parthenon Theatre,Point(-86.779334 36.163258),,,"former movie theater in Nashville, Tennessee, United States"
http://www.wikidata.org/entity/Q43296168,Parthenon Theatre,Point(-86.779334 36.163258),,,"former movie theater in Nashville, Tennessee, United States"
http://www.wikidata.org/entity/Q43296168,Parthenon Theatre,Point(-86.779334 36.163258),,,"former movie theater in Nashville, Tennessee, United States"
http://www.wikidata.org/entity/Q43296168,Parthenon Theatre,Point(-86.779334 36.163258),,,"former movie theater in Nashville, Tennessee, United States"
http://www.wikidata.org/entity/Q43296168,Parthenon Theatre,Point(-86.779334 36.163258),,,"former movie theater in Nashville, Tennessee, United States"
http://www.wikidata.org/entity/Q43296168,Parthenon Theatre,Point(-86.779334 36.163258),,,"former movie theater in Nashville, Tennessee, United States"
http://www.wikidata.org/entity/Q43296168,Parthenon Theatre,Point(-86.779334 36.163258),,,"former movie theater in Nashville, Tennessee, United States"
http://www.wikidata.org/entity/Q43296168,Parthenon Theatre,Point(-86.779334 36.163258),,,"former movie theater in Nashville, Tennessee, United States"
http://www.wikidata.org/entity/Q43296168,Parthenon Theatre,Point(-86.779334 36.163258),,,"former movie theater in Nashville, Tennessee, United States"
http://www.wikidata.org/entity/Q43296168,Parthenon Theatre,Point(-86.779334 36.163258),,,"former movie theater in Nashville, Tennessee, United States"
http://www.wikidata.org/entity/Q43296168,Parthenon Theatre,Point(-86.779334 36.163258),,,"former movie theater in Nashville, Tennessee, United States"
http://www.wikidata.org/entity/Q43296168,Parthenon Theatre,Point(-86.779334 36.163258),,,"former movie theater in Nashville, Tennessee, United States"
http://www.wikidata.org/entity/Q43296168,Parthenon Theatre,Point(-86.779334 36.163258),,,"former movie theater in Nashville, Tennessee, United States"
http://www.wikidata.org/entity/Q43296168,Parthenon Theatre,Point(-86.779334 36.163258),,,"former movie theater in Nashville, Tennessee, United States"
http://www.wikidata.org/entity/Q43296168,Parthenon Theatre,Point(-86.779334 36.163258),,,"former movie theater in Nashville, Tennessee, United States"
http://www.wikidata.org/entity/Q43296168,Parthenon Theatre,Point(-86.779334 36.163258),,,"former movie theater in Nashville, Tennessee, United States"
http://www.wikidata.org/entity/Q43296168,Parthenon Theatre,Point(-86.779334 36.163258),,,"former movie theater in Nashville, Tennessee, United States"
http://www.wikidata.org/entity/Q43296168,Parthenon Theatre,Point(-86.779334 36.163258),,,"former movie theater in Nashville, Tennessee, United States"
http://www.wikidata.org/entity/Q43296168,Parthenon Theatre,Point(-86.779334 36.163258),,,"former movie theater in Nashville, Tennessee, United States"
http://www.wikidata.org/entity/Q43296168,Parthenon Theatre,Point(-86.779334 36.163258),,,"former movie theater in Nashville, Tennessee, United States"
http://www.wikidata.org/entity/Q43296168,Parthenon Theatre,Point(-86.779334 36.163258),,,"former movie theater in Nashville, Tennessee, United States"
http://www.wikidata.org/entity/Q43296168,Parthenon Theatre,Point(-86.779334 36.163258),,,"former movie theater in Nashville, Tennessee, United States"
http://www.wikidata.org/entity/Q43296168,Parthenon Theatre,Point(-86.779334 36.163258),,,"former movie theater in Nashville, Tennessee, United States"
http://www.wikidata.org/entity/Q43296168,Parthenon Theatre,Point(-86.779334 36.163258),,,"former movie theater in Nashville, Tennessee, United States"
http://www.wikidata.org/entity/Q43296168,Parthenon Theatre,Point(-86.779334 36.163258),,,"former movie theater in Nashville, Tennessee, United States"
http://www.wikidata.org/entity/Q43296168,Parthenon Theatre,Point(-86.779334 36.163258),,,"former movie theater in Nashville, Tennessee, United States"
http://www.wikidata.org/entity/Q43296175,Princess Theatre,Point(-86.7805171 36.1630119),,,"former movie theater in Nashville, Tennessee, United States"
http://www.wikidata.org/entity/Q43296175,Princess Theatre,Point(-86.7805171 36.1630119),,,"former movie theater in Nashville, Tennessee, United States"
http://www.wikidata.org/entity/Q43296175,Princess Theatre,Point(-86.7805171 36.1630119),,,"former movie theater in Nashville, Tennessee, United States"
http://www.wikidata.org/entity/Q43296175,Princess Theatre,Point(-86.7805171 36.1630119),,,"former movie theater in Nashville, Tennessee, United States"
http://www.wikidata.org/entity/Q43296175,Princess Theatre,Point(-86.7805171 36.1630119),,,"former movie theater in Nashville, Tennessee, United States"
http://www.wikidata.org/entity/Q43296175,Princess Theatre,Point(-86.7805171 36.1630119),,,"former movie theater in Nashville, Tennessee, United States"
http://www.wikidata.org/entity/Q43296175,Princess Theatre,Point(-86.7805171 36.1630119),,,"former movie theater in Nashville, Tennessee, United States"
http://www.wikidata.org/entity/Q43296175,Princess Theatre,Point(-86.7805171 36.1630119),,,"former movie theater in Nashville, Tennessee, United States"
http://www.wikidata.org/entity/Q43296175,Princess Theatre,Point(-86.7805171 36.1630119),,,"former movie theater in Nashville, Tennessee, United States"
http://www.wikidata.org/entity/Q43296175,Princess Theatre,Point(-86.7805171 36.1630119),,,"former movie theater in Nashville, Tennessee, United States"
http://www.wikidata.org/entity/Q43296175,Princess Theatre,Point(-86.7805171 36.1630119),,,"former movie theater in Nashville, Tennessee, United States"
http://www.wikidata.org/entity/Q43296175,Princess Theatre,Point(-86.7805171 36.1630119),,,"former movie theater in Nashville, Tennessee, United States"
http://www.wikidata.org/entity/Q43296175,Princess Theatre,Point(-86.7805171 36.1630119),,,"former movie theater in Nashville, Tennessee, United States"
http://www.wikidata.org/entity/Q43296175,Princess Theatre,Point(-86.7805171 36.1630119),,,"former movie theater in Nashville, Tennessee, United States"
http://www.wikidata.org/entity/Q43296175,Princess Theatre,Point(-86.7805171 36.1630119),,,"former movie theater in Nashville, Tennessee, United States"
http://www.wikidata.org/entity/Q43296175,Princess Theatre,Point(-86.7805171 36.1630119),,,"former movie theater in Nashville, Tennessee, United States"
http://www.wikidata.org/entity/Q43296175,Princess Theatre,Point(-86.7805171 36.1630119),,,"former movie theater in Nashville, Tennessee, United States"
http://www.wikidata.org/entity/Q43296175,Princess Theatre,Point(-86.7805171 36.1630119),,,"former movie theater in Nashville, Tennessee, United States"
http://www.wikidata.org/entity/Q43296175,Princess Theatre,Point(-86.7805171 36.1630119),,,"former movie theater in Nashville, Tennessee, United States"
http://www.wikidata.org/entity/Q43296175,Princess Theatre,Point(-86.7805171 36.1630119),,,"former movie theater in Nashville, Tennessee, United States"
http://www.wikidata.org/entity/Q43296175,Princess Theatre,Point(-86.7805171 36.1630119),,,"former movie theater in Nashville, Tennessee, United States"
http://www.wikidata.org/entity/Q43296175,Princess Theatre,Point(-86.7805171 36.1630119),,,"former movie theater in Nashville, Tennessee, United States"
http://www.wikidata.org/entity/Q43296175,Princess Theatre,Point(-86.7805171 36.1630119),,,"former movie theater in Nashville, Tennessee, United States"
http://www.wikidata.org/entity/Q43296175,Princess Theatre,Point(-86.7805171 36.1630119),,,"former movie theater in Nashville, Tennessee, United States"
http://www.wikidata.org/entity/Q43296175,Princess Theatre,Point(-86.7805171 36.1630119),,,"former movie theater in Nashville, Tennessee, United States"
http://www.wikidata.org/entity/Q43296175,Princess Theatre,Point(-86.7805171 36.1630119),,,"former movie theater in Nashville, Tennessee, United States"
http://www.wikidata.org/entity/Q43296182,Regal Hollywood 27-Nashville,Point(-86.763679 36.107437),,http://www.regalcinemas.com,"movie theater in Nashville, Tennessee, United States"
http://www.wikidata.org/entity/Q43296182,Regal Hollywood 27-Nashville,Point(-86.763679 36.107437),,http://www.regalcinemas.com,"movie theater in Nashville, Tennessee, United States"
http://www.wikidata.org/entity/Q43296182,Regal Hollywood 27-Nashville,Point(-86.763679 36.107437),,http://www.regalcinemas.com,"movie theater in Nashville, Tennessee, United States"
http://www.wikidata.org/entity/Q43296182,Regal Hollywood 27-Nashville,Point(-86.763679 36.107437),,http://www.regalcinemas.com,"movie theater in Nashville, Tennessee, United States"
http://www.wikidata.org/entity/Q43296182,Regal Hollywood 27-Nashville,Point(-86.763679 36.107437),,http://www.regalcinemas.com,"movie theater in Nashville, Tennessee, United States"
http://www.wikidata.org/entity/Q43296182,Regal Hollywood 27-Nashville,Point(-86.763679 36.107437),,http://www.regalcinemas.com,"movie theater in Nashville, Tennessee, United States"
http://www.wikidata.org/entity/Q43296182,Regal Hollywood 27-Nashville,Point(-86.763679 36.107437),,http://www.regalcinemas.com,"movie theater in Nashville, Tennessee, United States"
http://www.wikidata.org/entity/Q43296182,Regal Hollywood 27-Nashville,Point(-86.763679 36.107437),,http://www.regalcinemas.com,"movie theater in Nashville, Tennessee, United States"
http://www.wikidata.org/entity/Q43296182,Regal Hollywood 27-Nashville,Point(-86.763679 36.107437),,http://www.regalcinemas.com,"movie theater in Nashville, Tennessee, United States"
http://www.wikidata.org/entity/Q43296182,Regal Hollywood 27-Nashville,Point(-86.763679 36.107437),,http://www.regalcinemas.com,"movie theater in Nashville, Tennessee, United States"
http://www.wikidata.org/entity/Q43296182,Regal Hollywood 27-Nashville,Point(-86.763679 36.107437),,http://www.regalcinemas.com,"movie theater in Nashville, Tennessee, United States"
http://www.wikidata.org/entity/Q43296182,Regal Hollywood 27-Nashville,Point(-86.763679 36.107437),,http://www.regalcinemas.com,"movie theater in Nashville, Tennessee, United States"
http://www.wikidata.org/entity/Q43296182,Regal Hollywood 27-Nashville,Point(-86.763679 36.107437),,http://www.regalcinemas.com,"movie theater in Nashville, Tennessee, United States"
http://www.wikidata.org/entity/Q43296182,Regal Hollywood 27-Nashville,Point(-86.763679 36.107437),,http://www.regalcinemas.com,"movie theater in Nashville, Tennessee, United States"
http://www.wikidata.org/entity/Q43296182,Regal Hollywood 27-Nashville,Point(-86.763679 36.107437),,http://www.regalcinemas.com,"movie theater in Nashville, Tennessee, United States"
http://www.wikidata.org/entity/Q43296182,Regal Hollywood 27-Nashville,Point(-86.763679 36.107437),,http://www.regalcinemas.com,"movie theater in Nashville, Tennessee, United States"
http://www.wikidata.org/entity/Q43296182,Regal Hollywood 27-Nashville,Point(-86.763679 36.107437),,http://www.regalcinemas.com,"movie theater in Nashville, Tennessee, United States"
http://www.wikidata.org/entity/Q43296182,Regal Hollywood 27-Nashville,Point(-86.763679 36.107437),,http://www.regalcinemas.com,"movie theater in Nashville, Tennessee, United States"
http://www.wikidata.org/entity/Q43296182,Regal Hollywood 27-Nashville,Point(-86.763679 36.107437),,http://www.regalcinemas.com,"movie theater in Nashville, Tennessee, United States"
http://www.wikidata.org/entity/Q43296182,Regal Hollywood 27-Nashville,Point(-86.763679 36.107437),,http://www.regalcinemas.com,"movie theater in Nashville, Tennessee, United States"
http://www.wikidata.org/entity/Q43296182,Regal Hollywood 27-Nashville,Point(-86.763679 36.107437),,http://www.regalcinemas.com,"movie theater in Nashville, Tennessee, United States"
http://www.wikidata.org/entity/Q43296182,Regal Hollywood 27-Nashville,Point(-86.763679 36.107437),,http://www.regalcinemas.com,"movie theater in Nashville, Tennessee, United States"
http://www.wikidata.org/entity/Q43296182,Regal Hollywood 27-Nashville,Point(-86.763679 36.107437),,http://www.regalcinemas.com,"movie theater in Nashville, Tennessee, United States"
http://www.wikidata.org/entity/Q43296182,Regal Hollywood 27-Nashville,Point(-86.763679 36.107437),,http://www.regalcinemas.com,"movie theater in Nashville, Tennessee, United States"
http://www.wikidata.org/entity/Q43296182,Regal Hollywood 27-Nashville,Point(-86.763679 36.107437),,http://www.regalcinemas.com,"movie theater in Nashville, Tennessee, United States"
http://www.wikidata.org/entity/Q43296182,Regal Hollywood 27-Nashville,Point(-86.763679 36.107437),,http://www.regalcinemas.com,"movie theater in Nashville, Tennessee, United States"
http://www.wikidata.org/entity/Q43296188,Regal Opry Mills 20 & IMAX,Point(-86.693634 36.20378),,http://www.regalcinemas.com,"movie theater in Nashville, Tennessee, United States"
http://www.wikidata.org/entity/Q43296188,Regal Opry Mills 20 & IMAX,Point(-86.693634 36.20378),,http://www.regalcinemas.com,"movie theater in Nashville, Tennessee, United States"
http://www.wikidata.org/entity/Q43296188,Regal Opry Mills 20 & IMAX,Point(-86.693634 36.20378),,http://www.regalcinemas.com,"movie theater in Nashville, Tennessee, United States"
http://www.wikidata.org/entity/Q43296188,Regal Opry Mills 20 & IMAX,Point(-86.693634 36.20378),,http://www.regalcinemas.com,"movie theater in Nashville, Tennessee, United States"
http://www.wikidata.org/entity/Q43296188,Regal Opry Mills 20 & IMAX,Point(-86.693634 36.20378),,http://www.regalcinemas.com,"movie theater in Nashville, Tennessee, United States"
http://www.wikidata.org/entity/Q43296188,Regal Opry Mills 20 & IMAX,Point(-86.693634 36.20378),,http://www.regalcinemas.com,"movie theater in Nashville, Tennessee, United States"
http://www.wikidata.org/entity/Q43296188,Regal Opry Mills 20 & IMAX,Point(-86.693634 36.20378),,http://www.regalcinemas.com,"movie theater in Nashville, Tennessee, United States"
http://www.wikidata.org/entity/Q43296188,Regal Opry Mills 20 & IMAX,Point(-86.693634 36.20378),,http://www.regalcinemas.com,"movie theater in Nashville, Tennessee, United States"
http://www.wikidata.org/entity/Q43296188,Regal Opry Mills 20 & IMAX,Point(-86.693634 36.20378),,http://www.regalcinemas.com,"movie theater in Nashville, Tennessee, United States"
http://www.wikidata.org/entity/Q43296188,Regal Opry Mills 20 & IMAX,Point(-86.693634 36.20378),,http://www.regalcinemas.com,"movie theater in Nashville, Tennessee, United States"
http://www.wikidata.org/entity/Q43296188,Regal Opry Mills 20 & IMAX,Point(-86.693634 36.20378),,http://www.regalcinemas.com,"movie theater in Nashville, Tennessee, United States"
http://www.wikidata.org/entity/Q43296188,Regal Opry Mills 20 & IMAX,Point(-86.693634 36.20378),,http://www.regalcinemas.com,"movie theater in Nashville, Tennessee, United States"
http://www.wikidata.org/entity/Q43296188,Regal Opry Mills 20 & IMAX,Point(-86.693634 36.20378),,http://www.regalcinemas.com,"movie theater in Nashville, Tennessee, United States"
http://www.wikidata.org/entity/Q43296188,Regal Opry Mills 20 & IMAX,Point(-86.693634 36.20378),,http://www.regalcinemas.com,"movie theater in Nashville, Tennessee, United States"
http://www.wikidata.org/entity/Q43296188,Regal Opry Mills 20 & IMAX,Point(-86.693634 36.20378),,http://www.regalcinemas.com,"movie theater in Nashville, Tennessee, United States"
http://www.wikidata.org/entity/Q43296188,Regal Opry Mills 20 & IMAX,Point(-86.693634 36.20378),,http://www.regalcinemas.com,"movie theater in Nashville, Tennessee, United States"
http://www.wikidata.org/entity/Q43296188,Regal Opry Mills 20 & IMAX,Point(-86.693634 36.20378),,http://www.regalcinemas.com,"movie theater in Nashville, Tennessee, United States"
http://www.wikidata.org/entity/Q43296188,Regal Opry Mills 20 & IMAX,Point(-86.693634 36.20378),,http://www.regalcinemas.com,"movie theater in Nashville, Tennessee, United States"
http://www.wikidata.org/entity/Q43296188,Regal Opry Mills 20 & IMAX,Point(-86.693634 36.20378),,http://www.regalcinemas.com,"movie theater in Nashville, Tennessee, United States"
http://www.wikidata.org/entity/Q43296188,Regal Opry Mills 20 & IMAX,Point(-86.693634 36.20378),,http://www.regalcinemas.com,"movie theater in Nashville, Tennessee, United States"
http://www.wikidata.org/entity/Q43296188,Regal Opry Mills 20 & IMAX,Point(-86.693634 36.20378),,http://www.regalcinemas.com,"movie theater in Nashville, Tennessee, United States"
http://www.wikidata.org/entity/Q43296188,Regal Opry Mills 20 & IMAX,Point(-86.693634 36.20378),,http://www.regalcinemas.com,"movie theater in Nashville, Tennessee, United States"
http://www.wikidata.org/entity/Q43296188,Regal Opry Mills 20 & IMAX,Point(-86.693634 36.20378),,http://www.regalcinemas.com,"movie theater in Nashville, Tennessee, United States"
http://www.wikidata.org/entity/Q43296188,Regal Opry Mills 20 & IMAX,Point(-86.693634 36.20378),,http://www.regalcinemas.com,"movie theater in Nashville, Tennessee, United States"
http://www.wikidata.org/entity/Q43296188,Regal Opry Mills 20 & IMAX,Point(-86.693634 36.20378),,http://www.regalcinemas.com,"movie theater in Nashville, Tennessee, United States"
http://www.wikidata.org/entity/Q43296188,Regal Opry Mills 20 & IMAX,Point(-86.693634 36.20378),,http://www.regalcinemas.com,"movie theater in Nashville, Tennessee, United States"
http://www.wikidata.org/entity/Q43296194,Rex Theatre,Point(-86.7794366 36.1620582),,,"former movie theater in Nashville, Tennessee, United States"
http://www.wikidata.org/entity/Q43296194,Rex Theatre,Point(-86.7794366 36.1620582),,,"former movie theater in Nashville, Tennessee, United States"
http://www.wikidata.org/entity/Q43296194,Rex Theatre,Point(-86.7794366 36.1620582),,,"former movie theater in Nashville, Tennessee, United States"
http://www.wikidata.org/entity/Q43296194,Rex Theatre,Point(-86.7794366 36.1620582),,,"former movie theater in Nashville, Tennessee, United States"
http://www.wikidata.org/entity/Q43296194,Rex Theatre,Point(-86.7794366 36.1620582),,,"former movie theater in Nashville, Tennessee, United States"
http://www.wikidata.org/entity/Q43296194,Rex Theatre,Point(-86.7794366 36.1620582),,,"former movie theater in Nashville, Tennessee, United States"
http://www.wikidata.org/entity/Q43296194,Rex Theatre,Point(-86.7794366 36.1620582),,,"former movie theater in Nashville, Tennessee, United States"
http://www.wikidata.org/entity/Q43296194,Rex Theatre,Point(-86.7794366 36.1620582),,,"former movie theater in Nashville, Tennessee, United States"
http://www.wikidata.org/entity/Q43296194,Rex Theatre,Point(-86.7794366 36.1620582),,,"former movie theater in Nashville, Tennessee, United States"
http://www.wikidata.org/entity/Q43296194,Rex Theatre,Point(-86.7794366 36.1620582),,,"former movie theater in Nashville, Tennessee, United States"
http://www.wikidata.org/entity/Q43296194,Rex Theatre,Point(-86.7794366 36.1620582),,,"former movie theater in Nashville, Tennessee, United States"
http://www.wikidata.org/entity/Q43296194,Rex Theatre,Point(-86.7794366 36.1620582),,,"former movie theater in Nashville, Tennessee, United States"
http://www.wikidata.org/entity/Q43296194,Rex Theatre,Point(-86.7794366 36.1620582),,,"former movie theater in Nashville, Tennessee, United States"
http://www.wikidata.org/entity/Q43296194,Rex Theatre,Point(-86.7794366 36.1620582),,,"former movie theater in Nashville, Tennessee, United States"
http://www.wikidata.org/entity/Q43296194,Rex Theatre,Point(-86.7794366 36.1620582),,,"former movie theater in Nashville, Tennessee, United States"
http://www.wikidata.org/entity/Q43296194,Rex Theatre,Point(-86.7794366 36.1620582),,,"former movie theater in Nashville, Tennessee, United States"
http://www.wikidata.org/entity/Q43296194,Rex Theatre,Point(-86.7794366 36.1620582),,,"former movie theater in Nashville, Tennessee, United States"
http://www.wikidata.org/entity/Q43296194,Rex Theatre,Point(-86.7794366 36.1620582),,,"former movie theater in Nashville, Tennessee, United States"
http://www.wikidata.org/entity/Q43296194,Rex Theatre,Point(-86.7794366 36.1620582),,,"former movie theater in Nashville, Tennessee, United States"
http://www.wikidata.org/entity/Q43296194,Rex Theatre,Point(-86.7794366 36.1620582),,,"former movie theater in Nashville, Tennessee, United States"
http://www.wikidata.org/entity/Q43296194,Rex Theatre,Point(-86.7794366 36.1620582),,,"former movie theater in Nashville, Tennessee, United States"
http://www.wikidata.org/entity/Q43296194,Rex Theatre,Point(-86.7794366 36.1620582),,,"former movie theater in Nashville, Tennessee, United States"
http://www.wikidata.org/entity/Q43296194,Rex Theatre,Point(-86.7794366 36.1620582),,,"former movie theater in Nashville, Tennessee, United States"
http://www.wikidata.org/entity/Q43296194,Rex Theatre,Point(-86.7794366 36.1620582),,,"former movie theater in Nashville, Tennessee, United States"
http://www.wikidata.org/entity/Q43296194,Rex Theatre,Point(-86.7794366 36.1620582),,,"former movie theater in Nashville, Tennessee, United States"
http://www.wikidata.org/entity/Q43296194,Rex Theatre,Point(-86.7794366 36.1620582),,,"former movie theater in Nashville, Tennessee, United States"
http://www.wikidata.org/entity/Q43296201,Rialto Theatre,Point(-86.7796245 36.1623495),,,"former movie theater in Nashville, Tennessee, United States"
http://www.wikidata.org/entity/Q43296201,Rialto Theatre,Point(-86.7796245 36.1623495),,,"former movie theater in Nashville, Tennessee, United States"
http://www.wikidata.org/entity/Q43296201,Rialto Theatre,Point(-86.7796245 36.1623495),,,"former movie theater in Nashville, Tennessee, United States"
http://www.wikidata.org/entity/Q43296201,Rialto Theatre,Point(-86.7796245 36.1623495),,,"former movie theater in Nashville, Tennessee, United States"
http://www.wikidata.org/entity/Q43296201,Rialto Theatre,Point(-86.7796245 36.1623495),,,"former movie theater in Nashville, Tennessee, United States"
http://www.wikidata.org/entity/Q43296201,Rialto Theatre,Point(-86.7796245 36.1623495),,,"former movie theater in Nashville, Tennessee, United States"
http://www.wikidata.org/entity/Q43296201,Rialto Theatre,Point(-86.7796245 36.1623495),,,"former movie theater in Nashville, Tennessee, United States"
http://www.wikidata.org/entity/Q43296201,Rialto Theatre,Point(-86.7796245 36.1623495),,,"former movie theater in Nashville, Tennessee, United States"
http://www.wikidata.org/entity/Q43296201,Rialto Theatre,Point(-86.7796245 36.1623495),,,"former movie theater in Nashville, Tennessee, United States"
http://www.wikidata.org/entity/Q43296201,Rialto Theatre,Point(-86.7796245 36.1623495),,,"former movie theater in Nashville, Tennessee, United States"
http://www.wikidata.org/entity/Q43296201,Rialto Theatre,Point(-86.7796245 36.1623495),,,"former movie theater in Nashville, Tennessee, United States"
http://www.wikidata.org/entity/Q43296201,Rialto Theatre,Point(-86.7796245 36.1623495),,,"former movie theater in Nashville, Tennessee, United States"
http://www.wikidata.org/entity/Q43296201,Rialto Theatre,Point(-86.7796245 36.1623495),,,"former movie theater in Nashville, Tennessee, United States"
http://www.wikidata.org/entity/Q43296201,Rialto Theatre,Point(-86.7796245 36.1623495),,,"former movie theater in Nashville, Tennessee, United States"
http://www.wikidata.org/entity/Q43296201,Rialto Theatre,Point(-86.7796245 36.1623495),,,"former movie theater in Nashville, Tennessee, United States"
http://www.wikidata.org/entity/Q43296201,Rialto Theatre,Point(-86.7796245 36.1623495),,,"former movie theater in Nashville, Tennessee, United States"
http://www.wikidata.org/entity/Q43296201,Rialto Theatre,Point(-86.7796245 36.1623495),,,"former movie theater in Nashville, Tennessee, United States"
http://www.wikidata.org/entity/Q43296201,Rialto Theatre,Point(-86.7796245 36.1623495),,,"former movie theater in Nashville, Tennessee, United States"
http://www.wikidata.org/entity/Q43296201,Rialto Theatre,Point(-86.7796245 36.1623495),,,"former movie theater in Nashville, Tennessee, United States"
http://www.wikidata.org/entity/Q43296201,Rialto Theatre,Point(-86.7796245 36.1623495),,,"former movie theater in Nashville, Tennessee, United States"
http://www.wikidata.org/entity/Q43296201,Rialto Theatre,Point(-86.7796245 36.1623495),,,"former movie theater in Nashville, Tennessee, United States"
http://www.wikidata.org/entity/Q43296201,Rialto Theatre,Point(-86.7796245 36.1623495),,,"former movie theater in Nashville, Tennessee, United States"
http://www.wikidata.org/entity/Q43296201,Rialto Theatre,Point(-86.7796245 36.1623495),,,"former movie theater in Nashville, Tennessee, United States"
http://www.wikidata.org/entity/Q43296201,Rialto Theatre,Point(-86.7796245 36.1623495),,,"former movie theater in Nashville, Tennessee, United States"
http://www.wikidata.org/entity/Q43296201,Rialto Theatre,Point(-86.7796245 36.1623495),,,"former movie theater in Nashville, Tennessee, United States"
http://www.wikidata.org/entity/Q43296201,Rialto Theatre,Point(-86.7796245 36.1623495),,,"former movie theater in Nashville, Tennessee, United States"
http://www.wikidata.org/entity/Q43296207,Sarratt Cinema,Point(-86.8054003 36.1450076),,http://vanderbilt.edu/sarratt/cinema,"movie theater in Nashville, Tennessee, United States"
http://www.wikidata.org/entity/Q43296207,Sarratt Cinema,Point(-86.8054003 36.1450076),,http://vanderbilt.edu/sarratt/cinema,"movie theater in Nashville, Tennessee, United States"
http://www.wikidata.org/entity/Q43296207,Sarratt Cinema,Point(-86.8054003 36.1450076),,http://vanderbilt.edu/sarratt/cinema,"movie theater in Nashville, Tennessee, United States"
http://www.wikidata.org/entity/Q43296207,Sarratt Cinema,Point(-86.8054003 36.1450076),,http://vanderbilt.edu/sarratt/cinema,"movie theater in Nashville, Tennessee, United States"
http://www.wikidata.org/entity/Q43296207,Sarratt Cinema,Point(-86.8054003 36.1450076),,http://vanderbilt.edu/sarratt/cinema,"movie theater in Nashville, Tennessee, United States"
http://www.wikidata.org/entity/Q43296207,Sarratt Cinema,Point(-86.8054003 36.1450076),,http://vanderbilt.edu/sarratt/cinema,"movie theater in Nashville, Tennessee, United States"
http://www.wikidata.org/entity/Q43296207,Sarratt Cinema,Point(-86.8054003 36.1450076),,http://vanderbilt.edu/sarratt/cinema,"movie theater in Nashville, Tennessee, United States"
http://www.wikidata.org/entity/Q43296207,Sarratt Cinema,Point(-86.8054003 36.1450076),,http://vanderbilt.edu/sarratt/cinema,"movie theater in Nashville, Tennessee, United States"
http://www.wikidata.org/entity/Q43296207,Sarratt Cinema,Point(-86.8054003 36.1450076),,http://vanderbilt.edu/sarratt/cinema,"movie theater in Nashville, Tennessee, United States"
http://www.wikidata.org/entity/Q43296207,Sarratt Cinema,Point(-86.8054003 36.1450076),,http://vanderbilt.edu/sarratt/cinema,"movie theater in Nashville, Tennessee, United States"
http://www.wikidata.org/entity/Q43296207,Sarratt Cinema,Point(-86.8054003 36.1450076),,http://vanderbilt.edu/sarratt/cinema,"movie theater in Nashville, Tennessee, United States"
http://www.wikidata.org/entity/Q43296207,Sarratt Cinema,Point(-86.8054003 36.1450076),,http://vanderbilt.edu/sarratt/cinema,"movie theater in Nashville, Tennessee, United States"
http://www.wikidata.org/entity/Q43296207,Sarratt Cinema,Point(-86.8054003 36.1450076),,http://vanderbilt.edu/sarratt/cinema,"movie theater in Nashville, Tennessee, United States"
http://www.wikidata.org/entity/Q43296207,Sarratt Cinema,Point(-86.8054003 36.1450076),,http://vanderbilt.edu/sarratt/cinema,"movie theater in Nashville, Tennessee, United States"
http://www.wikidata.org/entity/Q43296207,Sarratt Cinema,Point(-86.8054003 36.1450076),,http://vanderbilt.edu/sarratt/cinema,"movie theater in Nashville, Tennessee, United States"
http://www.wikidata.org/entity/Q43296207,Sarratt Cinema,Point(-86.8054003 36.1450076),,http://vanderbilt.edu/sarratt/cinema,"movie theater in Nashville, Tennessee, United States"
http://www.wikidata.org/entity/Q43296207,Sarratt Cinema,Point(-86.8054003 36.1450076),,http://vanderbilt.edu/sarratt/cinema,"movie theater in Nashville, Tennessee, United States"
http://www.wikidata.org/entity/Q43296207,Sarratt Cinema,Point(-86.8054003 36.1450076),,http://vanderbilt.edu/sarratt/cinema,"movie theater in Nashville, Tennessee, United States"
http://www.wikidata.org/entity/Q43296207,Sarratt Cinema,Point(-86.8054003 36.1450076),,http://vanderbilt.edu/sarratt/cinema,"movie theater in Nashville, Tennessee, United States"
http://www.wikidata.org/entity/Q43296207,Sarratt Cinema,Point(-86.8054003 36.1450076),,http://vanderbilt.edu/sarratt/cinema,"movie theater in Nashville, Tennessee, United States"
http://www.wikidata.org/entity/Q43296207,Sarratt Cinema,Point(-86.8054003 36.1450076),,http://vanderbilt.edu/sarratt/cinema,"movie theater in Nashville, Tennessee, United States"
http://www.wikidata.org/entity/Q43296207,Sarratt Cinema,Point(-86.8054003 36.1450076),,http://vanderbilt.edu/sarratt/cinema,"movie theater in Nashville, Tennessee, United States"
http://www.wikidata.org/entity/Q43296207,Sarratt Cinema,Point(-86.8054003 36.1450076),,http://vanderbilt.edu/sarratt/cinema,"movie theater in Nashville, Tennessee, United States"
http://www.wikidata.org/entity/Q43296207,Sarratt Cinema,Point(-86.8054003 36.1450076),,http://vanderbilt.edu/sarratt/cinema,"movie theater in Nashville, Tennessee, United States"
http://www.wikidata.org/entity/Q43296207,Sarratt Cinema,Point(-86.8054003 36.1450076),,http://vanderbilt.edu/sarratt/cinema,"movie theater in Nashville, Tennessee, United States"
http://www.wikidata.org/entity/Q43296207,Sarratt Cinema,Point(-86.8054003 36.1450076),,http://vanderbilt.edu/sarratt/cinema,"movie theater in Nashville, Tennessee, United States"
http://www.wikidata.org/entity/Q43296212,"Gem Theatre, Southside",Point(-86.7657451 36.1498084),,,"former movie theater in Nashville, Tennessee, United States"
http://www.wikidata.org/entity/Q43296212,"Gem Theatre, Southside",Point(-86.7657451 36.1498084),,,"former movie theater in Nashville, Tennessee, United States"
http://www.wikidata.org/entity/Q43296212,"Gem Theatre, Southside",Point(-86.7657451 36.1498084),,,"former movie theater in Nashville, Tennessee, United States"
http://www.wikidata.org/entity/Q43296212,"Gem Theatre, Southside",Point(-86.7657451 36.1498084),,,"former movie theater in Nashville, Tennessee, United States"
http://www.wikidata.org/entity/Q43296212,"Gem Theatre, Southside",Point(-86.7657451 36.1498084),,,"former movie theater in Nashville, Tennessee, United States"
http://www.wikidata.org/entity/Q43296212,"Gem Theatre, Southside",Point(-86.7657451 36.1498084),,,"former movie theater in Nashville, Tennessee, United States"
http://www.wikidata.org/entity/Q43296212,"Gem Theatre, Southside",Point(-86.7657451 36.1498084),,,"former movie theater in Nashville, Tennessee, United States"
http://www.wikidata.org/entity/Q43296212,"Gem Theatre, Southside",Point(-86.7657451 36.1498084),,,"former movie theater in Nashville, Tennessee, United States"
http://www.wikidata.org/entity/Q43296212,"Gem Theatre, Southside",Point(-86.7657451 36.1498084),,,"former movie theater in Nashville, Tennessee, United States"
http://www.wikidata.org/entity/Q43296212,"Gem Theatre, Southside",Point(-86.7657451 36.1498084),,,"former movie theater in Nashville, Tennessee, United States"
http://www.wikidata.org/entity/Q43296212,"Gem Theatre, Southside",Point(-86.7657451 36.1498084),,,"former movie theater in Nashville, Tennessee, United States"
http://www.wikidata.org/entity/Q43296212,"Gem Theatre, Southside",Point(-86.7657451 36.1498084),,,"former movie theater in Nashville, Tennessee, United States"
http://www.wikidata.org/entity/Q43296212,"Gem Theatre, Southside",Point(-86.7657451 36.1498084),,,"former movie theater in Nashville, Tennessee, United States"
http://www.wikidata.org/entity/Q43296212,"Gem Theatre, Southside",Point(-86.7657451 36.1498084),,,"former movie theater in Nashville, Tennessee, United States"
http://www.wikidata.org/entity/Q43296212,"Gem Theatre, Southside",Point(-86.7657451 36.1498084),,,"former movie theater in Nashville, Tennessee, United States"
http://www.wikidata.org/entity/Q43296212,"Gem Theatre, Southside",Point(-86.7657451 36.1498084),,,"former movie theater in Nashville, Tennessee, United States"
http://www.wikidata.org/entity/Q43296212,"Gem Theatre, Southside",Point(-86.7657451 36.1498084),,,"former movie theater in Nashville, Tennessee, United States"
http://www.wikidata.org/entity/Q43296212,"Gem Theatre, Southside",Point(-86.7657451 36.1498084),,,"former movie theater in Nashville, Tennessee, United States"
http://www.wikidata.org/entity/Q43296212,"Gem Theatre, Southside",Point(-86.7657451 36.1498084),,,"former movie theater in Nashville, Tennessee, United States"
http://www.wikidata.org/entity/Q43296212,"Gem Theatre, Southside",Point(-86.7657451 36.1498084),,,"former movie theater in Nashville, Tennessee, United States"
http://www.wikidata.org/entity/Q43296212,"Gem Theatre, Southside",Point(-86.7657451 36.1498084),,,"former movie theater in Nashville, Tennessee, United States"
http://www.wikidata.org/entity/Q43296212,"Gem Theatre, Southside",Point(-86.7657451 36.1498084),,,"former movie theater in Nashville, Tennessee, United States"
http://www.wikidata.org/entity/Q43296212,"Gem Theatre, Southside",Point(-86.7657451 36.1498084),,,"former movie theater in Nashville, Tennessee, United States"
http://www.wikidata.org/entity/Q43296212,"Gem Theatre, Southside",Point(-86.7657451 36.1498084),,,"former movie theater in Nashville, Tennessee, United States"
http://www.wikidata.org/entity/Q43296212,"Gem Theatre, Southside",Point(-86.7657451 36.1498084),,,"former movie theater in Nashville, Tennessee, United States"
http://www.wikidata.org/entity/Q43296212,"Gem Theatre, Southside",Point(-86.7657451 36.1498084),,,"former movie theater in Nashville, Tennessee, United States"
http://www.wikidata.org/entity/Q43296218,Star Theatre,Point(-86.7796133 36.1668148),,,"former movie theater in Nashville, Tennessee, United States"
http://www.wikidata.org/entity/Q43296218,Star Theatre,Point(-86.7796133 36.1668148),,,"former movie theater in Nashville, Tennessee, United States"
http://www.wikidata.org/entity/Q43296218,Star Theatre,Point(-86.7796133 36.1668148),,,"former movie theater in Nashville, Tennessee, United States"
http://www.wikidata.org/entity/Q43296218,Star Theatre,Point(-86.7796133 36.1668148),,,"former movie theater in Nashville, Tennessee, United States"
http://www.wikidata.org/entity/Q43296218,Star Theatre,Point(-86.7796133 36.1668148),,,"former movie theater in Nashville, Tennessee, United States"
http://www.wikidata.org/entity/Q43296218,Star Theatre,Point(-86.7796133 36.1668148),,,"former movie theater in Nashville, Tennessee, United States"
http://www.wikidata.org/entity/Q43296218,Star Theatre,Point(-86.7796133 36.1668148),,,"former movie theater in Nashville, Tennessee, United States"
http://www.wikidata.org/entity/Q43296218,Star Theatre,Point(-86.7796133 36.1668148),,,"former movie theater in Nashville, Tennessee, United States"
http://www.wikidata.org/entity/Q43296218,Star Theatre,Point(-86.7796133 36.1668148),,,"former movie theater in Nashville, Tennessee, United States"
http://www.wikidata.org/entity/Q43296218,Star Theatre,Point(-86.7796133 36.1668148),,,"former movie theater in Nashville, Tennessee, United States"
http://www.wikidata.org/entity/Q43296218,Star Theatre,Point(-86.7796133 36.1668148),,,"former movie theater in Nashville, Tennessee, United States"
http://www.wikidata.org/entity/Q43296218,Star Theatre,Point(-86.7796133 36.1668148),,,"former movie theater in Nashville, Tennessee, United States"
http://www.wikidata.org/entity/Q43296218,Star Theatre,Point(-86.7796133 36.1668148),,,"former movie theater in Nashville, Tennessee, United States"
http://www.wikidata.org/entity/Q43296218,Star Theatre,Point(-86.7796133 36.1668148),,,"former movie theater in Nashville, Tennessee, United States"
http://www.wikidata.org/entity/Q43296218,Star Theatre,Point(-86.7796133 36.1668148),,,"former movie theater in Nashville, Tennessee, United States"
http://www.wikidata.org/entity/Q43296218,Star Theatre,Point(-86.7796133 36.1668148),,,"former movie theater in Nashville, Tennessee, United States"
http://www.wikidata.org/entity/Q43296218,Star Theatre,Point(-86.7796133 36.1668148),,,"former movie theater in Nashville, Tennessee, United States"
http://www.wikidata.org/entity/Q43296218,Star Theatre,Point(-86.7796133 36.1668148),,,"former movie theater in Nashville, Tennessee, United States"
http://www.wikidata.org/entity/Q43296218,Star Theatre,Point(-86.7796133 36.1668148),,,"former movie theater in Nashville, Tennessee, United States"
http://www.wikidata.org/entity/Q43296218,Star Theatre,Point(-86.7796133 36.1668148),,,"former movie theater in Nashville, Tennessee, United States"
http://www.wikidata.org/entity/Q43296218,Star Theatre,Point(-86.7796133 36.1668148),,,"former movie theater in Nashville, Tennessee, United States"
http://www.wikidata.org/entity/Q43296218,Star Theatre,Point(-86.7796133 36.1668148),,,"former movie theater in Nashville, Tennessee, United States"
http://www.wikidata.org/entity/Q43296218,Star Theatre,Point(-86.7796133 36.1668148),,,"former movie theater in Nashville, Tennessee, United States"
http://www.wikidata.org/entity/Q43296218,Star Theatre,Point(-86.7796133 36.1668148),,,"former movie theater in Nashville, Tennessee, United States"
http://www.wikidata.org/entity/Q43296218,Star Theatre,Point(-86.7796133 36.1668148),,,"former movie theater in Nashville, Tennessee, United States"
http://www.wikidata.org/entity/Q43296218,Star Theatre,Point(-86.7796133 36.1668148),,,"former movie theater in Nashville, Tennessee, United States"
http://www.wikidata.org/entity/Q43296226,Welede Theatre,Point(-86.8467153 36.1520422),,,"former movie theater in Nashville, Tennessee, United States"
http://www.wikidata.org/entity/Q43296226,Welede Theatre,Point(-86.8467153 36.1520422),,,"former movie theater in Nashville, Tennessee, United States"
http://www.wikidata.org/entity/Q43296226,Welede Theatre,Point(-86.8467153 36.1520422),,,"former movie theater in Nashville, Tennessee, United States"
http://www.wikidata.org/entity/Q43296226,Welede Theatre,Point(-86.8467153 36.1520422),,,"former movie theater in Nashville, Tennessee, United States"
http://www.wikidata.org/entity/Q43296226,Welede Theatre,Point(-86.8467153 36.1520422),,,"former movie theater in Nashville, Tennessee, United States"
http://www.wikidata.org/entity/Q43296226,Welede Theatre,Point(-86.8467153 36.1520422),,,"former movie theater in Nashville, Tennessee, United States"
http://www.wikidata.org/entity/Q43296226,Welede Theatre,Point(-86.8467153 36.1520422),,,"former movie theater in Nashville, Tennessee, United States"
http://www.wikidata.org/entity/Q43296226,Welede Theatre,Point(-86.8467153 36.1520422),,,"former movie theater in Nashville, Tennessee, United States"
http://www.wikidata.org/entity/Q43296226,Welede Theatre,Point(-86.8467153 36.1520422),,,"former movie theater in Nashville, Tennessee, United States"
http://www.wikidata.org/entity/Q43296226,Welede Theatre,Point(-86.8467153 36.1520422),,,"former movie theater in Nashville, Tennessee, United States"
http://www.wikidata.org/entity/Q43296226,Welede Theatre,Point(-86.8467153 36.1520422),,,"former movie theater in Nashville, Tennessee, United States"
http://www.wikidata.org/entity/Q43296226,Welede Theatre,Point(-86.8467153 36.1520422),,,"former movie theater in Nashville, Tennessee, United States"
http://www.wikidata.org/entity/Q43296226,Welede Theatre,Point(-86.8467153 36.1520422),,,"former movie theater in Nashville, Tennessee, United States"
http://www.wikidata.org/entity/Q43296226,Welede Theatre,Point(-86.8467153 36.1520422),,,"former movie theater in Nashville, Tennessee, United States"
http://www.wikidata.org/entity/Q43296226,Welede Theatre,Point(-86.8467153 36.1520422),,,"former movie theater in Nashville, Tennessee, United States"
http://www.wikidata.org/entity/Q43296226,Welede Theatre,Point(-86.8467153 36.1520422),,,"former movie theater in Nashville, Tennessee, United States"
http://www.wikidata.org/entity/Q43296226,Welede Theatre,Point(-86.8467153 36.1520422),,,"former movie theater in Nashville, Tennessee, United States"
http://www.wikidata.org/entity/Q43296226,Welede Theatre,Point(-86.8467153 36.1520422),,,"former movie theater in Nashville, Tennessee, United States"
http://www.wikidata.org/entity/Q43296226,Welede Theatre,Point(-86.8467153 36.1520422),,,"former movie theater in Nashville, Tennessee, United States"
http://www.wikidata.org/entity/Q43296226,Welede Theatre,Point(-86.8467153 36.1520422),,,"former movie theater in Nashville, Tennessee, United States"
http://www.wikidata.org/entity/Q43296226,Welede Theatre,Point(-86.8467153 36.1520422),,,"former movie theater in Nashville, Tennessee, United States"
http://www.wikidata.org/entity/Q43296226,Welede Theatre,Point(-86.8467153 36.1520422),,,"former movie theater in Nashville, Tennessee, United States"
http://www.wikidata.org/entity/Q43296226,Welede Theatre,Point(-86.8467153 36.1520422),,,"former movie theater in Nashville, Tennessee, United States"
http://www.wikidata.org/entity/Q43296226,Welede Theatre,Point(-86.8467153 36.1520422),,,"former movie theater in Nashville, Tennessee, United States"
http://www.wikidata.org/entity/Q43296226,Welede Theatre,Point(-86.8467153 36.1520422),,,"former movie theater in Nashville, Tennessee, United States"
http://www.wikidata.org/entity/Q43296226,Welede Theatre,Point(-86.8467153 36.1520422),,,"former movie theater in Nashville, Tennessee, United States"
http://www.wikidata.org/entity/Q43296224,Strand Theatre,Point(-86.7808712 36.164133),,,"former movie theater in Nashville, Tennessee, United States"
http://www.wikidata.org/entity/Q43296224,Strand Theatre,Point(-86.7808712 36.164133),,,"former movie theater in Nashville, Tennessee, United States"
http://www.wikidata.org/entity/Q43296224,Strand Theatre,Point(-86.7808712 36.164133),,,"former movie theater in Nashville, Tennessee, United States"
http://www.wikidata.org/entity/Q43296224,Strand Theatre,Point(-86.7808712 36.164133),,,"former movie theater in Nashville, Tennessee, United States"
http://www.wikidata.org/entity/Q43296224,Strand Theatre,Point(-86.7808712 36.164133),,,"former movie theater in Nashville, Tennessee, United States"
http://www.wikidata.org/entity/Q43296224,Strand Theatre,Point(-86.7808712 36.164133),,,"former movie theater in Nashville, Tennessee, United States"
http://www.wikidata.org/entity/Q43296224,Strand Theatre,Point(-86.7808712 36.164133),,,"former movie theater in Nashville, Tennessee, United States"
http://www.wikidata.org/entity/Q43296224,Strand Theatre,Point(-86.7808712 36.164133),,,"former movie theater in Nashville, Tennessee, United States"
http://www.wikidata.org/entity/Q43296224,Strand Theatre,Point(-86.7808712 36.164133),,,"former movie theater in Nashville, Tennessee, United States"
http://www.wikidata.org/entity/Q43296224,Strand Theatre,Point(-86.7808712 36.164133),,,"former movie theater in Nashville, Tennessee, United States"
http://www.wikidata.org/entity/Q43296224,Strand Theatre,Point(-86.7808712 36.164133),,,"former movie theater in Nashville, Tennessee, United States"
http://www.wikidata.org/entity/Q43296224,Strand Theatre,Point(-86.7808712 36.164133),,,"former movie theater in Nashville, Tennessee, United States"
http://www.wikidata.org/entity/Q43296224,Strand Theatre,Point(-86.7808712 36.164133),,,"former movie theater in Nashville, Tennessee, United States"
http://www.wikidata.org/entity/Q43296224,Strand Theatre,Point(-86.7808712 36.164133),,,"former movie theater in Nashville, Tennessee, United States"
http://www.wikidata.org/entity/Q43296224,Strand Theatre,Point(-86.7808712 36.164133),,,"former movie theater in Nashville, Tennessee, United States"
http://www.wikidata.org/entity/Q43296224,Strand Theatre,Point(-86.7808712 36.164133),,,"former movie theater in Nashville, Tennessee, United States"
http://www.wikidata.org/entity/Q43296224,Strand Theatre,Point(-86.7808712 36.164133),,,"former movie theater in Nashville, Tennessee, United States"
http://www.wikidata.org/entity/Q43296224,Strand Theatre,Point(-86.7808712 36.164133),,,"former movie theater in Nashville, Tennessee, United States"
http://www.wikidata.org/entity/Q43296224,Strand Theatre,Point(-86.7808712 36.164133),,,"former movie theater in Nashville, Tennessee, United States"
http://www.wikidata.org/entity/Q43296224,Strand Theatre,Point(-86.7808712 36.164133),,,"former movie theater in Nashville, Tennessee, United States"
http://www.wikidata.org/entity/Q43296224,Strand Theatre,Point(-86.7808712 36.164133),,,"former movie theater in Nashville, Tennessee, United States"
http://www.wikidata.org/entity/Q43296224,Strand Theatre,Point(-86.7808712 36.164133),,,"former movie theater in Nashville, Tennessee, United States"
http://www.wikidata.org/entity/Q43296224,Strand Theatre,Point(-86.7808712 36.164133),,,"former movie theater in Nashville, Tennessee, United States"
http://www.wikidata.org/entity/Q43296224,Strand Theatre,Point(-86.7808712 36.164133),,,"former movie theater in Nashville, Tennessee, United States"
http://www.wikidata.org/entity/Q43296224,Strand Theatre,Point(-86.7808712 36.164133),,,"former movie theater in Nashville, Tennessee, United States"
http://www.wikidata.org/entity/Q43296224,Strand Theatre,Point(-86.7808712 36.164133),,,"former movie theater in Nashville, Tennessee, United States"
http://www.wikidata.org/entity/Q43296230,Plaza Cinema,Point(-86.882871 36.13789),,,"former movie theater in Nashville, Tennessee, United States"
http://www.wikidata.org/entity/Q43296230,Plaza Cinema,Point(-86.882871 36.13789),,,"former movie theater in Nashville, Tennessee, United States"
http://www.wikidata.org/entity/Q43296230,Plaza Cinema,Point(-86.882871 36.13789),,,"former movie theater in Nashville, Tennessee, United States"
http://www.wikidata.org/entity/Q43296230,Plaza Cinema,Point(-86.882871 36.13789),,,"former movie theater in Nashville, Tennessee, United States"
http://www.wikidata.org/entity/Q43296230,Plaza Cinema,Point(-86.882871 36.13789),,,"former movie theater in Nashville, Tennessee, United States"
http://www.wikidata.org/entity/Q43296230,Plaza Cinema,Point(-86.882871 36.13789),,,"former movie theater in Nashville, Tennessee, United States"
http://www.wikidata.org/entity/Q43296230,Plaza Cinema,Point(-86.882871 36.13789),,,"former movie theater in Nashville, Tennessee, United States"
http://www.wikidata.org/entity/Q43296230,Plaza Cinema,Point(-86.882871 36.13789),,,"former movie theater in Nashville, Tennessee, United States"
http://www.wikidata.org/entity/Q43296230,Plaza Cinema,Point(-86.882871 36.13789),,,"former movie theater in Nashville, Tennessee, United States"
http://www.wikidata.org/entity/Q43296230,Plaza Cinema,Point(-86.882871 36.13789),,,"former movie theater in Nashville, Tennessee, United States"
http://www.wikidata.org/entity/Q43296230,Plaza Cinema,Point(-86.882871 36.13789),,,"former movie theater in Nashville, Tennessee, United States"
http://www.wikidata.org/entity/Q43296230,Plaza Cinema,Point(-86.882871 36.13789),,,"former movie theater in Nashville, Tennessee, United States"
http://www.wikidata.org/entity/Q43296230,Plaza Cinema,Point(-86.882871 36.13789),,,"former movie theater in Nashville, Tennessee, United States"
http://www.wikidata.org/entity/Q43296230,Plaza Cinema,Point(-86.882871 36.13789),,,"former movie theater in Nashville, Tennessee, United States"
http://www.wikidata.org/entity/Q43296230,Plaza Cinema,Point(-86.882871 36.13789),,,"former movie theater in Nashville, Tennessee, United States"
http://www.wikidata.org/entity/Q43296230,Plaza Cinema,Point(-86.882871 36.13789),,,"former movie theater in Nashville, Tennessee, United States"
http://www.wikidata.org/entity/Q43296230,Plaza Cinema,Point(-86.882871 36.13789),,,"former movie theater in Nashville, Tennessee, United States"
http://www.wikidata.org/entity/Q43296230,Plaza Cinema,Point(-86.882871 36.13789),,,"former movie theater in Nashville, Tennessee, United States"
http://www.wikidata.org/entity/Q43296230,Plaza Cinema,Point(-86.882871 36.13789),,,"former movie theater in Nashville, Tennessee, United States"
http://www.wikidata.org/entity/Q43296230,Plaza Cinema,Point(-86.882871 36.13789),,,"former movie theater in Nashville, Tennessee, United States"
http://www.wikidata.org/entity/Q43296230,Plaza Cinema,Point(-86.882871 36.13789),,,"former movie theater in Nashville, Tennessee, United States"
http://www.wikidata.org/entity/Q43296230,Plaza Cinema,Point(-86.882871 36.13789),,,"former movie theater in Nashville, Tennessee, United States"
http://www.wikidata.org/entity/Q43296230,Plaza Cinema,Point(-86.882871 36.13789),,,"former movie theater in Nashville, Tennessee, United States"
http://www.wikidata.org/entity/Q43296230,Plaza Cinema,Point(-86.882871 36.13789),,,"former movie theater in Nashville, Tennessee, United States"
http://www.wikidata.org/entity/Q43296230,Plaza Cinema,Point(-86.882871 36.13789),,,"former movie theater in Nashville, Tennessee, United States"
http://www.wikidata.org/entity/Q43296230,Plaza Cinema,Point(-86.882871 36.13789),,,"former movie theater in Nashville, Tennessee, United States"
http://www.wikidata.org/entity/Q43296235,Lions Head 5 Cinema,Point(-86.853911 36.128486),,,"former movie theater in Nashville, Tennessee, United States"
http://www.wikidata.org/entity/Q43296235,Lions Head 5 Cinema,Point(-86.853911 36.128486),,,"former movie theater in Nashville, Tennessee, United States"
http://www.wikidata.org/entity/Q43296235,Lions Head 5 Cinema,Point(-86.853911 36.128486),,,"former movie theater in Nashville, Tennessee, United States"
http://www.wikidata.org/entity/Q43296235,Lions Head 5 Cinema,Point(-86.853911 36.128486),,,"former movie theater in Nashville, Tennessee, United States"
http://www.wikidata.org/entity/Q43296235,Lions Head 5 Cinema,Point(-86.853911 36.128486),,,"former movie theater in Nashville, Tennessee, United States"
http://www.wikidata.org/entity/Q43296235,Lions Head 5 Cinema,Point(-86.853911 36.128486),,,"former movie theater in Nashville, Tennessee, United States"
http://www.wikidata.org/entity/Q43296235,Lions Head 5 Cinema,Point(-86.853911 36.128486),,,"former movie theater in Nashville, Tennessee, United States"
http://www.wikidata.org/entity/Q43296235,Lions Head 5 Cinema,Point(-86.853911 36.128486),,,"former movie theater in Nashville, Tennessee, United States"
http://www.wikidata.org/entity/Q43296235,Lions Head 5 Cinema,Point(-86.853911 36.128486),,,"former movie theater in Nashville, Tennessee, United States"
http://www.wikidata.org/entity/Q43296235,Lions Head 5 Cinema,Point(-86.853911 36.128486),,,"former movie theater in Nashville, Tennessee, United States"
http://www.wikidata.org/entity/Q43296239,Woodbine Theatre,Point(-86.7490681 36.1181954),,,"former movie theater in Nashville, Tennessee, United States"
http://www.wikidata.org/entity/Q43296239,Woodbine Theatre,Point(-86.7490681 36.1181954),,,"former movie theater in Nashville, Tennessee, United States"
http://www.wikidata.org/entity/Q43296239,Woodbine Theatre,Point(-86.7490681 36.1181954),,,"former movie theater in Nashville, Tennessee, United States"
http://www.wikidata.org/entity/Q43296239,Woodbine Theatre,Point(-86.7490681 36.1181954),,,"former movie theater in Nashville, Tennessee, United States"
http://www.wikidata.org/entity/Q43296491,Malco Roxy Cinema,Point(-86.56621 35.981195),,https://www.malco.com/cinema_shows_new.php?theatre_pick=99,"movie theater in Smyrna, Tennessee, United States"
http://www.wikidata.org/entity/Q43296491,Malco Roxy Cinema,Point(-86.56621 35.981195),,https://www.malco.com/cinema_shows_new.php?theatre_pick=99,"movie theater in Smyrna, Tennessee, United States"
http://www.wikidata.org/entity/Q43296491,Malco Roxy Cinema,Point(-86.56621 35.981195),,https://www.malco.com/cinema_shows_new.php?theatre_pick=99,"movie theater in Smyrna, Tennessee, United States"
http://www.wikidata.org/entity/Q43296491,Malco Roxy Cinema,Point(-86.56621 35.981195),,https://www.malco.com/cinema_shows_new.php?theatre_pick=99,"movie theater in Smyrna, Tennessee, United States"
http://www.wikidata.org/entity/Q43296491,Malco Roxy Cinema,Point(-86.56621 35.981195),,https://www.malco.com/cinema_shows_new.php?theatre_pick=99,"movie theater in Smyrna, Tennessee, United States"
http://www.wikidata.org/entity/Q43296491,Malco Roxy Cinema,Point(-86.56621 35.981195),,https://www.malco.com/cinema_shows_new.php?theatre_pick=99,"movie theater in Smyrna, Tennessee, United States"
http://www.wikidata.org/entity/Q43296491,Malco Roxy Cinema,Point(-86.56621 35.981195),,https://www.malco.com/cinema_shows_new.php?theatre_pick=99,"movie theater in Smyrna, Tennessee, United States"
http://www.wikidata.org/entity/Q43296491,Malco Roxy Cinema,Point(-86.56621 35.981195),,https://www.malco.com/cinema_shows_new.php?theatre_pick=99,"movie theater in Smyrna, Tennessee, United States"
http://www.wikidata.org/entity/Q43296491,Malco Roxy Cinema,Point(-86.56621 35.981195),,https://www.malco.com/cinema_shows_new.php?theatre_pick=99,"movie theater in Smyrna, Tennessee, United States"
http://www.wikidata.org/entity/Q43296491,Malco Roxy Cinema,Point(-86.56621 35.981195),,https://www.malco.com/cinema_shows_new.php?theatre_pick=99,"movie theater in Smyrna, Tennessee, United States"
http://www.wikidata.org/entity/Q43296491,Malco Roxy Cinema,Point(-86.56621 35.981195),,https://www.malco.com/cinema_shows_new.php?theatre_pick=99,"movie theater in Smyrna, Tennessee, United States"
http://www.wikidata.org/entity/Q43296491,Malco Roxy Cinema,Point(-86.56621 35.981195),,https://www.malco.com/cinema_shows_new.php?theatre_pick=99,"movie theater in Smyrna, Tennessee, United States"
http://www.wikidata.org/entity/Q43296491,Malco Roxy Cinema,Point(-86.56621 35.981195),,https://www.malco.com/cinema_shows_new.php?theatre_pick=99,"movie theater in Smyrna, Tennessee, United States"
http://www.wikidata.org/entity/Q43296491,Malco Roxy Cinema,Point(-86.56621 35.981195),,https://www.malco.com/cinema_shows_new.php?theatre_pick=99,"movie theater in Smyrna, Tennessee, United States"
http://www.wikidata.org/entity/Q43296491,Malco Roxy Cinema,Point(-86.56621 35.981195),,https://www.malco.com/cinema_shows_new.php?theatre_pick=99,"movie theater in Smyrna, Tennessee, United States"
http://www.wikidata.org/entity/Q43296491,Malco Roxy Cinema,Point(-86.56621 35.981195),,https://www.malco.com/cinema_shows_new.php?theatre_pick=99,"movie theater in Smyrna, Tennessee, United States"
http://www.wikidata.org/entity/Q43296491,Malco Roxy Cinema,Point(-86.56621 35.981195),,https://www.malco.com/cinema_shows_new.php?theatre_pick=99,"movie theater in Smyrna, Tennessee, United States"
http://www.wikidata.org/entity/Q43296491,Malco Roxy Cinema,Point(-86.56621 35.981195),,https://www.malco.com/cinema_shows_new.php?theatre_pick=99,"movie theater in Smyrna, Tennessee, United States"
http://www.wikidata.org/entity/Q43296491,Malco Roxy Cinema,Point(-86.56621 35.981195),,https://www.malco.com/cinema_shows_new.php?theatre_pick=99,"movie theater in Smyrna, Tennessee, United States"
http://www.wikidata.org/entity/Q43296491,Malco Roxy Cinema,Point(-86.56621 35.981195),,https://www.malco.com/cinema_shows_new.php?theatre_pick=99,"movie theater in Smyrna, Tennessee, United States"
http://www.wikidata.org/entity/Q43296491,Malco Roxy Cinema,Point(-86.56621 35.981195),,https://www.malco.com/cinema_shows_new.php?theatre_pick=99,"movie theater in Smyrna, Tennessee, United States"
http://www.wikidata.org/entity/Q43296491,Malco Roxy Cinema,Point(-86.56621 35.981195),,https://www.malco.com/cinema_shows_new.php?theatre_pick=99,"movie theater in Smyrna, Tennessee, United States"
http://www.wikidata.org/entity/Q43296491,Malco Roxy Cinema,Point(-86.56621 35.981195),,https://www.malco.com/cinema_shows_new.php?theatre_pick=99,"movie theater in Smyrna, Tennessee, United States"
http://www.wikidata.org/entity/Q43296491,Malco Roxy Cinema,Point(-86.56621 35.981195),,https://www.malco.com/cinema_shows_new.php?theatre_pick=99,"movie theater in Smyrna, Tennessee, United States"
http://www.wikidata.org/entity/Q43296491,Malco Roxy Cinema,Point(-86.56621 35.981195),,https://www.malco.com/cinema_shows_new.php?theatre_pick=99,"movie theater in Smyrna, Tennessee, United States"
http://www.wikidata.org/entity/Q43296491,Malco Roxy Cinema,Point(-86.56621 35.981195),,https://www.malco.com/cinema_shows_new.php?theatre_pick=99,"movie theater in Smyrna, Tennessee, United States"
http://www.wikidata.org/entity/Q43296512,AMC Spring Hill 12,Point(-86.9425748 35.740015),,,"movie theater in Spring Hill, Tennessee, United States"
http://www.wikidata.org/entity/Q43296512,AMC Spring Hill 12,Point(-86.9425748 35.740015),,,"movie theater in Spring Hill, Tennessee, United States"
http://www.wikidata.org/entity/Q43296512,AMC Spring Hill 12,Point(-86.9425748 35.740015),,,"movie theater in Spring Hill, Tennessee, United States"
http://www.wikidata.org/entity/Q43296512,AMC Spring Hill 12,Point(-86.9425748 35.740015),,,"movie theater in Spring Hill, Tennessee, United States"
http://www.wikidata.org/entity/Q43296512,AMC Spring Hill 12,Point(-86.9425748 35.740015),,,"movie theater in Spring Hill, Tennessee, United States"
http://www.wikidata.org/entity/Q43296512,AMC Spring Hill 12,Point(-86.9425748 35.740015),,,"movie theater in Spring Hill, Tennessee, United States"
http://www.wikidata.org/entity/Q43296512,AMC Spring Hill 12,Point(-86.9425748 35.740015),,,"movie theater in Spring Hill, Tennessee, United States"
http://www.wikidata.org/entity/Q43296512,AMC Spring Hill 12,Point(-86.9425748 35.740015),,,"movie theater in Spring Hill, Tennessee, United States"
http://www.wikidata.org/entity/Q43296512,AMC Spring Hill 12,Point(-86.9425748 35.740015),,,"movie theater in Spring Hill, Tennessee, United States"
http://www.wikidata.org/entity/Q43296512,AMC Spring Hill 12,Point(-86.9425748 35.740015),,,"movie theater in Spring Hill, Tennessee, United States"
http://www.wikidata.org/entity/Q43296512,AMC Spring Hill 12,Point(-86.9425748 35.740015),,,"movie theater in Spring Hill, Tennessee, United States"
http://www.wikidata.org/entity/Q43296512,AMC Spring Hill 12,Point(-86.9425748 35.740015),,,"movie theater in Spring Hill, Tennessee, United States"
http://www.wikidata.org/entity/Q43296512,AMC Spring Hill 12,Point(-86.9425748 35.740015),,,"movie theater in Spring Hill, Tennessee, United States"
http://www.wikidata.org/entity/Q43296512,AMC Spring Hill 12,Point(-86.9425748 35.740015),,,"movie theater in Spring Hill, Tennessee, United States"
http://www.wikidata.org/entity/Q43296512,AMC Spring Hill 12,Point(-86.9425748 35.740015),,,"movie theater in Spring Hill, Tennessee, United States"
http://www.wikidata.org/entity/Q43296512,AMC Spring Hill 12,Point(-86.9425748 35.740015),,,"movie theater in Spring Hill, Tennessee, United States"
http://www.wikidata.org/entity/Q43296512,AMC Spring Hill 12,Point(-86.9425748 35.740015),,,"movie theater in Spring Hill, Tennessee, United States"
http://www.wikidata.org/entity/Q43296512,AMC Spring Hill 12,Point(-86.9425748 35.740015),,,"movie theater in Spring Hill, Tennessee, United States"
http://www.wikidata.org/entity/Q43296512,AMC Spring Hill 12,Point(-86.9425748 35.740015),,,"movie theater in Spring Hill, Tennessee, United States"
http://www.wikidata.org/entity/Q43296512,AMC Spring Hill 12,Point(-86.9425748 35.740015),,,"movie theater in Spring Hill, Tennessee, United States"
http://www.wikidata.org/entity/Q43296512,AMC Spring Hill 12,Point(-86.9425748 35.740015),,,"movie theater in Spring Hill, Tennessee, United States"
http://www.wikidata.org/entity/Q43296512,AMC Spring Hill 12,Point(-86.9425748 35.740015),,,"movie theater in Spring Hill, Tennessee, United States"
http://www.wikidata.org/entity/Q43296512,AMC Spring Hill 12,Point(-86.9425748 35.740015),,,"movie theater in Spring Hill, Tennessee, United States"
http://www.wikidata.org/entity/Q43296512,AMC Spring Hill 12,Point(-86.9425748 35.740015),,,"movie theater in Spring Hill, Tennessee, United States"
http://www.wikidata.org/entity/Q43296512,AMC Spring Hill 12,Point(-86.9425748 35.740015),,,"movie theater in Spring Hill, Tennessee, United States"
http://www.wikidata.org/entity/Q43296512,AMC Spring Hill 12,Point(-86.9425748 35.740015),,,"movie theater in Spring Hill, Tennessee, United States"
http://www.wikidata.org/entity/Q43296516,AMC Classic Springfield,Point(-86.8851473 36.5074943),,,"former movie theater in Springfield, Tennessee, United States"
http://www.wikidata.org/entity/Q43296516,AMC Classic Springfield,Point(-86.8851473 36.5074943),,,"former movie theater in Springfield, Tennessee, United States"
http://www.wikidata.org/entity/Q43296516,AMC Classic Springfield,Point(-86.8851473 36.5074943),,,"former movie theater in Springfield, Tennessee, United States"
http://www.wikidata.org/entity/Q43296516,AMC Classic Springfield,Point(-86.8851473 36.5074943),,,"former movie theater in Springfield, Tennessee, United States"
http://www.wikidata.org/entity/Q43296516,AMC Classic Springfield,Point(-86.8851473 36.5074943),,,"former movie theater in Springfield, Tennessee, United States"
http://www.wikidata.org/entity/Q43296516,AMC Classic Springfield,Point(-86.8851473 36.5074943),,,"former movie theater in Springfield, Tennessee, United States"
http://www.wikidata.org/entity/Q43296516,AMC Classic Springfield,Point(-86.8851473 36.5074943),,,"former movie theater in Springfield, Tennessee, United States"
http://www.wikidata.org/entity/Q43296516,AMC Classic Springfield,Point(-86.8851473 36.5074943),,,"former movie theater in Springfield, Tennessee, United States"
http://www.wikidata.org/entity/Q43296516,AMC Classic Springfield,Point(-86.8851473 36.5074943),,,"former movie theater in Springfield, Tennessee, United States"
http://www.wikidata.org/entity/Q43296516,AMC Classic Springfield,Point(-86.8851473 36.5074943),,,"former movie theater in Springfield, Tennessee, United States"
http://www.wikidata.org/entity/Q43296516,AMC Classic Springfield,Point(-86.8851473 36.5074943),,,"former movie theater in Springfield, Tennessee, United States"
http://www.wikidata.org/entity/Q43296516,AMC Classic Springfield,Point(-86.8851473 36.5074943),,,"former movie theater in Springfield, Tennessee, United States"
http://www.wikidata.org/entity/Q43296516,AMC Classic Springfield,Point(-86.8851473 36.5074943),,,"former movie theater in Springfield, Tennessee, United States"
http://www.wikidata.org/entity/Q43296516,AMC Classic Springfield,Point(-86.8851473 36.5074943),,,"former movie theater in Springfield, Tennessee, United States"
http://www.wikidata.org/entity/Q43296516,AMC Classic Springfield,Point(-86.8851473 36.5074943),,,"former movie theater in Springfield, Tennessee, United States"
http://www.wikidata.org/entity/Q43296516,AMC Classic Springfield,Point(-86.8851473 36.5074943),,,"former movie theater in Springfield, Tennessee, United States"
http://www.wikidata.org/entity/Q43296516,AMC Classic Springfield,Point(-86.8851473 36.5074943),,,"former movie theater in Springfield, Tennessee, United States"
http://www.wikidata.org/entity/Q43296516,AMC Classic Springfield,Point(-86.8851473 36.5074943),,,"former movie theater in Springfield, Tennessee, United States"
http://www.wikidata.org/entity/Q43296516,AMC Classic Springfield,Point(-86.8851473 36.5074943),,,"former movie theater in Springfield, Tennessee, United States"
http://www.wikidata.org/entity/Q43296516,AMC Classic Springfield,Point(-86.8851473 36.5074943),,,"former movie theater in Springfield, Tennessee, United States"
http://www.wikidata.org/entity/Q43296516,AMC Classic Springfield,Point(-86.8851473 36.5074943),,,"former movie theater in Springfield, Tennessee, United States"
http://www.wikidata.org/entity/Q43296516,AMC Classic Springfield,Point(-86.8851473 36.5074943),,,"former movie theater in Springfield, Tennessee, United States"
http://www.wikidata.org/entity/Q43296516,AMC Classic Springfield,Point(-86.8851473 36.5074943),,,"former movie theater in Springfield, Tennessee, United States"
http://www.wikidata.org/entity/Q43296516,AMC Classic Springfield,Point(-86.8851473 36.5074943),,,"former movie theater in Springfield, Tennessee, United States"
http://www.wikidata.org/entity/Q43296516,AMC Classic Springfield,Point(-86.8851473 36.5074943),,,"former movie theater in Springfield, Tennessee, United States"
http://www.wikidata.org/entity/Q43296516,AMC Classic Springfield,Point(-86.8851473 36.5074943),,,"former movie theater in Springfield, Tennessee, United States"
http://www.wikidata.org/entity/Q43295907,Alhambra Theatre,Point(-86.7794537 36.1620847),,,"former movie theater in Nashville, Tennessee, United States"
http://www.wikidata.org/entity/Q43295907,Alhambra Theatre,Point(-86.7794537 36.1620847),,,"former movie theater in Nashville, Tennessee, United States"
http://www.wikidata.org/entity/Q43295907,Alhambra Theatre,Point(-86.7794537 36.1620847),,,"former movie theater in Nashville, Tennessee, United States"
http://www.wikidata.org/entity/Q43295907,Alhambra Theatre,Point(-86.7794537 36.1620847),,,"former movie theater in Nashville, Tennessee, United States"
http://www.wikidata.org/entity/Q43295907,Alhambra Theatre,Point(-86.7794537 36.1620847),,,"former movie theater in Nashville, Tennessee, United States"
http://www.wikidata.org/entity/Q43295907,Alhambra Theatre,Point(-86.7794537 36.1620847),,,"former movie theater in Nashville, Tennessee, United States"
http://www.wikidata.org/entity/Q43295907,Alhambra Theatre,Point(-86.7794537 36.1620847),,,"former movie theater in Nashville, Tennessee, United States"
http://www.wikidata.org/entity/Q43295907,Alhambra Theatre,Point(-86.7794537 36.1620847),,,"former movie theater in Nashville, Tennessee, United States"
http://www.wikidata.org/entity/Q43295907,Alhambra Theatre,Point(-86.7794537 36.1620847),,,"former movie theater in Nashville, Tennessee, United States"
http://www.wikidata.org/entity/Q43295907,Alhambra Theatre,Point(-86.7794537 36.1620847),,,"former movie theater in Nashville, Tennessee, United States"
http://www.wikidata.org/entity/Q43295907,Alhambra Theatre,Point(-86.7794537 36.1620847),,,"former movie theater in Nashville, Tennessee, United States"
http://www.wikidata.org/entity/Q43295907,Alhambra Theatre,Point(-86.7794537 36.1620847),,,"former movie theater in Nashville, Tennessee, United States"
http://www.wikidata.org/entity/Q43295907,Alhambra Theatre,Point(-86.7794537 36.1620847),,,"former movie theater in Nashville, Tennessee, United States"
http://www.wikidata.org/entity/Q43295907,Alhambra Theatre,Point(-86.7794537 36.1620847),,,"former movie theater in Nashville, Tennessee, United States"
http://www.wikidata.org/entity/Q43295907,Alhambra Theatre,Point(-86.7794537 36.1620847),,,"former movie theater in Nashville, Tennessee, United States"
http://www.wikidata.org/entity/Q43295907,Alhambra Theatre,Point(-86.7794537 36.1620847),,,"former movie theater in Nashville, Tennessee, United States"
http://www.wikidata.org/entity/Q43295907,Alhambra Theatre,Point(-86.7794537 36.1620847),,,"former movie theater in Nashville, Tennessee, United States"
http://www.wikidata.org/entity/Q43295907,Alhambra Theatre,Point(-86.7794537 36.1620847),,,"former movie theater in Nashville, Tennessee, United States"
http://www.wikidata.org/entity/Q43295907,Alhambra Theatre,Point(-86.7794537 36.1620847),,,"former movie theater in Nashville, Tennessee, United States"
http://www.wikidata.org/entity/Q43295907,Alhambra Theatre,Point(-86.7794537 36.1620847),,,"former movie theater in Nashville, Tennessee, United States"
http://www.wikidata.org/entity/Q43295907,Alhambra Theatre,Point(-86.7794537 36.1620847),,,"former movie theater in Nashville, Tennessee, United States"
http://www.wikidata.org/entity/Q43295907,Alhambra Theatre,Point(-86.7794537 36.1620847),,,"former movie theater in Nashville, Tennessee, United States"
http://www.wikidata.org/entity/Q43295907,Alhambra Theatre,Point(-86.7794537 36.1620847),,,"former movie theater in Nashville, Tennessee, United States"
http://www.wikidata.org/entity/Q43295907,Alhambra Theatre,Point(-86.7794537 36.1620847),,,"former movie theater in Nashville, Tennessee, United States"
http://www.wikidata.org/entity/Q43295907,Alhambra Theatre,Point(-86.7794537 36.1620847),,,"former movie theater in Nashville, Tennessee, United States"
http://www.wikidata.org/entity/Q43295907,Alhambra Theatre,Point(-86.7794537 36.1620847),,,"former movie theater in Nashville, Tennessee, United States"
http://www.wikidata.org/entity/Q43295911,AMC Classic Bellevue 8,Point(-86.9236899 36.075394),,,"movie theater in Nashville, Tennessee, United States"
http://www.wikidata.org/entity/Q43295911,AMC Classic Bellevue 8,Point(-86.9236899 36.075394),,,"movie theater in Nashville, Tennessee, United States"
http://www.wikidata.org/entity/Q43295911,AMC Classic Bellevue 8,Point(-86.9236899 36.075394),,,"movie theater in Nashville, Tennessee, United States"
http://www.wikidata.org/entity/Q43295911,AMC Classic Bellevue 8,Point(-86.9236899 36.075394),,,"movie theater in Nashville, Tennessee, United States"
http://www.wikidata.org/entity/Q43295911,AMC Classic Bellevue 8,Point(-86.9236899 36.075394),,,"movie theater in Nashville, Tennessee, United States"
http://www.wikidata.org/entity/Q43295911,AMC Classic Bellevue 8,Point(-86.9236899 36.075394),,,"movie theater in Nashville, Tennessee, United States"
http://www.wikidata.org/entity/Q43295911,AMC Classic Bellevue 8,Point(-86.9236899 36.075394),,,"movie theater in Nashville, Tennessee, United States"
http://www.wikidata.org/entity/Q43295911,AMC Classic Bellevue 8,Point(-86.9236899 36.075394),,,"movie theater in Nashville, Tennessee, United States"
http://www.wikidata.org/entity/Q43295911,AMC Classic Bellevue 8,Point(-86.9236899 36.075394),,,"movie theater in Nashville, Tennessee, United States"
http://www.wikidata.org/entity/Q43295911,AMC Classic Bellevue 8,Point(-86.9236899 36.075394),,,"movie theater in Nashville, Tennessee, United States"
http://www.wikidata.org/entity/Q43295911,AMC Classic Bellevue 8,Point(-86.9236899 36.075394),,,"movie theater in Nashville, Tennessee, United States"
http://www.wikidata.org/entity/Q43295911,AMC Classic Bellevue 8,Point(-86.9236899 36.075394),,,"movie theater in Nashville, Tennessee, United States"
http://www.wikidata.org/entity/Q43295911,AMC Classic Bellevue 8,Point(-86.9236899 36.075394),,,"movie theater in Nashville, Tennessee, United States"
http://www.wikidata.org/entity/Q43295911,AMC Classic Bellevue 8,Point(-86.9236899 36.075394),,,"movie theater in Nashville, Tennessee, United States"
http://www.wikidata.org/entity/Q43295911,AMC Classic Bellevue 8,Point(-86.9236899 36.075394),,,"movie theater in Nashville, Tennessee, United States"
http://www.wikidata.org/entity/Q43295911,AMC Classic Bellevue 8,Point(-86.9236899 36.075394),,,"movie theater in Nashville, Tennessee, United States"
http://www.wikidata.org/entity/Q43295911,AMC Classic Bellevue 8,Point(-86.9236899 36.075394),,,"movie theater in Nashville, Tennessee, United States"
http://www.wikidata.org/entity/Q43295911,AMC Classic Bellevue 8,Point(-86.9236899 36.075394),,,"movie theater in Nashville, Tennessee, United States"
http://www.wikidata.org/entity/Q43295911,AMC Classic Bellevue 8,Point(-86.9236899 36.075394),,,"movie theater in Nashville, Tennessee, United States"
http://www.wikidata.org/entity/Q43295911,AMC Classic Bellevue 8,Point(-86.9236899 36.075394),,,"movie theater in Nashville, Tennessee, United States"
http://www.wikidata.org/entity/Q43295911,AMC Classic Bellevue 8,Point(-86.9236899 36.075394),,,"movie theater in Nashville, Tennessee, United States"
http://www.wikidata.org/entity/Q43295911,AMC Classic Bellevue 8,Point(-86.9236899 36.075394),,,"movie theater in Nashville, Tennessee, United States"
http://www.wikidata.org/entity/Q43295911,AMC Classic Bellevue 8,Point(-86.9236899 36.075394),,,"movie theater in Nashville, Tennessee, United States"
http://www.wikidata.org/entity/Q43295911,AMC Classic Bellevue 8,Point(-86.9236899 36.075394),,,"movie theater in Nashville, Tennessee, United States"
http://www.wikidata.org/entity/Q43295911,AMC Classic Bellevue 8,Point(-86.9236899 36.075394),,,"movie theater in Nashville, Tennessee, United States"
http://www.wikidata.org/entity/Q43295911,AMC Classic Bellevue 8,Point(-86.9236899 36.075394),,,"movie theater in Nashville, Tennessee, United States"
http://www.wikidata.org/entity/Q43295919,Bellevue Cinema 12,Point(-86.967559 36.081517),,,"former movie theater in Nashville, Tennessee, United States"
http://www.wikidata.org/entity/Q43295919,Bellevue Cinema 12,Point(-86.967559 36.081517),,,"former movie theater in Nashville, Tennessee, United States"
http://www.wikidata.org/entity/Q43295919,Bellevue Cinema 12,Point(-86.967559 36.081517),,,"former movie theater in Nashville, Tennessee, United States"
http://www.wikidata.org/entity/Q43295919,Bellevue Cinema 12,Point(-86.967559 36.081517),,,"former movie theater in Nashville, Tennessee, United States"
http://www.wikidata.org/entity/Q43295919,Bellevue Cinema 12,Point(-86.967559 36.081517),,,"former movie theater in Nashville, Tennessee, United States"
http://www.wikidata.org/entity/Q43295919,Bellevue Cinema 12,Point(-86.967559 36.081517),,,"former movie theater in Nashville, Tennessee, United States"
http://www.wikidata.org/entity/Q43295919,Bellevue Cinema 12,Point(-86.967559 36.081517),,,"former movie theater in Nashville, Tennessee, United States"
http://www.wikidata.org/entity/Q43295919,Bellevue Cinema 12,Point(-86.967559 36.081517),,,"former movie theater in Nashville, Tennessee, United States"
http://www.wikidata.org/entity/Q43295919,Bellevue Cinema 12,Point(-86.967559 36.081517),,,"former movie theater in Nashville, Tennessee, United States"
http://www.wikidata.org/entity/Q43295919,Bellevue Cinema 12,Point(-86.967559 36.081517),,,"former movie theater in Nashville, Tennessee, United States"
http://www.wikidata.org/entity/Q43295919,Bellevue Cinema 12,Point(-86.967559 36.081517),,,"former movie theater in Nashville, Tennessee, United States"
http://www.wikidata.org/entity/Q43295919,Bellevue Cinema 12,Point(-86.967559 36.081517),,,"former movie theater in Nashville, Tennessee, United States"
http://www.wikidata.org/entity/Q43295919,Bellevue Cinema 12,Point(-86.967559 36.081517),,,"former movie theater in Nashville, Tennessee, United States"
http://www.wikidata.org/entity/Q43295919,Bellevue Cinema 12,Point(-86.967559 36.081517),,,"former movie theater in Nashville, Tennessee, United States"
http://www.wikidata.org/entity/Q43295919,Bellevue Cinema 12,Point(-86.967559 36.081517),,,"former movie theater in Nashville, Tennessee, United States"
http://www.wikidata.org/entity/Q43295919,Bellevue Cinema 12,Point(-86.967559 36.081517),,,"former movie theater in Nashville, Tennessee, United States"
http://www.wikidata.org/entity/Q43295919,Bellevue Cinema 12,Point(-86.967559 36.081517),,,"former movie theater in Nashville, Tennessee, United States"
http://www.wikidata.org/entity/Q43295919,Bellevue Cinema 12,Point(-86.967559 36.081517),,,"former movie theater in Nashville, Tennessee, United States"
http://www.wikidata.org/entity/Q43295919,Bellevue Cinema 12,Point(-86.967559 36.081517),,,"former movie theater in Nashville, Tennessee, United States"
http://www.wikidata.org/entity/Q43295919,Bellevue Cinema 12,Point(-86.967559 36.081517),,,"former movie theater in Nashville, Tennessee, United States"
http://www.wikidata.org/entity/Q43295919,Bellevue Cinema 12,Point(-86.967559 36.081517),,,"former movie theater in Nashville, Tennessee, United States"
http://www.wikidata.org/entity/Q43295919,Bellevue Cinema 12,Point(-86.967559 36.081517),,,"former movie theater in Nashville, Tennessee, United States"
http://www.wikidata.org/entity/Q43295919,Bellevue Cinema 12,Point(-86.967559 36.081517),,,"former movie theater in Nashville, Tennessee, United States"
http://www.wikidata.org/entity/Q43295919,Bellevue Cinema 12,Point(-86.967559 36.081517),,,"former movie theater in Nashville, Tennessee, United States"
http://www.wikidata.org/entity/Q43295919,Bellevue Cinema 12,Point(-86.967559 36.081517),,,"former movie theater in Nashville, Tennessee, United States"
http://www.wikidata.org/entity/Q43295919,Bellevue Cinema 12,Point(-86.967559 36.081517),,,"former movie theater in Nashville, Tennessee, United States"
http://www.wikidata.org/entity/Q43295925,Belmont Theatre,Point(-86.8025284 36.1377828),,,"former movie theater in Nashville, Tennessee, United States"
http://www.wikidata.org/entity/Q43295925,Belmont Theatre,Point(-86.8025284 36.1377828),,,"former movie theater in Nashville, Tennessee, United States"
http://www.wikidata.org/entity/Q43295925,Belmont Theatre,Point(-86.8025284 36.1377828),,,"former movie theater in Nashville, Tennessee, United States"
http://www.wikidata.org/entity/Q43295925,Belmont Theatre,Point(-86.8025284 36.1377828),,,"former movie theater in Nashville, Tennessee, United States"
http://www.wikidata.org/entity/Q43295925,Belmont Theatre,Point(-86.8025284 36.1377828),,,"former movie theater in Nashville, Tennessee, United States"
http://www.wikidata.org/entity/Q43295925,Belmont Theatre,Point(-86.8025284 36.1377828),,,"former movie theater in Nashville, Tennessee, United States"
http://www.wikidata.org/entity/Q43295925,Belmont Theatre,Point(-86.8025284 36.1377828),,,"former movie theater in Nashville, Tennessee, United States"
http://www.wikidata.org/entity/Q43295925,Belmont Theatre,Point(-86.8025284 36.1377828),,,"former movie theater in Nashville, Tennessee, United States"
http://www.wikidata.org/entity/Q43295925,Belmont Theatre,Point(-86.8025284 36.1377828),,,"former movie theater in Nashville, Tennessee, United States"
http://www.wikidata.org/entity/Q43295925,Belmont Theatre,Point(-86.8025284 36.1377828),,,"former movie theater in Nashville, Tennessee, United States"
http://www.wikidata.org/entity/Q43295925,Belmont Theatre,Point(-86.8025284 36.1377828),,,"former movie theater in Nashville, Tennessee, United States"
http://www.wikidata.org/entity/Q43295925,Belmont Theatre,Point(-86.8025284 36.1377828),,,"former movie theater in Nashville, Tennessee, United States"
http://www.wikidata.org/entity/Q43295925,Belmont Theatre,Point(-86.8025284 36.1377828),,,"former movie theater in Nashville, Tennessee, United States"
http://www.wikidata.org/entity/Q43295925,Belmont Theatre,Point(-86.8025284 36.1377828),,,"former movie theater in Nashville, Tennessee, United States"
http://www.wikidata.org/entity/Q43295925,Belmont Theatre,Point(-86.8025284 36.1377828),,,"former movie theater in Nashville, Tennessee, United States"
http://www.wikidata.org/entity/Q43295925,Belmont Theatre,Point(-86.8025284 36.1377828),,,"former movie theater in Nashville, Tennessee, United States"
http://www.wikidata.org/entity/Q43295925,Belmont Theatre,Point(-86.8025284 36.1377828),,,"former movie theater in Nashville, Tennessee, United States"
http://www.wikidata.org/entity/Q43295925,Belmont Theatre,Point(-86.8025284 36.1377828),,,"former movie theater in Nashville, Tennessee, United States"
http://www.wikidata.org/entity/Q43295925,Belmont Theatre,Point(-86.8025284 36.1377828),,,"former movie theater in Nashville, Tennessee, United States"
http://www.wikidata.org/entity/Q43295925,Belmont Theatre,Point(-86.8025284 36.1377828),,,"former movie theater in Nashville, Tennessee, United States"
http://www.wikidata.org/entity/Q43295925,Belmont Theatre,Point(-86.8025284 36.1377828),,,"former movie theater in Nashville, Tennessee, United States"
http://www.wikidata.org/entity/Q43295925,Belmont Theatre,Point(-86.8025284 36.1377828),,,"former movie theater in Nashville, Tennessee, United States"
http://www.wikidata.org/entity/Q43295925,Belmont Theatre,Point(-86.8025284 36.1377828),,,"former movie theater in Nashville, Tennessee, United States"
http://www.wikidata.org/entity/Q43295925,Belmont Theatre,Point(-86.8025284 36.1377828),,,"former movie theater in Nashville, Tennessee, United States"
http://www.wikidata.org/entity/Q43295925,Belmont Theatre,Point(-86.8025284 36.1377828),,,"former movie theater in Nashville, Tennessee, United States"
http://www.wikidata.org/entity/Q43295925,Belmont Theatre,Point(-86.8025284 36.1377828),,,"former movie theater in Nashville, Tennessee, United States"
http://www.wikidata.org/entity/Q43295932,Bijou Theatre,Point(-86.7801163 36.1654645),,,"former movie theater in Nashville, Tennessee, United States"
http://www.wikidata.org/entity/Q43295932,Bijou Theatre,Point(-86.7801163 36.1654645),,,"former movie theater in Nashville, Tennessee, United States"
http://www.wikidata.org/entity/Q43295932,Bijou Theatre,Point(-86.7801163 36.1654645),,,"former movie theater in Nashville, Tennessee, United States"
http://www.wikidata.org/entity/Q43295932,Bijou Theatre,Point(-86.7801163 36.1654645),,,"former movie theater in Nashville, Tennessee, United States"
http://www.wikidata.org/entity/Q43295932,Bijou Theatre,Point(-86.7801163 36.1654645),,,"former movie theater in Nashville, Tennessee, United States"
http://www.wikidata.org/entity/Q43295932,Bijou Theatre,Point(-86.7801163 36.1654645),,,"former movie theater in Nashville, Tennessee, United States"
http://www.wikidata.org/entity/Q43295932,Bijou Theatre,Point(-86.7801163 36.1654645),,,"former movie theater in Nashville, Tennessee, United States"
http://www.wikidata.org/entity/Q43295932,Bijou Theatre,Point(-86.7801163 36.1654645),,,"former movie theater in Nashville, Tennessee, United States"
http://www.wikidata.org/entity/Q43295932,Bijou Theatre,Point(-86.7801163 36.1654645),,,"former movie theater in Nashville, Tennessee, United States"
http://www.wikidata.org/entity/Q43295932,Bijou Theatre,Point(-86.7801163 36.1654645),,,"former movie theater in Nashville, Tennessee, United States"
http://www.wikidata.org/entity/Q43295932,Bijou Theatre,Point(-86.7801163 36.1654645),,,"former movie theater in Nashville, Tennessee, United States"
http://www.wikidata.org/entity/Q43295932,Bijou Theatre,Point(-86.7801163 36.1654645),,,"former movie theater in Nashville, Tennessee, United States"
http://www.wikidata.org/entity/Q43295932,Bijou Theatre,Point(-86.7801163 36.1654645),,,"former movie theater in Nashville, Tennessee, United States"
http://www.wikidata.org/entity/Q43295932,Bijou Theatre,Point(-86.7801163 36.1654645),,,"former movie theater in Nashville, Tennessee, United States"
http://www.wikidata.org/entity/Q43295932,Bijou Theatre,Point(-86.7801163 36.1654645),,,"former movie theater in Nashville, Tennessee, United States"
http://www.wikidata.org/entity/Q43295932,Bijou Theatre,Point(-86.7801163 36.1654645),,,"former movie theater in Nashville, Tennessee, United States"
http://www.wikidata.org/entity/Q43295932,Bijou Theatre,Point(-86.7801163 36.1654645),,,"former movie theater in Nashville, Tennessee, United States"
http://www.wikidata.org/entity/Q43295932,Bijou Theatre,Point(-86.7801163 36.1654645),,,"former movie theater in Nashville, Tennessee, United States"
http://www.wikidata.org/entity/Q43295932,Bijou Theatre,Point(-86.7801163 36.1654645),,,"former movie theater in Nashville, Tennessee, United States"
http://www.wikidata.org/entity/Q43295932,Bijou Theatre,Point(-86.7801163 36.1654645),,,"former movie theater in Nashville, Tennessee, United States"
http://www.wikidata.org/entity/Q43295932,Bijou Theatre,Point(-86.7801163 36.1654645),,,"former movie theater in Nashville, Tennessee, United States"
http://www.wikidata.org/entity/Q43295932,Bijou Theatre,Point(-86.7801163 36.1654645),,,"former movie theater in Nashville, Tennessee, United States"
http://www.wikidata.org/entity/Q43295932,Bijou Theatre,Point(-86.7801163 36.1654645),,,"former movie theater in Nashville, Tennessee, United States"
http://www.wikidata.org/entity/Q43295932,Bijou Theatre,Point(-86.7801163 36.1654645),,,"former movie theater in Nashville, Tennessee, United States"
http://www.wikidata.org/entity/Q43295932,Bijou Theatre,Point(-86.7801163 36.1654645),,,"former movie theater in Nashville, Tennessee, United States"
http://www.wikidata.org/entity/Q43295932,Bijou Theatre,Point(-86.7801163 36.1654645),,,"former movie theater in Nashville, Tennessee, United States"
http://www.wikidata.org/entity/Q43295942,Fountain Square 14,Point(-86.804953 36.193612),,,"former movie theater in Nashville, Tennessee, United States"
http://www.wikidata.org/entity/Q43295942,Fountain Square 14,Point(-86.804953 36.193612),,,"former movie theater in Nashville, Tennessee, United States"
http://www.wikidata.org/entity/Q43295942,Fountain Square 14,Point(-86.804953 36.193612),,,"former movie theater in Nashville, Tennessee, United States"
http://www.wikidata.org/entity/Q43295942,Fountain Square 14,Point(-86.804953 36.193612),,,"former movie theater in Nashville, Tennessee, United States"
http://www.wikidata.org/entity/Q43295942,Fountain Square 14,Point(-86.804953 36.193612),,,"former movie theater in Nashville, Tennessee, United States"
http://www.wikidata.org/entity/Q43295942,Fountain Square 14,Point(-86.804953 36.193612),,,"former movie theater in Nashville, Tennessee, United States"
http://www.wikidata.org/entity/Q43295942,Fountain Square 14,Point(-86.804953 36.193612),,,"former movie theater in Nashville, Tennessee, United States"
http://www.wikidata.org/entity/Q43295942,Fountain Square 14,Point(-86.804953 36.193612),,,"former movie theater in Nashville, Tennessee, United States"
http://www.wikidata.org/entity/Q43295942,Fountain Square 14,Point(-86.804953 36.193612),,,"former movie theater in Nashville, Tennessee, United States"
http://www.wikidata.org/entity/Q43295942,Fountain Square 14,Point(-86.804953 36.193612),,,"former movie theater in Nashville, Tennessee, United States"
http://www.wikidata.org/entity/Q43295942,Fountain Square 14,Point(-86.804953 36.193612),,,"former movie theater in Nashville, Tennessee, United States"
http://www.wikidata.org/entity/Q43295942,Fountain Square 14,Point(-86.804953 36.193612),,,"former movie theater in Nashville, Tennessee, United States"
http://www.wikidata.org/entity/Q43295942,Fountain Square 14,Point(-86.804953 36.193612),,,"former movie theater in Nashville, Tennessee, United States"
http://www.wikidata.org/entity/Q43295942,Fountain Square 14,Point(-86.804953 36.193612),,,"former movie theater in Nashville, Tennessee, United States"
http://www.wikidata.org/entity/Q43295942,Fountain Square 14,Point(-86.804953 36.193612),,,"former movie theater in Nashville, Tennessee, United States"
http://www.wikidata.org/entity/Q43295942,Fountain Square 14,Point(-86.804953 36.193612),,,"former movie theater in Nashville, Tennessee, United States"
http://www.wikidata.org/entity/Q43295942,Fountain Square 14,Point(-86.804953 36.193612),,,"former movie theater in Nashville, Tennessee, United States"
http://www.wikidata.org/entity/Q43295942,Fountain Square 14,Point(-86.804953 36.193612),,,"former movie theater in Nashville, Tennessee, United States"
http://www.wikidata.org/entity/Q43295942,Fountain Square 14,Point(-86.804953 36.193612),,,"former movie theater in Nashville, Tennessee, United States"
http://www.wikidata.org/entity/Q43295942,Fountain Square 14,Point(-86.804953 36.193612),,,"former movie theater in Nashville, Tennessee, United States"
http://www.wikidata.org/entity/Q43295942,Fountain Square 14,Point(-86.804953 36.193612),,,"former movie theater in Nashville, Tennessee, United States"
http://www.wikidata.org/entity/Q43295942,Fountain Square 14,Point(-86.804953 36.193612),,,"former movie theater in Nashville, Tennessee, United States"
http://www.wikidata.org/entity/Q43295942,Fountain Square 14,Point(-86.804953 36.193612),,,"former movie theater in Nashville, Tennessee, United States"
http://www.wikidata.org/entity/Q43295942,Fountain Square 14,Point(-86.804953 36.193612),,,"former movie theater in Nashville, Tennessee, United States"
http://www.wikidata.org/entity/Q43295942,Fountain Square 14,Point(-86.804953 36.193612),,,"former movie theater in Nashville, Tennessee, United States"
http://www.wikidata.org/entity/Q43295942,Fountain Square 14,Point(-86.804953 36.193612),,,"former movie theater in Nashville, Tennessee, United States"
http://www.wikidata.org/entity/Q43295948,"Elite Theatre, Buena Vista",Point(-86.7934858 36.1749544),,,"former movie theater in Nashville, Tennessee, United States"
http://www.wikidata.org/entity/Q43295948,"Elite Theatre, Buena Vista",Point(-86.7934858 36.1749544),,,"former movie theater in Nashville, Tennessee, United States"
http://www.wikidata.org/entity/Q43295948,"Elite Theatre, Buena Vista",Point(-86.7934858 36.1749544),,,"former movie theater in Nashville, Tennessee, United States"
http://www.wikidata.org/entity/Q43295948,"Elite Theatre, Buena Vista",Point(-86.7934858 36.1749544),,,"former movie theater in Nashville, Tennessee, United States"
http://www.wikidata.org/entity/Q43295948,"Elite Theatre, Buena Vista",Point(-86.7934858 36.1749544),,,"former movie theater in Nashville, Tennessee, United States"
http://www.wikidata.org/entity/Q43295948,"Elite Theatre, Buena Vista",Point(-86.7934858 36.1749544),,,"former movie theater in Nashville, Tennessee, United States"
http://www.wikidata.org/entity/Q43295948,"Elite Theatre, Buena Vista",Point(-86.7934858 36.1749544),,,"former movie theater in Nashville, Tennessee, United States"
http://www.wikidata.org/entity/Q43295948,"Elite Theatre, Buena Vista",Point(-86.7934858 36.1749544),,,"former movie theater in Nashville, Tennessee, United States"
http://www.wikidata.org/entity/Q43295948,"Elite Theatre, Buena Vista",Point(-86.7934858 36.1749544),,,"former movie theater in Nashville, Tennessee, United States"
http://www.wikidata.org/entity/Q43295948,"Elite Theatre, Buena Vista",Point(-86.7934858 36.1749544),,,"former movie theater in Nashville, Tennessee, United States"
http://www.wikidata.org/entity/Q43295948,"Elite Theatre, Buena Vista",Point(-86.7934858 36.1749544),,,"former movie theater in Nashville, Tennessee, United States"
http://www.wikidata.org/entity/Q43295948,"Elite Theatre, Buena Vista",Point(-86.7934858 36.1749544),,,"former movie theater in Nashville, Tennessee, United States"
http://www.wikidata.org/entity/Q43295948,"Elite Theatre, Buena Vista",Point(-86.7934858 36.1749544),,,"former movie theater in Nashville, Tennessee, United States"
http://www.wikidata.org/entity/Q43295948,"Elite Theatre, Buena Vista",Point(-86.7934858 36.1749544),,,"former movie theater in Nashville, Tennessee, United States"
http://www.wikidata.org/entity/Q43295948,"Elite Theatre, Buena Vista",Point(-86.7934858 36.1749544),,,"former movie theater in Nashville, Tennessee, United States"
http://www.wikidata.org/entity/Q43295948,"Elite Theatre, Buena Vista",Point(-86.7934858 36.1749544),,,"former movie theater in Nashville, Tennessee, United States"
http://www.wikidata.org/entity/Q43295948,"Elite Theatre, Buena Vista",Point(-86.7934858 36.1749544),,,"former movie theater in Nashville, Tennessee, United States"
http://www.wikidata.org/entity/Q43295948,"Elite Theatre, Buena Vista",Point(-86.7934858 36.1749544),,,"former movie theater in Nashville, Tennessee, United States"
http://www.wikidata.org/entity/Q43295948,"Elite Theatre, Buena Vista",Point(-86.7934858 36.1749544),,,"former movie theater in Nashville, Tennessee, United States"
http://www.wikidata.org/entity/Q43295948,"Elite Theatre, Buena Vista",Point(-86.7934858 36.1749544),,,"former movie theater in Nashville, Tennessee, United States"
http://www.wikidata.org/entity/Q43295948,"Elite Theatre, Buena Vista",Point(-86.7934858 36.1749544),,,"former movie theater in Nashville, Tennessee, United States"
http://www.wikidata.org/entity/Q43295948,"Elite Theatre, Buena Vista",Point(-86.7934858 36.1749544),,,"former movie theater in Nashville, Tennessee, United States"
http://www.wikidata.org/entity/Q43295948,"Elite Theatre, Buena Vista",Point(-86.7934858 36.1749544),,,"former movie theater in Nashville, Tennessee, United States"
http://www.wikidata.org/entity/Q43295948,"Elite Theatre, Buena Vista",Point(-86.7934858 36.1749544),,,"former movie theater in Nashville, Tennessee, United States"
http://www.wikidata.org/entity/Q43295948,"Elite Theatre, Buena Vista",Point(-86.7934858 36.1749544),,,"former movie theater in Nashville, Tennessee, United States"
http://www.wikidata.org/entity/Q43295948,"Elite Theatre, Buena Vista",Point(-86.7934858 36.1749544),,,"former movie theater in Nashville, Tennessee, United States"
http://www.wikidata.org/entity/Q43295956,State Theatre,Point(-86.7928542 36.1751793),,,"former movie theater in Nashville, Tennessee, United States"
http://www.wikidata.org/entity/Q43295956,State Theatre,Point(-86.7928542 36.1751793),,,"former movie theater in Nashville, Tennessee, United States"
http://www.wikidata.org/entity/Q43295956,State Theatre,Point(-86.7928542 36.1751793),,,"former movie theater in Nashville, Tennessee, United States"
http://www.wikidata.org/entity/Q43295956,State Theatre,Point(-86.7928542 36.1751793),,,"former movie theater in Nashville, Tennessee, United States"
http://www.wikidata.org/entity/Q43295956,State Theatre,Point(-86.7928542 36.1751793),,,"former movie theater in Nashville, Tennessee, United States"
http://www.wikidata.org/entity/Q43295956,State Theatre,Point(-86.7928542 36.1751793),,,"former movie theater in Nashville, Tennessee, United States"
http://www.wikidata.org/entity/Q43295956,State Theatre,Point(-86.7928542 36.1751793),,,"former movie theater in Nashville, Tennessee, United States"
http://www.wikidata.org/entity/Q43295956,State Theatre,Point(-86.7928542 36.1751793),,,"former movie theater in Nashville, Tennessee, United States"
http://www.wikidata.org/entity/Q43295956,State Theatre,Point(-86.7928542 36.1751793),,,"former movie theater in Nashville, Tennessee, United States"
http://www.wikidata.org/entity/Q43295956,State Theatre,Point(-86.7928542 36.1751793),,,"former movie theater in Nashville, Tennessee, United States"
http://www.wikidata.org/entity/Q43295956,State Theatre,Point(-86.7928542 36.1751793),,,"former movie theater in Nashville, Tennessee, United States"
http://www.wikidata.org/entity/Q43295956,State Theatre,Point(-86.7928542 36.1751793),,,"former movie theater in Nashville, Tennessee, United States"
http://www.wikidata.org/entity/Q43295956,State Theatre,Point(-86.7928542 36.1751793),,,"former movie theater in Nashville, Tennessee, United States"
http://www.wikidata.org/entity/Q43295956,State Theatre,Point(-86.7928542 36.1751793),,,"former movie theater in Nashville, Tennessee, United States"
http://www.wikidata.org/entity/Q43295956,State Theatre,Point(-86.7928542 36.1751793),,,"former movie theater in Nashville, Tennessee, United States"
http://www.wikidata.org/entity/Q43295956,State Theatre,Point(-86.7928542 36.1751793),,,"former movie theater in Nashville, Tennessee, United States"
http://www.wikidata.org/entity/Q43295956,State Theatre,Point(-86.7928542 36.1751793),,,"former movie theater in Nashville, Tennessee, United States"
http://www.wikidata.org/entity/Q43295956,State Theatre,Point(-86.7928542 36.1751793),,,"former movie theater in Nashville, Tennessee, United States"
http://www.wikidata.org/entity/Q43295956,State Theatre,Point(-86.7928542 36.1751793),,,"former movie theater in Nashville, Tennessee, United States"
http://www.wikidata.org/entity/Q43295956,State Theatre,Point(-86.7928542 36.1751793),,,"former movie theater in Nashville, Tennessee, United States"
http://www.wikidata.org/entity/Q43295956,State Theatre,Point(-86.7928542 36.1751793),,,"former movie theater in Nashville, Tennessee, United States"
http://www.wikidata.org/entity/Q43295956,State Theatre,Point(-86.7928542 36.1751793),,,"former movie theater in Nashville, Tennessee, United States"
http://www.wikidata.org/entity/Q43295956,State Theatre,Point(-86.7928542 36.1751793),,,"former movie theater in Nashville, Tennessee, United States"
http://www.wikidata.org/entity/Q43295956,State Theatre,Point(-86.7928542 36.1751793),,,"former movie theater in Nashville, Tennessee, United States"
http://www.wikidata.org/entity/Q43295956,State Theatre,Point(-86.7928542 36.1751793),,,"former movie theater in Nashville, Tennessee, United States"
http://www.wikidata.org/entity/Q43295956,State Theatre,Point(-86.7928542 36.1751793),,,"former movie theater in Nashville, Tennessee, United States"
http://www.wikidata.org/entity/Q43295962,"Capitol Theatre, 2nd Avenue",Point(-86.7691471 36.1525388),,,"former movie theater in Nashville, Tennessee, United States"
http://www.wikidata.org/entity/Q43295962,"Capitol Theatre, 2nd Avenue",Point(-86.7691471 36.1525388),,,"former movie theater in Nashville, Tennessee, United States"
http://www.wikidata.org/entity/Q43295962,"Capitol Theatre, 2nd Avenue",Point(-86.7691471 36.1525388),,,"former movie theater in Nashville, Tennessee, United States"
http://www.wikidata.org/entity/Q43295962,"Capitol Theatre, 2nd Avenue",Point(-86.7691471 36.1525388),,,"former movie theater in Nashville, Tennessee, United States"
http://www.wikidata.org/entity/Q43295962,"Capitol Theatre, 2nd Avenue",Point(-86.7691471 36.1525388),,,"former movie theater in Nashville, Tennessee, United States"
http://www.wikidata.org/entity/Q43295962,"Capitol Theatre, 2nd Avenue",Point(-86.7691471 36.1525388),,,"former movie theater in Nashville, Tennessee, United States"
http://www.wikidata.org/entity/Q43295962,"Capitol Theatre, 2nd Avenue",Point(-86.7691471 36.1525388),,,"former movie theater in Nashville, Tennessee, United States"
http://www.wikidata.org/entity/Q43295962,"Capitol Theatre, 2nd Avenue",Point(-86.7691471 36.1525388),,,"former movie theater in Nashville, Tennessee, United States"
http://www.wikidata.org/entity/Q43295962,"Capitol Theatre, 2nd Avenue",Point(-86.7691471 36.1525388),,,"former movie theater in Nashville, Tennessee, United States"
http://www.wikidata.org/entity/Q43295962,"Capitol Theatre, 2nd Avenue",Point(-86.7691471 36.1525388),,,"former movie theater in Nashville, Tennessee, United States"
http://www.wikidata.org/entity/Q43295962,"Capitol Theatre, 2nd Avenue",Point(-86.7691471 36.1525388),,,"former movie theater in Nashville, Tennessee, United States"
http://www.wikidata.org/entity/Q43295962,"Capitol Theatre, 2nd Avenue",Point(-86.7691471 36.1525388),,,"former movie theater in Nashville, Tennessee, United States"
http://www.wikidata.org/entity/Q43295962,"Capitol Theatre, 2nd Avenue",Point(-86.7691471 36.1525388),,,"former movie theater in Nashville, Tennessee, United States"
http://www.wikidata.org/entity/Q43295962,"Capitol Theatre, 2nd Avenue",Point(-86.7691471 36.1525388),,,"former movie theater in Nashville, Tennessee, United States"
http://www.wikidata.org/entity/Q43295962,"Capitol Theatre, 2nd Avenue",Point(-86.7691471 36.1525388),,,"former movie theater in Nashville, Tennessee, United States"
http://www.wikidata.org/entity/Q43295962,"Capitol Theatre, 2nd Avenue",Point(-86.7691471 36.1525388),,,"former movie theater in Nashville, Tennessee, United States"
http://www.wikidata.org/entity/Q43295962,"Capitol Theatre, 2nd Avenue",Point(-86.7691471 36.1525388),,,"former movie theater in Nashville, Tennessee, United States"
http://www.wikidata.org/entity/Q43295962,"Capitol Theatre, 2nd Avenue",Point(-86.7691471 36.1525388),,,"former movie theater in Nashville, Tennessee, United States"
http://www.wikidata.org/entity/Q43295962,"Capitol Theatre, 2nd Avenue",Point(-86.7691471 36.1525388),,,"former movie theater in Nashville, Tennessee, United States"
http://www.wikidata.org/entity/Q43295962,"Capitol Theatre, 2nd Avenue",Point(-86.7691471 36.1525388),,,"former movie theater in Nashville, Tennessee, United States"
http://www.wikidata.org/entity/Q43295962,"Capitol Theatre, 2nd Avenue",Point(-86.7691471 36.1525388),,,"former movie theater in Nashville, Tennessee, United States"
http://www.wikidata.org/entity/Q43295962,"Capitol Theatre, 2nd Avenue",Point(-86.7691471 36.1525388),,,"former movie theater in Nashville, Tennessee, United States"
http://www.wikidata.org/entity/Q43295962,"Capitol Theatre, 2nd Avenue",Point(-86.7691471 36.1525388),,,"former movie theater in Nashville, Tennessee, United States"
http://www.wikidata.org/entity/Q43295962,"Capitol Theatre, 2nd Avenue",Point(-86.7691471 36.1525388),,,"former movie theater in Nashville, Tennessee, United States"
http://www.wikidata.org/entity/Q43295962,"Capitol Theatre, 2nd Avenue",Point(-86.7691471 36.1525388),,,"former movie theater in Nashville, Tennessee, United States"
http://www.wikidata.org/entity/Q43295962,"Capitol Theatre, 2nd Avenue",Point(-86.7691471 36.1525388),,,"former movie theater in Nashville, Tennessee, United States"
http://www.wikidata.org/entity/Q43295967,"Capitol Theatre, Church Street",Point(-86.7810129 36.1627968),,,"former movie theater in Nashville, Tennessee, United States"
http://www.wikidata.org/entity/Q43295967,"Capitol Theatre, Church Street",Point(-86.7810129 36.1627968),,,"former movie theater in Nashville, Tennessee, United States"
http://www.wikidata.org/entity/Q43295967,"Capitol Theatre, Church Street",Point(-86.7810129 36.1627968),,,"former movie theater in Nashville, Tennessee, United States"
http://www.wikidata.org/entity/Q43295967,"Capitol Theatre, Church Street",Point(-86.7810129 36.1627968),,,"former movie theater in Nashville, Tennessee, United States"
http://www.wikidata.org/entity/Q43295967,"Capitol Theatre, Church Street",Point(-86.7810129 36.1627968),,,"former movie theater in Nashville, Tennessee, United States"
http://www.wikidata.org/entity/Q43295967,"Capitol Theatre, Church Street",Point(-86.7810129 36.1627968),,,"former movie theater in Nashville, Tennessee, United States"
http://www.wikidata.org/entity/Q43295967,"Capitol Theatre, Church Street",Point(-86.7810129 36.1627968),,,"former movie theater in Nashville, Tennessee, United States"
http://www.wikidata.org/entity/Q43295967,"Capitol Theatre, Church Street",Point(-86.7810129 36.1627968),,,"former movie theater in Nashville, Tennessee, United States"
http://www.wikidata.org/entity/Q43295967,"Capitol Theatre, Church Street",Point(-86.7810129 36.1627968),,,"former movie theater in Nashville, Tennessee, United States"
http://www.wikidata.org/entity/Q43295967,"Capitol Theatre, Church Street",Point(-86.7810129 36.1627968),,,"former movie theater in Nashville, Tennessee, United States"
http://www.wikidata.org/entity/Q43295967,"Capitol Theatre, Church Street",Point(-86.7810129 36.1627968),,,"former movie theater in Nashville, Tennessee, United States"
http://www.wikidata.org/entity/Q43295967,"Capitol Theatre, Church Street",Point(-86.7810129 36.1627968),,,"former movie theater in Nashville, Tennessee, United States"
http://www.wikidata.org/entity/Q43295967,"Capitol Theatre, Church Street",Point(-86.7810129 36.1627968),,,"former movie theater in Nashville, Tennessee, United States"
http://www.wikidata.org/entity/Q43295967,"Capitol Theatre, Church Street",Point(-86.7810129 36.1627968),,,"former movie theater in Nashville, Tennessee, United States"
http://www.wikidata.org/entity/Q43295967,"Capitol Theatre, Church Street",Point(-86.7810129 36.1627968),,,"former movie theater in Nashville, Tennessee, United States"
http://www.wikidata.org/entity/Q43295967,"Capitol Theatre, Church Street",Point(-86.7810129 36.1627968),,,"former movie theater in Nashville, Tennessee, United States"
http://www.wikidata.org/entity/Q43295967,"Capitol Theatre, Church Street",Point(-86.7810129 36.1627968),,,"former movie theater in Nashville, Tennessee, United States"
http://www.wikidata.org/entity/Q43295967,"Capitol Theatre, Church Street",Point(-86.7810129 36.1627968),,,"former movie theater in Nashville, Tennessee, United States"
http://www.wikidata.org/entity/Q43295967,"Capitol Theatre, Church Street",Point(-86.7810129 36.1627968),,,"former movie theater in Nashville, Tennessee, United States"
http://www.wikidata.org/entity/Q43295967,"Capitol Theatre, Church Street",Point(-86.7810129 36.1627968),,,"former movie theater in Nashville, Tennessee, United States"
http://www.wikidata.org/entity/Q43295967,"Capitol Theatre, Church Street",Point(-86.7810129 36.1627968),,,"former movie theater in Nashville, Tennessee, United States"
http://www.wikidata.org/entity/Q43295967,"Capitol Theatre, Church Street",Point(-86.7810129 36.1627968),,,"former movie theater in Nashville, Tennessee, United States"
http://www.wikidata.org/entity/Q43295967,"Capitol Theatre, Church Street",Point(-86.7810129 36.1627968),,,"former movie theater in Nashville, Tennessee, United States"
http://www.wikidata.org/entity/Q43295967,"Capitol Theatre, Church Street",Point(-86.7810129 36.1627968),,,"former movie theater in Nashville, Tennessee, United States"
http://www.wikidata.org/entity/Q43295967,"Capitol Theatre, Church Street",Point(-86.7810129 36.1627968),,,"former movie theater in Nashville, Tennessee, United States"
http://www.wikidata.org/entity/Q43295967,"Capitol Theatre, Church Street",Point(-86.7810129 36.1627968),,,"former movie theater in Nashville, Tennessee, United States"
http://www.wikidata.org/entity/Q43295973,Capri Twin Theatre,Point(-86.7269052 36.081549),,,"former movie theater in Nashville, Tennessee, United States"
http://www.wikidata.org/entity/Q43295973,Capri Twin Theatre,Point(-86.7269052 36.081549),,,"former movie theater in Nashville, Tennessee, United States"
http://www.wikidata.org/entity/Q43295973,Capri Twin Theatre,Point(-86.7269052 36.081549),,,"former movie theater in Nashville, Tennessee, United States"
http://www.wikidata.org/entity/Q43295973,Capri Twin Theatre,Point(-86.7269052 36.081549),,,"former movie theater in Nashville, Tennessee, United States"
http://www.wikidata.org/entity/Q43295973,Capri Twin Theatre,Point(-86.7269052 36.081549),,,"former movie theater in Nashville, Tennessee, United States"
http://www.wikidata.org/entity/Q43295973,Capri Twin Theatre,Point(-86.7269052 36.081549),,,"former movie theater in Nashville, Tennessee, United States"
http://www.wikidata.org/entity/Q43295973,Capri Twin Theatre,Point(-86.7269052 36.081549),,,"former movie theater in Nashville, Tennessee, United States"
http://www.wikidata.org/entity/Q43295973,Capri Twin Theatre,Point(-86.7269052 36.081549),,,"former movie theater in Nashville, Tennessee, United States"
http://www.wikidata.org/entity/Q43295973,Capri Twin Theatre,Point(-86.7269052 36.081549),,,"former movie theater in Nashville, Tennessee, United States"
http://www.wikidata.org/entity/Q43295973,Capri Twin Theatre,Point(-86.7269052 36.081549),,,"former movie theater in Nashville, Tennessee, United States"
http://www.wikidata.org/entity/Q43295973,Capri Twin Theatre,Point(-86.7269052 36.081549),,,"former movie theater in Nashville, Tennessee, United States"
http://www.wikidata.org/entity/Q43295973,Capri Twin Theatre,Point(-86.7269052 36.081549),,,"former movie theater in Nashville, Tennessee, United States"
http://www.wikidata.org/entity/Q43295973,Capri Twin Theatre,Point(-86.7269052 36.081549),,,"former movie theater in Nashville, Tennessee, United States"
http://www.wikidata.org/entity/Q43295973,Capri Twin Theatre,Point(-86.7269052 36.081549),,,"former movie theater in Nashville, Tennessee, United States"
http://www.wikidata.org/entity/Q43295973,Capri Twin Theatre,Point(-86.7269052 36.081549),,,"former movie theater in Nashville, Tennessee, United States"
http://www.wikidata.org/entity/Q43295973,Capri Twin Theatre,Point(-86.7269052 36.081549),,,"former movie theater in Nashville, Tennessee, United States"
http://www.wikidata.org/entity/Q43295973,Capri Twin Theatre,Point(-86.7269052 36.081549),,,"former movie theater in Nashville, Tennessee, United States"
http://www.wikidata.org/entity/Q43295973,Capri Twin Theatre,Point(-86.7269052 36.081549),,,"former movie theater in Nashville, Tennessee, United States"
http://www.wikidata.org/entity/Q43295973,Capri Twin Theatre,Point(-86.7269052 36.081549),,,"former movie theater in Nashville, Tennessee, United States"
http://www.wikidata.org/entity/Q43295973,Capri Twin Theatre,Point(-86.7269052 36.081549),,,"former movie theater in Nashville, Tennessee, United States"
http://www.wikidata.org/entity/Q43295973,Capri Twin Theatre,Point(-86.7269052 36.081549),,,"former movie theater in Nashville, Tennessee, United States"
http://www.wikidata.org/entity/Q43295973,Capri Twin Theatre,Point(-86.7269052 36.081549),,,"former movie theater in Nashville, Tennessee, United States"
http://www.wikidata.org/entity/Q43295973,Capri Twin Theatre,Point(-86.7269052 36.081549),,,"former movie theater in Nashville, Tennessee, United States"
http://www.wikidata.org/entity/Q43295973,Capri Twin Theatre,Point(-86.7269052 36.081549),,,"former movie theater in Nashville, Tennessee, United States"
http://www.wikidata.org/entity/Q43295973,Capri Twin Theatre,Point(-86.7269052 36.081549),,,"former movie theater in Nashville, Tennessee, United States"
http://www.wikidata.org/entity/Q43295973,Capri Twin Theatre,Point(-86.7269052 36.081549),,,"former movie theater in Nashville, Tennessee, United States"
http://www.wikidata.org/entity/Q43295980,Center Theatre,Point(-86.7436831 36.1108271),,,"former movie theater in Nashville, Tennessee, United States"
http://www.wikidata.org/entity/Q43295980,Center Theatre,Point(-86.7436831 36.1108271),,,"former movie theater in Nashville, Tennessee, United States"
http://www.wikidata.org/entity/Q43295980,Center Theatre,Point(-86.7436831 36.1108271),,,"former movie theater in Nashville, Tennessee, United States"
http://www.wikidata.org/entity/Q43295980,Center Theatre,Point(-86.7436831 36.1108271),,,"former movie theater in Nashville, Tennessee, United States"
http://www.wikidata.org/entity/Q43295980,Center Theatre,Point(-86.7436831 36.1108271),,,"former movie theater in Nashville, Tennessee, United States"
http://www.wikidata.org/entity/Q43295980,Center Theatre,Point(-86.7436831 36.1108271),,,"former movie theater in Nashville, Tennessee, United States"
http://www.wikidata.org/entity/Q43295980,Center Theatre,Point(-86.7436831 36.1108271),,,"former movie theater in Nashville, Tennessee, United States"
http://www.wikidata.org/entity/Q43295980,Center Theatre,Point(-86.7436831 36.1108271),,,"former movie theater in Nashville, Tennessee, United States"
http://www.wikidata.org/entity/Q43295980,Center Theatre,Point(-86.7436831 36.1108271),,,"former movie theater in Nashville, Tennessee, United States"
http://www.wikidata.org/entity/Q43295980,Center Theatre,Point(-86.7436831 36.1108271),,,"former movie theater in Nashville, Tennessee, United States"
http://www.wikidata.org/entity/Q43295980,Center Theatre,Point(-86.7436831 36.1108271),,,"former movie theater in Nashville, Tennessee, United States"
http://www.wikidata.org/entity/Q43295980,Center Theatre,Point(-86.7436831 36.1108271),,,"former movie theater in Nashville, Tennessee, United States"
http://www.wikidata.org/entity/Q43295980,Center Theatre,Point(-86.7436831 36.1108271),,,"former movie theater in Nashville, Tennessee, United States"
http://www.wikidata.org/entity/Q43295980,Center Theatre,Point(-86.7436831 36.1108271),,,"former movie theater in Nashville, Tennessee, United States"
http://www.wikidata.org/entity/Q43295980,Center Theatre,Point(-86.7436831 36.1108271),,,"former movie theater in Nashville, Tennessee, United States"
http://www.wikidata.org/entity/Q43295980,Center Theatre,Point(-86.7436831 36.1108271),,,"former movie theater in Nashville, Tennessee, United States"
http://www.wikidata.org/entity/Q43295980,Center Theatre,Point(-86.7436831 36.1108271),,,"former movie theater in Nashville, Tennessee, United States"
http://www.wikidata.org/entity/Q43295980,Center Theatre,Point(-86.7436831 36.1108271),,,"former movie theater in Nashville, Tennessee, United States"
http://www.wikidata.org/entity/Q43295980,Center Theatre,Point(-86.7436831 36.1108271),,,"former movie theater in Nashville, Tennessee, United States"
http://www.wikidata.org/entity/Q43295980,Center Theatre,Point(-86.7436831 36.1108271),,,"former movie theater in Nashville, Tennessee, United States"
http://www.wikidata.org/entity/Q43295980,Center Theatre,Point(-86.7436831 36.1108271),,,"former movie theater in Nashville, Tennessee, United States"
http://www.wikidata.org/entity/Q43295980,Center Theatre,Point(-86.7436831 36.1108271),,,"former movie theater in Nashville, Tennessee, United States"
http://www.wikidata.org/entity/Q43295980,Center Theatre,Point(-86.7436831 36.1108271),,,"former movie theater in Nashville, Tennessee, United States"
http://www.wikidata.org/entity/Q43295980,Center Theatre,Point(-86.7436831 36.1108271),,,"former movie theater in Nashville, Tennessee, United States"
http://www.wikidata.org/entity/Q43295980,Center Theatre,Point(-86.7436831 36.1108271),,,"former movie theater in Nashville, Tennessee, United States"
http://www.wikidata.org/entity/Q43295980,Center Theatre,Point(-86.7436831 36.1108271),,,"former movie theater in Nashville, Tennessee, United States"
http://www.wikidata.org/entity/Q43295985,"Elite Theatre, Cherokee Park",Point(-86.843872 36.152434),,,"former movie theater in Nashville, Tennessee, United States"
http://www.wikidata.org/entity/Q43295985,"Elite Theatre, Cherokee Park",Point(-86.843872 36.152434),,,"former movie theater in Nashville, Tennessee, United States"
http://www.wikidata.org/entity/Q43295985,"Elite Theatre, Cherokee Park",Point(-86.843872 36.152434),,,"former movie theater in Nashville, Tennessee, United States"
http://www.wikidata.org/entity/Q43295985,"Elite Theatre, Cherokee Park",Point(-86.843872 36.152434),,,"former movie theater in Nashville, Tennessee, United States"
http://www.wikidata.org/entity/Q43295985,"Elite Theatre, Cherokee Park",Point(-86.843872 36.152434),,,"former movie theater in Nashville, Tennessee, United States"
http://www.wikidata.org/entity/Q43295985,"Elite Theatre, Cherokee Park",Point(-86.843872 36.152434),,,"former movie theater in Nashville, Tennessee, United States"
http://www.wikidata.org/entity/Q43295985,"Elite Theatre, Cherokee Park",Point(-86.843872 36.152434),,,"former movie theater in Nashville, Tennessee, United States"
http://www.wikidata.org/entity/Q43295985,"Elite Theatre, Cherokee Park",Point(-86.843872 36.152434),,,"former movie theater in Nashville, Tennessee, United States"
http://www.wikidata.org/entity/Q43295985,"Elite Theatre, Cherokee Park",Point(-86.843872 36.152434),,,"former movie theater in Nashville, Tennessee, United States"
http://www.wikidata.org/entity/Q43295985,"Elite Theatre, Cherokee Park",Point(-86.843872 36.152434),,,"former movie theater in Nashville, Tennessee, United States"
http://www.wikidata.org/entity/Q43295985,"Elite Theatre, Cherokee Park",Point(-86.843872 36.152434),,,"former movie theater in Nashville, Tennessee, United States"
http://www.wikidata.org/entity/Q43295985,"Elite Theatre, Cherokee Park",Point(-86.843872 36.152434),,,"former movie theater in Nashville, Tennessee, United States"
http://www.wikidata.org/entity/Q43295985,"Elite Theatre, Cherokee Park",Point(-86.843872 36.152434),,,"former movie theater in Nashville, Tennessee, United States"
http://www.wikidata.org/entity/Q43295985,"Elite Theatre, Cherokee Park",Point(-86.843872 36.152434),,,"former movie theater in Nashville, Tennessee, United States"
http://www.wikidata.org/entity/Q43295985,"Elite Theatre, Cherokee Park",Point(-86.843872 36.152434),,,"former movie theater in Nashville, Tennessee, United States"
http://www.wikidata.org/entity/Q43295985,"Elite Theatre, Cherokee Park",Point(-86.843872 36.152434),,,"former movie theater in Nashville, Tennessee, United States"
http://www.wikidata.org/entity/Q43295985,"Elite Theatre, Cherokee Park",Point(-86.843872 36.152434),,,"former movie theater in Nashville, Tennessee, United States"
http://www.wikidata.org/entity/Q43295985,"Elite Theatre, Cherokee Park",Point(-86.843872 36.152434),,,"former movie theater in Nashville, Tennessee, United States"
http://www.wikidata.org/entity/Q43295985,"Elite Theatre, Cherokee Park",Point(-86.843872 36.152434),,,"former movie theater in Nashville, Tennessee, United States"
http://www.wikidata.org/entity/Q43295985,"Elite Theatre, Cherokee Park",Point(-86.843872 36.152434),,,"former movie theater in Nashville, Tennessee, United States"
http://www.wikidata.org/entity/Q43295985,"Elite Theatre, Cherokee Park",Point(-86.843872 36.152434),,,"former movie theater in Nashville, Tennessee, United States"
http://www.wikidata.org/entity/Q43295985,"Elite Theatre, Cherokee Park",Point(-86.843872 36.152434),,,"former movie theater in Nashville, Tennessee, United States"
http://www.wikidata.org/entity/Q43295985,"Elite Theatre, Cherokee Park",Point(-86.843872 36.152434),,,"former movie theater in Nashville, Tennessee, United States"
http://www.wikidata.org/entity/Q43295985,"Elite Theatre, Cherokee Park",Point(-86.843872 36.152434),,,"former movie theater in Nashville, Tennessee, United States"
http://www.wikidata.org/entity/Q43295985,"Elite Theatre, Cherokee Park",Point(-86.843872 36.152434),,,"former movie theater in Nashville, Tennessee, United States"
http://www.wikidata.org/entity/Q43295985,"Elite Theatre, Cherokee Park",Point(-86.843872 36.152434),,,"former movie theater in Nashville, Tennessee, United States"
http://www.wikidata.org/entity/Q43295989,Cinema South 4,Point(-86.7277133 36.0841526),,,"former movie theater in Nashville, Tennessee, United States"
http://www.wikidata.org/entity/Q43295989,Cinema South 4,Point(-86.7277133 36.0841526),,,"former movie theater in Nashville, Tennessee, United States"
http://www.wikidata.org/entity/Q43295989,Cinema South 4,Point(-86.7277133 36.0841526),,,"former movie theater in Nashville, Tennessee, United States"
http://www.wikidata.org/entity/Q43295989,Cinema South 4,Point(-86.7277133 36.0841526),,,"former movie theater in Nashville, Tennessee, United States"
http://www.wikidata.org/entity/Q43295989,Cinema South 4,Point(-86.7277133 36.0841526),,,"former movie theater in Nashville, Tennessee, United States"
http://www.wikidata.org/entity/Q43295989,Cinema South 4,Point(-86.7277133 36.0841526),,,"former movie theater in Nashville, Tennessee, United States"
http://www.wikidata.org/entity/Q43295989,Cinema South 4,Point(-86.7277133 36.0841526),,,"former movie theater in Nashville, Tennessee, United States"
http://www.wikidata.org/entity/Q43295989,Cinema South 4,Point(-86.7277133 36.0841526),,,"former movie theater in Nashville, Tennessee, United States"
http://www.wikidata.org/entity/Q43295989,Cinema South 4,Point(-86.7277133 36.0841526),,,"former movie theater in Nashville, Tennessee, United States"
http://www.wikidata.org/entity/Q43295989,Cinema South 4,Point(-86.7277133 36.0841526),,,"former movie theater in Nashville, Tennessee, United States"
http://www.wikidata.org/entity/Q43295989,Cinema South 4,Point(-86.7277133 36.0841526),,,"former movie theater in Nashville, Tennessee, United States"
http://www.wikidata.org/entity/Q43295989,Cinema South 4,Point(-86.7277133 36.0841526),,,"former movie theater in Nashville, Tennessee, United States"
http://www.wikidata.org/entity/Q43295989,Cinema South 4,Point(-86.7277133 36.0841526),,,"former movie theater in Nashville, Tennessee, United States"
http://www.wikidata.org/entity/Q43295989,Cinema South 4,Point(-86.7277133 36.0841526),,,"former movie theater in Nashville, Tennessee, United States"
http://www.wikidata.org/entity/Q43295989,Cinema South 4,Point(-86.7277133 36.0841526),,,"former movie theater in Nashville, Tennessee, United States"
http://www.wikidata.org/entity/Q43295989,Cinema South 4,Point(-86.7277133 36.0841526),,,"former movie theater in Nashville, Tennessee, United States"
http://www.wikidata.org/entity/Q43295989,Cinema South 4,Point(-86.7277133 36.0841526),,,"former movie theater in Nashville, Tennessee, United States"
http://www.wikidata.org/entity/Q43295989,Cinema South 4,Point(-86.7277133 36.0841526),,,"former movie theater in Nashville, Tennessee, United States"
http://www.wikidata.org/entity/Q43295989,Cinema South 4,Point(-86.7277133 36.0841526),,,"former movie theater in Nashville, Tennessee, United States"
http://www.wikidata.org/entity/Q43295989,Cinema South 4,Point(-86.7277133 36.0841526),,,"former movie theater in Nashville, Tennessee, United States"
http://www.wikidata.org/entity/Q43295989,Cinema South 4,Point(-86.7277133 36.0841526),,,"former movie theater in Nashville, Tennessee, United States"
http://www.wikidata.org/entity/Q43295989,Cinema South 4,Point(-86.7277133 36.0841526),,,"former movie theater in Nashville, Tennessee, United States"
http://www.wikidata.org/entity/Q43295989,Cinema South 4,Point(-86.7277133 36.0841526),,,"former movie theater in Nashville, Tennessee, United States"
http://www.wikidata.org/entity/Q43295989,Cinema South 4,Point(-86.7277133 36.0841526),,,"former movie theater in Nashville, Tennessee, United States"
http://www.wikidata.org/entity/Q43295989,Cinema South 4,Point(-86.7277133 36.0841526),,,"former movie theater in Nashville, Tennessee, United States"
http://www.wikidata.org/entity/Q43295989,Cinema South 4,Point(-86.7277133 36.0841526),,,"former movie theater in Nashville, Tennessee, United States"
http://www.wikidata.org/entity/Q43295995,Crescent Theatre,Point(-86.7805926 36.1636627),,,"former movie theater in Nashville, Tennessee, United States"
http://www.wikidata.org/entity/Q43295995,Crescent Theatre,Point(-86.7805926 36.1636627),,,"former movie theater in Nashville, Tennessee, United States"
http://www.wikidata.org/entity/Q43295995,Crescent Theatre,Point(-86.7805926 36.1636627),,,"former movie theater in Nashville, Tennessee, United States"
http://www.wikidata.org/entity/Q43295995,Crescent Theatre,Point(-86.7805926 36.1636627),,,"former movie theater in Nashville, Tennessee, United States"
http://www.wikidata.org/entity/Q43295995,Crescent Theatre,Point(-86.7805926 36.1636627),,,"former movie theater in Nashville, Tennessee, United States"
http://www.wikidata.org/entity/Q43295995,Crescent Theatre,Point(-86.7805926 36.1636627),,,"former movie theater in Nashville, Tennessee, United States"
http://www.wikidata.org/entity/Q43295995,Crescent Theatre,Point(-86.7805926 36.1636627),,,"former movie theater in Nashville, Tennessee, United States"
http://www.wikidata.org/entity/Q43295995,Crescent Theatre,Point(-86.7805926 36.1636627),,,"former movie theater in Nashville, Tennessee, United States"
http://www.wikidata.org/entity/Q43295995,Crescent Theatre,Point(-86.7805926 36.1636627),,,"former movie theater in Nashville, Tennessee, United States"
http://www.wikidata.org/entity/Q43295995,Crescent Theatre,Point(-86.7805926 36.1636627),,,"former movie theater in Nashville, Tennessee, United States"
http://www.wikidata.org/entity/Q43295995,Crescent Theatre,Point(-86.7805926 36.1636627),,,"former movie theater in Nashville, Tennessee, United States"
http://www.wikidata.org/entity/Q43295995,Crescent Theatre,Point(-86.7805926 36.1636627),,,"former movie theater in Nashville, Tennessee, United States"
http://www.wikidata.org/entity/Q43295995,Crescent Theatre,Point(-86.7805926 36.1636627),,,"former movie theater in Nashville, Tennessee, United States"
http://www.wikidata.org/entity/Q43295995,Crescent Theatre,Point(-86.7805926 36.1636627),,,"former movie theater in Nashville, Tennessee, United States"
http://www.wikidata.org/entity/Q43295995,Crescent Theatre,Point(-86.7805926 36.1636627),,,"former movie theater in Nashville, Tennessee, United States"
http://www.wikidata.org/entity/Q43295995,Crescent Theatre,Point(-86.7805926 36.1636627),,,"former movie theater in Nashville, Tennessee, United States"
http://www.wikidata.org/entity/Q43295995,Crescent Theatre,Point(-86.7805926 36.1636627),,,"former movie theater in Nashville, Tennessee, United States"
http://www.wikidata.org/entity/Q43295995,Crescent Theatre,Point(-86.7805926 36.1636627),,,"former movie theater in Nashville, Tennessee, United States"
http://www.wikidata.org/entity/Q43295995,Crescent Theatre,Point(-86.7805926 36.1636627),,,"former movie theater in Nashville, Tennessee, United States"
http://www.wikidata.org/entity/Q43295995,Crescent Theatre,Point(-86.7805926 36.1636627),,,"former movie theater in Nashville, Tennessee, United States"
http://www.wikidata.org/entity/Q43295995,Crescent Theatre,Point(-86.7805926 36.1636627),,,"former movie theater in Nashville, Tennessee, United States"
http://www.wikidata.org/entity/Q43295995,Crescent Theatre,Point(-86.7805926 36.1636627),,,"former movie theater in Nashville, Tennessee, United States"
http://www.wikidata.org/entity/Q43295995,Crescent Theatre,Point(-86.7805926 36.1636627),,,"former movie theater in Nashville, Tennessee, United States"
http://www.wikidata.org/entity/Q43295995,Crescent Theatre,Point(-86.7805926 36.1636627),,,"former movie theater in Nashville, Tennessee, United States"
http://www.wikidata.org/entity/Q43295995,Crescent Theatre,Point(-86.7805926 36.1636627),,,"former movie theater in Nashville, Tennessee, United States"
http://www.wikidata.org/entity/Q43295995,Crescent Theatre,Point(-86.7805926 36.1636627),,,"former movie theater in Nashville, Tennessee, United States"
http://www.wikidata.org/entity/Q43296002,Dixie Theatre,Point(-86.7835491 36.168397),,,"former movie theater in Nashville, Tennessee, United States"
http://www.wikidata.org/entity/Q43296002,Dixie Theatre,Point(-86.7835491 36.168397),,,"former movie theater in Nashville, Tennessee, United States"
http://www.wikidata.org/entity/Q43296002,Dixie Theatre,Point(-86.7835491 36.168397),,,"former movie theater in Nashville, Tennessee, United States"
http://www.wikidata.org/entity/Q43296002,Dixie Theatre,Point(-86.7835491 36.168397),,,"former movie theater in Nashville, Tennessee, United States"
http://www.wikidata.org/entity/Q43296002,Dixie Theatre,Point(-86.7835491 36.168397),,,"former movie theater in Nashville, Tennessee, United States"
http://www.wikidata.org/entity/Q43296002,Dixie Theatre,Point(-86.7835491 36.168397),,,"former movie theater in Nashville, Tennessee, United States"
http://www.wikidata.org/entity/Q43296002,Dixie Theatre,Point(-86.7835491 36.168397),,,"former movie theater in Nashville, Tennessee, United States"
http://www.wikidata.org/entity/Q43296002,Dixie Theatre,Point(-86.7835491 36.168397),,,"former movie theater in Nashville, Tennessee, United States"
http://www.wikidata.org/entity/Q43296002,Dixie Theatre,Point(-86.7835491 36.168397),,,"former movie theater in Nashville, Tennessee, United States"
http://www.wikidata.org/entity/Q43296002,Dixie Theatre,Point(-86.7835491 36.168397),,,"former movie theater in Nashville, Tennessee, United States"
http://www.wikidata.org/entity/Q43296007,Donelson Theatre,Point(-86.662358 36.166813),,,"former movie theater in Nashville, Tennessee, United States"
http://www.wikidata.org/entity/Q43296007,Donelson Theatre,Point(-86.662358 36.166813),,,"former movie theater in Nashville, Tennessee, United States"
http://www.wikidata.org/entity/Q43296007,Donelson Theatre,Point(-86.662358 36.166813),,,"former movie theater in Nashville, Tennessee, United States"
http://www.wikidata.org/entity/Q43296007,Donelson Theatre,Point(-86.662358 36.166813),,,"former movie theater in Nashville, Tennessee, United States"
http://www.wikidata.org/entity/Q43296013,Woodland Theatre,Point(-86.750684 36.177524),,,"former movie theater in Nashville, Tennessee, United States"
http://www.wikidata.org/entity/Q43296013,Woodland Theatre,Point(-86.750684 36.177524),,,"former movie theater in Nashville, Tennessee, United States"
http://www.wikidata.org/entity/Q43296013,Woodland Theatre,Point(-86.750684 36.177524),,,"former movie theater in Nashville, Tennessee, United States"
http://www.wikidata.org/entity/Q43296013,Woodland Theatre,Point(-86.750684 36.177524),,,"former movie theater in Nashville, Tennessee, United States"
http://www.wikidata.org/entity/Q43296013,Woodland Theatre,Point(-86.750684 36.177524),,,"former movie theater in Nashville, Tennessee, United States"
http://www.wikidata.org/entity/Q43296013,Woodland Theatre,Point(-86.750684 36.177524),,,"former movie theater in Nashville, Tennessee, United States"
http://www.wikidata.org/entity/Q43296013,Woodland Theatre,Point(-86.750684 36.177524),,,"former movie theater in Nashville, Tennessee, United States"
http://www.wikidata.org/entity/Q43296013,Woodland Theatre,Point(-86.750684 36.177524),,,"former movie theater in Nashville, Tennessee, United States"
http://www.wikidata.org/entity/Q43296013,Woodland Theatre,Point(-86.750684 36.177524),,,"former movie theater in Nashville, Tennessee, United States"
http://www.wikidata.org/entity/Q43296013,Woodland Theatre,Point(-86.750684 36.177524),,,"former movie theater in Nashville, Tennessee, United States"
http://www.wikidata.org/entity/Q43296013,Woodland Theatre,Point(-86.750684 36.177524),,,"former movie theater in Nashville, Tennessee, United States"
http://www.wikidata.org/entity/Q43296013,Woodland Theatre,Point(-86.750684 36.177524),,,"former movie theater in Nashville, Tennessee, United States"
http://www.wikidata.org/entity/Q43296013,Woodland Theatre,Point(-86.750684 36.177524),,,"former movie theater in Nashville, Tennessee, United States"
http://www.wikidata.org/entity/Q43296013,Woodland Theatre,Point(-86.750684 36.177524),,,"former movie theater in Nashville, Tennessee, United States"
http://www.wikidata.org/entity/Q43296013,Woodland Theatre,Point(-86.750684 36.177524),,,"former movie theater in Nashville, Tennessee, United States"
http://www.wikidata.org/entity/Q43296013,Woodland Theatre,Point(-86.750684 36.177524),,,"former movie theater in Nashville, Tennessee, United States"
http://www.wikidata.org/entity/Q43296013,Woodland Theatre,Point(-86.750684 36.177524),,,"former movie theater in Nashville, Tennessee, United States"
http://www.wikidata.org/entity/Q43296013,Woodland Theatre,Point(-86.750684 36.177524),,,"former movie theater in Nashville, Tennessee, United States"
http://www.wikidata.org/entity/Q43296013,Woodland Theatre,Point(-86.750684 36.177524),,,"former movie theater in Nashville, Tennessee, United States"
http://www.wikidata.org/entity/Q43296013,Woodland Theatre,Point(-86.750684 36.177524),,,"former movie theater in Nashville, Tennessee, United States"
http://www.wikidata.org/entity/Q43296013,Woodland Theatre,Point(-86.750684 36.177524),,,"former movie theater in Nashville, Tennessee, United States"
http://www.wikidata.org/entity/Q43296013,Woodland Theatre,Point(-86.750684 36.177524),,,"former movie theater in Nashville, Tennessee, United States"
http://www.wikidata.org/entity/Q43296013,Woodland Theatre,Point(-86.750684 36.177524),,,"former movie theater in Nashville, Tennessee, United States"
http://www.wikidata.org/entity/Q43296013,Woodland Theatre,Point(-86.750684 36.177524),,,"former movie theater in Nashville, Tennessee, United States"
http://www.wikidata.org/entity/Q43296013,Woodland Theatre,Point(-86.750684 36.177524),,,"former movie theater in Nashville, Tennessee, United States"
http://www.wikidata.org/entity/Q43296013,Woodland Theatre,Point(-86.750684 36.177524),,,"former movie theater in Nashville, Tennessee, United States"
http://www.wikidata.org/entity/Q43296019,Eclair Theatre,Point(-86.7717245 36.1526347),,,"former movie theater in Nashville, Tennessee, United States"
http://www.wikidata.org/entity/Q43296019,Eclair Theatre,Point(-86.7717245 36.1526347),,,"former movie theater in Nashville, Tennessee, United States"
http://www.wikidata.org/entity/Q43296019,Eclair Theatre,Point(-86.7717245 36.1526347),,,"former movie theater in Nashville, Tennessee, United States"
http://www.wikidata.org/entity/Q43296019,Eclair Theatre,Point(-86.7717245 36.1526347),,,"former movie theater in Nashville, Tennessee, United States"
http://www.wikidata.org/entity/Q43296019,Eclair Theatre,Point(-86.7717245 36.1526347),,,"former movie theater in Nashville, Tennessee, United States"
http://www.wikidata.org/entity/Q43296019,Eclair Theatre,Point(-86.7717245 36.1526347),,,"former movie theater in Nashville, Tennessee, United States"
http://www.wikidata.org/entity/Q43296019,Eclair Theatre,Point(-86.7717245 36.1526347),,,"former movie theater in Nashville, Tennessee, United States"
http://www.wikidata.org/entity/Q43296019,Eclair Theatre,Point(-86.7717245 36.1526347),,,"former movie theater in Nashville, Tennessee, United States"
http://www.wikidata.org/entity/Q43296019,Eclair Theatre,Point(-86.7717245 36.1526347),,,"former movie theater in Nashville, Tennessee, United States"
http://www.wikidata.org/entity/Q43296019,Eclair Theatre,Point(-86.7717245 36.1526347),,,"former movie theater in Nashville, Tennessee, United States"
http://www.wikidata.org/entity/Q43296019,Eclair Theatre,Point(-86.7717245 36.1526347),,,"former movie theater in Nashville, Tennessee, United States"
http://www.wikidata.org/entity/Q43296019,Eclair Theatre,Point(-86.7717245 36.1526347),,,"former movie theater in Nashville, Tennessee, United States"
http://www.wikidata.org/entity/Q43296019,Eclair Theatre,Point(-86.7717245 36.1526347),,,"former movie theater in Nashville, Tennessee, United States"
http://www.wikidata.org/entity/Q43296019,Eclair Theatre,Point(-86.7717245 36.1526347),,,"former movie theater in Nashville, Tennessee, United States"
http://www.wikidata.org/entity/Q43296019,Eclair Theatre,Point(-86.7717245 36.1526347),,,"former movie theater in Nashville, Tennessee, United States"
http://www.wikidata.org/entity/Q43296019,Eclair Theatre,Point(-86.7717245 36.1526347),,,"former movie theater in Nashville, Tennessee, United States"
http://www.wikidata.org/entity/Q43296019,Eclair Theatre,Point(-86.7717245 36.1526347),,,"former movie theater in Nashville, Tennessee, United States"
http://www.wikidata.org/entity/Q43296019,Eclair Theatre,Point(-86.7717245 36.1526347),,,"former movie theater in Nashville, Tennessee, United States"
http://www.wikidata.org/entity/Q43296019,Eclair Theatre,Point(-86.7717245 36.1526347),,,"former movie theater in Nashville, Tennessee, United States"
http://www.wikidata.org/entity/Q43296019,Eclair Theatre,Point(-86.7717245 36.1526347),,,"former movie theater in Nashville, Tennessee, United States"
http://www.wikidata.org/entity/Q43296019,Eclair Theatre,Point(-86.7717245 36.1526347),,,"former movie theater in Nashville, Tennessee, United States"
http://www.wikidata.org/entity/Q43296019,Eclair Theatre,Point(-86.7717245 36.1526347),,,"former movie theater in Nashville, Tennessee, United States"
http://www.wikidata.org/entity/Q43296019,Eclair Theatre,Point(-86.7717245 36.1526347),,,"former movie theater in Nashville, Tennessee, United States"
http://www.wikidata.org/entity/Q43296019,Eclair Theatre,Point(-86.7717245 36.1526347),,,"former movie theater in Nashville, Tennessee, United States"
http://www.wikidata.org/entity/Q43296019,Eclair Theatre,Point(-86.7717245 36.1526347),,,"former movie theater in Nashville, Tennessee, United States"
http://www.wikidata.org/entity/Q43296019,Eclair Theatre,Point(-86.7717245 36.1526347),,,"former movie theater in Nashville, Tennessee, United States"
http://www.wikidata.org/entity/Q43296027,Lincoln Theatre,Point(-86.7809974 36.1662401),,,"former movie theater in Nashville, Tennessee, United States"
http://www.wikidata.org/entity/Q43296027,Lincoln Theatre,Point(-86.7809974 36.1662401),,,"former movie theater in Nashville, Tennessee, United States"
http://www.wikidata.org/entity/Q43296027,Lincoln Theatre,Point(-86.7809974 36.1662401),,,"former movie theater in Nashville, Tennessee, United States"
http://www.wikidata.org/entity/Q43296027,Lincoln Theatre,Point(-86.7809974 36.1662401),,,"former movie theater in Nashville, Tennessee, United States"
http://www.wikidata.org/entity/Q43296027,Lincoln Theatre,Point(-86.7809974 36.1662401),,,"former movie theater in Nashville, Tennessee, United States"
http://www.wikidata.org/entity/Q43296027,Lincoln Theatre,Point(-86.7809974 36.1662401),,,"former movie theater in Nashville, Tennessee, United States"
http://www.wikidata.org/entity/Q43296027,Lincoln Theatre,Point(-86.7809974 36.1662401),,,"former movie theater in Nashville, Tennessee, United States"
http://www.wikidata.org/entity/Q43296027,Lincoln Theatre,Point(-86.7809974 36.1662401),,,"former movie theater in Nashville, Tennessee, United States"
http://www.wikidata.org/entity/Q43296027,Lincoln Theatre,Point(-86.7809974 36.1662401),,,"former movie theater in Nashville, Tennessee, United States"
http://www.wikidata.org/entity/Q43296027,Lincoln Theatre,Point(-86.7809974 36.1662401),,,"former movie theater in Nashville, Tennessee, United States"
http://www.wikidata.org/entity/Q43296027,Lincoln Theatre,Point(-86.7809974 36.1662401),,,"former movie theater in Nashville, Tennessee, United States"
http://www.wikidata.org/entity/Q43296027,Lincoln Theatre,Point(-86.7809974 36.1662401),,,"former movie theater in Nashville, Tennessee, United States"
http://www.wikidata.org/entity/Q43296027,Lincoln Theatre,Point(-86.7809974 36.1662401),,,"former movie theater in Nashville, Tennessee, United States"
http://www.wikidata.org/entity/Q43296027,Lincoln Theatre,Point(-86.7809974 36.1662401),,,"former movie theater in Nashville, Tennessee, United States"
http://www.wikidata.org/entity/Q43296027,Lincoln Theatre,Point(-86.7809974 36.1662401),,,"former movie theater in Nashville, Tennessee, United States"
http://www.wikidata.org/entity/Q43296027,Lincoln Theatre,Point(-86.7809974 36.1662401),,,"former movie theater in Nashville, Tennessee, United States"
http://www.wikidata.org/entity/Q43296027,Lincoln Theatre,Point(-86.7809974 36.1662401),,,"former movie theater in Nashville, Tennessee, United States"
http://www.wikidata.org/entity/Q43296027,Lincoln Theatre,Point(-86.7809974 36.1662401),,,"former movie theater in Nashville, Tennessee, United States"
http://www.wikidata.org/entity/Q43296027,Lincoln Theatre,Point(-86.7809974 36.1662401),,,"former movie theater in Nashville, Tennessee, United States"
http://www.wikidata.org/entity/Q43296027,Lincoln Theatre,Point(-86.7809974 36.1662401),,,"former movie theater in Nashville, Tennessee, United States"
http://www.wikidata.org/entity/Q43296027,Lincoln Theatre,Point(-86.7809974 36.1662401),,,"former movie theater in Nashville, Tennessee, United States"
http://www.wikidata.org/entity/Q43296027,Lincoln Theatre,Point(-86.7809974 36.1662401),,,"former movie theater in Nashville, Tennessee, United States"
http://www.wikidata.org/entity/Q43296027,Lincoln Theatre,Point(-86.7809974 36.1662401),,,"former movie theater in Nashville, Tennessee, United States"
http://www.wikidata.org/entity/Q43296027,Lincoln Theatre,Point(-86.7809974 36.1662401),,,"former movie theater in Nashville, Tennessee, United States"
http://www.wikidata.org/entity/Q43296027,Lincoln Theatre,Point(-86.7809974 36.1662401),,,"former movie theater in Nashville, Tennessee, United States"
http://www.wikidata.org/entity/Q43296027,Lincoln Theatre,Point(-86.7809974 36.1662401),,,"former movie theater in Nashville, Tennessee, United States"
http://www.wikidata.org/entity/Q43293411,4-Lane Drive-In,Point(-86.4295927 35.8815411),,,"former drive-in movie theater in Murfreesboro, Tennessee, United States"
http://www.wikidata.org/entity/Q43293411,4-Lane Drive-In,Point(-86.4295927 35.8815411),,,"former drive-in movie theater in Murfreesboro, Tennessee, United States"
http://www.wikidata.org/entity/Q43293411,4-Lane Drive-In,Point(-86.4295927 35.8815411),,,"former drive-in movie theater in Murfreesboro, Tennessee, United States"
http://www.wikidata.org/entity/Q43293411,4-Lane Drive-In,Point(-86.4295927 35.8815411),,,"former drive-in movie theater in Murfreesboro, Tennessee, United States"
http://www.wikidata.org/entity/Q43293411,4-Lane Drive-In,Point(-86.4295927 35.8815411),,,"former drive-in movie theater in Murfreesboro, Tennessee, United States"
http://www.wikidata.org/entity/Q43293411,4-Lane Drive-In,Point(-86.4295927 35.8815411),,,"former drive-in movie theater in Murfreesboro, Tennessee, United States"
http://www.wikidata.org/entity/Q43293411,4-Lane Drive-In,Point(-86.4295927 35.8815411),,,"former drive-in movie theater in Murfreesboro, Tennessee, United States"
http://www.wikidata.org/entity/Q43293411,4-Lane Drive-In,Point(-86.4295927 35.8815411),,,"former drive-in movie theater in Murfreesboro, Tennessee, United States"
http://www.wikidata.org/entity/Q43293411,4-Lane Drive-In,Point(-86.4295927 35.8815411),,,"former drive-in movie theater in Murfreesboro, Tennessee, United States"
http://www.wikidata.org/entity/Q43293411,4-Lane Drive-In,Point(-86.4295927 35.8815411),,,"former drive-in movie theater in Murfreesboro, Tennessee, United States"
http://www.wikidata.org/entity/Q43293411,4-Lane Drive-In,Point(-86.4295927 35.8815411),,,"former drive-in movie theater in Murfreesboro, Tennessee, United States"
http://www.wikidata.org/entity/Q43293411,4-Lane Drive-In,Point(-86.4295927 35.8815411),,,"former drive-in movie theater in Murfreesboro, Tennessee, United States"
http://www.wikidata.org/entity/Q43293411,4-Lane Drive-In,Point(-86.4295927 35.8815411),,,"former drive-in movie theater in Murfreesboro, Tennessee, United States"
http://www.wikidata.org/entity/Q43293411,4-Lane Drive-In,Point(-86.4295927 35.8815411),,,"former drive-in movie theater in Murfreesboro, Tennessee, United States"
http://www.wikidata.org/entity/Q43293411,4-Lane Drive-In,Point(-86.4295927 35.8815411),,,"former drive-in movie theater in Murfreesboro, Tennessee, United States"
http://www.wikidata.org/entity/Q43293411,4-Lane Drive-In,Point(-86.4295927 35.8815411),,,"former drive-in movie theater in Murfreesboro, Tennessee, United States"
http://www.wikidata.org/entity/Q43293411,4-Lane Drive-In,Point(-86.4295927 35.8815411),,,"former drive-in movie theater in Murfreesboro, Tennessee, United States"
http://www.wikidata.org/entity/Q43293411,4-Lane Drive-In,Point(-86.4295927 35.8815411),,,"former drive-in movie theater in Murfreesboro, Tennessee, United States"
http://www.wikidata.org/entity/Q43293411,4-Lane Drive-In,Point(-86.4295927 35.8815411),,,"former drive-in movie theater in Murfreesboro, Tennessee, United States"
http://www.wikidata.org/entity/Q43293411,4-Lane Drive-In,Point(-86.4295927 35.8815411),,,"former drive-in movie theater in Murfreesboro, Tennessee, United States"
http://www.wikidata.org/entity/Q43293411,4-Lane Drive-In,Point(-86.4295927 35.8815411),,,"former drive-in movie theater in Murfreesboro, Tennessee, United States"
http://www.wikidata.org/entity/Q43293411,4-Lane Drive-In,Point(-86.4295927 35.8815411),,,"former drive-in movie theater in Murfreesboro, Tennessee, United States"
http://www.wikidata.org/entity/Q43293411,4-Lane Drive-In,Point(-86.4295927 35.8815411),,,"former drive-in movie theater in Murfreesboro, Tennessee, United States"
http://www.wikidata.org/entity/Q43293411,4-Lane Drive-In,Point(-86.4295927 35.8815411),,,"former drive-in movie theater in Murfreesboro, Tennessee, United States"
http://www.wikidata.org/entity/Q43293411,4-Lane Drive-In,Point(-86.4295927 35.8815411),,,"former drive-in movie theater in Murfreesboro, Tennessee, United States"
http://www.wikidata.org/entity/Q43293411,4-Lane Drive-In,Point(-86.4295927 35.8815411),,,"former drive-in movie theater in Murfreesboro, Tennessee, United States"
http://www.wikidata.org/entity/Q43293411,4-Lane Drive-In,Point(-86.4295927 35.8815411),,,"former drive-in movie theater in Murfreesboro, Tennessee, United States"
http://www.wikidata.org/entity/Q43293411,4-Lane Drive-In,Point(-86.4295927 35.8815411),,,"former drive-in movie theater in Murfreesboro, Tennessee, United States"
http://www.wikidata.org/entity/Q43293411,4-Lane Drive-In,Point(-86.4295927 35.8815411),,,"former drive-in movie theater in Murfreesboro, Tennessee, United States"
http://www.wikidata.org/entity/Q43293411,4-Lane Drive-In,Point(-86.4295927 35.8815411),,,"former drive-in movie theater in Murfreesboro, Tennessee, United States"
http://www.wikidata.org/entity/Q43293411,4-Lane Drive-In,Point(-86.4295927 35.8815411),,,"former drive-in movie theater in Murfreesboro, Tennessee, United States"
http://www.wikidata.org/entity/Q43293411,4-Lane Drive-In,Point(-86.4295927 35.8815411),,,"former drive-in movie theater in Murfreesboro, Tennessee, United States"
http://www.wikidata.org/entity/Q43293411,4-Lane Drive-In,Point(-86.4295927 35.8815411),,,"former drive-in movie theater in Murfreesboro, Tennessee, United States"
http://www.wikidata.org/entity/Q43293411,4-Lane Drive-In,Point(-86.4295927 35.8815411),,,"former drive-in movie theater in Murfreesboro, Tennessee, United States"
http://www.wikidata.org/entity/Q43293411,4-Lane Drive-In,Point(-86.4295927 35.8815411),,,"former drive-in movie theater in Murfreesboro, Tennessee, United States"
http://www.wikidata.org/entity/Q43293411,4-Lane Drive-In,Point(-86.4295927 35.8815411),,,"former drive-in movie theater in Murfreesboro, Tennessee, United States"
http://www.wikidata.org/entity/Q43293411,4-Lane Drive-In,Point(-86.4295927 35.8815411),,,"former drive-in movie theater in Murfreesboro, Tennessee, United States"
http://www.wikidata.org/entity/Q43293411,4-Lane Drive-In,Point(-86.4295927 35.8815411),,,"former drive-in movie theater in Murfreesboro, Tennessee, United States"
http://www.wikidata.org/entity/Q43293411,4-Lane Drive-In,Point(-86.4295927 35.8815411),,,"former drive-in movie theater in Murfreesboro, Tennessee, United States"
http://www.wikidata.org/entity/Q43293411,4-Lane Drive-In,Point(-86.4295927 35.8815411),,,"former drive-in movie theater in Murfreesboro, Tennessee, United States"
http://www.wikidata.org/entity/Q43293411,4-Lane Drive-In,Point(-86.4295927 35.8815411),,,"former drive-in movie theater in Murfreesboro, Tennessee, United States"
http://www.wikidata.org/entity/Q43293411,4-Lane Drive-In,Point(-86.4295927 35.8815411),,,"former drive-in movie theater in Murfreesboro, Tennessee, United States"
http://www.wikidata.org/entity/Q43293411,4-Lane Drive-In,Point(-86.4295927 35.8815411),,,"former drive-in movie theater in Murfreesboro, Tennessee, United States"
http://www.wikidata.org/entity/Q43293411,4-Lane Drive-In,Point(-86.4295927 35.8815411),,,"former drive-in movie theater in Murfreesboro, Tennessee, United States"
http://www.wikidata.org/entity/Q43293438,Bordeaux Drive-In,Point(-86.837529 36.209397),,,"former drive-in movie theater in Nashville, Tennessee, United States"
http://www.wikidata.org/entity/Q43293438,Bordeaux Drive-In,Point(-86.837529 36.209397),,,"former drive-in movie theater in Nashville, Tennessee, United States"
http://www.wikidata.org/entity/Q43293438,Bordeaux Drive-In,Point(-86.837529 36.209397),,,"former drive-in movie theater in Nashville, Tennessee, United States"
http://www.wikidata.org/entity/Q43293438,Bordeaux Drive-In,Point(-86.837529 36.209397),,,"former drive-in movie theater in Nashville, Tennessee, United States"
http://www.wikidata.org/entity/Q43293438,Bordeaux Drive-In,Point(-86.837529 36.209397),,,"former drive-in movie theater in Nashville, Tennessee, United States"
http://www.wikidata.org/entity/Q43293438,Bordeaux Drive-In,Point(-86.837529 36.209397),,,"former drive-in movie theater in Nashville, Tennessee, United States"
http://www.wikidata.org/entity/Q43293438,Bordeaux Drive-In,Point(-86.837529 36.209397),,,"former drive-in movie theater in Nashville, Tennessee, United States"
http://www.wikidata.org/entity/Q43293438,Bordeaux Drive-In,Point(-86.837529 36.209397),,,"former drive-in movie theater in Nashville, Tennessee, United States"
http://www.wikidata.org/entity/Q43293438,Bordeaux Drive-In,Point(-86.837529 36.209397),,,"former drive-in movie theater in Nashville, Tennessee, United States"
http://www.wikidata.org/entity/Q43293438,Bordeaux Drive-In,Point(-86.837529 36.209397),,,"former drive-in movie theater in Nashville, Tennessee, United States"
http://www.wikidata.org/entity/Q43293438,Bordeaux Drive-In,Point(-86.837529 36.209397),,,"former drive-in movie theater in Nashville, Tennessee, United States"
http://www.wikidata.org/entity/Q43293438,Bordeaux Drive-In,Point(-86.837529 36.209397),,,"former drive-in movie theater in Nashville, Tennessee, United States"
http://www.wikidata.org/entity/Q43293438,Bordeaux Drive-In,Point(-86.837529 36.209397),,,"former drive-in movie theater in Nashville, Tennessee, United States"
http://www.wikidata.org/entity/Q43293438,Bordeaux Drive-In,Point(-86.837529 36.209397),,,"former drive-in movie theater in Nashville, Tennessee, United States"
http://www.wikidata.org/entity/Q43293438,Bordeaux Drive-In,Point(-86.837529 36.209397),,,"former drive-in movie theater in Nashville, Tennessee, United States"
http://www.wikidata.org/entity/Q43293438,Bordeaux Drive-In,Point(-86.837529 36.209397),,,"former drive-in movie theater in Nashville, Tennessee, United States"
http://www.wikidata.org/entity/Q43293438,Bordeaux Drive-In,Point(-86.837529 36.209397),,,"former drive-in movie theater in Nashville, Tennessee, United States"
http://www.wikidata.org/entity/Q43293438,Bordeaux Drive-In,Point(-86.837529 36.209397),,,"former drive-in movie theater in Nashville, Tennessee, United States"
http://www.wikidata.org/entity/Q43293438,Bordeaux Drive-In,Point(-86.837529 36.209397),,,"former drive-in movie theater in Nashville, Tennessee, United States"
http://www.wikidata.org/entity/Q43293438,Bordeaux Drive-In,Point(-86.837529 36.209397),,,"former drive-in movie theater in Nashville, Tennessee, United States"
http://www.wikidata.org/entity/Q43293438,Bordeaux Drive-In,Point(-86.837529 36.209397),,,"former drive-in movie theater in Nashville, Tennessee, United States"
http://www.wikidata.org/entity/Q43293438,Bordeaux Drive-In,Point(-86.837529 36.209397),,,"former drive-in movie theater in Nashville, Tennessee, United States"
http://www.wikidata.org/entity/Q43293438,Bordeaux Drive-In,Point(-86.837529 36.209397),,,"former drive-in movie theater in Nashville, Tennessee, United States"
http://www.wikidata.org/entity/Q43293438,Bordeaux Drive-In,Point(-86.837529 36.209397),,,"former drive-in movie theater in Nashville, Tennessee, United States"
http://www.wikidata.org/entity/Q43293438,Bordeaux Drive-In,Point(-86.837529 36.209397),,,"former drive-in movie theater in Nashville, Tennessee, United States"
http://www.wikidata.org/entity/Q43293438,Bordeaux Drive-In,Point(-86.837529 36.209397),,,"former drive-in movie theater in Nashville, Tennessee, United States"
http://www.wikidata.org/entity/Q43293438,Bordeaux Drive-In,Point(-86.837529 36.209397),,,"former drive-in movie theater in Nashville, Tennessee, United States"
http://www.wikidata.org/entity/Q43293438,Bordeaux Drive-In,Point(-86.837529 36.209397),,,"former drive-in movie theater in Nashville, Tennessee, United States"
http://www.wikidata.org/entity/Q43293438,Bordeaux Drive-In,Point(-86.837529 36.209397),,,"former drive-in movie theater in Nashville, Tennessee, United States"
http://www.wikidata.org/entity/Q43293438,Bordeaux Drive-In,Point(-86.837529 36.209397),,,"former drive-in movie theater in Nashville, Tennessee, United States"
http://www.wikidata.org/entity/Q43293438,Bordeaux Drive-In,Point(-86.837529 36.209397),,,"former drive-in movie theater in Nashville, Tennessee, United States"
http://www.wikidata.org/entity/Q43293438,Bordeaux Drive-In,Point(-86.837529 36.209397),,,"former drive-in movie theater in Nashville, Tennessee, United States"
http://www.wikidata.org/entity/Q43293438,Bordeaux Drive-In,Point(-86.837529 36.209397),,,"former drive-in movie theater in Nashville, Tennessee, United States"
http://www.wikidata.org/entity/Q43293438,Bordeaux Drive-In,Point(-86.837529 36.209397),,,"former drive-in movie theater in Nashville, Tennessee, United States"
http://www.wikidata.org/entity/Q43293438,Bordeaux Drive-In,Point(-86.837529 36.209397),,,"former drive-in movie theater in Nashville, Tennessee, United States"
http://www.wikidata.org/entity/Q43293438,Bordeaux Drive-In,Point(-86.837529 36.209397),,,"former drive-in movie theater in Nashville, Tennessee, United States"
http://www.wikidata.org/entity/Q43293438,Bordeaux Drive-In,Point(-86.837529 36.209397),,,"former drive-in movie theater in Nashville, Tennessee, United States"
http://www.wikidata.org/entity/Q43293438,Bordeaux Drive-In,Point(-86.837529 36.209397),,,"former drive-in movie theater in Nashville, Tennessee, United States"
http://www.wikidata.org/entity/Q43293438,Bordeaux Drive-In,Point(-86.837529 36.209397),,,"former drive-in movie theater in Nashville, Tennessee, United States"
http://www.wikidata.org/entity/Q43293438,Bordeaux Drive-In,Point(-86.837529 36.209397),,,"former drive-in movie theater in Nashville, Tennessee, United States"
http://www.wikidata.org/entity/Q43293438,Bordeaux Drive-In,Point(-86.837529 36.209397),,,"former drive-in movie theater in Nashville, Tennessee, United States"
http://www.wikidata.org/entity/Q43293438,Bordeaux Drive-In,Point(-86.837529 36.209397),,,"former drive-in movie theater in Nashville, Tennessee, United States"
http://www.wikidata.org/entity/Q43293438,Bordeaux Drive-In,Point(-86.837529 36.209397),,,"former drive-in movie theater in Nashville, Tennessee, United States"
http://www.wikidata.org/entity/Q43293438,Bordeaux Drive-In,Point(-86.837529 36.209397),,,"former drive-in movie theater in Nashville, Tennessee, United States"
http://www.wikidata.org/entity/Q43293448,Crescent Drive-In,Point(-86.7103278 36.1263164),,,"former drive-in movie theater in Nashville, Tennessee, United States"
http://www.wikidata.org/entity/Q43293448,Crescent Drive-In,Point(-86.7103278 36.1263164),,,"former drive-in movie theater in Nashville, Tennessee, United States"
http://www.wikidata.org/entity/Q43293448,Crescent Drive-In,Point(-86.7103278 36.1263164),,,"former drive-in movie theater in Nashville, Tennessee, United States"
http://www.wikidata.org/entity/Q43293448,Crescent Drive-In,Point(-86.7103278 36.1263164),,,"former drive-in movie theater in Nashville, Tennessee, United States"
http://www.wikidata.org/entity/Q43293448,Crescent Drive-In,Point(-86.7103278 36.1263164),,,"former drive-in movie theater in Nashville, Tennessee, United States"
http://www.wikidata.org/entity/Q43293448,Crescent Drive-In,Point(-86.7103278 36.1263164),,,"former drive-in movie theater in Nashville, Tennessee, United States"
http://www.wikidata.org/entity/Q43293448,Crescent Drive-In,Point(-86.7103278 36.1263164),,,"former drive-in movie theater in Nashville, Tennessee, United States"
http://www.wikidata.org/entity/Q43293448,Crescent Drive-In,Point(-86.7103278 36.1263164),,,"former drive-in movie theater in Nashville, Tennessee, United States"
http://www.wikidata.org/entity/Q43293448,Crescent Drive-In,Point(-86.7103278 36.1263164),,,"former drive-in movie theater in Nashville, Tennessee, United States"
http://www.wikidata.org/entity/Q43293448,Crescent Drive-In,Point(-86.7103278 36.1263164),,,"former drive-in movie theater in Nashville, Tennessee, United States"
http://www.wikidata.org/entity/Q43293448,Crescent Drive-In,Point(-86.7103278 36.1263164),,,"former drive-in movie theater in Nashville, Tennessee, United States"
http://www.wikidata.org/entity/Q43293448,Crescent Drive-In,Point(-86.7103278 36.1263164),,,"former drive-in movie theater in Nashville, Tennessee, United States"
http://www.wikidata.org/entity/Q43293448,Crescent Drive-In,Point(-86.7103278 36.1263164),,,"former drive-in movie theater in Nashville, Tennessee, United States"
http://www.wikidata.org/entity/Q43293448,Crescent Drive-In,Point(-86.7103278 36.1263164),,,"former drive-in movie theater in Nashville, Tennessee, United States"
http://www.wikidata.org/entity/Q43293448,Crescent Drive-In,Point(-86.7103278 36.1263164),,,"former drive-in movie theater in Nashville, Tennessee, United States"
http://www.wikidata.org/entity/Q43293448,Crescent Drive-In,Point(-86.7103278 36.1263164),,,"former drive-in movie theater in Nashville, Tennessee, United States"
http://www.wikidata.org/entity/Q43293448,Crescent Drive-In,Point(-86.7103278 36.1263164),,,"former drive-in movie theater in Nashville, Tennessee, United States"
http://www.wikidata.org/entity/Q43293448,Crescent Drive-In,Point(-86.7103278 36.1263164),,,"former drive-in movie theater in Nashville, Tennessee, United States"
http://www.wikidata.org/entity/Q43293448,Crescent Drive-In,Point(-86.7103278 36.1263164),,,"former drive-in movie theater in Nashville, Tennessee, United States"
http://www.wikidata.org/entity/Q43293448,Crescent Drive-In,Point(-86.7103278 36.1263164),,,"former drive-in movie theater in Nashville, Tennessee, United States"
http://www.wikidata.org/entity/Q43293448,Crescent Drive-In,Point(-86.7103278 36.1263164),,,"former drive-in movie theater in Nashville, Tennessee, United States"
http://www.wikidata.org/entity/Q43293448,Crescent Drive-In,Point(-86.7103278 36.1263164),,,"former drive-in movie theater in Nashville, Tennessee, United States"
http://www.wikidata.org/entity/Q43293448,Crescent Drive-In,Point(-86.7103278 36.1263164),,,"former drive-in movie theater in Nashville, Tennessee, United States"
http://www.wikidata.org/entity/Q43293448,Crescent Drive-In,Point(-86.7103278 36.1263164),,,"former drive-in movie theater in Nashville, Tennessee, United States"
http://www.wikidata.org/entity/Q43293448,Crescent Drive-In,Point(-86.7103278 36.1263164),,,"former drive-in movie theater in Nashville, Tennessee, United States"
http://www.wikidata.org/entity/Q43293448,Crescent Drive-In,Point(-86.7103278 36.1263164),,,"former drive-in movie theater in Nashville, Tennessee, United States"
http://www.wikidata.org/entity/Q43293448,Crescent Drive-In,Point(-86.7103278 36.1263164),,,"former drive-in movie theater in Nashville, Tennessee, United States"
http://www.wikidata.org/entity/Q43293448,Crescent Drive-In,Point(-86.7103278 36.1263164),,,"former drive-in movie theater in Nashville, Tennessee, United States"
http://www.wikidata.org/entity/Q43293448,Crescent Drive-In,Point(-86.7103278 36.1263164),,,"former drive-in movie theater in Nashville, Tennessee, United States"
http://www.wikidata.org/entity/Q43293448,Crescent Drive-In,Point(-86.7103278 36.1263164),,,"former drive-in movie theater in Nashville, Tennessee, United States"
http://www.wikidata.org/entity/Q43293448,Crescent Drive-In,Point(-86.7103278 36.1263164),,,"former drive-in movie theater in Nashville, Tennessee, United States"
http://www.wikidata.org/entity/Q43293448,Crescent Drive-In,Point(-86.7103278 36.1263164),,,"former drive-in movie theater in Nashville, Tennessee, United States"
http://www.wikidata.org/entity/Q43293448,Crescent Drive-In,Point(-86.7103278 36.1263164),,,"former drive-in movie theater in Nashville, Tennessee, United States"
http://www.wikidata.org/entity/Q43293448,Crescent Drive-In,Point(-86.7103278 36.1263164),,,"former drive-in movie theater in Nashville, Tennessee, United States"
http://www.wikidata.org/entity/Q43293448,Crescent Drive-In,Point(-86.7103278 36.1263164),,,"former drive-in movie theater in Nashville, Tennessee, United States"
http://www.wikidata.org/entity/Q43293448,Crescent Drive-In,Point(-86.7103278 36.1263164),,,"former drive-in movie theater in Nashville, Tennessee, United States"
http://www.wikidata.org/entity/Q43293448,Crescent Drive-In,Point(-86.7103278 36.1263164),,,"former drive-in movie theater in Nashville, Tennessee, United States"
http://www.wikidata.org/entity/Q43293448,Crescent Drive-In,Point(-86.7103278 36.1263164),,,"former drive-in movie theater in Nashville, Tennessee, United States"
http://www.wikidata.org/entity/Q43293448,Crescent Drive-In,Point(-86.7103278 36.1263164),,,"former drive-in movie theater in Nashville, Tennessee, United States"
http://www.wikidata.org/entity/Q43293448,Crescent Drive-In,Point(-86.7103278 36.1263164),,,"former drive-in movie theater in Nashville, Tennessee, United States"
http://www.wikidata.org/entity/Q43293448,Crescent Drive-In,Point(-86.7103278 36.1263164),,,"former drive-in movie theater in Nashville, Tennessee, United States"
http://www.wikidata.org/entity/Q43293448,Crescent Drive-In,Point(-86.7103278 36.1263164),,,"former drive-in movie theater in Nashville, Tennessee, United States"
http://www.wikidata.org/entity/Q43293448,Crescent Drive-In,Point(-86.7103278 36.1263164),,,"former drive-in movie theater in Nashville, Tennessee, United States"
http://www.wikidata.org/entity/Q43293448,Crescent Drive-In,Point(-86.7103278 36.1263164),,,"former drive-in movie theater in Nashville, Tennessee, United States"
http://www.wikidata.org/entity/Q43293456,Skyway Drive-In,Point(-86.7586515 36.2331442),,,"former drive-in movie theater in Nashville, Tennessee, United States"
http://www.wikidata.org/entity/Q43293456,Skyway Drive-In,Point(-86.7586515 36.2331442),,,"former drive-in movie theater in Nashville, Tennessee, United States"
http://www.wikidata.org/entity/Q43293456,Skyway Drive-In,Point(-86.7586515 36.2331442),,,"former drive-in movie theater in Nashville, Tennessee, United States"
http://www.wikidata.org/entity/Q43293456,Skyway Drive-In,Point(-86.7586515 36.2331442),,,"former drive-in movie theater in Nashville, Tennessee, United States"
http://www.wikidata.org/entity/Q43293456,Skyway Drive-In,Point(-86.7586515 36.2331442),,,"former drive-in movie theater in Nashville, Tennessee, United States"
http://www.wikidata.org/entity/Q43293456,Skyway Drive-In,Point(-86.7586515 36.2331442),,,"former drive-in movie theater in Nashville, Tennessee, United States"
http://www.wikidata.org/entity/Q43293456,Skyway Drive-In,Point(-86.7586515 36.2331442),,,"former drive-in movie theater in Nashville, Tennessee, United States"
http://www.wikidata.org/entity/Q43293456,Skyway Drive-In,Point(-86.7586515 36.2331442),,,"former drive-in movie theater in Nashville, Tennessee, United States"
http://www.wikidata.org/entity/Q43293456,Skyway Drive-In,Point(-86.7586515 36.2331442),,,"former drive-in movie theater in Nashville, Tennessee, United States"
http://www.wikidata.org/entity/Q43293456,Skyway Drive-In,Point(-86.7586515 36.2331442),,,"former drive-in movie theater in Nashville, Tennessee, United States"
http://www.wikidata.org/entity/Q43293456,Skyway Drive-In,Point(-86.7586515 36.2331442),,,"former drive-in movie theater in Nashville, Tennessee, United States"
http://www.wikidata.org/entity/Q43293456,Skyway Drive-In,Point(-86.7586515 36.2331442),,,"former drive-in movie theater in Nashville, Tennessee, United States"
http://www.wikidata.org/entity/Q43293456,Skyway Drive-In,Point(-86.7586515 36.2331442),,,"former drive-in movie theater in Nashville, Tennessee, United States"
http://www.wikidata.org/entity/Q43293456,Skyway Drive-In,Point(-86.7586515 36.2331442),,,"former drive-in movie theater in Nashville, Tennessee, United States"
http://www.wikidata.org/entity/Q43293456,Skyway Drive-In,Point(-86.7586515 36.2331442),,,"former drive-in movie theater in Nashville, Tennessee, United States"
http://www.wikidata.org/entity/Q43293456,Skyway Drive-In,Point(-86.7586515 36.2331442),,,"former drive-in movie theater in Nashville, Tennessee, United States"
http://www.wikidata.org/entity/Q43293456,Skyway Drive-In,Point(-86.7586515 36.2331442),,,"former drive-in movie theater in Nashville, Tennessee, United States"
http://www.wikidata.org/entity/Q43293456,Skyway Drive-In,Point(-86.7586515 36.2331442),,,"former drive-in movie theater in Nashville, Tennessee, United States"
http://www.wikidata.org/entity/Q43293456,Skyway Drive-In,Point(-86.7586515 36.2331442),,,"former drive-in movie theater in Nashville, Tennessee, United States"
http://www.wikidata.org/entity/Q43293456,Skyway Drive-In,Point(-86.7586515 36.2331442),,,"former drive-in movie theater in Nashville, Tennessee, United States"
http://www.wikidata.org/entity/Q43293456,Skyway Drive-In,Point(-86.7586515 36.2331442),,,"former drive-in movie theater in Nashville, Tennessee, United States"
http://www.wikidata.org/entity/Q43293456,Skyway Drive-In,Point(-86.7586515 36.2331442),,,"former drive-in movie theater in Nashville, Tennessee, United States"
http://www.wikidata.org/entity/Q43293456,Skyway Drive-In,Point(-86.7586515 36.2331442),,,"former drive-in movie theater in Nashville, Tennessee, United States"
http://www.wikidata.org/entity/Q43293456,Skyway Drive-In,Point(-86.7586515 36.2331442),,,"former drive-in movie theater in Nashville, Tennessee, United States"
http://www.wikidata.org/entity/Q43293456,Skyway Drive-In,Point(-86.7586515 36.2331442),,,"former drive-in movie theater in Nashville, Tennessee, United States"
http://www.wikidata.org/entity/Q43293456,Skyway Drive-In,Point(-86.7586515 36.2331442),,,"former drive-in movie theater in Nashville, Tennessee, United States"
http://www.wikidata.org/entity/Q43293456,Skyway Drive-In,Point(-86.7586515 36.2331442),,,"former drive-in movie theater in Nashville, Tennessee, United States"
http://www.wikidata.org/entity/Q43293456,Skyway Drive-In,Point(-86.7586515 36.2331442),,,"former drive-in movie theater in Nashville, Tennessee, United States"
http://www.wikidata.org/entity/Q43293456,Skyway Drive-In,Point(-86.7586515 36.2331442),,,"former drive-in movie theater in Nashville, Tennessee, United States"
http://www.wikidata.org/entity/Q43293456,Skyway Drive-In,Point(-86.7586515 36.2331442),,,"former drive-in movie theater in Nashville, Tennessee, United States"
http://www.wikidata.org/entity/Q43293456,Skyway Drive-In,Point(-86.7586515 36.2331442),,,"former drive-in movie theater in Nashville, Tennessee, United States"
http://www.wikidata.org/entity/Q43293456,Skyway Drive-In,Point(-86.7586515 36.2331442),,,"former drive-in movie theater in Nashville, Tennessee, United States"
http://www.wikidata.org/entity/Q43293456,Skyway Drive-In,Point(-86.7586515 36.2331442),,,"former drive-in movie theater in Nashville, Tennessee, United States"
http://www.wikidata.org/entity/Q43293456,Skyway Drive-In,Point(-86.7586515 36.2331442),,,"former drive-in movie theater in Nashville, Tennessee, United States"
http://www.wikidata.org/entity/Q43293456,Skyway Drive-In,Point(-86.7586515 36.2331442),,,"former drive-in movie theater in Nashville, Tennessee, United States"
http://www.wikidata.org/entity/Q43293456,Skyway Drive-In,Point(-86.7586515 36.2331442),,,"former drive-in movie theater in Nashville, Tennessee, United States"
http://www.wikidata.org/entity/Q43293456,Skyway Drive-In,Point(-86.7586515 36.2331442),,,"former drive-in movie theater in Nashville, Tennessee, United States"
http://www.wikidata.org/entity/Q43293456,Skyway Drive-In,Point(-86.7586515 36.2331442),,,"former drive-in movie theater in Nashville, Tennessee, United States"
http://www.wikidata.org/entity/Q43293456,Skyway Drive-In,Point(-86.7586515 36.2331442),,,"former drive-in movie theater in Nashville, Tennessee, United States"
http://www.wikidata.org/entity/Q43293456,Skyway Drive-In,Point(-86.7586515 36.2331442),,,"former drive-in movie theater in Nashville, Tennessee, United States"
http://www.wikidata.org/entity/Q43293456,Skyway Drive-In,Point(-86.7586515 36.2331442),,,"former drive-in movie theater in Nashville, Tennessee, United States"
http://www.wikidata.org/entity/Q43293456,Skyway Drive-In,Point(-86.7586515 36.2331442),,,"former drive-in movie theater in Nashville, Tennessee, United States"
http://www.wikidata.org/entity/Q43293456,Skyway Drive-In,Point(-86.7586515 36.2331442),,,"former drive-in movie theater in Nashville, Tennessee, United States"
http://www.wikidata.org/entity/Q43293456,Skyway Drive-In,Point(-86.7586515 36.2331442),,,"former drive-in movie theater in Nashville, Tennessee, United States"
http://www.wikidata.org/entity/Q43293462,Warner Park Drive-In,Point(-86.8866496 36.0788621),,,"former drive-in movie theater in Nashville, Tennessee, United States"
http://www.wikidata.org/entity/Q43293462,Warner Park Drive-In,Point(-86.8866496 36.0788621),,,"former drive-in movie theater in Nashville, Tennessee, United States"
http://www.wikidata.org/entity/Q43293462,Warner Park Drive-In,Point(-86.8866496 36.0788621),,,"former drive-in movie theater in Nashville, Tennessee, United States"
http://www.wikidata.org/entity/Q43293462,Warner Park Drive-In,Point(-86.8866496 36.0788621),,,"former drive-in movie theater in Nashville, Tennessee, United States"
http://www.wikidata.org/entity/Q43293462,Warner Park Drive-In,Point(-86.8866496 36.0788621),,,"former drive-in movie theater in Nashville, Tennessee, United States"
http://www.wikidata.org/entity/Q43293462,Warner Park Drive-In,Point(-86.8866496 36.0788621),,,"former drive-in movie theater in Nashville, Tennessee, United States"
http://www.wikidata.org/entity/Q43293462,Warner Park Drive-In,Point(-86.8866496 36.0788621),,,"former drive-in movie theater in Nashville, Tennessee, United States"
http://www.wikidata.org/entity/Q43293462,Warner Park Drive-In,Point(-86.8866496 36.0788621),,,"former drive-in movie theater in Nashville, Tennessee, United States"
http://www.wikidata.org/entity/Q43293462,Warner Park Drive-In,Point(-86.8866496 36.0788621),,,"former drive-in movie theater in Nashville, Tennessee, United States"
http://www.wikidata.org/entity/Q43293462,Warner Park Drive-In,Point(-86.8866496 36.0788621),,,"former drive-in movie theater in Nashville, Tennessee, United States"
http://www.wikidata.org/entity/Q43293462,Warner Park Drive-In,Point(-86.8866496 36.0788621),,,"former drive-in movie theater in Nashville, Tennessee, United States"
http://www.wikidata.org/entity/Q43293462,Warner Park Drive-In,Point(-86.8866496 36.0788621),,,"former drive-in movie theater in Nashville, Tennessee, United States"
http://www.wikidata.org/entity/Q43293462,Warner Park Drive-In,Point(-86.8866496 36.0788621),,,"former drive-in movie theater in Nashville, Tennessee, United States"
http://www.wikidata.org/entity/Q43293462,Warner Park Drive-In,Point(-86.8866496 36.0788621),,,"former drive-in movie theater in Nashville, Tennessee, United States"
http://www.wikidata.org/entity/Q43293462,Warner Park Drive-In,Point(-86.8866496 36.0788621),,,"former drive-in movie theater in Nashville, Tennessee, United States"
http://www.wikidata.org/entity/Q43293462,Warner Park Drive-In,Point(-86.8866496 36.0788621),,,"former drive-in movie theater in Nashville, Tennessee, United States"
http://www.wikidata.org/entity/Q43293462,Warner Park Drive-In,Point(-86.8866496 36.0788621),,,"former drive-in movie theater in Nashville, Tennessee, United States"
http://www.wikidata.org/entity/Q43293462,Warner Park Drive-In,Point(-86.8866496 36.0788621),,,"former drive-in movie theater in Nashville, Tennessee, United States"
http://www.wikidata.org/entity/Q43293462,Warner Park Drive-In,Point(-86.8866496 36.0788621),,,"former drive-in movie theater in Nashville, Tennessee, United States"
http://www.wikidata.org/entity/Q43293462,Warner Park Drive-In,Point(-86.8866496 36.0788621),,,"former drive-in movie theater in Nashville, Tennessee, United States"
http://www.wikidata.org/entity/Q43293462,Warner Park Drive-In,Point(-86.8866496 36.0788621),,,"former drive-in movie theater in Nashville, Tennessee, United States"
http://www.wikidata.org/entity/Q43293462,Warner Park Drive-In,Point(-86.8866496 36.0788621),,,"former drive-in movie theater in Nashville, Tennessee, United States"
http://www.wikidata.org/entity/Q43293462,Warner Park Drive-In,Point(-86.8866496 36.0788621),,,"former drive-in movie theater in Nashville, Tennessee, United States"
http://www.wikidata.org/entity/Q43293462,Warner Park Drive-In,Point(-86.8866496 36.0788621),,,"former drive-in movie theater in Nashville, Tennessee, United States"
http://www.wikidata.org/entity/Q43293462,Warner Park Drive-In,Point(-86.8866496 36.0788621),,,"former drive-in movie theater in Nashville, Tennessee, United States"
http://www.wikidata.org/entity/Q43293462,Warner Park Drive-In,Point(-86.8866496 36.0788621),,,"former drive-in movie theater in Nashville, Tennessee, United States"
http://www.wikidata.org/entity/Q43293462,Warner Park Drive-In,Point(-86.8866496 36.0788621),,,"former drive-in movie theater in Nashville, Tennessee, United States"
http://www.wikidata.org/entity/Q43293462,Warner Park Drive-In,Point(-86.8866496 36.0788621),,,"former drive-in movie theater in Nashville, Tennessee, United States"
http://www.wikidata.org/entity/Q43293462,Warner Park Drive-In,Point(-86.8866496 36.0788621),,,"former drive-in movie theater in Nashville, Tennessee, United States"
http://www.wikidata.org/entity/Q43293462,Warner Park Drive-In,Point(-86.8866496 36.0788621),,,"former drive-in movie theater in Nashville, Tennessee, United States"
http://www.wikidata.org/entity/Q43293462,Warner Park Drive-In,Point(-86.8866496 36.0788621),,,"former drive-in movie theater in Nashville, Tennessee, United States"
http://www.wikidata.org/entity/Q43293462,Warner Park Drive-In,Point(-86.8866496 36.0788621),,,"former drive-in movie theater in Nashville, Tennessee, United States"
http://www.wikidata.org/entity/Q43293462,Warner Park Drive-In,Point(-86.8866496 36.0788621),,,"former drive-in movie theater in Nashville, Tennessee, United States"
http://www.wikidata.org/entity/Q43293462,Warner Park Drive-In,Point(-86.8866496 36.0788621),,,"former drive-in movie theater in Nashville, Tennessee, United States"
http://www.wikidata.org/entity/Q43293462,Warner Park Drive-In,Point(-86.8866496 36.0788621),,,"former drive-in movie theater in Nashville, Tennessee, United States"
http://www.wikidata.org/entity/Q43293462,Warner Park Drive-In,Point(-86.8866496 36.0788621),,,"former drive-in movie theater in Nashville, Tennessee, United States"
http://www.wikidata.org/entity/Q43293462,Warner Park Drive-In,Point(-86.8866496 36.0788621),,,"former drive-in movie theater in Nashville, Tennessee, United States"
http://www.wikidata.org/entity/Q43293462,Warner Park Drive-In,Point(-86.8866496 36.0788621),,,"former drive-in movie theater in Nashville, Tennessee, United States"
http://www.wikidata.org/entity/Q43293462,Warner Park Drive-In,Point(-86.8866496 36.0788621),,,"former drive-in movie theater in Nashville, Tennessee, United States"
http://www.wikidata.org/entity/Q43293462,Warner Park Drive-In,Point(-86.8866496 36.0788621),,,"former drive-in movie theater in Nashville, Tennessee, United States"
http://www.wikidata.org/entity/Q43293462,Warner Park Drive-In,Point(-86.8866496 36.0788621),,,"former drive-in movie theater in Nashville, Tennessee, United States"
http://www.wikidata.org/entity/Q43293462,Warner Park Drive-In,Point(-86.8866496 36.0788621),,,"former drive-in movie theater in Nashville, Tennessee, United States"
http://www.wikidata.org/entity/Q43293462,Warner Park Drive-In,Point(-86.8866496 36.0788621),,,"former drive-in movie theater in Nashville, Tennessee, United States"
http://www.wikidata.org/entity/Q43293462,Warner Park Drive-In,Point(-86.8866496 36.0788621),,,"former drive-in movie theater in Nashville, Tennessee, United States"
http://www.wikidata.org/entity/Q43293569,Moonlite Drive-In,Point(-86.838047 36.4623459),,,"former drive-in movie theater in Springfield, Tennessee, United States"
http://www.wikidata.org/entity/Q43293569,Moonlite Drive-In,Point(-86.838047 36.4623459),,,"former drive-in movie theater in Springfield, Tennessee, United States"
http://www.wikidata.org/entity/Q43293569,Moonlite Drive-In,Point(-86.838047 36.4623459),,,"former drive-in movie theater in Springfield, Tennessee, United States"
http://www.wikidata.org/entity/Q43293569,Moonlite Drive-In,Point(-86.838047 36.4623459),,,"former drive-in movie theater in Springfield, Tennessee, United States"
http://www.wikidata.org/entity/Q43293569,Moonlite Drive-In,Point(-86.838047 36.4623459),,,"former drive-in movie theater in Springfield, Tennessee, United States"
http://www.wikidata.org/entity/Q43293569,Moonlite Drive-In,Point(-86.838047 36.4623459),,,"former drive-in movie theater in Springfield, Tennessee, United States"
http://www.wikidata.org/entity/Q43293569,Moonlite Drive-In,Point(-86.838047 36.4623459),,,"former drive-in movie theater in Springfield, Tennessee, United States"
http://www.wikidata.org/entity/Q43293569,Moonlite Drive-In,Point(-86.838047 36.4623459),,,"former drive-in movie theater in Springfield, Tennessee, United States"
http://www.wikidata.org/entity/Q43293569,Moonlite Drive-In,Point(-86.838047 36.4623459),,,"former drive-in movie theater in Springfield, Tennessee, United States"
http://www.wikidata.org/entity/Q43293569,Moonlite Drive-In,Point(-86.838047 36.4623459),,,"former drive-in movie theater in Springfield, Tennessee, United States"
http://www.wikidata.org/entity/Q43293569,Moonlite Drive-In,Point(-86.838047 36.4623459),,,"former drive-in movie theater in Springfield, Tennessee, United States"
http://www.wikidata.org/entity/Q43293569,Moonlite Drive-In,Point(-86.838047 36.4623459),,,"former drive-in movie theater in Springfield, Tennessee, United States"
http://www.wikidata.org/entity/Q43293569,Moonlite Drive-In,Point(-86.838047 36.4623459),,,"former drive-in movie theater in Springfield, Tennessee, United States"
http://www.wikidata.org/entity/Q43293569,Moonlite Drive-In,Point(-86.838047 36.4623459),,,"former drive-in movie theater in Springfield, Tennessee, United States"
http://www.wikidata.org/entity/Q43293569,Moonlite Drive-In,Point(-86.838047 36.4623459),,,"former drive-in movie theater in Springfield, Tennessee, United States"
http://www.wikidata.org/entity/Q43293569,Moonlite Drive-In,Point(-86.838047 36.4623459),,,"former drive-in movie theater in Springfield, Tennessee, United States"
http://www.wikidata.org/entity/Q43293569,Moonlite Drive-In,Point(-86.838047 36.4623459),,,"former drive-in movie theater in Springfield, Tennessee, United States"
http://www.wikidata.org/entity/Q43293569,Moonlite Drive-In,Point(-86.838047 36.4623459),,,"former drive-in movie theater in Springfield, Tennessee, United States"
http://www.wikidata.org/entity/Q43293569,Moonlite Drive-In,Point(-86.838047 36.4623459),,,"former drive-in movie theater in Springfield, Tennessee, United States"
http://www.wikidata.org/entity/Q43293569,Moonlite Drive-In,Point(-86.838047 36.4623459),,,"former drive-in movie theater in Springfield, Tennessee, United States"
http://www.wikidata.org/entity/Q43293569,Moonlite Drive-In,Point(-86.838047 36.4623459),,,"former drive-in movie theater in Springfield, Tennessee, United States"
http://www.wikidata.org/entity/Q43293569,Moonlite Drive-In,Point(-86.838047 36.4623459),,,"former drive-in movie theater in Springfield, Tennessee, United States"
http://www.wikidata.org/entity/Q43293569,Moonlite Drive-In,Point(-86.838047 36.4623459),,,"former drive-in movie theater in Springfield, Tennessee, United States"
http://www.wikidata.org/entity/Q43293569,Moonlite Drive-In,Point(-86.838047 36.4623459),,,"former drive-in movie theater in Springfield, Tennessee, United States"
http://www.wikidata.org/entity/Q43293569,Moonlite Drive-In,Point(-86.838047 36.4623459),,,"former drive-in movie theater in Springfield, Tennessee, United States"
http://www.wikidata.org/entity/Q43293569,Moonlite Drive-In,Point(-86.838047 36.4623459),,,"former drive-in movie theater in Springfield, Tennessee, United States"
http://www.wikidata.org/entity/Q43293569,Moonlite Drive-In,Point(-86.838047 36.4623459),,,"former drive-in movie theater in Springfield, Tennessee, United States"
http://www.wikidata.org/entity/Q43293569,Moonlite Drive-In,Point(-86.838047 36.4623459),,,"former drive-in movie theater in Springfield, Tennessee, United States"
http://www.wikidata.org/entity/Q43293569,Moonlite Drive-In,Point(-86.838047 36.4623459),,,"former drive-in movie theater in Springfield, Tennessee, United States"
http://www.wikidata.org/entity/Q43293569,Moonlite Drive-In,Point(-86.838047 36.4623459),,,"former drive-in movie theater in Springfield, Tennessee, United States"
http://www.wikidata.org/entity/Q43293569,Moonlite Drive-In,Point(-86.838047 36.4623459),,,"former drive-in movie theater in Springfield, Tennessee, United States"
http://www.wikidata.org/entity/Q43293569,Moonlite Drive-In,Point(-86.838047 36.4623459),,,"former drive-in movie theater in Springfield, Tennessee, United States"
http://www.wikidata.org/entity/Q43293569,Moonlite Drive-In,Point(-86.838047 36.4623459),,,"former drive-in movie theater in Springfield, Tennessee, United States"
http://www.wikidata.org/entity/Q43293569,Moonlite Drive-In,Point(-86.838047 36.4623459),,,"former drive-in movie theater in Springfield, Tennessee, United States"
http://www.wikidata.org/entity/Q43293569,Moonlite Drive-In,Point(-86.838047 36.4623459),,,"former drive-in movie theater in Springfield, Tennessee, United States"
http://www.wikidata.org/entity/Q43293569,Moonlite Drive-In,Point(-86.838047 36.4623459),,,"former drive-in movie theater in Springfield, Tennessee, United States"
http://www.wikidata.org/entity/Q43293569,Moonlite Drive-In,Point(-86.838047 36.4623459),,,"former drive-in movie theater in Springfield, Tennessee, United States"
http://www.wikidata.org/entity/Q43293569,Moonlite Drive-In,Point(-86.838047 36.4623459),,,"former drive-in movie theater in Springfield, Tennessee, United States"
http://www.wikidata.org/entity/Q43293569,Moonlite Drive-In,Point(-86.838047 36.4623459),,,"former drive-in movie theater in Springfield, Tennessee, United States"
http://www.wikidata.org/entity/Q43293569,Moonlite Drive-In,Point(-86.838047 36.4623459),,,"former drive-in movie theater in Springfield, Tennessee, United States"
http://www.wikidata.org/entity/Q43293569,Moonlite Drive-In,Point(-86.838047 36.4623459),,,"former drive-in movie theater in Springfield, Tennessee, United States"
http://www.wikidata.org/entity/Q43293569,Moonlite Drive-In,Point(-86.838047 36.4623459),,,"former drive-in movie theater in Springfield, Tennessee, United States"
http://www.wikidata.org/entity/Q43293569,Moonlite Drive-In,Point(-86.838047 36.4623459),,,"former drive-in movie theater in Springfield, Tennessee, United States"
http://www.wikidata.org/entity/Q43293569,Moonlite Drive-In,Point(-86.838047 36.4623459),,,"former drive-in movie theater in Springfield, Tennessee, United States"
http://www.wikidata.org/entity/Q43293659,Mall Cinema III,Point(-86.654767 36.051785),,,"former movie theater in Antioch, Tennessee, United States"
http://www.wikidata.org/entity/Q43293659,Mall Cinema III,Point(-86.654767 36.051785),,,"former movie theater in Antioch, Tennessee, United States"
http://www.wikidata.org/entity/Q43293659,Mall Cinema III,Point(-86.654767 36.051785),,,"former movie theater in Antioch, Tennessee, United States"
http://www.wikidata.org/entity/Q43293659,Mall Cinema III,Point(-86.654767 36.051785),,,"former movie theater in Antioch, Tennessee, United States"
http://www.wikidata.org/entity/Q43293659,Mall Cinema III,Point(-86.654767 36.051785),,,"former movie theater in Antioch, Tennessee, United States"
http://www.wikidata.org/entity/Q43293659,Mall Cinema III,Point(-86.654767 36.051785),,,"former movie theater in Antioch, Tennessee, United States"
http://www.wikidata.org/entity/Q43293659,Mall Cinema III,Point(-86.654767 36.051785),,,"former movie theater in Antioch, Tennessee, United States"
http://www.wikidata.org/entity/Q43293659,Mall Cinema III,Point(-86.654767 36.051785),,,"former movie theater in Antioch, Tennessee, United States"
http://www.wikidata.org/entity/Q43293659,Mall Cinema III,Point(-86.654767 36.051785),,,"former movie theater in Antioch, Tennessee, United States"
http://www.wikidata.org/entity/Q43293659,Mall Cinema III,Point(-86.654767 36.051785),,,"former movie theater in Antioch, Tennessee, United States"
http://www.wikidata.org/entity/Q43293659,Mall Cinema III,Point(-86.654767 36.051785),,,"former movie theater in Antioch, Tennessee, United States"
http://www.wikidata.org/entity/Q43293659,Mall Cinema III,Point(-86.654767 36.051785),,,"former movie theater in Antioch, Tennessee, United States"
http://www.wikidata.org/entity/Q43293659,Mall Cinema III,Point(-86.654767 36.051785),,,"former movie theater in Antioch, Tennessee, United States"
http://www.wikidata.org/entity/Q43293659,Mall Cinema III,Point(-86.654767 36.051785),,,"former movie theater in Antioch, Tennessee, United States"
http://www.wikidata.org/entity/Q43293659,Mall Cinema III,Point(-86.654767 36.051785),,,"former movie theater in Antioch, Tennessee, United States"
http://www.wikidata.org/entity/Q43293659,Mall Cinema III,Point(-86.654767 36.051785),,,"former movie theater in Antioch, Tennessee, United States"
http://www.wikidata.org/entity/Q43293659,Mall Cinema III,Point(-86.654767 36.051785),,,"former movie theater in Antioch, Tennessee, United States"
http://www.wikidata.org/entity/Q43293659,Mall Cinema III,Point(-86.654767 36.051785),,,"former movie theater in Antioch, Tennessee, United States"
http://www.wikidata.org/entity/Q43293659,Mall Cinema III,Point(-86.654767 36.051785),,,"former movie theater in Antioch, Tennessee, United States"
http://www.wikidata.org/entity/Q43293659,Mall Cinema III,Point(-86.654767 36.051785),,,"former movie theater in Antioch, Tennessee, United States"
http://www.wikidata.org/entity/Q43293659,Mall Cinema III,Point(-86.654767 36.051785),,,"former movie theater in Antioch, Tennessee, United States"
http://www.wikidata.org/entity/Q43293659,Mall Cinema III,Point(-86.654767 36.051785),,,"former movie theater in Antioch, Tennessee, United States"
http://www.wikidata.org/entity/Q43293659,Mall Cinema III,Point(-86.654767 36.051785),,,"former movie theater in Antioch, Tennessee, United States"
http://www.wikidata.org/entity/Q43293659,Mall Cinema III,Point(-86.654767 36.051785),,,"former movie theater in Antioch, Tennessee, United States"
http://www.wikidata.org/entity/Q43293659,Mall Cinema III,Point(-86.654767 36.051785),,,"former movie theater in Antioch, Tennessee, United States"
http://www.wikidata.org/entity/Q43293659,Mall Cinema III,Point(-86.654767 36.051785),,,"former movie theater in Antioch, Tennessee, United States"
http://www.wikidata.org/entity/Q43293656,Bell Forge 10 Cinema,Point(-86.646313 36.047069),,,"former movie theater in Antioch, Tennessee, United States"
http://www.wikidata.org/entity/Q43293656,Bell Forge 10 Cinema,Point(-86.646313 36.047069),,,"former movie theater in Antioch, Tennessee, United States"
http://www.wikidata.org/entity/Q43293656,Bell Forge 10 Cinema,Point(-86.646313 36.047069),,,"former movie theater in Antioch, Tennessee, United States"
http://www.wikidata.org/entity/Q43293656,Bell Forge 10 Cinema,Point(-86.646313 36.047069),,,"former movie theater in Antioch, Tennessee, United States"
http://www.wikidata.org/entity/Q43293656,Bell Forge 10 Cinema,Point(-86.646313 36.047069),,,"former movie theater in Antioch, Tennessee, United States"
http://www.wikidata.org/entity/Q43293656,Bell Forge 10 Cinema,Point(-86.646313 36.047069),,,"former movie theater in Antioch, Tennessee, United States"
http://www.wikidata.org/entity/Q43293656,Bell Forge 10 Cinema,Point(-86.646313 36.047069),,,"former movie theater in Antioch, Tennessee, United States"
http://www.wikidata.org/entity/Q43293656,Bell Forge 10 Cinema,Point(-86.646313 36.047069),,,"former movie theater in Antioch, Tennessee, United States"
http://www.wikidata.org/entity/Q43293656,Bell Forge 10 Cinema,Point(-86.646313 36.047069),,,"former movie theater in Antioch, Tennessee, United States"
http://www.wikidata.org/entity/Q43293656,Bell Forge 10 Cinema,Point(-86.646313 36.047069),,,"former movie theater in Antioch, Tennessee, United States"
http://www.wikidata.org/entity/Q43293656,Bell Forge 10 Cinema,Point(-86.646313 36.047069),,,"former movie theater in Antioch, Tennessee, United States"
http://www.wikidata.org/entity/Q43293656,Bell Forge 10 Cinema,Point(-86.646313 36.047069),,,"former movie theater in Antioch, Tennessee, United States"
http://www.wikidata.org/entity/Q43293656,Bell Forge 10 Cinema,Point(-86.646313 36.047069),,,"former movie theater in Antioch, Tennessee, United States"
http://www.wikidata.org/entity/Q43293656,Bell Forge 10 Cinema,Point(-86.646313 36.047069),,,"former movie theater in Antioch, Tennessee, United States"
http://www.wikidata.org/entity/Q43293656,Bell Forge 10 Cinema,Point(-86.646313 36.047069),,,"former movie theater in Antioch, Tennessee, United States"
http://www.wikidata.org/entity/Q43293656,Bell Forge 10 Cinema,Point(-86.646313 36.047069),,,"former movie theater in Antioch, Tennessee, United States"
http://www.wikidata.org/entity/Q43293656,Bell Forge 10 Cinema,Point(-86.646313 36.047069),,,"former movie theater in Antioch, Tennessee, United States"
http://www.wikidata.org/entity/Q43293656,Bell Forge 10 Cinema,Point(-86.646313 36.047069),,,"former movie theater in Antioch, Tennessee, United States"
http://www.wikidata.org/entity/Q43293664,Ashland City Theatre,Point(-87.065477 36.2759448),,,"former movie theater in Ashland City, Tennessee, United States"
http://www.wikidata.org/entity/Q43293664,Ashland City Theatre,Point(-87.065477 36.2759448),,,"former movie theater in Ashland City, Tennessee, United States"
http://www.wikidata.org/entity/Q43293664,Ashland City Theatre,Point(-87.065477 36.2759448),,,"former movie theater in Ashland City, Tennessee, United States"
http://www.wikidata.org/entity/Q43293664,Ashland City Theatre,Point(-87.065477 36.2759448),,,"former movie theater in Ashland City, Tennessee, United States"
http://www.wikidata.org/entity/Q43293664,Ashland City Theatre,Point(-87.065477 36.2759448),,,"former movie theater in Ashland City, Tennessee, United States"
http://www.wikidata.org/entity/Q43293664,Ashland City Theatre,Point(-87.065477 36.2759448),,,"former movie theater in Ashland City, Tennessee, United States"
http://www.wikidata.org/entity/Q43293664,Ashland City Theatre,Point(-87.065477 36.2759448),,,"former movie theater in Ashland City, Tennessee, United States"
http://www.wikidata.org/entity/Q43293664,Ashland City Theatre,Point(-87.065477 36.2759448),,,"former movie theater in Ashland City, Tennessee, United States"
http://www.wikidata.org/entity/Q43293664,Ashland City Theatre,Point(-87.065477 36.2759448),,,"former movie theater in Ashland City, Tennessee, United States"
http://www.wikidata.org/entity/Q43293664,Ashland City Theatre,Point(-87.065477 36.2759448),,,"former movie theater in Ashland City, Tennessee, United States"
http://www.wikidata.org/entity/Q43293664,Ashland City Theatre,Point(-87.065477 36.2759448),,,"former movie theater in Ashland City, Tennessee, United States"
http://www.wikidata.org/entity/Q43293664,Ashland City Theatre,Point(-87.065477 36.2759448),,,"former movie theater in Ashland City, Tennessee, United States"
http://www.wikidata.org/entity/Q43293664,Ashland City Theatre,Point(-87.065477 36.2759448),,,"former movie theater in Ashland City, Tennessee, United States"
http://www.wikidata.org/entity/Q43293664,Ashland City Theatre,Point(-87.065477 36.2759448),,,"former movie theater in Ashland City, Tennessee, United States"
http://www.wikidata.org/entity/Q43293664,Ashland City Theatre,Point(-87.065477 36.2759448),,,"former movie theater in Ashland City, Tennessee, United States"
http://www.wikidata.org/entity/Q43293664,Ashland City Theatre,Point(-87.065477 36.2759448),,,"former movie theater in Ashland City, Tennessee, United States"
http://www.wikidata.org/entity/Q43293664,Ashland City Theatre,Point(-87.065477 36.2759448),,,"former movie theater in Ashland City, Tennessee, United States"
http://www.wikidata.org/entity/Q43293664,Ashland City Theatre,Point(-87.065477 36.2759448),,,"former movie theater in Ashland City, Tennessee, United States"
http://www.wikidata.org/entity/Q43293664,Ashland City Theatre,Point(-87.065477 36.2759448),,,"former movie theater in Ashland City, Tennessee, United States"
http://www.wikidata.org/entity/Q43293664,Ashland City Theatre,Point(-87.065477 36.2759448),,,"former movie theater in Ashland City, Tennessee, United States"
http://www.wikidata.org/entity/Q43293664,Ashland City Theatre,Point(-87.065477 36.2759448),,,"former movie theater in Ashland City, Tennessee, United States"
http://www.wikidata.org/entity/Q43293664,Ashland City Theatre,Point(-87.065477 36.2759448),,,"former movie theater in Ashland City, Tennessee, United States"
http://www.wikidata.org/entity/Q43293664,Ashland City Theatre,Point(-87.065477 36.2759448),,,"former movie theater in Ashland City, Tennessee, United States"
http://www.wikidata.org/entity/Q43293664,Ashland City Theatre,Point(-87.065477 36.2759448),,,"former movie theater in Ashland City, Tennessee, United States"
http://www.wikidata.org/entity/Q43293664,Ashland City Theatre,Point(-87.065477 36.2759448),,,"former movie theater in Ashland City, Tennessee, United States"
http://www.wikidata.org/entity/Q43293664,Ashland City Theatre,Point(-87.065477 36.2759448),,,"former movie theater in Ashland City, Tennessee, United States"
http://www.wikidata.org/entity/Q43293714,Brentwood Plaza Theater,Point(-86.790207 36.025912),,,"former movie theater in Brentwood, Tennessee, United States"
http://www.wikidata.org/entity/Q43293714,Brentwood Plaza Theater,Point(-86.790207 36.025912),,,"former movie theater in Brentwood, Tennessee, United States"
http://www.wikidata.org/entity/Q43293714,Brentwood Plaza Theater,Point(-86.790207 36.025912),,,"former movie theater in Brentwood, Tennessee, United States"
http://www.wikidata.org/entity/Q43293714,Brentwood Plaza Theater,Point(-86.790207 36.025912),,,"former movie theater in Brentwood, Tennessee, United States"
http://www.wikidata.org/entity/Q43293714,Brentwood Plaza Theater,Point(-86.790207 36.025912),,,"former movie theater in Brentwood, Tennessee, United States"
http://www.wikidata.org/entity/Q43293714,Brentwood Plaza Theater,Point(-86.790207 36.025912),,,"former movie theater in Brentwood, Tennessee, United States"
http://www.wikidata.org/entity/Q43293714,Brentwood Plaza Theater,Point(-86.790207 36.025912),,,"former movie theater in Brentwood, Tennessee, United States"
http://www.wikidata.org/entity/Q43293714,Brentwood Plaza Theater,Point(-86.790207 36.025912),,,"former movie theater in Brentwood, Tennessee, United States"
http://www.wikidata.org/entity/Q43293714,Brentwood Plaza Theater,Point(-86.790207 36.025912),,,"former movie theater in Brentwood, Tennessee, United States"
http://www.wikidata.org/entity/Q43293714,Brentwood Plaza Theater,Point(-86.790207 36.025912),,,"former movie theater in Brentwood, Tennessee, United States"
http://www.wikidata.org/entity/Q43293714,Brentwood Plaza Theater,Point(-86.790207 36.025912),,,"former movie theater in Brentwood, Tennessee, United States"
http://www.wikidata.org/entity/Q43293714,Brentwood Plaza Theater,Point(-86.790207 36.025912),,,"former movie theater in Brentwood, Tennessee, United States"
http://www.wikidata.org/entity/Q43293714,Brentwood Plaza Theater,Point(-86.790207 36.025912),,,"former movie theater in Brentwood, Tennessee, United States"
http://www.wikidata.org/entity/Q43293714,Brentwood Plaza Theater,Point(-86.790207 36.025912),,,"former movie theater in Brentwood, Tennessee, United States"
http://www.wikidata.org/entity/Q43293714,Brentwood Plaza Theater,Point(-86.790207 36.025912),,,"former movie theater in Brentwood, Tennessee, United States"
http://www.wikidata.org/entity/Q43293714,Brentwood Plaza Theater,Point(-86.790207 36.025912),,,"former movie theater in Brentwood, Tennessee, United States"
http://www.wikidata.org/entity/Q43293714,Brentwood Plaza Theater,Point(-86.790207 36.025912),,,"former movie theater in Brentwood, Tennessee, United States"
http://www.wikidata.org/entity/Q43293714,Brentwood Plaza Theater,Point(-86.790207 36.025912),,,"former movie theater in Brentwood, Tennessee, United States"
http://www.wikidata.org/entity/Q43293714,Brentwood Plaza Theater,Point(-86.790207 36.025912),,,"former movie theater in Brentwood, Tennessee, United States"
http://www.wikidata.org/entity/Q43293714,Brentwood Plaza Theater,Point(-86.790207 36.025912),,,"former movie theater in Brentwood, Tennessee, United States"
http://www.wikidata.org/entity/Q43293714,Brentwood Plaza Theater,Point(-86.790207 36.025912),,,"former movie theater in Brentwood, Tennessee, United States"
http://www.wikidata.org/entity/Q43293714,Brentwood Plaza Theater,Point(-86.790207 36.025912),,,"former movie theater in Brentwood, Tennessee, United States"
http://www.wikidata.org/entity/Q43293714,Brentwood Plaza Theater,Point(-86.790207 36.025912),,,"former movie theater in Brentwood, Tennessee, United States"
http://www.wikidata.org/entity/Q43293714,Brentwood Plaza Theater,Point(-86.790207 36.025912),,,"former movie theater in Brentwood, Tennessee, United States"
http://www.wikidata.org/entity/Q43293714,Brentwood Plaza Theater,Point(-86.790207 36.025912),,,"former movie theater in Brentwood, Tennessee, United States"
http://www.wikidata.org/entity/Q43293714,Brentwood Plaza Theater,Point(-86.790207 36.025912),,,"former movie theater in Brentwood, Tennessee, United States"
http://www.wikidata.org/entity/Q43294253,AMC Thoroughbred 20,Point(-86.823921 35.943026),,https://www.amctheatres.com/movie-theatres/nashville-tn/amc-dine-in-thoroughbred-20,"movie theater in Franklin, Tennessee, United States"
http://www.wikidata.org/entity/Q43294253,AMC Thoroughbred 20,Point(-86.823921 35.943026),,https://www.amctheatres.com/movie-theatres/nashville-tn/amc-dine-in-thoroughbred-20,"movie theater in Franklin, Tennessee, United States"
http://www.wikidata.org/entity/Q43294253,AMC Thoroughbred 20,Point(-86.823921 35.943026),,https://www.amctheatres.com/movie-theatres/nashville-tn/amc-dine-in-thoroughbred-20,"movie theater in Franklin, Tennessee, United States"
http://www.wikidata.org/entity/Q43294253,AMC Thoroughbred 20,Point(-86.823921 35.943026),,https://www.amctheatres.com/movie-theatres/nashville-tn/amc-dine-in-thoroughbred-20,"movie theater in Franklin, Tennessee, United States"
http://www.wikidata.org/entity/Q43294253,AMC Thoroughbred 20,Point(-86.823921 35.943026),,https://www.amctheatres.com/movie-theatres/nashville-tn/amc-dine-in-thoroughbred-20,"movie theater in Franklin, Tennessee, United States"
http://www.wikidata.org/entity/Q43294253,AMC Thoroughbred 20,Point(-86.823921 35.943026),,https://www.amctheatres.com/movie-theatres/nashville-tn/amc-dine-in-thoroughbred-20,"movie theater in Franklin, Tennessee, United States"
http://www.wikidata.org/entity/Q43294253,AMC Thoroughbred 20,Point(-86.823921 35.943026),,https://www.amctheatres.com/movie-theatres/nashville-tn/amc-dine-in-thoroughbred-20,"movie theater in Franklin, Tennessee, United States"
http://www.wikidata.org/entity/Q43294253,AMC Thoroughbred 20,Point(-86.823921 35.943026),,https://www.amctheatres.com/movie-theatres/nashville-tn/amc-dine-in-thoroughbred-20,"movie theater in Franklin, Tennessee, United States"
http://www.wikidata.org/entity/Q43294253,AMC Thoroughbred 20,Point(-86.823921 35.943026),,https://www.amctheatres.com/movie-theatres/nashville-tn/amc-dine-in-thoroughbred-20,"movie theater in Franklin, Tennessee, United States"
http://www.wikidata.org/entity/Q43294253,AMC Thoroughbred 20,Point(-86.823921 35.943026),,https://www.amctheatres.com/movie-theatres/nashville-tn/amc-dine-in-thoroughbred-20,"movie theater in Franklin, Tennessee, United States"
http://www.wikidata.org/entity/Q43294253,AMC Thoroughbred 20,Point(-86.823921 35.943026),,https://www.amctheatres.com/movie-theatres/nashville-tn/amc-dine-in-thoroughbred-20,"movie theater in Franklin, Tennessee, United States"
http://www.wikidata.org/entity/Q43294253,AMC Thoroughbred 20,Point(-86.823921 35.943026),,https://www.amctheatres.com/movie-theatres/nashville-tn/amc-dine-in-thoroughbred-20,"movie theater in Franklin, Tennessee, United States"
http://www.wikidata.org/entity/Q43294253,AMC Thoroughbred 20,Point(-86.823921 35.943026),,https://www.amctheatres.com/movie-theatres/nashville-tn/amc-dine-in-thoroughbred-20,"movie theater in Franklin, Tennessee, United States"
http://www.wikidata.org/entity/Q43294253,AMC Thoroughbred 20,Point(-86.823921 35.943026),,https://www.amctheatres.com/movie-theatres/nashville-tn/amc-dine-in-thoroughbred-20,"movie theater in Franklin, Tennessee, United States"
http://www.wikidata.org/entity/Q43294253,AMC Thoroughbred 20,Point(-86.823921 35.943026),,https://www.amctheatres.com/movie-theatres/nashville-tn/amc-dine-in-thoroughbred-20,"movie theater in Franklin, Tennessee, United States"
http://www.wikidata.org/entity/Q43294253,AMC Thoroughbred 20,Point(-86.823921 35.943026),,https://www.amctheatres.com/movie-theatres/nashville-tn/amc-dine-in-thoroughbred-20,"movie theater in Franklin, Tennessee, United States"
http://www.wikidata.org/entity/Q43294253,AMC Thoroughbred 20,Point(-86.823921 35.943026),,https://www.amctheatres.com/movie-theatres/nashville-tn/amc-dine-in-thoroughbred-20,"movie theater in Franklin, Tennessee, United States"
http://www.wikidata.org/entity/Q43294253,AMC Thoroughbred 20,Point(-86.823921 35.943026),,https://www.amctheatres.com/movie-theatres/nashville-tn/amc-dine-in-thoroughbred-20,"movie theater in Franklin, Tennessee, United States"
http://www.wikidata.org/entity/Q43294253,AMC Thoroughbred 20,Point(-86.823921 35.943026),,https://www.amctheatres.com/movie-theatres/nashville-tn/amc-dine-in-thoroughbred-20,"movie theater in Franklin, Tennessee, United States"
http://www.wikidata.org/entity/Q43294253,AMC Thoroughbred 20,Point(-86.823921 35.943026),,https://www.amctheatres.com/movie-theatres/nashville-tn/amc-dine-in-thoroughbred-20,"movie theater in Franklin, Tennessee, United States"
http://www.wikidata.org/entity/Q43294253,AMC Thoroughbred 20,Point(-86.823921 35.943026),,https://www.amctheatres.com/movie-theatres/nashville-tn/amc-dine-in-thoroughbred-20,"movie theater in Franklin, Tennessee, United States"
http://www.wikidata.org/entity/Q43294253,AMC Thoroughbred 20,Point(-86.823921 35.943026),,https://www.amctheatres.com/movie-theatres/nashville-tn/amc-dine-in-thoroughbred-20,"movie theater in Franklin, Tennessee, United States"
http://www.wikidata.org/entity/Q43294253,AMC Thoroughbred 20,Point(-86.823921 35.943026),,https://www.amctheatres.com/movie-theatres/nashville-tn/amc-dine-in-thoroughbred-20,"movie theater in Franklin, Tennessee, United States"
http://www.wikidata.org/entity/Q43294253,AMC Thoroughbred 20,Point(-86.823921 35.943026),,https://www.amctheatres.com/movie-theatres/nashville-tn/amc-dine-in-thoroughbred-20,"movie theater in Franklin, Tennessee, United States"
http://www.wikidata.org/entity/Q43294253,AMC Thoroughbred 20,Point(-86.823921 35.943026),,https://www.amctheatres.com/movie-theatres/nashville-tn/amc-dine-in-thoroughbred-20,"movie theater in Franklin, Tennessee, United States"
http://www.wikidata.org/entity/Q43294253,AMC Thoroughbred 20,Point(-86.823921 35.943026),,https://www.amctheatres.com/movie-theatres/nashville-tn/amc-dine-in-thoroughbred-20,"movie theater in Franklin, Tennessee, United States"
http://www.wikidata.org/entity/Q43294260,Franklin Theatre,Point(-86.87094 35.924206),,http://www.franklintheatre.com/,"movie theater in Franklin, Tennessee, United States"
http://www.wikidata.org/entity/Q43294260,Franklin Theatre,Point(-86.87094 35.924206),,http://www.franklintheatre.com/,"movie theater in Franklin, Tennessee, United States"
http://www.wikidata.org/entity/Q43294260,Franklin Theatre,Point(-86.87094 35.924206),,http://www.franklintheatre.com/,"movie theater in Franklin, Tennessee, United States"
http://www.wikidata.org/entity/Q43294260,Franklin Theatre,Point(-86.87094 35.924206),,http://www.franklintheatre.com/,"movie theater in Franklin, Tennessee, United States"
http://www.wikidata.org/entity/Q43294260,Franklin Theatre,Point(-86.87094 35.924206),,http://www.franklintheatre.com/,"movie theater in Franklin, Tennessee, United States"
http://www.wikidata.org/entity/Q43294260,Franklin Theatre,Point(-86.87094 35.924206),,http://www.franklintheatre.com/,"movie theater in Franklin, Tennessee, United States"
http://www.wikidata.org/entity/Q43294260,Franklin Theatre,Point(-86.87094 35.924206),,http://www.franklintheatre.com/,"movie theater in Franklin, Tennessee, United States"
http://www.wikidata.org/entity/Q43294260,Franklin Theatre,Point(-86.87094 35.924206),,http://www.franklintheatre.com/,"movie theater in Franklin, Tennessee, United States"
http://www.wikidata.org/entity/Q43294260,Franklin Theatre,Point(-86.87094 35.924206),,http://www.franklintheatre.com/,"movie theater in Franklin, Tennessee, United States"
http://www.wikidata.org/entity/Q43294260,Franklin Theatre,Point(-86.87094 35.924206),,http://www.franklintheatre.com/,"movie theater in Franklin, Tennessee, United States"
http://www.wikidata.org/entity/Q43294260,Franklin Theatre,Point(-86.87094 35.924206),,http://www.franklintheatre.com/,"movie theater in Franklin, Tennessee, United States"
http://www.wikidata.org/entity/Q43294260,Franklin Theatre,Point(-86.87094 35.924206),,http://www.franklintheatre.com/,"movie theater in Franklin, Tennessee, United States"
http://www.wikidata.org/entity/Q43294260,Franklin Theatre,Point(-86.87094 35.924206),,http://www.franklintheatre.com/,"movie theater in Franklin, Tennessee, United States"
http://www.wikidata.org/entity/Q43294260,Franklin Theatre,Point(-86.87094 35.924206),,http://www.franklintheatre.com/,"movie theater in Franklin, Tennessee, United States"
http://www.wikidata.org/entity/Q43294260,Franklin Theatre,Point(-86.87094 35.924206),,http://www.franklintheatre.com/,"movie theater in Franklin, Tennessee, United States"
http://www.wikidata.org/entity/Q43294260,Franklin Theatre,Point(-86.87094 35.924206),,http://www.franklintheatre.com/,"movie theater in Franklin, Tennessee, United States"
http://www.wikidata.org/entity/Q43294260,Franklin Theatre,Point(-86.87094 35.924206),,http://www.franklintheatre.com/,"movie theater in Franklin, Tennessee, United States"
http://www.wikidata.org/entity/Q43294260,Franklin Theatre,Point(-86.87094 35.924206),,http://www.franklintheatre.com/,"movie theater in Franklin, Tennessee, United States"
http://www.wikidata.org/entity/Q43294260,Franklin Theatre,Point(-86.87094 35.924206),,http://www.franklintheatre.com/,"movie theater in Franklin, Tennessee, United States"
http://www.wikidata.org/entity/Q43294260,Franklin Theatre,Point(-86.87094 35.924206),,http://www.franklintheatre.com/,"movie theater in Franklin, Tennessee, United States"
http://www.wikidata.org/entity/Q43294260,Franklin Theatre,Point(-86.87094 35.924206),,http://www.franklintheatre.com/,"movie theater in Franklin, Tennessee, United States"
http://www.wikidata.org/entity/Q43294260,Franklin Theatre,Point(-86.87094 35.924206),,http://www.franklintheatre.com/,"movie theater in Franklin, Tennessee, United States"
http://www.wikidata.org/entity/Q43294260,Franklin Theatre,Point(-86.87094 35.924206),,http://www.franklintheatre.com/,"movie theater in Franklin, Tennessee, United States"
http://www.wikidata.org/entity/Q43294260,Franklin Theatre,Point(-86.87094 35.924206),,http://www.franklintheatre.com/,"movie theater in Franklin, Tennessee, United States"
http://www.wikidata.org/entity/Q43294260,Franklin Theatre,Point(-86.87094 35.924206),,http://www.franklintheatre.com/,"movie theater in Franklin, Tennessee, United States"
http://www.wikidata.org/entity/Q43294260,Franklin Theatre,Point(-86.87094 35.924206),,http://www.franklintheatre.com/,"movie theater in Franklin, Tennessee, United States"
http://www.wikidata.org/entity/Q43294265,Galleria 10,Point(-86.810081 35.963023),,,"former movie theater in Franklin, Tennessee, United States"
http://www.wikidata.org/entity/Q43294265,Galleria 10,Point(-86.810081 35.963023),,,"former movie theater in Franklin, Tennessee, United States"
http://www.wikidata.org/entity/Q43294265,Galleria 10,Point(-86.810081 35.963023),,,"former movie theater in Franklin, Tennessee, United States"
http://www.wikidata.org/entity/Q43294265,Galleria 10,Point(-86.810081 35.963023),,,"former movie theater in Franklin, Tennessee, United States"
http://www.wikidata.org/entity/Q43294265,Galleria 10,Point(-86.810081 35.963023),,,"former movie theater in Franklin, Tennessee, United States"
http://www.wikidata.org/entity/Q43294265,Galleria 10,Point(-86.810081 35.963023),,,"former movie theater in Franklin, Tennessee, United States"
http://www.wikidata.org/entity/Q43294265,Galleria 10,Point(-86.810081 35.963023),,,"former movie theater in Franklin, Tennessee, United States"
http://www.wikidata.org/entity/Q43294265,Galleria 10,Point(-86.810081 35.963023),,,"former movie theater in Franklin, Tennessee, United States"
http://www.wikidata.org/entity/Q43294265,Galleria 10,Point(-86.810081 35.963023),,,"former movie theater in Franklin, Tennessee, United States"
http://www.wikidata.org/entity/Q43294265,Galleria 10,Point(-86.810081 35.963023),,,"former movie theater in Franklin, Tennessee, United States"
http://www.wikidata.org/entity/Q43294265,Galleria 10,Point(-86.810081 35.963023),,,"former movie theater in Franklin, Tennessee, United States"
http://www.wikidata.org/entity/Q43294265,Galleria 10,Point(-86.810081 35.963023),,,"former movie theater in Franklin, Tennessee, United States"
http://www.wikidata.org/entity/Q43294265,Galleria 10,Point(-86.810081 35.963023),,,"former movie theater in Franklin, Tennessee, United States"
http://www.wikidata.org/entity/Q43294265,Galleria 10,Point(-86.810081 35.963023),,,"former movie theater in Franklin, Tennessee, United States"
http://www.wikidata.org/entity/Q43294265,Galleria 10,Point(-86.810081 35.963023),,,"former movie theater in Franklin, Tennessee, United States"
http://www.wikidata.org/entity/Q43294265,Galleria 10,Point(-86.810081 35.963023),,,"former movie theater in Franklin, Tennessee, United States"
http://www.wikidata.org/entity/Q43294265,Galleria 10,Point(-86.810081 35.963023),,,"former movie theater in Franklin, Tennessee, United States"
http://www.wikidata.org/entity/Q43294265,Galleria 10,Point(-86.810081 35.963023),,,"former movie theater in Franklin, Tennessee, United States"
http://www.wikidata.org/entity/Q43294265,Galleria 10,Point(-86.810081 35.963023),,,"former movie theater in Franklin, Tennessee, United States"
http://www.wikidata.org/entity/Q43294265,Galleria 10,Point(-86.810081 35.963023),,,"former movie theater in Franklin, Tennessee, United States"
http://www.wikidata.org/entity/Q43294265,Galleria 10,Point(-86.810081 35.963023),,,"former movie theater in Franklin, Tennessee, United States"
http://www.wikidata.org/entity/Q43294265,Galleria 10,Point(-86.810081 35.963023),,,"former movie theater in Franklin, Tennessee, United States"
http://www.wikidata.org/entity/Q43294265,Galleria 10,Point(-86.810081 35.963023),,,"former movie theater in Franklin, Tennessee, United States"
http://www.wikidata.org/entity/Q43294265,Galleria 10,Point(-86.810081 35.963023),,,"former movie theater in Franklin, Tennessee, United States"
http://www.wikidata.org/entity/Q43294265,Galleria 10,Point(-86.810081 35.963023),,,"former movie theater in Franklin, Tennessee, United States"
http://www.wikidata.org/entity/Q43294265,Galleria 10,Point(-86.810081 35.963023),,,"former movie theater in Franklin, Tennessee, United States"
http://www.wikidata.org/entity/Q43294270,Watson Glen Cinema 10,Point(-86.833744 35.911428),,,"former movie theater in Franklin, Tennessee, United States"
http://www.wikidata.org/entity/Q43294270,Watson Glen Cinema 10,Point(-86.833744 35.911428),,,"former movie theater in Franklin, Tennessee, United States"
http://www.wikidata.org/entity/Q43294270,Watson Glen Cinema 10,Point(-86.833744 35.911428),,,"former movie theater in Franklin, Tennessee, United States"
http://www.wikidata.org/entity/Q43294270,Watson Glen Cinema 10,Point(-86.833744 35.911428),,,"former movie theater in Franklin, Tennessee, United States"
http://www.wikidata.org/entity/Q43294270,Watson Glen Cinema 10,Point(-86.833744 35.911428),,,"former movie theater in Franklin, Tennessee, United States"
http://www.wikidata.org/entity/Q43294270,Watson Glen Cinema 10,Point(-86.833744 35.911428),,,"former movie theater in Franklin, Tennessee, United States"
http://www.wikidata.org/entity/Q43294270,Watson Glen Cinema 10,Point(-86.833744 35.911428),,,"former movie theater in Franklin, Tennessee, United States"
http://www.wikidata.org/entity/Q43294270,Watson Glen Cinema 10,Point(-86.833744 35.911428),,,"former movie theater in Franklin, Tennessee, United States"
http://www.wikidata.org/entity/Q43294270,Watson Glen Cinema 10,Point(-86.833744 35.911428),,,"former movie theater in Franklin, Tennessee, United States"
http://www.wikidata.org/entity/Q43294270,Watson Glen Cinema 10,Point(-86.833744 35.911428),,,"former movie theater in Franklin, Tennessee, United States"
http://www.wikidata.org/entity/Q43294270,Watson Glen Cinema 10,Point(-86.833744 35.911428),,,"former movie theater in Franklin, Tennessee, United States"
http://www.wikidata.org/entity/Q43294270,Watson Glen Cinema 10,Point(-86.833744 35.911428),,,"former movie theater in Franklin, Tennessee, United States"
http://www.wikidata.org/entity/Q43294270,Watson Glen Cinema 10,Point(-86.833744 35.911428),,,"former movie theater in Franklin, Tennessee, United States"
http://www.wikidata.org/entity/Q43294270,Watson Glen Cinema 10,Point(-86.833744 35.911428),,,"former movie theater in Franklin, Tennessee, United States"
http://www.wikidata.org/entity/Q43294270,Watson Glen Cinema 10,Point(-86.833744 35.911428),,,"former movie theater in Franklin, Tennessee, United States"
http://www.wikidata.org/entity/Q43294270,Watson Glen Cinema 10,Point(-86.833744 35.911428),,,"former movie theater in Franklin, Tennessee, United States"
http://www.wikidata.org/entity/Q43294270,Watson Glen Cinema 10,Point(-86.833744 35.911428),,,"former movie theater in Franklin, Tennessee, United States"
http://www.wikidata.org/entity/Q43294270,Watson Glen Cinema 10,Point(-86.833744 35.911428),,,"former movie theater in Franklin, Tennessee, United States"
http://www.wikidata.org/entity/Q43294270,Watson Glen Cinema 10,Point(-86.833744 35.911428),,,"former movie theater in Franklin, Tennessee, United States"
http://www.wikidata.org/entity/Q43294270,Watson Glen Cinema 10,Point(-86.833744 35.911428),,,"former movie theater in Franklin, Tennessee, United States"
http://www.wikidata.org/entity/Q43294270,Watson Glen Cinema 10,Point(-86.833744 35.911428),,,"former movie theater in Franklin, Tennessee, United States"
http://www.wikidata.org/entity/Q43294270,Watson Glen Cinema 10,Point(-86.833744 35.911428),,,"former movie theater in Franklin, Tennessee, United States"
http://www.wikidata.org/entity/Q43294270,Watson Glen Cinema 10,Point(-86.833744 35.911428),,,"former movie theater in Franklin, Tennessee, United States"
http://www.wikidata.org/entity/Q43294270,Watson Glen Cinema 10,Point(-86.833744 35.911428),,,"former movie theater in Franklin, Tennessee, United States"
http://www.wikidata.org/entity/Q43294270,Watson Glen Cinema 10,Point(-86.833744 35.911428),,,"former movie theater in Franklin, Tennessee, United States"
http://www.wikidata.org/entity/Q43294270,Watson Glen Cinema 10,Point(-86.833744 35.911428),,,"former movie theater in Franklin, Tennessee, United States"
http://www.wikidata.org/entity/Q43294273,Williamson Square Cinema,Point(-86.859545 35.932166),,,"former movie theater in Franklin, Tennessee, United States"
http://www.wikidata.org/entity/Q43294273,Williamson Square Cinema,Point(-86.859545 35.932166),,,"former movie theater in Franklin, Tennessee, United States"
http://www.wikidata.org/entity/Q43294273,Williamson Square Cinema,Point(-86.859545 35.932166),,,"former movie theater in Franklin, Tennessee, United States"
http://www.wikidata.org/entity/Q43294273,Williamson Square Cinema,Point(-86.859545 35.932166),,,"former movie theater in Franklin, Tennessee, United States"
http://www.wikidata.org/entity/Q43294273,Williamson Square Cinema,Point(-86.859545 35.932166),,,"former movie theater in Franklin, Tennessee, United States"
http://www.wikidata.org/entity/Q43294273,Williamson Square Cinema,Point(-86.859545 35.932166),,,"former movie theater in Franklin, Tennessee, United States"
http://www.wikidata.org/entity/Q43294273,Williamson Square Cinema,Point(-86.859545 35.932166),,,"former movie theater in Franklin, Tennessee, United States"
http://www.wikidata.org/entity/Q43294273,Williamson Square Cinema,Point(-86.859545 35.932166),,,"former movie theater in Franklin, Tennessee, United States"
http://www.wikidata.org/entity/Q43294273,Williamson Square Cinema,Point(-86.859545 35.932166),,,"former movie theater in Franklin, Tennessee, United States"
http://www.wikidata.org/entity/Q43294273,Williamson Square Cinema,Point(-86.859545 35.932166),,,"former movie theater in Franklin, Tennessee, United States"
http://www.wikidata.org/entity/Q43294273,Williamson Square Cinema,Point(-86.859545 35.932166),,,"former movie theater in Franklin, Tennessee, United States"
http://www.wikidata.org/entity/Q43294273,Williamson Square Cinema,Point(-86.859545 35.932166),,,"former movie theater in Franklin, Tennessee, United States"
http://www.wikidata.org/entity/Q43294273,Williamson Square Cinema,Point(-86.859545 35.932166),,,"former movie theater in Franklin, Tennessee, United States"
http://www.wikidata.org/entity/Q43294273,Williamson Square Cinema,Point(-86.859545 35.932166),,,"former movie theater in Franklin, Tennessee, United States"
http://www.wikidata.org/entity/Q43294273,Williamson Square Cinema,Point(-86.859545 35.932166),,,"former movie theater in Franklin, Tennessee, United States"
http://www.wikidata.org/entity/Q43294273,Williamson Square Cinema,Point(-86.859545 35.932166),,,"former movie theater in Franklin, Tennessee, United States"
http://www.wikidata.org/entity/Q43294273,Williamson Square Cinema,Point(-86.859545 35.932166),,,"former movie theater in Franklin, Tennessee, United States"
http://www.wikidata.org/entity/Q43294273,Williamson Square Cinema,Point(-86.859545 35.932166),,,"former movie theater in Franklin, Tennessee, United States"
http://www.wikidata.org/entity/Q43294273,Williamson Square Cinema,Point(-86.859545 35.932166),,,"former movie theater in Franklin, Tennessee, United States"
http://www.wikidata.org/entity/Q43294273,Williamson Square Cinema,Point(-86.859545 35.932166),,,"former movie theater in Franklin, Tennessee, United States"
http://www.wikidata.org/entity/Q43294273,Williamson Square Cinema,Point(-86.859545 35.932166),,,"former movie theater in Franklin, Tennessee, United States"
http://www.wikidata.org/entity/Q43294273,Williamson Square Cinema,Point(-86.859545 35.932166),,,"former movie theater in Franklin, Tennessee, United States"
http://www.wikidata.org/entity/Q43294273,Williamson Square Cinema,Point(-86.859545 35.932166),,,"former movie theater in Franklin, Tennessee, United States"
http://www.wikidata.org/entity/Q43294273,Williamson Square Cinema,Point(-86.859545 35.932166),,,"former movie theater in Franklin, Tennessee, United States"
http://www.wikidata.org/entity/Q43294273,Williamson Square Cinema,Point(-86.859545 35.932166),,,"former movie theater in Franklin, Tennessee, United States"
http://www.wikidata.org/entity/Q43294273,Williamson Square Cinema,Point(-86.859545 35.932166),,,"former movie theater in Franklin, Tennessee, United States"
http://www.wikidata.org/entity/Q43294279,Gallatin Theatre,Point(-86.440575 36.36786),,,"former movie theater in Gallatin, Tennessee, United States"
http://www.wikidata.org/entity/Q43294279,Gallatin Theatre,Point(-86.440575 36.36786),,,"former movie theater in Gallatin, Tennessee, United States"
http://www.wikidata.org/entity/Q43294279,Gallatin Theatre,Point(-86.440575 36.36786),,,"former movie theater in Gallatin, Tennessee, United States"
http://www.wikidata.org/entity/Q43294279,Gallatin Theatre,Point(-86.440575 36.36786),,,"former movie theater in Gallatin, Tennessee, United States"
http://www.wikidata.org/entity/Q43294279,Gallatin Theatre,Point(-86.440575 36.36786),,,"former movie theater in Gallatin, Tennessee, United States"
http://www.wikidata.org/entity/Q43294279,Gallatin Theatre,Point(-86.440575 36.36786),,,"former movie theater in Gallatin, Tennessee, United States"
http://www.wikidata.org/entity/Q43294279,Gallatin Theatre,Point(-86.440575 36.36786),,,"former movie theater in Gallatin, Tennessee, United States"
http://www.wikidata.org/entity/Q43294279,Gallatin Theatre,Point(-86.440575 36.36786),,,"former movie theater in Gallatin, Tennessee, United States"
http://www.wikidata.org/entity/Q43294279,Gallatin Theatre,Point(-86.440575 36.36786),,,"former movie theater in Gallatin, Tennessee, United States"
http://www.wikidata.org/entity/Q43294279,Gallatin Theatre,Point(-86.440575 36.36786),,,"former movie theater in Gallatin, Tennessee, United States"
http://www.wikidata.org/entity/Q43294279,Gallatin Theatre,Point(-86.440575 36.36786),,,"former movie theater in Gallatin, Tennessee, United States"
http://www.wikidata.org/entity/Q43294279,Gallatin Theatre,Point(-86.440575 36.36786),,,"former movie theater in Gallatin, Tennessee, United States"
http://www.wikidata.org/entity/Q43294279,Gallatin Theatre,Point(-86.440575 36.36786),,,"former movie theater in Gallatin, Tennessee, United States"
http://www.wikidata.org/entity/Q43294279,Gallatin Theatre,Point(-86.440575 36.36786),,,"former movie theater in Gallatin, Tennessee, United States"
http://www.wikidata.org/entity/Q43294279,Gallatin Theatre,Point(-86.440575 36.36786),,,"former movie theater in Gallatin, Tennessee, United States"
http://www.wikidata.org/entity/Q43294279,Gallatin Theatre,Point(-86.440575 36.36786),,,"former movie theater in Gallatin, Tennessee, United States"
http://www.wikidata.org/entity/Q43294279,Gallatin Theatre,Point(-86.440575 36.36786),,,"former movie theater in Gallatin, Tennessee, United States"
http://www.wikidata.org/entity/Q43294279,Gallatin Theatre,Point(-86.440575 36.36786),,,"former movie theater in Gallatin, Tennessee, United States"
http://www.wikidata.org/entity/Q43294279,Gallatin Theatre,Point(-86.440575 36.36786),,,"former movie theater in Gallatin, Tennessee, United States"
http://www.wikidata.org/entity/Q43294279,Gallatin Theatre,Point(-86.440575 36.36786),,,"former movie theater in Gallatin, Tennessee, United States"
http://www.wikidata.org/entity/Q43294279,Gallatin Theatre,Point(-86.440575 36.36786),,,"former movie theater in Gallatin, Tennessee, United States"
http://www.wikidata.org/entity/Q43294279,Gallatin Theatre,Point(-86.440575 36.36786),,,"former movie theater in Gallatin, Tennessee, United States"
http://www.wikidata.org/entity/Q43294279,Gallatin Theatre,Point(-86.440575 36.36786),,,"former movie theater in Gallatin, Tennessee, United States"
http://www.wikidata.org/entity/Q43294279,Gallatin Theatre,Point(-86.440575 36.36786),,,"former movie theater in Gallatin, Tennessee, United States"
http://www.wikidata.org/entity/Q43294279,Gallatin Theatre,Point(-86.440575 36.36786),,,"former movie theater in Gallatin, Tennessee, United States"
http://www.wikidata.org/entity/Q43294279,Gallatin Theatre,Point(-86.440575 36.36786),,,"former movie theater in Gallatin, Tennessee, United States"
http://www.wikidata.org/entity/Q43294284,Palace Theater,Point(-86.446242 36.389156),,,"movie theater in Gallatin, Tennessee, United States"
http://www.wikidata.org/entity/Q43294284,Palace Theater,Point(-86.446242 36.389156),,,"movie theater in Gallatin, Tennessee, United States"
http://www.wikidata.org/entity/Q43294284,Palace Theater,Point(-86.446242 36.389156),,,"movie theater in Gallatin, Tennessee, United States"
http://www.wikidata.org/entity/Q43294284,Palace Theater,Point(-86.446242 36.389156),,,"movie theater in Gallatin, Tennessee, United States"
http://www.wikidata.org/entity/Q43294284,Palace Theater,Point(-86.446242 36.389156),,,"movie theater in Gallatin, Tennessee, United States"
http://www.wikidata.org/entity/Q43294284,Palace Theater,Point(-86.446242 36.389156),,,"movie theater in Gallatin, Tennessee, United States"
http://www.wikidata.org/entity/Q43294284,Palace Theater,Point(-86.446242 36.389156),,,"movie theater in Gallatin, Tennessee, United States"
http://www.wikidata.org/entity/Q43294284,Palace Theater,Point(-86.446242 36.389156),,,"movie theater in Gallatin, Tennessee, United States"
http://www.wikidata.org/entity/Q43294284,Palace Theater,Point(-86.446242 36.389156),,,"movie theater in Gallatin, Tennessee, United States"
http://www.wikidata.org/entity/Q43294284,Palace Theater,Point(-86.446242 36.389156),,,"movie theater in Gallatin, Tennessee, United States"
http://www.wikidata.org/entity/Q43294284,Palace Theater,Point(-86.446242 36.389156),,,"movie theater in Gallatin, Tennessee, United States"
http://www.wikidata.org/entity/Q43294284,Palace Theater,Point(-86.446242 36.389156),,,"movie theater in Gallatin, Tennessee, United States"
http://www.wikidata.org/entity/Q43294284,Palace Theater,Point(-86.446242 36.389156),,,"movie theater in Gallatin, Tennessee, United States"
http://www.wikidata.org/entity/Q43294284,Palace Theater,Point(-86.446242 36.389156),,,"movie theater in Gallatin, Tennessee, United States"
http://www.wikidata.org/entity/Q43294284,Palace Theater,Point(-86.446242 36.389156),,,"movie theater in Gallatin, Tennessee, United States"
http://www.wikidata.org/entity/Q43294284,Palace Theater,Point(-86.446242 36.389156),,,"movie theater in Gallatin, Tennessee, United States"
http://www.wikidata.org/entity/Q43294284,Palace Theater,Point(-86.446242 36.389156),,,"movie theater in Gallatin, Tennessee, United States"
http://www.wikidata.org/entity/Q43294284,Palace Theater,Point(-86.446242 36.389156),,,"movie theater in Gallatin, Tennessee, United States"
http://www.wikidata.org/entity/Q43294284,Palace Theater,Point(-86.446242 36.389156),,,"movie theater in Gallatin, Tennessee, United States"
http://www.wikidata.org/entity/Q43294284,Palace Theater,Point(-86.446242 36.389156),,,"movie theater in Gallatin, Tennessee, United States"
http://www.wikidata.org/entity/Q43294284,Palace Theater,Point(-86.446242 36.389156),,,"movie theater in Gallatin, Tennessee, United States"
http://www.wikidata.org/entity/Q43294284,Palace Theater,Point(-86.446242 36.389156),,,"movie theater in Gallatin, Tennessee, United States"
http://www.wikidata.org/entity/Q43294284,Palace Theater,Point(-86.446242 36.389156),,,"movie theater in Gallatin, Tennessee, United States"
http://www.wikidata.org/entity/Q43294284,Palace Theater,Point(-86.446242 36.389156),,,"movie theater in Gallatin, Tennessee, United States"
http://www.wikidata.org/entity/Q43294284,Palace Theater,Point(-86.446242 36.389156),,,"movie theater in Gallatin, Tennessee, United States"
http://www.wikidata.org/entity/Q43294284,Palace Theater,Point(-86.446242 36.389156),,,"movie theater in Gallatin, Tennessee, United States"
http://www.wikidata.org/entity/Q43294326,Cinema North 6,Point(-86.7271616 36.0823488),,,"former movie theater in Goodlettsville, Tennessee, United States"
http://www.wikidata.org/entity/Q43294326,Cinema North 6,Point(-86.7271616 36.0823488),,,"former movie theater in Goodlettsville, Tennessee, United States"
http://www.wikidata.org/entity/Q43294326,Cinema North 6,Point(-86.7271616 36.0823488),,,"former movie theater in Goodlettsville, Tennessee, United States"
http://www.wikidata.org/entity/Q43294326,Cinema North 6,Point(-86.7271616 36.0823488),,,"former movie theater in Goodlettsville, Tennessee, United States"
http://www.wikidata.org/entity/Q43294326,Cinema North 6,Point(-86.7271616 36.0823488),,,"former movie theater in Goodlettsville, Tennessee, United States"
http://www.wikidata.org/entity/Q43294326,Cinema North 6,Point(-86.7271616 36.0823488),,,"former movie theater in Goodlettsville, Tennessee, United States"
http://www.wikidata.org/entity/Q43294326,Cinema North 6,Point(-86.7271616 36.0823488),,,"former movie theater in Goodlettsville, Tennessee, United States"
http://www.wikidata.org/entity/Q43294326,Cinema North 6,Point(-86.7271616 36.0823488),,,"former movie theater in Goodlettsville, Tennessee, United States"
http://www.wikidata.org/entity/Q43294326,Cinema North 6,Point(-86.7271616 36.0823488),,,"former movie theater in Goodlettsville, Tennessee, United States"
http://www.wikidata.org/entity/Q43294326,Cinema North 6,Point(-86.7271616 36.0823488),,,"former movie theater in Goodlettsville, Tennessee, United States"
http://www.wikidata.org/entity/Q43294326,Cinema North 6,Point(-86.7271616 36.0823488),,,"former movie theater in Goodlettsville, Tennessee, United States"
http://www.wikidata.org/entity/Q43294326,Cinema North 6,Point(-86.7271616 36.0823488),,,"former movie theater in Goodlettsville, Tennessee, United States"
http://www.wikidata.org/entity/Q43294326,Cinema North 6,Point(-86.7271616 36.0823488),,,"former movie theater in Goodlettsville, Tennessee, United States"
http://www.wikidata.org/entity/Q43294326,Cinema North 6,Point(-86.7271616 36.0823488),,,"former movie theater in Goodlettsville, Tennessee, United States"
http://www.wikidata.org/entity/Q43294326,Cinema North 6,Point(-86.7271616 36.0823488),,,"former movie theater in Goodlettsville, Tennessee, United States"
http://www.wikidata.org/entity/Q43294326,Cinema North 6,Point(-86.7271616 36.0823488),,,"former movie theater in Goodlettsville, Tennessee, United States"
http://www.wikidata.org/entity/Q43294326,Cinema North 6,Point(-86.7271616 36.0823488),,,"former movie theater in Goodlettsville, Tennessee, United States"
http://www.wikidata.org/entity/Q43294326,Cinema North 6,Point(-86.7271616 36.0823488),,,"former movie theater in Goodlettsville, Tennessee, United States"
http://www.wikidata.org/entity/Q43294326,Cinema North 6,Point(-86.7271616 36.0823488),,,"former movie theater in Goodlettsville, Tennessee, United States"
http://www.wikidata.org/entity/Q43294326,Cinema North 6,Point(-86.7271616 36.0823488),,,"former movie theater in Goodlettsville, Tennessee, United States"
http://www.wikidata.org/entity/Q43294326,Cinema North 6,Point(-86.7271616 36.0823488),,,"former movie theater in Goodlettsville, Tennessee, United States"
http://www.wikidata.org/entity/Q43294326,Cinema North 6,Point(-86.7271616 36.0823488),,,"former movie theater in Goodlettsville, Tennessee, United States"
http://www.wikidata.org/entity/Q43294326,Cinema North 6,Point(-86.7271616 36.0823488),,,"former movie theater in Goodlettsville, Tennessee, United States"
http://www.wikidata.org/entity/Q43294326,Cinema North 6,Point(-86.7271616 36.0823488),,,"former movie theater in Goodlettsville, Tennessee, United States"
http://www.wikidata.org/entity/Q43294326,Cinema North 6,Point(-86.7271616 36.0823488),,,"former movie theater in Goodlettsville, Tennessee, United States"
http://www.wikidata.org/entity/Q43294326,Cinema North 6,Point(-86.7271616 36.0823488),,,"former movie theater in Goodlettsville, Tennessee, United States"
http://www.wikidata.org/entity/Q43294333,Rivergate 8,Point(-86.697611 36.305036),,,"former movie theater in Goodlettsville, Tennessee, United States"
http://www.wikidata.org/entity/Q43294333,Rivergate 8,Point(-86.697611 36.305036),,,"former movie theater in Goodlettsville, Tennessee, United States"
http://www.wikidata.org/entity/Q43294333,Rivergate 8,Point(-86.697611 36.305036),,,"former movie theater in Goodlettsville, Tennessee, United States"
http://www.wikidata.org/entity/Q43294333,Rivergate 8,Point(-86.697611 36.305036),,,"former movie theater in Goodlettsville, Tennessee, United States"
http://www.wikidata.org/entity/Q43294333,Rivergate 8,Point(-86.697611 36.305036),,,"former movie theater in Goodlettsville, Tennessee, United States"
http://www.wikidata.org/entity/Q43294333,Rivergate 8,Point(-86.697611 36.305036),,,"former movie theater in Goodlettsville, Tennessee, United States"
http://www.wikidata.org/entity/Q43294333,Rivergate 8,Point(-86.697611 36.305036),,,"former movie theater in Goodlettsville, Tennessee, United States"
http://www.wikidata.org/entity/Q43294333,Rivergate 8,Point(-86.697611 36.305036),,,"former movie theater in Goodlettsville, Tennessee, United States"
http://www.wikidata.org/entity/Q43294333,Rivergate 8,Point(-86.697611 36.305036),,,"former movie theater in Goodlettsville, Tennessee, United States"
http://www.wikidata.org/entity/Q43294333,Rivergate 8,Point(-86.697611 36.305036),,,"former movie theater in Goodlettsville, Tennessee, United States"
http://www.wikidata.org/entity/Q43294333,Rivergate 8,Point(-86.697611 36.305036),,,"former movie theater in Goodlettsville, Tennessee, United States"
http://www.wikidata.org/entity/Q43294333,Rivergate 8,Point(-86.697611 36.305036),,,"former movie theater in Goodlettsville, Tennessee, United States"
http://www.wikidata.org/entity/Q43294333,Rivergate 8,Point(-86.697611 36.305036),,,"former movie theater in Goodlettsville, Tennessee, United States"
http://www.wikidata.org/entity/Q43294333,Rivergate 8,Point(-86.697611 36.305036),,,"former movie theater in Goodlettsville, Tennessee, United States"
http://www.wikidata.org/entity/Q43294333,Rivergate 8,Point(-86.697611 36.305036),,,"former movie theater in Goodlettsville, Tennessee, United States"
http://www.wikidata.org/entity/Q43294333,Rivergate 8,Point(-86.697611 36.305036),,,"former movie theater in Goodlettsville, Tennessee, United States"
http://www.wikidata.org/entity/Q43294333,Rivergate 8,Point(-86.697611 36.305036),,,"former movie theater in Goodlettsville, Tennessee, United States"
http://www.wikidata.org/entity/Q43294333,Rivergate 8,Point(-86.697611 36.305036),,,"former movie theater in Goodlettsville, Tennessee, United States"
http://www.wikidata.org/entity/Q43294333,Rivergate 8,Point(-86.697611 36.305036),,,"former movie theater in Goodlettsville, Tennessee, United States"
http://www.wikidata.org/entity/Q43294333,Rivergate 8,Point(-86.697611 36.305036),,,"former movie theater in Goodlettsville, Tennessee, United States"
http://www.wikidata.org/entity/Q43294333,Rivergate 8,Point(-86.697611 36.305036),,,"former movie theater in Goodlettsville, Tennessee, United States"
http://www.wikidata.org/entity/Q43294333,Rivergate 8,Point(-86.697611 36.305036),,,"former movie theater in Goodlettsville, Tennessee, United States"
http://www.wikidata.org/entity/Q43294333,Rivergate 8,Point(-86.697611 36.305036),,,"former movie theater in Goodlettsville, Tennessee, United States"
http://www.wikidata.org/entity/Q43294333,Rivergate 8,Point(-86.697611 36.305036),,,"former movie theater in Goodlettsville, Tennessee, United States"
http://www.wikidata.org/entity/Q43294333,Rivergate 8,Point(-86.697611 36.305036),,,"former movie theater in Goodlettsville, Tennessee, United States"
http://www.wikidata.org/entity/Q43294333,Rivergate 8,Point(-86.697611 36.305036),,,"former movie theater in Goodlettsville, Tennessee, United States"
http://www.wikidata.org/entity/Q43294339,Rivergate 9 & 10,Point(-86.7014488 36.3021198),,,"former movie theater in Goodlettsville, Tennessee, United States"
http://www.wikidata.org/entity/Q43294339,Rivergate 9 & 10,Point(-86.7014488 36.3021198),,,"former movie theater in Goodlettsville, Tennessee, United States"
http://www.wikidata.org/entity/Q43294339,Rivergate 9 & 10,Point(-86.7014488 36.3021198),,,"former movie theater in Goodlettsville, Tennessee, United States"
http://www.wikidata.org/entity/Q43294339,Rivergate 9 & 10,Point(-86.7014488 36.3021198),,,"former movie theater in Goodlettsville, Tennessee, United States"
http://www.wikidata.org/entity/Q43294339,Rivergate 9 & 10,Point(-86.7014488 36.3021198),,,"former movie theater in Goodlettsville, Tennessee, United States"
http://www.wikidata.org/entity/Q43294339,Rivergate 9 & 10,Point(-86.7014488 36.3021198),,,"former movie theater in Goodlettsville, Tennessee, United States"
http://www.wikidata.org/entity/Q43294339,Rivergate 9 & 10,Point(-86.7014488 36.3021198),,,"former movie theater in Goodlettsville, Tennessee, United States"
http://www.wikidata.org/entity/Q43294339,Rivergate 9 & 10,Point(-86.7014488 36.3021198),,,"former movie theater in Goodlettsville, Tennessee, United States"
http://www.wikidata.org/entity/Q43294339,Rivergate 9 & 10,Point(-86.7014488 36.3021198),,,"former movie theater in Goodlettsville, Tennessee, United States"
http://www.wikidata.org/entity/Q43294339,Rivergate 9 & 10,Point(-86.7014488 36.3021198),,,"former movie theater in Goodlettsville, Tennessee, United States"
http://www.wikidata.org/entity/Q43294339,Rivergate 9 & 10,Point(-86.7014488 36.3021198),,,"former movie theater in Goodlettsville, Tennessee, United States"
http://www.wikidata.org/entity/Q43294339,Rivergate 9 & 10,Point(-86.7014488 36.3021198),,,"former movie theater in Goodlettsville, Tennessee, United States"
http://www.wikidata.org/entity/Q43294339,Rivergate 9 & 10,Point(-86.7014488 36.3021198),,,"former movie theater in Goodlettsville, Tennessee, United States"
http://www.wikidata.org/entity/Q43294339,Rivergate 9 & 10,Point(-86.7014488 36.3021198),,,"former movie theater in Goodlettsville, Tennessee, United States"
http://www.wikidata.org/entity/Q43294339,Rivergate 9 & 10,Point(-86.7014488 36.3021198),,,"former movie theater in Goodlettsville, Tennessee, United States"
http://www.wikidata.org/entity/Q43294339,Rivergate 9 & 10,Point(-86.7014488 36.3021198),,,"former movie theater in Goodlettsville, Tennessee, United States"
http://www.wikidata.org/entity/Q43294339,Rivergate 9 & 10,Point(-86.7014488 36.3021198),,,"former movie theater in Goodlettsville, Tennessee, United States"
http://www.wikidata.org/entity/Q43294339,Rivergate 9 & 10,Point(-86.7014488 36.3021198),,,"former movie theater in Goodlettsville, Tennessee, United States"
http://www.wikidata.org/entity/Q43294339,Rivergate 9 & 10,Point(-86.7014488 36.3021198),,,"former movie theater in Goodlettsville, Tennessee, United States"
http://www.wikidata.org/entity/Q43294339,Rivergate 9 & 10,Point(-86.7014488 36.3021198),,,"former movie theater in Goodlettsville, Tennessee, United States"
http://www.wikidata.org/entity/Q43294339,Rivergate 9 & 10,Point(-86.7014488 36.3021198),,,"former movie theater in Goodlettsville, Tennessee, United States"
http://www.wikidata.org/entity/Q43294339,Rivergate 9 & 10,Point(-86.7014488 36.3021198),,,"former movie theater in Goodlettsville, Tennessee, United States"
http://www.wikidata.org/entity/Q43294339,Rivergate 9 & 10,Point(-86.7014488 36.3021198),,,"former movie theater in Goodlettsville, Tennessee, United States"
http://www.wikidata.org/entity/Q43294339,Rivergate 9 & 10,Point(-86.7014488 36.3021198),,,"former movie theater in Goodlettsville, Tennessee, United States"
http://www.wikidata.org/entity/Q43294339,Rivergate 9 & 10,Point(-86.7014488 36.3021198),,,"former movie theater in Goodlettsville, Tennessee, United States"
http://www.wikidata.org/entity/Q43294339,Rivergate 9 & 10,Point(-86.7014488 36.3021198),,,"former movie theater in Goodlettsville, Tennessee, United States"
http://www.wikidata.org/entity/Q43296522,Bonita Theatre,Point(-86.884752 36.509063),,,"former movie theater in Springfield, Tennessee, United States"
http://www.wikidata.org/entity/Q43296522,Bonita Theatre,Point(-86.884752 36.509063),,,"former movie theater in Springfield, Tennessee, United States"
http://www.wikidata.org/entity/Q43296522,Bonita Theatre,Point(-86.884752 36.509063),,,"former movie theater in Springfield, Tennessee, United States"
http://www.wikidata.org/entity/Q43296522,Bonita Theatre,Point(-86.884752 36.509063),,,"former movie theater in Springfield, Tennessee, United States"
http://www.wikidata.org/entity/Q43296522,Bonita Theatre,Point(-86.884752 36.509063),,,"former movie theater in Springfield, Tennessee, United States"
http://www.wikidata.org/entity/Q43296522,Bonita Theatre,Point(-86.884752 36.509063),,,"former movie theater in Springfield, Tennessee, United States"
http://www.wikidata.org/entity/Q43296522,Bonita Theatre,Point(-86.884752 36.509063),,,"former movie theater in Springfield, Tennessee, United States"
http://www.wikidata.org/entity/Q43296522,Bonita Theatre,Point(-86.884752 36.509063),,,"former movie theater in Springfield, Tennessee, United States"
http://www.wikidata.org/entity/Q43296522,Bonita Theatre,Point(-86.884752 36.509063),,,"former movie theater in Springfield, Tennessee, United States"
http://www.wikidata.org/entity/Q43296522,Bonita Theatre,Point(-86.884752 36.509063),,,"former movie theater in Springfield, Tennessee, United States"
http://www.wikidata.org/entity/Q43296522,Bonita Theatre,Point(-86.884752 36.509063),,,"former movie theater in Springfield, Tennessee, United States"
http://www.wikidata.org/entity/Q43296522,Bonita Theatre,Point(-86.884752 36.509063),,,"former movie theater in Springfield, Tennessee, United States"
http://www.wikidata.org/entity/Q43296522,Bonita Theatre,Point(-86.884752 36.509063),,,"former movie theater in Springfield, Tennessee, United States"
http://www.wikidata.org/entity/Q43296522,Bonita Theatre,Point(-86.884752 36.509063),,,"former movie theater in Springfield, Tennessee, United States"
http://www.wikidata.org/entity/Q43296522,Bonita Theatre,Point(-86.884752 36.509063),,,"former movie theater in Springfield, Tennessee, United States"
http://www.wikidata.org/entity/Q43296522,Bonita Theatre,Point(-86.884752 36.509063),,,"former movie theater in Springfield, Tennessee, United States"
http://www.wikidata.org/entity/Q43296522,Bonita Theatre,Point(-86.884752 36.509063),,,"former movie theater in Springfield, Tennessee, United States"
http://www.wikidata.org/entity/Q43296522,Bonita Theatre,Point(-86.884752 36.509063),,,"former movie theater in Springfield, Tennessee, United States"
http://www.wikidata.org/entity/Q43296522,Bonita Theatre,Point(-86.884752 36.509063),,,"former movie theater in Springfield, Tennessee, United States"
http://www.wikidata.org/entity/Q43296522,Bonita Theatre,Point(-86.884752 36.509063),,,"former movie theater in Springfield, Tennessee, United States"
http://www.wikidata.org/entity/Q43296522,Bonita Theatre,Point(-86.884752 36.509063),,,"former movie theater in Springfield, Tennessee, United States"
http://www.wikidata.org/entity/Q43296522,Bonita Theatre,Point(-86.884752 36.509063),,,"former movie theater in Springfield, Tennessee, United States"
http://www.wikidata.org/entity/Q43296522,Bonita Theatre,Point(-86.884752 36.509063),,,"former movie theater in Springfield, Tennessee, United States"
http://www.wikidata.org/entity/Q43296522,Bonita Theatre,Point(-86.884752 36.509063),,,"former movie theater in Springfield, Tennessee, United States"
http://www.wikidata.org/entity/Q43296522,Bonita Theatre,Point(-86.884752 36.509063),,,"former movie theater in Springfield, Tennessee, United States"
http://www.wikidata.org/entity/Q43296522,Bonita Theatre,Point(-86.884752 36.509063),,,"former movie theater in Springfield, Tennessee, United States"
http://www.wikidata.org/entity/Q43296530,Electric Theatre,Point(-86.8899721 36.4912471),,,"former movie theater in Springfield, Tennessee, United States"
http://www.wikidata.org/entity/Q43296530,Electric Theatre,Point(-86.8899721 36.4912471),,,"former movie theater in Springfield, Tennessee, United States"
http://www.wikidata.org/entity/Q43296530,Electric Theatre,Point(-86.8899721 36.4912471),,,"former movie theater in Springfield, Tennessee, United States"
http://www.wikidata.org/entity/Q43296530,Electric Theatre,Point(-86.8899721 36.4912471),,,"former movie theater in Springfield, Tennessee, United States"
http://www.wikidata.org/entity/Q43296530,Electric Theatre,Point(-86.8899721 36.4912471),,,"former movie theater in Springfield, Tennessee, United States"
http://www.wikidata.org/entity/Q43296530,Electric Theatre,Point(-86.8899721 36.4912471),,,"former movie theater in Springfield, Tennessee, United States"
http://www.wikidata.org/entity/Q43296530,Electric Theatre,Point(-86.8899721 36.4912471),,,"former movie theater in Springfield, Tennessee, United States"
http://www.wikidata.org/entity/Q43296530,Electric Theatre,Point(-86.8899721 36.4912471),,,"former movie theater in Springfield, Tennessee, United States"
http://www.wikidata.org/entity/Q43296530,Electric Theatre,Point(-86.8899721 36.4912471),,,"former movie theater in Springfield, Tennessee, United States"
http://www.wikidata.org/entity/Q43296530,Electric Theatre,Point(-86.8899721 36.4912471),,,"former movie theater in Springfield, Tennessee, United States"
http://www.wikidata.org/entity/Q43296530,Electric Theatre,Point(-86.8899721 36.4912471),,,"former movie theater in Springfield, Tennessee, United States"
http://www.wikidata.org/entity/Q43296530,Electric Theatre,Point(-86.8899721 36.4912471),,,"former movie theater in Springfield, Tennessee, United States"
http://www.wikidata.org/entity/Q43296530,Electric Theatre,Point(-86.8899721 36.4912471),,,"former movie theater in Springfield, Tennessee, United States"
http://www.wikidata.org/entity/Q43296530,Electric Theatre,Point(-86.8899721 36.4912471),,,"former movie theater in Springfield, Tennessee, United States"
http://www.wikidata.org/entity/Q43296530,Electric Theatre,Point(-86.8899721 36.4912471),,,"former movie theater in Springfield, Tennessee, United States"
http://www.wikidata.org/entity/Q43296530,Electric Theatre,Point(-86.8899721 36.4912471),,,"former movie theater in Springfield, Tennessee, United States"
http://www.wikidata.org/entity/Q43296530,Electric Theatre,Point(-86.8899721 36.4912471),,,"former movie theater in Springfield, Tennessee, United States"
http://www.wikidata.org/entity/Q43296530,Electric Theatre,Point(-86.8899721 36.4912471),,,"former movie theater in Springfield, Tennessee, United States"
http://www.wikidata.org/entity/Q43296530,Electric Theatre,Point(-86.8899721 36.4912471),,,"former movie theater in Springfield, Tennessee, United States"
http://www.wikidata.org/entity/Q43296530,Electric Theatre,Point(-86.8899721 36.4912471),,,"former movie theater in Springfield, Tennessee, United States"
http://www.wikidata.org/entity/Q43296530,Electric Theatre,Point(-86.8899721 36.4912471),,,"former movie theater in Springfield, Tennessee, United States"
http://www.wikidata.org/entity/Q43296530,Electric Theatre,Point(-86.8899721 36.4912471),,,"former movie theater in Springfield, Tennessee, United States"
http://www.wikidata.org/entity/Q43296530,Electric Theatre,Point(-86.8899721 36.4912471),,,"former movie theater in Springfield, Tennessee, United States"
http://www.wikidata.org/entity/Q43296530,Electric Theatre,Point(-86.8899721 36.4912471),,,"former movie theater in Springfield, Tennessee, United States"
http://www.wikidata.org/entity/Q43296530,Electric Theatre,Point(-86.8899721 36.4912471),,,"former movie theater in Springfield, Tennessee, United States"
http://www.wikidata.org/entity/Q43296530,Electric Theatre,Point(-86.8899721 36.4912471),,,"former movie theater in Springfield, Tennessee, United States"
http://www.wikidata.org/entity/Q43296535,Princess Theatre,Point(-86.88527 36.509587),,,"former movie theater in Springfield, Tennessee, United States"
http://www.wikidata.org/entity/Q43296535,Princess Theatre,Point(-86.88527 36.509587),,,"former movie theater in Springfield, Tennessee, United States"
http://www.wikidata.org/entity/Q43296535,Princess Theatre,Point(-86.88527 36.509587),,,"former movie theater in Springfield, Tennessee, United States"
http://www.wikidata.org/entity/Q43296535,Princess Theatre,Point(-86.88527 36.509587),,,"former movie theater in Springfield, Tennessee, United States"
http://www.wikidata.org/entity/Q43296535,Princess Theatre,Point(-86.88527 36.509587),,,"former movie theater in Springfield, Tennessee, United States"
http://www.wikidata.org/entity/Q43296535,Princess Theatre,Point(-86.88527 36.509587),,,"former movie theater in Springfield, Tennessee, United States"
http://www.wikidata.org/entity/Q43296535,Princess Theatre,Point(-86.88527 36.509587),,,"former movie theater in Springfield, Tennessee, United States"
http://www.wikidata.org/entity/Q43296535,Princess Theatre,Point(-86.88527 36.509587),,,"former movie theater in Springfield, Tennessee, United States"
http://www.wikidata.org/entity/Q43296535,Princess Theatre,Point(-86.88527 36.509587),,,"former movie theater in Springfield, Tennessee, United States"
http://www.wikidata.org/entity/Q43296535,Princess Theatre,Point(-86.88527 36.509587),,,"former movie theater in Springfield, Tennessee, United States"
http://www.wikidata.org/entity/Q43296535,Princess Theatre,Point(-86.88527 36.509587),,,"former movie theater in Springfield, Tennessee, United States"
http://www.wikidata.org/entity/Q43296535,Princess Theatre,Point(-86.88527 36.509587),,,"former movie theater in Springfield, Tennessee, United States"
http://www.wikidata.org/entity/Q43296535,Princess Theatre,Point(-86.88527 36.509587),,,"former movie theater in Springfield, Tennessee, United States"
http://www.wikidata.org/entity/Q43296535,Princess Theatre,Point(-86.88527 36.509587),,,"former movie theater in Springfield, Tennessee, United States"
http://www.wikidata.org/entity/Q43296535,Princess Theatre,Point(-86.88527 36.509587),,,"former movie theater in Springfield, Tennessee, United States"
http://www.wikidata.org/entity/Q43296535,Princess Theatre,Point(-86.88527 36.509587),,,"former movie theater in Springfield, Tennessee, United States"
http://www.wikidata.org/entity/Q43296535,Princess Theatre,Point(-86.88527 36.509587),,,"former movie theater in Springfield, Tennessee, United States"
http://www.wikidata.org/entity/Q43296535,Princess Theatre,Point(-86.88527 36.509587),,,"former movie theater in Springfield, Tennessee, United States"
http://www.wikidata.org/entity/Q43296535,Princess Theatre,Point(-86.88527 36.509587),,,"former movie theater in Springfield, Tennessee, United States"
http://www.wikidata.org/entity/Q43296535,Princess Theatre,Point(-86.88527 36.509587),,,"former movie theater in Springfield, Tennessee, United States"
http://www.wikidata.org/entity/Q47667585,Antioch Park,Point(-86.6760637 36.0563233),,,"park in Antioch, Tennessee, United States"
http://www.wikidata.org/entity/Q47668162,Bass Park,Point(-86.7438257 36.1751483),,,"park in Nashville, Tennessee, United States"
http://www.wikidata.org/entity/Q47669456,Bells Bend Park,Point(-86.9240568 36.154279),,,"park in Nashville, Tennessee, United States"
http://www.wikidata.org/entity/Q49478984,Coleman Park,Point(-86.744444444 36.111944444),,,"park in Davidson County, Tennessee, United States of America"
http://www.wikidata.org/entity/Q49478994,Coles Ferry Access Area,Point(-86.402777777 36.304722222),,,"park in Wilson County, Tennessee, United States of America"
http://www.wikidata.org/entity/Q49479976,Cook Public Use Area,Point(-86.595833333 36.136666666),,,"park in Davidson County, Tennessee, United States of America"
http://www.wikidata.org/entity/Q49480880,Crawford Park,Point(-86.6375 36.002777777),,,"park in Davidson County, Tennessee, United States of America"
http://www.wikidata.org/entity/Q49481352,Cumberland Park,Point(-86.770144031 36.16254967),,,"park in Davidson County, Tennessee, United States of America"
http://www.wikidata.org/entity/Q49481423,Curry Field,Point(-86.801388888 36.148888888),,,"park in Davidson County, Tennessee, United States of America"
http://www.wikidata.org/entity/Q49484010,Douglas Park,Point(-86.762222222 36.1775),,,"park in Davidson County, Tennessee, United States of America"
http://www.wikidata.org/entity/Q49484221,Drakes Creek Park,Point(-86.611388888 36.303888888),,,"park in Sumner County, Tennessee, United States of America"
http://www.wikidata.org/entity/Q49484393,Dudley Park,Point(-86.765277777 36.143611111),,,"park in Davidson County, Tennessee, United States of America"
http://www.wikidata.org/entity/Q49484739,Dyson Ditch Wildlife Refuge,Point(-87.158333333 36.3125),,,"park in Cheatham County, Tennessee, United States of America"
http://www.wikidata.org/entity/Q49485123,East Fork Recreation Area,Point(-86.444444444 35.986388888),,,"park in Rutherford County, Tennessee, United States of America"
http://www.wikidata.org/entity/Q49485245,East Park,Point(-86.760555555 36.173055555),,,"park in Davidson County, Tennessee, United States of America"
http://www.wikidata.org/entity/Q49485931,Edward S Temple Track,Point(-86.831388888 36.169722222),,,"park in Davidson County, Tennessee, United States of America"
http://www.wikidata.org/entity/Q49485987,Edwin Warner Park,Point(-86.903611111 36.053888888),,,"park located outside of downtown Nashville, Tennessee, United States"
http://www.wikidata.org/entity/Q49486418,Elizabeth Park,Point(-86.803333333 36.178333333),,,"park in Davidson County, Tennessee, United States of America"
http://www.wikidata.org/entity/Q49486716,Elmington Park,Point(-86.824444444 36.134166666),,,"park in Davidson County, Tennessee, United States of America"
http://www.wikidata.org/entity/Q49560751,Shelby Park Access Area,Point(-86.729444444 36.164722222),,,"park in Davidson County, Tennessee, United States of America"
http://www.wikidata.org/entity/Q49560748,Shelby Park,Point(-86.73 36.171944444),,,park in the United States of America
http://www.wikidata.org/entity/Q49561518,Shutes Branch Access Area,Point(-86.570555555 36.248055555),,,park in the United States of America
http://www.wikidata.org/entity/Q49561520,Shutes Branch Recreation Area,Point(-86.568611111 36.246388888),,,park in the United States of America
http://www.wikidata.org/entity/Q49562627,Smith Springs Public Use Area,Point(-86.588888888 36.088888888),,,park in the United States of America
http://www.wikidata.org/entity/Q49562700,Smyrna Recreation Park,Point(-86.519722222 35.994444444),,,park in the United States of America
http://www.wikidata.org/entity/Q49563362,South Inglewood Park,Point(-86.727222222 36.196666666),,,"park in Davidson County, Tennessee, United States of America"
http://www.wikidata.org/entity/Q49563584,South Park,Point(-86.767222222 36.154444444),,,"park in Davidson County, Tennessee, United States"
http://www.wikidata.org/entity/Q49565319,Stark Knob Access Area,Point(-86.575555555 36.282222222),,,park in the United States of America
http://www.wikidata.org/entity/Q49566338,Stewart Creek Public Use Area,Point(-86.505833333 36.028333333),,,"park in Rutherford County, Tennessee, United States of America"
http://www.wikidata.org/entity/Q49567149,Suggs Creek Public Use Area,Point(-86.546388888 36.1325),,,park in the United States of America
http://www.wikidata.org/entity/Q49567345,Sumner County Park,Point(-86.471388888 36.331666666),,,park in the United States of America
http://www.wikidata.org/entity/Q49569450,Ted Rhodes Park,Point(-86.820833333 36.192222222),,,"park in Davidson County, Tennessee, United States of America"
http://www.wikidata.org/entity/Q49572060,Trinity County Park,Point(-86.772777777 35.896666666),,,"park in Williamson County, Tennessee, United States of America"
http://www.wikidata.org/entity/Q49572072,Trinity Hills Park,Point(-86.789444444 36.221388888),,,"park in Davidson County, Tennessee, United States of America"
http://www.wikidata.org/entity/Q49572859,Twitty City-Music Village USA,Point(-86.564444444 36.324166666),,,park in the United States of America
http://www.wikidata.org/entity/Q49572883,Two Rivers Park,Point(-86.68 36.19),,,"park in Davidson County, Tennessee, United States of America"
http://www.wikidata.org/entity/Q49575087,Victory Park,Point(-86.782777777 36.164166666),,,"park in Davidson County, Tennessee, United States of America"
http://www.wikidata.org/entity/Q49575780,Vivrett Creek Public Use Area,Point(-86.546111111 36.141944444),,,"park in Wilson County, Tennessee, United States of America"
http://www.wikidata.org/entity/Q49576610,Walton Ferry Access Area,Point(-86.629166666 36.258055555),,,park in the United States of America
http://www.wikidata.org/entity/Q49577676,Watkins Park,Point(-86.798888888 36.162222222),,,"park in Davidson County, Tennessee, United States of America"
http://www.wikidata.org/entity/Q49578657,West Fork Recreation Area,Point(-86.466666666 35.977777777),,,"park in Rutherford County, Tennessee, United States of America"
http://www.wikidata.org/entity/Q49578930,West Park,Point(-86.863333333 36.162222222),,,"park in Davidson County, Tennessee, United States of America"
http://www.wikidata.org/entity/Q49579923,White House City Park,Point(-86.6625 36.469444444),,,park in the United States of America
http://www.wikidata.org/entity/Q49508713,Jones Mill Public Use Area,Point(-86.504722222 36.058333333),,,"park in Rutherford County, Tennessee, United States of America"
http://www.wikidata.org/entity/Q49511244,Kirkpatrick Park,Point(-86.754166666 36.168333333),,,"park in Davidson County, Tennessee, United States of America"
http://www.wikidata.org/entity/Q49512860,Laguardo Recreation Area,Point(-86.446111111 36.290277777),,,"park in Wilson County, Tennessee, United States of America"
http://www.wikidata.org/entity/Q49514239,Lamar Hill Access Area,Point(-86.473888888 36.0375),,,park in the United States of America
http://www.wikidata.org/entity/Q49518497,Lock A Recreation Area,Point(-87.186944444 36.315833333),,,park in the United States of America
http://www.wikidata.org/entity/Q49518510,Lock One Park,Point(-86.787777777 36.199722222),,,park in the United States of America
http://www.wikidata.org/entity/Q49518516,Lock Two Park,Point(-86.701388888 36.244722222),,,"park in Davidson County, Tennessee, United States of America"
http://www.wikidata.org/entity/Q49518810,Lone Branch Access Area,Point(-86.501944444 36.283888888),,,"park in Wilson County, Tennessee, United States of America"
http://www.wikidata.org/entity/Q49520645,Madison Park,Point(-86.700555555 36.266388888),,,"park in Davidson County, Tennessee, United States of America"
http://www.wikidata.org/entity/Q49522168,Martha Gallatin Access Area,Point(-86.438333333 36.335277777),,,park in the United States of America
http://www.wikidata.org/entity/Q49522949,Mayberry Branch Access Park,Point(-87.246944444 36.345277777),,,park in the United States of America
http://www.wikidata.org/entity/Q49523196,McCabe Park,Point(-86.8475 36.139722222),,,"park in Davidson County, Tennessee, United States of America"
http://www.wikidata.org/entity/Q49523575,McFerrin Park,Point(-86.7675 36.181666666),,,park in the United States of America
http://www.wikidata.org/entity/Q49525703,Metro Riverfront Park,Point(-86.774444444 36.162777777),,,"park in Davidson County, Tennessee, United States of America"
http://www.wikidata.org/entity/Q49527587,Mono Recreation Area,Point(-86.416666666 35.978611111),,,park in the United States of America
http://www.wikidata.org/entity/Q49528323,Morgan Park,Point(-86.790277777 36.18),,,"park in Davidson County, Tennessee, United States of America"
http://www.wikidata.org/entity/Q49528993,Mount Juliet Little League Park,Point(-86.510555555 36.234166666),,,"park in Wilson County, Tennessee, United States of America"
http://www.wikidata.org/entity/Q49530277,Napier Park,Point(-86.755833333 36.150277777),,,park in the United States of America
http://www.wikidata.org/entity/Q49530355,Nashville Shores Recreation Area,Point(-86.626388888 36.131944444),,,"park in Davidson County, Tennessee, United States of America"
http://www.wikidata.org/entity/Q49531540,Nice Mill Dam Recreation Area,Point(-86.465277777 35.939444444),,,park in the United States of America
http://www.wikidata.org/entity/Q49534395,Oaklands Park,Point(-86.383888888 35.855),,,park in the United States of America
http://www.wikidata.org/entity/Q49534725,Odoms Bend Access Area,Point(-86.429166666 36.339444444),,,"park in Sumner County, Tennessee, United States of America"
http://www.wikidata.org/entity/Q49535005,Old Fort Park,Point(-86.415277777 35.853333333),,,"park in Rutherford County, Tennessee, United States of America"
http://www.wikidata.org/entity/Q49535046,Old Hickory Beach Access Area,Point(-86.6575 36.2875),,,park in the United States of America
http://www.wikidata.org/entity/Q43295879,Premier 6 Theatre,Point(-86.40096 35.854221),,http://www.murfreesboromovies.com,"movie theater in Murfreesboro, Tennessee, United States"
http://www.wikidata.org/entity/Q43295879,Premier 6 Theatre,Point(-86.40096 35.854221),,http://www.murfreesboromovies.com,"movie theater in Murfreesboro, Tennessee, United States"
http://www.wikidata.org/entity/Q43295879,Premier 6 Theatre,Point(-86.40096 35.854221),,http://www.murfreesboromovies.com,"movie theater in Murfreesboro, Tennessee, United States"
http://www.wikidata.org/entity/Q43295879,Premier 6 Theatre,Point(-86.40096 35.854221),,http://www.murfreesboromovies.com,"movie theater in Murfreesboro, Tennessee, United States"
http://www.wikidata.org/entity/Q43295879,Premier 6 Theatre,Point(-86.40096 35.854221),,http://www.murfreesboromovies.com,"movie theater in Murfreesboro, Tennessee, United States"
http://www.wikidata.org/entity/Q43295879,Premier 6 Theatre,Point(-86.40096 35.854221),,http://www.murfreesboromovies.com,"movie theater in Murfreesboro, Tennessee, United States"
http://www.wikidata.org/entity/Q43295879,Premier 6 Theatre,Point(-86.40096 35.854221),,http://www.murfreesboromovies.com,"movie theater in Murfreesboro, Tennessee, United States"
http://www.wikidata.org/entity/Q43295879,Premier 6 Theatre,Point(-86.40096 35.854221),,http://www.murfreesboromovies.com,"movie theater in Murfreesboro, Tennessee, United States"
http://www.wikidata.org/entity/Q43295879,Premier 6 Theatre,Point(-86.40096 35.854221),,http://www.murfreesboromovies.com,"movie theater in Murfreesboro, Tennessee, United States"
http://www.wikidata.org/entity/Q43295879,Premier 6 Theatre,Point(-86.40096 35.854221),,http://www.murfreesboromovies.com,"movie theater in Murfreesboro, Tennessee, United States"
http://www.wikidata.org/entity/Q43295879,Premier 6 Theatre,Point(-86.40096 35.854221),,http://www.murfreesboromovies.com,"movie theater in Murfreesboro, Tennessee, United States"
http://www.wikidata.org/entity/Q43295879,Premier 6 Theatre,Point(-86.40096 35.854221),,http://www.murfreesboromovies.com,"movie theater in Murfreesboro, Tennessee, United States"
http://www.wikidata.org/entity/Q43295879,Premier 6 Theatre,Point(-86.40096 35.854221),,http://www.murfreesboromovies.com,"movie theater in Murfreesboro, Tennessee, United States"
http://www.wikidata.org/entity/Q43295879,Premier 6 Theatre,Point(-86.40096 35.854221),,http://www.murfreesboromovies.com,"movie theater in Murfreesboro, Tennessee, United States"
http://www.wikidata.org/entity/Q43295879,Premier 6 Theatre,Point(-86.40096 35.854221),,http://www.murfreesboromovies.com,"movie theater in Murfreesboro, Tennessee, United States"
http://www.wikidata.org/entity/Q43295879,Premier 6 Theatre,Point(-86.40096 35.854221),,http://www.murfreesboromovies.com,"movie theater in Murfreesboro, Tennessee, United States"
http://www.wikidata.org/entity/Q43295885,Princess Theatre,Point(-86.39027 35.8456213),,,"former movie theater in Murfreesboro, Tennessee, United States"
http://www.wikidata.org/entity/Q43295885,Princess Theatre,Point(-86.39027 35.8456213),,,"former movie theater in Murfreesboro, Tennessee, United States"
http://www.wikidata.org/entity/Q43295885,Princess Theatre,Point(-86.39027 35.8456213),,,"former movie theater in Murfreesboro, Tennessee, United States"
http://www.wikidata.org/entity/Q43295885,Princess Theatre,Point(-86.39027 35.8456213),,,"former movie theater in Murfreesboro, Tennessee, United States"
http://www.wikidata.org/entity/Q43295885,Princess Theatre,Point(-86.39027 35.8456213),,,"former movie theater in Murfreesboro, Tennessee, United States"
http://www.wikidata.org/entity/Q43295885,Princess Theatre,Point(-86.39027 35.8456213),,,"former movie theater in Murfreesboro, Tennessee, United States"
http://www.wikidata.org/entity/Q43295885,Princess Theatre,Point(-86.39027 35.8456213),,,"former movie theater in Murfreesboro, Tennessee, United States"
http://www.wikidata.org/entity/Q43295885,Princess Theatre,Point(-86.39027 35.8456213),,,"former movie theater in Murfreesboro, Tennessee, United States"
http://www.wikidata.org/entity/Q43295885,Princess Theatre,Point(-86.39027 35.8456213),,,"former movie theater in Murfreesboro, Tennessee, United States"
http://www.wikidata.org/entity/Q43295885,Princess Theatre,Point(-86.39027 35.8456213),,,"former movie theater in Murfreesboro, Tennessee, United States"
http://www.wikidata.org/entity/Q43296121,Madison Square Theatre,Point(-86.7147452 36.2556158),,,"former movie theater in Nashville, Tennessee, United States"
http://www.wikidata.org/entity/Q43296121,Madison Square Theatre,Point(-86.7147452 36.2556158),,,"former movie theater in Nashville, Tennessee, United States"
http://www.wikidata.org/entity/Q43296121,Madison Square Theatre,Point(-86.7147452 36.2556158),,,"former movie theater in Nashville, Tennessee, United States"
http://www.wikidata.org/entity/Q43296121,Madison Square Theatre,Point(-86.7147452 36.2556158),,,"former movie theater in Nashville, Tennessee, United States"
http://www.wikidata.org/entity/Q43296121,Madison Square Theatre,Point(-86.7147452 36.2556158),,,"former movie theater in Nashville, Tennessee, United States"
http://www.wikidata.org/entity/Q43296121,Madison Square Theatre,Point(-86.7147452 36.2556158),,,"former movie theater in Nashville, Tennessee, United States"
http://www.wikidata.org/entity/Q43296121,Madison Square Theatre,Point(-86.7147452 36.2556158),,,"former movie theater in Nashville, Tennessee, United States"
http://www.wikidata.org/entity/Q43296121,Madison Square Theatre,Point(-86.7147452 36.2556158),,,"former movie theater in Nashville, Tennessee, United States"
http://www.wikidata.org/entity/Q43296121,Madison Square Theatre,Point(-86.7147452 36.2556158),,,"former movie theater in Nashville, Tennessee, United States"
http://www.wikidata.org/entity/Q43296121,Madison Square Theatre,Point(-86.7147452 36.2556158),,,"former movie theater in Nashville, Tennessee, United States"
http://www.wikidata.org/entity/Q43296121,Madison Square Theatre,Point(-86.7147452 36.2556158),,,"former movie theater in Nashville, Tennessee, United States"
http://www.wikidata.org/entity/Q43296121,Madison Square Theatre,Point(-86.7147452 36.2556158),,,"former movie theater in Nashville, Tennessee, United States"
http://www.wikidata.org/entity/Q43296121,Madison Square Theatre,Point(-86.7147452 36.2556158),,,"former movie theater in Nashville, Tennessee, United States"
http://www.wikidata.org/entity/Q43296121,Madison Square Theatre,Point(-86.7147452 36.2556158),,,"former movie theater in Nashville, Tennessee, United States"
http://www.wikidata.org/entity/Q43296121,Madison Square Theatre,Point(-86.7147452 36.2556158),,,"former movie theater in Nashville, Tennessee, United States"
http://www.wikidata.org/entity/Q43296121,Madison Square Theatre,Point(-86.7147452 36.2556158),,,"former movie theater in Nashville, Tennessee, United States"
http://www.wikidata.org/entity/Q43296128,Majestic Theatre,Point(-86.7809246 36.1662695),,,"former movie theater in Nashville, Tennessee, United States"
http://www.wikidata.org/entity/Q43296128,Majestic Theatre,Point(-86.7809246 36.1662695),,,"former movie theater in Nashville, Tennessee, United States"
http://www.wikidata.org/entity/Q43296128,Majestic Theatre,Point(-86.7809246 36.1662695),,,"former movie theater in Nashville, Tennessee, United States"
http://www.wikidata.org/entity/Q43296128,Majestic Theatre,Point(-86.7809246 36.1662695),,,"former movie theater in Nashville, Tennessee, United States"
http://www.wikidata.org/entity/Q43296128,Majestic Theatre,Point(-86.7809246 36.1662695),,,"former movie theater in Nashville, Tennessee, United States"
http://www.wikidata.org/entity/Q43296128,Majestic Theatre,Point(-86.7809246 36.1662695),,,"former movie theater in Nashville, Tennessee, United States"
http://www.wikidata.org/entity/Q43296128,Majestic Theatre,Point(-86.7809246 36.1662695),,,"former movie theater in Nashville, Tennessee, United States"
http://www.wikidata.org/entity/Q43296128,Majestic Theatre,Point(-86.7809246 36.1662695),,,"former movie theater in Nashville, Tennessee, United States"
http://www.wikidata.org/entity/Q43296128,Majestic Theatre,Point(-86.7809246 36.1662695),,,"former movie theater in Nashville, Tennessee, United States"
http://www.wikidata.org/entity/Q43296128,Majestic Theatre,Point(-86.7809246 36.1662695),,,"former movie theater in Nashville, Tennessee, United States"
http://www.wikidata.org/entity/Q43296235,Lions Head 5 Cinema,Point(-86.853911 36.128486),,,"former movie theater in Nashville, Tennessee, United States"
http://www.wikidata.org/entity/Q43296235,Lions Head 5 Cinema,Point(-86.853911 36.128486),,,"former movie theater in Nashville, Tennessee, United States"
http://www.wikidata.org/entity/Q43296235,Lions Head 5 Cinema,Point(-86.853911 36.128486),,,"former movie theater in Nashville, Tennessee, United States"
http://www.wikidata.org/entity/Q43296235,Lions Head 5 Cinema,Point(-86.853911 36.128486),,,"former movie theater in Nashville, Tennessee, United States"
http://www.wikidata.org/entity/Q43296235,Lions Head 5 Cinema,Point(-86.853911 36.128486),,,"former movie theater in Nashville, Tennessee, United States"
http://www.wikidata.org/entity/Q43296235,Lions Head 5 Cinema,Point(-86.853911 36.128486),,,"former movie theater in Nashville, Tennessee, United States"
http://www.wikidata.org/entity/Q43296235,Lions Head 5 Cinema,Point(-86.853911 36.128486),,,"former movie theater in Nashville, Tennessee, United States"
http://www.wikidata.org/entity/Q43296235,Lions Head 5 Cinema,Point(-86.853911 36.128486),,,"former movie theater in Nashville, Tennessee, United States"
http://www.wikidata.org/entity/Q43296235,Lions Head 5 Cinema,Point(-86.853911 36.128486),,,"former movie theater in Nashville, Tennessee, United States"
http://www.wikidata.org/entity/Q43296235,Lions Head 5 Cinema,Point(-86.853911 36.128486),,,"former movie theater in Nashville, Tennessee, United States"
http://www.wikidata.org/entity/Q43296235,Lions Head 5 Cinema,Point(-86.853911 36.128486),,,"former movie theater in Nashville, Tennessee, United States"
http://www.wikidata.org/entity/Q43296235,Lions Head 5 Cinema,Point(-86.853911 36.128486),,,"former movie theater in Nashville, Tennessee, United States"
http://www.wikidata.org/entity/Q43296235,Lions Head 5 Cinema,Point(-86.853911 36.128486),,,"former movie theater in Nashville, Tennessee, United States"
http://www.wikidata.org/entity/Q43296235,Lions Head 5 Cinema,Point(-86.853911 36.128486),,,"former movie theater in Nashville, Tennessee, United States"
http://www.wikidata.org/entity/Q43296235,Lions Head 5 Cinema,Point(-86.853911 36.128486),,,"former movie theater in Nashville, Tennessee, United States"
http://www.wikidata.org/entity/Q43296235,Lions Head 5 Cinema,Point(-86.853911 36.128486),,,"former movie theater in Nashville, Tennessee, United States"
http://www.wikidata.org/entity/Q43296239,Woodbine Theatre,Point(-86.7490681 36.1181954),,,"former movie theater in Nashville, Tennessee, United States"
http://www.wikidata.org/entity/Q43296239,Woodbine Theatre,Point(-86.7490681 36.1181954),,,"former movie theater in Nashville, Tennessee, United States"
http://www.wikidata.org/entity/Q43296239,Woodbine Theatre,Point(-86.7490681 36.1181954),,,"former movie theater in Nashville, Tennessee, United States"
http://www.wikidata.org/entity/Q43296239,Woodbine Theatre,Point(-86.7490681 36.1181954),,,"former movie theater in Nashville, Tennessee, United States"
http://www.wikidata.org/entity/Q43296239,Woodbine Theatre,Point(-86.7490681 36.1181954),,,"former movie theater in Nashville, Tennessee, United States"
http://www.wikidata.org/entity/Q43296239,Woodbine Theatre,Point(-86.7490681 36.1181954),,,"former movie theater in Nashville, Tennessee, United States"
http://www.wikidata.org/entity/Q43296239,Woodbine Theatre,Point(-86.7490681 36.1181954),,,"former movie theater in Nashville, Tennessee, United States"
http://www.wikidata.org/entity/Q43296239,Woodbine Theatre,Point(-86.7490681 36.1181954),,,"former movie theater in Nashville, Tennessee, United States"
http://www.wikidata.org/entity/Q43296239,Woodbine Theatre,Point(-86.7490681 36.1181954),,,"former movie theater in Nashville, Tennessee, United States"
http://www.wikidata.org/entity/Q43296239,Woodbine Theatre,Point(-86.7490681 36.1181954),,,"former movie theater in Nashville, Tennessee, United States"
http://www.wikidata.org/entity/Q43296002,Dixie Theatre,Point(-86.7835491 36.168397),,,"former movie theater in Nashville, Tennessee, United States"
http://www.wikidata.org/entity/Q43296002,Dixie Theatre,Point(-86.7835491 36.168397),,,"former movie theater in Nashville, Tennessee, United States"
http://www.wikidata.org/entity/Q43296002,Dixie Theatre,Point(-86.7835491 36.168397),,,"former movie theater in Nashville, Tennessee, United States"
http://www.wikidata.org/entity/Q43296002,Dixie Theatre,Point(-86.7835491 36.168397),,,"former movie theater in Nashville, Tennessee, United States"
http://www.wikidata.org/entity/Q43296002,Dixie Theatre,Point(-86.7835491 36.168397),,,"former movie theater in Nashville, Tennessee, United States"
http://www.wikidata.org/entity/Q43296002,Dixie Theatre,Point(-86.7835491 36.168397),,,"former movie theater in Nashville, Tennessee, United States"
http://www.wikidata.org/entity/Q43296002,Dixie Theatre,Point(-86.7835491 36.168397),,,"former movie theater in Nashville, Tennessee, United States"
http://www.wikidata.org/entity/Q43296002,Dixie Theatre,Point(-86.7835491 36.168397),,,"former movie theater in Nashville, Tennessee, United States"
http://www.wikidata.org/entity/Q43296002,Dixie Theatre,Point(-86.7835491 36.168397),,,"former movie theater in Nashville, Tennessee, United States"
http://www.wikidata.org/entity/Q43296002,Dixie Theatre,Point(-86.7835491 36.168397),,,"former movie theater in Nashville, Tennessee, United States"
http://www.wikidata.org/entity/Q43296002,Dixie Theatre,Point(-86.7835491 36.168397),,,"former movie theater in Nashville, Tennessee, United States"
http://www.wikidata.org/entity/Q43296002,Dixie Theatre,Point(-86.7835491 36.168397),,,"former movie theater in Nashville, Tennessee, United States"
http://www.wikidata.org/entity/Q43296002,Dixie Theatre,Point(-86.7835491 36.168397),,,"former movie theater in Nashville, Tennessee, United States"
http://www.wikidata.org/entity/Q43296002,Dixie Theatre,Point(-86.7835491 36.168397),,,"former movie theater in Nashville, Tennessee, United States"
http://www.wikidata.org/entity/Q43296002,Dixie Theatre,Point(-86.7835491 36.168397),,,"former movie theater in Nashville, Tennessee, United States"
http://www.wikidata.org/entity/Q43296002,Dixie Theatre,Point(-86.7835491 36.168397),,,"former movie theater in Nashville, Tennessee, United States"
http://www.wikidata.org/entity/Q43296007,Donelson Theatre,Point(-86.662358 36.166813),,,"former movie theater in Nashville, Tennessee, United States"
http://www.wikidata.org/entity/Q43296007,Donelson Theatre,Point(-86.662358 36.166813),,,"former movie theater in Nashville, Tennessee, United States"
http://www.wikidata.org/entity/Q43296007,Donelson Theatre,Point(-86.662358 36.166813),,,"former movie theater in Nashville, Tennessee, United States"
http://www.wikidata.org/entity/Q43296007,Donelson Theatre,Point(-86.662358 36.166813),,,"former movie theater in Nashville, Tennessee, United States"
http://www.wikidata.org/entity/Q43296007,Donelson Theatre,Point(-86.662358 36.166813),,,"former movie theater in Nashville, Tennessee, United States"
http://www.wikidata.org/entity/Q43296007,Donelson Theatre,Point(-86.662358 36.166813),,,"former movie theater in Nashville, Tennessee, United States"
http://www.wikidata.org/entity/Q43296007,Donelson Theatre,Point(-86.662358 36.166813),,,"former movie theater in Nashville, Tennessee, United States"
http://www.wikidata.org/entity/Q43296007,Donelson Theatre,Point(-86.662358 36.166813),,,"former movie theater in Nashville, Tennessee, United States"
http://www.wikidata.org/entity/Q43296007,Donelson Theatre,Point(-86.662358 36.166813),,,"former movie theater in Nashville, Tennessee, United States"
http://www.wikidata.org/entity/Q43296007,Donelson Theatre,Point(-86.662358 36.166813),,,"former movie theater in Nashville, Tennessee, United States"
http://www.wikidata.org/entity/Q43296535,Princess Theatre,Point(-86.88527 36.509587),,,"former movie theater in Springfield, Tennessee, United States"
http://www.wikidata.org/entity/Q43296535,Princess Theatre,Point(-86.88527 36.509587),,,"former movie theater in Springfield, Tennessee, United States"
http://www.wikidata.org/entity/Q43296535,Princess Theatre,Point(-86.88527 36.509587),,,"former movie theater in Springfield, Tennessee, United States"
http://www.wikidata.org/entity/Q43296535,Princess Theatre,Point(-86.88527 36.509587),,,"former movie theater in Springfield, Tennessee, United States"
http://www.wikidata.org/entity/Q43296535,Princess Theatre,Point(-86.88527 36.509587),,,"former movie theater in Springfield, Tennessee, United States"
http://www.wikidata.org/entity/Q43296535,Princess Theatre,Point(-86.88527 36.509587),,,"former movie theater in Springfield, Tennessee, United States"
http://www.wikidata.org/entity/Q43296540,Royal Theatre,Point(-86.8849989 36.507666),,,"former movie theater in Springfield, Tennessee, United States"
http://www.wikidata.org/entity/Q43296540,Royal Theatre,Point(-86.8849989 36.507666),,,"former movie theater in Springfield, Tennessee, United States"
http://www.wikidata.org/entity/Q43296540,Royal Theatre,Point(-86.8849989 36.507666),,,"former movie theater in Springfield, Tennessee, United States"
http://www.wikidata.org/entity/Q43296540,Royal Theatre,Point(-86.8849989 36.507666),,,"former movie theater in Springfield, Tennessee, United States"
http://www.wikidata.org/entity/Q43296540,Royal Theatre,Point(-86.8849989 36.507666),,,"former movie theater in Springfield, Tennessee, United States"
http://www.wikidata.org/entity/Q43296540,Royal Theatre,Point(-86.8849989 36.507666),,,"former movie theater in Springfield, Tennessee, United States"
http://www.wikidata.org/entity/Q43296540,Royal Theatre,Point(-86.8849989 36.507666),,,"former movie theater in Springfield, Tennessee, United States"
http://www.wikidata.org/entity/Q43296540,Royal Theatre,Point(-86.8849989 36.507666),,,"former movie theater in Springfield, Tennessee, United States"
http://www.wikidata.org/entity/Q43296540,Royal Theatre,Point(-86.8849989 36.507666),,,"former movie theater in Springfield, Tennessee, United States"
http://www.wikidata.org/entity/Q43296540,Royal Theatre,Point(-86.8849989 36.507666),,,"former movie theater in Springfield, Tennessee, United States"
http://www.wikidata.org/entity/Q43296540,Royal Theatre,Point(-86.8849989 36.507666),,,"former movie theater in Springfield, Tennessee, United States"
http://www.wikidata.org/entity/Q43296540,Royal Theatre,Point(-86.8849989 36.507666),,,"former movie theater in Springfield, Tennessee, United States"
http://www.wikidata.org/entity/Q43296540,Royal Theatre,Point(-86.8849989 36.507666),,,"former movie theater in Springfield, Tennessee, United States"
http://www.wikidata.org/entity/Q43296540,Royal Theatre,Point(-86.8849989 36.507666),,,"former movie theater in Springfield, Tennessee, United States"
http://www.wikidata.org/entity/Q43296540,Royal Theatre,Point(-86.8849989 36.507666),,,"former movie theater in Springfield, Tennessee, United States"
http://www.wikidata.org/entity/Q43296540,Royal Theatre,Point(-86.8849989 36.507666),,,"former movie theater in Springfield, Tennessee, United States"
http://www.wikidata.org/entity/Q43296540,Royal Theatre,Point(-86.8849989 36.507666),,,"former movie theater in Springfield, Tennessee, United States"
http://www.wikidata.org/entity/Q43296540,Royal Theatre,Point(-86.8849989 36.507666),,,"former movie theater in Springfield, Tennessee, United States"
http://www.wikidata.org/entity/Q43296540,Royal Theatre,Point(-86.8849989 36.507666),,,"former movie theater in Springfield, Tennessee, United States"
http://www.wikidata.org/entity/Q43296540,Royal Theatre,Point(-86.8849989 36.507666),,,"former movie theater in Springfield, Tennessee, United States"
http://www.wikidata.org/entity/Q43296540,Royal Theatre,Point(-86.8849989 36.507666),,,"former movie theater in Springfield, Tennessee, United States"
http://www.wikidata.org/entity/Q43296540,Royal Theatre,Point(-86.8849989 36.507666),,,"former movie theater in Springfield, Tennessee, United States"
http://www.wikidata.org/entity/Q43296540,Royal Theatre,Point(-86.8849989 36.507666),,,"former movie theater in Springfield, Tennessee, United States"
http://www.wikidata.org/entity/Q43296540,Royal Theatre,Point(-86.8849989 36.507666),,,"former movie theater in Springfield, Tennessee, United States"
http://www.wikidata.org/entity/Q43296540,Royal Theatre,Point(-86.8849989 36.507666),,,"former movie theater in Springfield, Tennessee, United States"
http://www.wikidata.org/entity/Q43296540,Royal Theatre,Point(-86.8849989 36.507666),,,"former movie theater in Springfield, Tennessee, United States"
http://www.wikidata.org/entity/Q80837013,Roxy Movie Theater 10,Point(-86.29247 36.18747),,https://uecmovies.com/theatres/details/1021,"movie theater in Lebanon, Tennessee"
http://www.wikidata.org/entity/Q80837013,Roxy Movie Theater 10,Point(-86.29247 36.18747),,https://uecmovies.com/theatres/details/1021,"movie theater in Lebanon, Tennessee"
http://www.wikidata.org/entity/Q80837013,Roxy Movie Theater 10,Point(-86.29247 36.18747),,https://uecmovies.com/theatres/details/1021,"movie theater in Lebanon, Tennessee"
http://www.wikidata.org/entity/Q80837013,Roxy Movie Theater 10,Point(-86.29247 36.18747),,https://uecmovies.com/theatres/details/1021,"movie theater in Lebanon, Tennessee"
http://www.wikidata.org/entity/Q80837013,Roxy Movie Theater 10,Point(-86.29247 36.18747),,https://uecmovies.com/theatres/details/1021,"movie theater in Lebanon, Tennessee"
http://www.wikidata.org/entity/Q80837013,Roxy Movie Theater 10,Point(-86.29247 36.18747),,https://uecmovies.com/theatres/details/1021,"movie theater in Lebanon, Tennessee"
http://www.wikidata.org/entity/Q80837013,Roxy Movie Theater 10,Point(-86.29247 36.18747),,https://uecmovies.com/theatres/details/1021,"movie theater in Lebanon, Tennessee"
http://www.wikidata.org/entity/Q80837013,Roxy Movie Theater 10,Point(-86.29247 36.18747),,https://uecmovies.com/theatres/details/1021,"movie theater in Lebanon, Tennessee"
http://www.wikidata.org/entity/Q80837013,Roxy Movie Theater 10,Point(-86.29247 36.18747),,https://uecmovies.com/theatres/details/1021,"movie theater in Lebanon, Tennessee"
http://www.wikidata.org/entity/Q80837013,Roxy Movie Theater 10,Point(-86.29247 36.18747),,https://uecmovies.com/theatres/details/1021,"movie theater in Lebanon, Tennessee"
http://www.wikidata.org/entity/Q80837013,Roxy Movie Theater 10,Point(-86.29247 36.18747),,https://uecmovies.com/theatres/details/1021,"movie theater in Lebanon, Tennessee"
http://www.wikidata.org/entity/Q80837013,Roxy Movie Theater 10,Point(-86.29247 36.18747),,https://uecmovies.com/theatres/details/1021,"movie theater in Lebanon, Tennessee"
http://www.wikidata.org/entity/Q80837013,Roxy Movie Theater 10,Point(-86.29247 36.18747),,https://uecmovies.com/theatres/details/1021,"movie theater in Lebanon, Tennessee"
http://www.wikidata.org/entity/Q80837013,Roxy Movie Theater 10,Point(-86.29247 36.18747),,https://uecmovies.com/theatres/details/1021,"movie theater in Lebanon, Tennessee"
http://www.wikidata.org/entity/Q105825473,American Music Theater,Point(-86.69387 36.20292),,,"former theater within the Opryland theme park in Nashville, Tennessee, United States"
http://www.wikidata.org/entity/Q105825473,American Music Theater,Point(-86.69387 36.20292),,,"former theater within the Opryland theme park in Nashville, Tennessee, United States"
http://www.wikidata.org/entity/Q105825473,American Music Theater,Point(-86.69387 36.20292),,,"former theater within the Opryland theme park in Nashville, Tennessee, United States"
http://www.wikidata.org/entity/Q105825473,American Music Theater,Point(-86.69387 36.20292),,,"former theater within the Opryland theme park in Nashville, Tennessee, United States"
http://www.wikidata.org/entity/Q105825473,American Music Theater,Point(-86.69387 36.20292),,,"former theater within the Opryland theme park in Nashville, Tennessee, United States"
http://www.wikidata.org/entity/Q105825473,American Music Theater,Point(-86.69387 36.20292),,,"former theater within the Opryland theme park in Nashville, Tennessee, United States"
http://www.wikidata.org/entity/Q105825473,American Music Theater,Point(-86.69387 36.20292),,,"former theater within the Opryland theme park in Nashville, Tennessee, United States"
http://www.wikidata.org/entity/Q105825473,American Music Theater,Point(-86.69387 36.20292),,,"former theater within the Opryland theme park in Nashville, Tennessee, United States"
http://www.wikidata.org/entity/Q105825473,American Music Theater,Point(-86.69387 36.20292),,,"former theater within the Opryland theme park in Nashville, Tennessee, United States"
http://www.wikidata.org/entity/Q105825473,American Music Theater,Point(-86.69387 36.20292),,,"former theater within the Opryland theme park in Nashville, Tennessee, United States"
http://www.wikidata.org/entity/Q105825473,American Music Theater,Point(-86.69387 36.20292),,,"former theater within the Opryland theme park in Nashville, Tennessee, United States"
http://www.wikidata.org/entity/Q105825473,American Music Theater,Point(-86.69387 36.20292),,,"former theater within the Opryland theme park in Nashville, Tennessee, United States"
http://www.wikidata.org/entity/Q105825473,American Music Theater,Point(-86.69387 36.20292),,,"former theater within the Opryland theme park in Nashville, Tennessee, United States"
http://www.wikidata.org/entity/Q105825473,American Music Theater,Point(-86.69387 36.20292),,,"former theater within the Opryland theme park in Nashville, Tennessee, United States"
http://www.wikidata.org/entity/Q105825473,American Music Theater,Point(-86.69387 36.20292),,,"former theater within the Opryland theme park in Nashville, Tennessee, United States"
http://www.wikidata.org/entity/Q105825473,American Music Theater,Point(-86.69387 36.20292),,,"former theater within the Opryland theme park in Nashville, Tennessee, United States"
http://www.wikidata.org/entity/Q105825473,American Music Theater,Point(-86.69387 36.20292),,,"former theater within the Opryland theme park in Nashville, Tennessee, United States"
http://www.wikidata.org/entity/Q105825473,American Music Theater,Point(-86.69387 36.20292),,,"former theater within the Opryland theme park in Nashville, Tennessee, United States"
http://www.wikidata.org/entity/Q105825473,American Music Theater,Point(-86.69387 36.20292),,,"former theater within the Opryland theme park in Nashville, Tennessee, United States"
http://www.wikidata.org/entity/Q105825473,American Music Theater,Point(-86.69387 36.20292),,,"former theater within the Opryland theme park in Nashville, Tennessee, United States"
http://www.wikidata.org/entity/Q105825473,American Music Theater,Point(-86.69387 36.20292),,,"former theater within the Opryland theme park in Nashville, Tennessee, United States"
http://www.wikidata.org/entity/Q105825473,American Music Theater,Point(-86.69387 36.20292),,,"former theater within the Opryland theme park in Nashville, Tennessee, United States"
http://www.wikidata.org/entity/Q105825473,American Music Theater,Point(-86.69387 36.20292),,,"former theater within the Opryland theme park in Nashville, Tennessee, United States"
http://www.wikidata.org/entity/Q105825473,American Music Theater,Point(-86.69387 36.20292),,,"former theater within the Opryland theme park in Nashville, Tennessee, United States"
http://www.wikidata.org/entity/Q105825473,American Music Theater,Point(-86.69387 36.20292),,,"former theater within the Opryland theme park in Nashville, Tennessee, United States"
http://www.wikidata.org/entity/Q105825473,American Music Theater,Point(-86.69387 36.20292),,,"former theater within the Opryland theme park in Nashville, Tennessee, United States"
http://www.wikidata.org/entity/Q105825473,American Music Theater,Point(-86.69387 36.20292),,,"former theater within the Opryland theme park in Nashville, Tennessee, United States"
http://www.wikidata.org/entity/Q105825473,American Music Theater,Point(-86.69387 36.20292),,,"former theater within the Opryland theme park in Nashville, Tennessee, United States"
http://www.wikidata.org/entity/Q105825473,American Music Theater,Point(-86.69387 36.20292),,,"former theater within the Opryland theme park in Nashville, Tennessee, United States"
http://www.wikidata.org/entity/Q105825473,American Music Theater,Point(-86.69387 36.20292),,,"former theater within the Opryland theme park in Nashville, Tennessee, United States"
http://www.wikidata.org/entity/Q110443769,Lipstick Lounge,Point(-86.74574 36.17703),,https://thelipsticklounge.com,"Bar in East Nashville, Tennessee, US"
http://www.wikidata.org/entity/Q110443769,Lipstick Lounge,Point(-86.74574 36.17703),,https://thelipsticklounge.com,"Bar in East Nashville, Tennessee, US"
http://www.wikidata.org/entity/Q110443769,Lipstick Lounge,Point(-86.74574 36.17703),,https://thelipsticklounge.com,"Bar in East Nashville, Tennessee, US"
http://www.wikidata.org/entity/Q110443769,Lipstick Lounge,Point(-86.74574 36.17703),,https://thelipsticklounge.com,"Bar in East Nashville, Tennessee, US"
http://www.wikidata.org/entity/Q110443769,Lipstick Lounge,Point(-86.74574 36.17703),,https://thelipsticklounge.com,"Bar in East Nashville, Tennessee, US"
http://www.wikidata.org/entity/Q110443769,Lipstick Lounge,Point(-86.74574 36.17703),,https://thelipsticklounge.com,"Bar in East Nashville, Tennessee, US"
http://www.wikidata.org/entity/Q110443769,Lipstick Lounge,Point(-86.74574 36.17703),,https://thelipsticklounge.com,"Bar in East Nashville, Tennessee, US"
http://www.wikidata.org/entity/Q110443769,Lipstick Lounge,Point(-86.74574 36.17703),,https://thelipsticklounge.com,"Bar in East Nashville, Tennessee, US"
http://www.wikidata.org/entity/Q123058450,Kisser,Point(-86.753888888 36.193888888),,,"restaurant in Nashville, Tennessee, U.S"
http://www.wikidata.org/entity/Q124134803,Arnold's Country Kitchen,Point(-86.779444444 36.151388888),,,"restaurant in Nashville, Tennessee, U.S"
http://www.wikidata.org/entity/Q125931190,George Jones Museum,Point(-86.77559 36.16289),,https://georgejones.com/museum/,"museum in Nashville, Tennessee, USA"
http://www.wikidata.org/entity/Q131686279,Crockett Park,Point(-86.769444444 35.981388888),,,"public park in Brentwood, Tennessee, US"
http://www.wikidata.org/entity/Q135778273,Brooklyn Bowl,Point(-86.786 36.173),,https://www.brooklynbowl.com/nashville,"music venue in Nashville, Tennessee"
http://www.wikidata.org/entity/Q135778273,Brooklyn Bowl,Point(-86.786 36.173),,https://www.brooklynbowl.com/nashville,"music venue in Nashville, Tennessee"
http://www.wikidata.org/entity/Q135778273,Brooklyn Bowl,Point(-86.786 36.173),,https://www.brooklynbowl.com/nashville,"music venue in Nashville, Tennessee"
http://www.wikidata.org/entity/Q135778273,Brooklyn Bowl,Point(-86.786 36.173),,https://www.brooklynbowl.com/nashville,"music venue in Nashville, Tennessee"
http://www.wikidata.org/entity/Q140672619,The Pinnacle,Point(-86.784916666 36.160111111),,https://thepinnaclenashville.com/,"concert venue in Nashville, Tennessee, U.S."
http://www.wikidata.org/entity/Q140672619,The Pinnacle,Point(-86.784916666 36.160111111),,https://thepinnaclenashville.com/,"concert venue in Nashville, Tennessee, U.S."
http://www.wikidata.org/entity/Q140672619,The Pinnacle,Point(-86.784916666 36.160111111),,https://thepinnaclenashville.com/,"concert venue in Nashville, Tennessee, U.S."
http://www.wikidata.org/entity/Q140672619,The Pinnacle,Point(-86.784916666 36.160111111),,https://thepinnaclenashville.com/,"concert venue in Nashville, Tennessee, U.S."
http://www.wikidata.org/entity/Q49580131,Whites Creek Park,Point(-86.818333333 36.275),,,park in the United States of America
http://www.wikidata.org/entity/Q49580185,Whitfield Park,Point(-86.739166666 36.067222222),,,park in the United States of America
http://www.wikidata.org/entity/Q49580302,Whitten Field,Point(-86.793055555 36.134166666),,,"park in Davidson County, Tennessee, United States of America"
http://www.wikidata.org/entity/Q55075426,Pinkerton Park,Point(-86.861 35.921),,,"park in Tennessee, United States of America"
http://www.wikidata.org/entity/Q55453584,National Museum of African American Music,Point(-86.778997 36.160676),,https://nmaam.org/,African-American museum
http://www.wikidata.org/entity/Q55453584,National Museum of African American Music,Point(-86.778997 36.160676),,https://nmaam.org/,African-American museum
http://www.wikidata.org/entity/Q55453584,National Museum of African American Music,Point(-86.778997 36.160676),,https://nmaam.org/,African-American museum
http://www.wikidata.org/entity/Q55453584,National Museum of African American Music,Point(-86.778997 36.160676),,https://nmaam.org/,African-American museum
http://www.wikidata.org/entity/Q56754834,Johnny Cash Museum,Point(-86.7758 36.1609),,https://www.johnnycashmuseum.com/,museum to honor the life and music of Johnny Cash
http://www.wikidata.org/entity/Q60744125,Patsy Cline Museum,Point(-86.77575 36.160944444),,,"museum in Nashville, Tennessee, United States"
http://www.wikidata.org/entity/Q62608529,AMC Bellevue 12,Point(-86.94822 36.08182),,https://www.amctheatres.com/movie-theatres/nashville-tn/amc-bellevue-12,"movie theater in Nashville, Tennessee"
http://www.wikidata.org/entity/Q62608529,AMC Bellevue 12,Point(-86.94822 36.08182),,https://www.amctheatres.com/movie-theatres/nashville-tn/amc-bellevue-12,"movie theater in Nashville, Tennessee"
http://www.wikidata.org/entity/Q62608529,AMC Bellevue 12,Point(-86.94822 36.08182),,https://www.amctheatres.com/movie-theatres/nashville-tn/amc-bellevue-12,"movie theater in Nashville, Tennessee"
http://www.wikidata.org/entity/Q62608529,AMC Bellevue 12,Point(-86.94822 36.08182),,https://www.amctheatres.com/movie-theatres/nashville-tn/amc-bellevue-12,"movie theater in Nashville, Tennessee"
http://www.wikidata.org/entity/Q62608529,AMC Bellevue 12,Point(-86.94822 36.08182),,https://www.amctheatres.com/movie-theatres/nashville-tn/amc-bellevue-12,"movie theater in Nashville, Tennessee"
http://www.wikidata.org/entity/Q62608529,AMC Bellevue 12,Point(-86.94822 36.08182),,https://www.amctheatres.com/movie-theatres/nashville-tn/amc-bellevue-12,"movie theater in Nashville, Tennessee"
http://www.wikidata.org/entity/Q62608529,AMC Bellevue 12,Point(-86.94822 36.08182),,https://www.amctheatres.com/movie-theatres/nashville-tn/amc-bellevue-12,"movie theater in Nashville, Tennessee"
http://www.wikidata.org/entity/Q62608529,AMC Bellevue 12,Point(-86.94822 36.08182),,https://www.amctheatres.com/movie-theatres/nashville-tn/amc-bellevue-12,"movie theater in Nashville, Tennessee"
http://www.wikidata.org/entity/Q62608529,AMC Bellevue 12,Point(-86.94822 36.08182),,https://www.amctheatres.com/movie-theatres/nashville-tn/amc-bellevue-12,"movie theater in Nashville, Tennessee"
http://www.wikidata.org/entity/Q62608529,AMC Bellevue 12,Point(-86.94822 36.08182),,https://www.amctheatres.com/movie-theatres/nashville-tn/amc-bellevue-12,"movie theater in Nashville, Tennessee"
http://www.wikidata.org/entity/Q62608529,AMC Bellevue 12,Point(-86.94822 36.08182),,https://www.amctheatres.com/movie-theatres/nashville-tn/amc-bellevue-12,"movie theater in Nashville, Tennessee"
http://www.wikidata.org/entity/Q62608529,AMC Bellevue 12,Point(-86.94822 36.08182),,https://www.amctheatres.com/movie-theatres/nashville-tn/amc-bellevue-12,"movie theater in Nashville, Tennessee"
http://www.wikidata.org/entity/Q62608529,AMC Bellevue 12,Point(-86.94822 36.08182),,https://www.amctheatres.com/movie-theatres/nashville-tn/amc-bellevue-12,"movie theater in Nashville, Tennessee"
http://www.wikidata.org/entity/Q62608529,AMC Bellevue 12,Point(-86.94822 36.08182),,https://www.amctheatres.com/movie-theatres/nashville-tn/amc-bellevue-12,"movie theater in Nashville, Tennessee"
http://www.wikidata.org/entity/Q62608529,AMC Bellevue 12,Point(-86.94822 36.08182),,https://www.amctheatres.com/movie-theatres/nashville-tn/amc-bellevue-12,"movie theater in Nashville, Tennessee"
http://www.wikidata.org/entity/Q62608529,AMC Bellevue 12,Point(-86.94822 36.08182),,https://www.amctheatres.com/movie-theatres/nashville-tn/amc-bellevue-12,"movie theater in Nashville, Tennessee"
http://www.wikidata.org/entity/Q62608529,AMC Bellevue 12,Point(-86.94822 36.08182),,https://www.amctheatres.com/movie-theatres/nashville-tn/amc-bellevue-12,"movie theater in Nashville, Tennessee"
http://www.wikidata.org/entity/Q62608529,AMC Bellevue 12,Point(-86.94822 36.08182),,https://www.amctheatres.com/movie-theatres/nashville-tn/amc-bellevue-12,"movie theater in Nashville, Tennessee"
http://www.wikidata.org/entity/Q62608529,AMC Bellevue 12,Point(-86.94822 36.08182),,https://www.amctheatres.com/movie-theatres/nashville-tn/amc-bellevue-12,"movie theater in Nashville, Tennessee"
http://www.wikidata.org/entity/Q62608529,AMC Bellevue 12,Point(-86.94822 36.08182),,https://www.amctheatres.com/movie-theatres/nashville-tn/amc-bellevue-12,"movie theater in Nashville, Tennessee"
http://www.wikidata.org/entity/Q62608529,AMC Bellevue 12,Point(-86.94822 36.08182),,https://www.amctheatres.com/movie-theatres/nashville-tn/amc-bellevue-12,"movie theater in Nashville, Tennessee"
http://www.wikidata.org/entity/Q62608529,AMC Bellevue 12,Point(-86.94822 36.08182),,https://www.amctheatres.com/movie-theatres/nashville-tn/amc-bellevue-12,"movie theater in Nashville, Tennessee"
http://www.wikidata.org/entity/Q62608529,AMC Bellevue 12,Point(-86.94822 36.08182),,https://www.amctheatres.com/movie-theatres/nashville-tn/amc-bellevue-12,"movie theater in Nashville, Tennessee"
http://www.wikidata.org/entity/Q62608529,AMC Bellevue 12,Point(-86.94822 36.08182),,https://www.amctheatres.com/movie-theatres/nashville-tn/amc-bellevue-12,"movie theater in Nashville, Tennessee"
http://www.wikidata.org/entity/Q62608529,AMC Bellevue 12,Point(-86.94822 36.08182),,https://www.amctheatres.com/movie-theatres/nashville-tn/amc-bellevue-12,"movie theater in Nashville, Tennessee"
http://www.wikidata.org/entity/Q62608529,AMC Bellevue 12,Point(-86.94822 36.08182),,https://www.amctheatres.com/movie-theatres/nashville-tn/amc-bellevue-12,"movie theater in Nashville, Tennessee"
http://www.wikidata.org/entity/Q78226866,AMC Stones River 9,Point(-86.41768 35.84821),,https://www.amctheatres.com/movie-theatres/nashville-tn/amc-stones-river-9,"movie theater in Murfreesboro, Tennessee"
http://www.wikidata.org/entity/Q78226866,AMC Stones River 9,Point(-86.41768 35.84821),,https://www.amctheatres.com/movie-theatres/nashville-tn/amc-stones-river-9,"movie theater in Murfreesboro, Tennessee"
http://www.wikidata.org/entity/Q78226866,AMC Stones River 9,Point(-86.41768 35.84821),,https://www.amctheatres.com/movie-theatres/nashville-tn/amc-stones-river-9,"movie theater in Murfreesboro, Tennessee"
http://www.wikidata.org/entity/Q78226866,AMC Stones River 9,Point(-86.41768 35.84821),,https://www.amctheatres.com/movie-theatres/nashville-tn/amc-stones-river-9,"movie theater in Murfreesboro, Tennessee"
http://www.wikidata.org/entity/Q78226866,AMC Stones River 9,Point(-86.41768 35.84821),,https://www.amctheatres.com/movie-theatres/nashville-tn/amc-stones-river-9,"movie theater in Murfreesboro, Tennessee"
http://www.wikidata.org/entity/Q78226866,AMC Stones River 9,Point(-86.41768 35.84821),,https://www.amctheatres.com/movie-theatres/nashville-tn/amc-stones-river-9,"movie theater in Murfreesboro, Tennessee"
http://www.wikidata.org/entity/Q78226866,AMC Stones River 9,Point(-86.41768 35.84821),,https://www.amctheatres.com/movie-theatres/nashville-tn/amc-stones-river-9,"movie theater in Murfreesboro, Tennessee"
http://www.wikidata.org/entity/Q78226866,AMC Stones River 9,Point(-86.41768 35.84821),,https://www.amctheatres.com/movie-theatres/nashville-tn/amc-stones-river-9,"movie theater in Murfreesboro, Tennessee"
http://www.wikidata.org/entity/Q78226866,AMC Stones River 9,Point(-86.41768 35.84821),,https://www.amctheatres.com/movie-theatres/nashville-tn/amc-stones-river-9,"movie theater in Murfreesboro, Tennessee"
http://www.wikidata.org/entity/Q78226866,AMC Stones River 9,Point(-86.41768 35.84821),,https://www.amctheatres.com/movie-theatres/nashville-tn/amc-stones-river-9,"movie theater in Murfreesboro, Tennessee"
http://www.wikidata.org/entity/Q78226866,AMC Stones River 9,Point(-86.41768 35.84821),,https://www.amctheatres.com/movie-theatres/nashville-tn/amc-stones-river-9,"movie theater in Murfreesboro, Tennessee"
http://www.wikidata.org/entity/Q78226866,AMC Stones River 9,Point(-86.41768 35.84821),,https://www.amctheatres.com/movie-theatres/nashville-tn/amc-stones-river-9,"movie theater in Murfreesboro, Tennessee"
http://www.wikidata.org/entity/Q78226866,AMC Stones River 9,Point(-86.41768 35.84821),,https://www.amctheatres.com/movie-theatres/nashville-tn/amc-stones-river-9,"movie theater in Murfreesboro, Tennessee"
http://www.wikidata.org/entity/Q78226866,AMC Stones River 9,Point(-86.41768 35.84821),,https://www.amctheatres.com/movie-theatres/nashville-tn/amc-stones-river-9,"movie theater in Murfreesboro, Tennessee"
http://www.wikidata.org/entity/Q78226866,AMC Stones River 9,Point(-86.41768 35.84821),,https://www.amctheatres.com/movie-theatres/nashville-tn/amc-stones-river-9,"movie theater in Murfreesboro, Tennessee"
http://www.wikidata.org/entity/Q78226866,AMC Stones River 9,Point(-86.41768 35.84821),,https://www.amctheatres.com/movie-theatres/nashville-tn/amc-stones-river-9,"movie theater in Murfreesboro, Tennessee"
http://www.wikidata.org/entity/Q78226866,AMC Stones River 9,Point(-86.41768 35.84821),,https://www.amctheatres.com/movie-theatres/nashville-tn/amc-stones-river-9,"movie theater in Murfreesboro, Tennessee"
http://www.wikidata.org/entity/Q78226866,AMC Stones River 9,Point(-86.41768 35.84821),,https://www.amctheatres.com/movie-theatres/nashville-tn/amc-stones-river-9,"movie theater in Murfreesboro, Tennessee"
http://www.wikidata.org/entity/Q78226866,AMC Stones River 9,Point(-86.41768 35.84821),,https://www.amctheatres.com/movie-theatres/nashville-tn/amc-stones-river-9,"movie theater in Murfreesboro, Tennessee"
http://www.wikidata.org/entity/Q78226866,AMC Stones River 9,Point(-86.41768 35.84821),,https://www.amctheatres.com/movie-theatres/nashville-tn/amc-stones-river-9,"movie theater in Murfreesboro, Tennessee"
http://www.wikidata.org/entity/Q78226866,AMC Stones River 9,Point(-86.41768 35.84821),,https://www.amctheatres.com/movie-theatres/nashville-tn/amc-stones-river-9,"movie theater in Murfreesboro, Tennessee"
http://www.wikidata.org/entity/Q78226866,AMC Stones River 9,Point(-86.41768 35.84821),,https://www.amctheatres.com/movie-theatres/nashville-tn/amc-stones-river-9,"movie theater in Murfreesboro, Tennessee"
http://www.wikidata.org/entity/Q78226866,AMC Stones River 9,Point(-86.41768 35.84821),,https://www.amctheatres.com/movie-theatres/nashville-tn/amc-stones-river-9,"movie theater in Murfreesboro, Tennessee"
http://www.wikidata.org/entity/Q78226866,AMC Stones River 9,Point(-86.41768 35.84821),,https://www.amctheatres.com/movie-theatres/nashville-tn/amc-stones-river-9,"movie theater in Murfreesboro, Tennessee"
http://www.wikidata.org/entity/Q78226866,AMC Stones River 9,Point(-86.41768 35.84821),,https://www.amctheatres.com/movie-theatres/nashville-tn/amc-stones-river-9,"movie theater in Murfreesboro, Tennessee"
http://www.wikidata.org/entity/Q78226866,AMC Stones River 9,Point(-86.41768 35.84821),,https://www.amctheatres.com/movie-theatres/nashville-tn/amc-stones-river-9,"movie theater in Murfreesboro, Tennessee"
http://www.wikidata.org/entity/Q78667905,NCG Gallatin Cinemas,Point(-86.4943 36.35846),,https://ncgmovies.com/gallatin/,"movie theater in Gallatin, Tennessee"
http://www.wikidata.org/entity/Q78667905,NCG Gallatin Cinemas,Point(-86.4943 36.35846),,https://ncgmovies.com/gallatin/,"movie theater in Gallatin, Tennessee"
http://www.wikidata.org/entity/Q78667905,NCG Gallatin Cinemas,Point(-86.4943 36.35846),,https://ncgmovies.com/gallatin/,"movie theater in Gallatin, Tennessee"
http://www.wikidata.org/entity/Q78667905,NCG Gallatin Cinemas,Point(-86.4943 36.35846),,https://ncgmovies.com/gallatin/,"movie theater in Gallatin, Tennessee"
http://www.wikidata.org/entity/Q78667905,NCG Gallatin Cinemas,Point(-86.4943 36.35846),,https://ncgmovies.com/gallatin/,"movie theater in Gallatin, Tennessee"
http://www.wikidata.org/entity/Q78667905,NCG Gallatin Cinemas,Point(-86.4943 36.35846),,https://ncgmovies.com/gallatin/,"movie theater in Gallatin, Tennessee"
http://www.wikidata.org/entity/Q78667905,NCG Gallatin Cinemas,Point(-86.4943 36.35846),,https://ncgmovies.com/gallatin/,"movie theater in Gallatin, Tennessee"
http://www.wikidata.org/entity/Q78667905,NCG Gallatin Cinemas,Point(-86.4943 36.35846),,https://ncgmovies.com/gallatin/,"movie theater in Gallatin, Tennessee"
http://www.wikidata.org/entity/Q78667905,NCG Gallatin Cinemas,Point(-86.4943 36.35846),,https://ncgmovies.com/gallatin/,"movie theater in Gallatin, Tennessee"
http://www.wikidata.org/entity/Q78667905,NCG Gallatin Cinemas,Point(-86.4943 36.35846),,https://ncgmovies.com/gallatin/,"movie theater in Gallatin, Tennessee"
http://www.wikidata.org/entity/Q78667905,NCG Gallatin Cinemas,Point(-86.4943 36.35846),,https://ncgmovies.com/gallatin/,"movie theater in Gallatin, Tennessee"
http://www.wikidata.org/entity/Q78667905,NCG Gallatin Cinemas,Point(-86.4943 36.35846),,https://ncgmovies.com/gallatin/,"movie theater in Gallatin, Tennessee"
http://www.wikidata.org/entity/Q78667905,NCG Gallatin Cinemas,Point(-86.4943 36.35846),,https://ncgmovies.com/gallatin/,"movie theater in Gallatin, Tennessee"
http://www.wikidata.org/entity/Q78667905,NCG Gallatin Cinemas,Point(-86.4943 36.35846),,https://ncgmovies.com/gallatin/,"movie theater in Gallatin, Tennessee"
http://www.wikidata.org/entity/Q78667905,NCG Gallatin Cinemas,Point(-86.4943 36.35846),,https://ncgmovies.com/gallatin/,"movie theater in Gallatin, Tennessee"
http://www.wikidata.org/entity/Q78667905,NCG Gallatin Cinemas,Point(-86.4943 36.35846),,https://ncgmovies.com/gallatin/,"movie theater in Gallatin, Tennessee"
http://www.wikidata.org/entity/Q78667905,NCG Gallatin Cinemas,Point(-86.4943 36.35846),,https://ncgmovies.com/gallatin/,"movie theater in Gallatin, Tennessee"
http://www.wikidata.org/entity/Q78667905,NCG Gallatin Cinemas,Point(-86.4943 36.35846),,https://ncgmovies.com/gallatin/,"movie theater in Gallatin, Tennessee"
http://www.wikidata.org/entity/Q78667905,NCG Gallatin Cinemas,Point(-86.4943 36.35846),,https://ncgmovies.com/gallatin/,"movie theater in Gallatin, Tennessee"
http://www.wikidata.org/entity/Q78667905,NCG Gallatin Cinemas,Point(-86.4943 36.35846),,https://ncgmovies.com/gallatin/,"movie theater in Gallatin, Tennessee"
http://www.wikidata.org/entity/Q78667905,NCG Gallatin Cinemas,Point(-86.4943 36.35846),,https://ncgmovies.com/gallatin/,"movie theater in Gallatin, Tennessee"
http://www.wikidata.org/entity/Q78667905,NCG Gallatin Cinemas,Point(-86.4943 36.35846),,https://ncgmovies.com/gallatin/,"movie theater in Gallatin, Tennessee"
http://www.wikidata.org/entity/Q78667905,NCG Gallatin Cinemas,Point(-86.4943 36.35846),,https://ncgmovies.com/gallatin/,"movie theater in Gallatin, Tennessee"
http://www.wikidata.org/entity/Q78667905,NCG Gallatin Cinemas,Point(-86.4943 36.35846),,https://ncgmovies.com/gallatin/,"movie theater in Gallatin, Tennessee"
http://www.wikidata.org/entity/Q78667905,NCG Gallatin Cinemas,Point(-86.4943 36.35846),,https://ncgmovies.com/gallatin/,"movie theater in Gallatin, Tennessee"
http://www.wikidata.org/entity/Q78667905,NCG Gallatin Cinemas,Point(-86.4943 36.35846),,https://ncgmovies.com/gallatin/,"movie theater in Gallatin, Tennessee"
http://www.wikidata.org/entity/Q80837013,Roxy Movie Theater 10,Point(-86.29247 36.18747),,https://uecmovies.com/theatres/details/1021,"movie theater in Lebanon, Tennessee"
http://www.wikidata.org/entity/Q80837013,Roxy Movie Theater 10,Point(-86.29247 36.18747),,https://uecmovies.com/theatres/details/1021,"movie theater in Lebanon, Tennessee"
http://www.wikidata.org/entity/Q80837013,Roxy Movie Theater 10,Point(-86.29247 36.18747),,https://uecmovies.com/theatres/details/1021,"movie theater in Lebanon, Tennessee"
http://www.wikidata.org/entity/Q80837013,Roxy Movie Theater 10,Point(-86.29247 36.18747),,https://uecmovies.com/theatres/details/1021,"movie theater in Lebanon, Tennessee"
http://www.wikidata.org/entity/Q80837013,Roxy Movie Theater 10,Point(-86.29247 36.18747),,https://uecmovies.com/theatres/details/1021,"movie theater in Lebanon, Tennessee"
http://www.wikidata.org/entity/Q80837013,Roxy Movie Theater 10,Point(-86.29247 36.18747),,https://uecmovies.com/theatres/details/1021,"movie theater in Lebanon, Tennessee"
http://www.wikidata.org/entity/Q80837013,Roxy Movie Theater 10,Point(-86.29247 36.18747),,https://uecmovies.com/theatres/details/1021,"movie theater in Lebanon, Tennessee"
http://www.wikidata.org/entity/Q80837013,Roxy Movie Theater 10,Point(-86.29247 36.18747),,https://uecmovies.com/theatres/details/1021,"movie theater in Lebanon, Tennessee"
http://www.wikidata.org/entity/Q80837013,Roxy Movie Theater 10,Point(-86.29247 36.18747),,https://uecmovies.com/theatres/details/1021,"movie theater in Lebanon, Tennessee"
http://www.wikidata.org/entity/Q80837013,Roxy Movie Theater 10,Point(-86.29247 36.18747),,https://uecmovies.com/theatres/details/1021,"movie theater in Lebanon, Tennessee"
http://www.wikidata.org/entity/Q80837013,Roxy Movie Theater 10,Point(-86.29247 36.18747),,https://uecmovies.com/theatres/details/1021,"movie theater in Lebanon, Tennessee"
http://www.wikidata.org/entity/Q80837013,Roxy Movie Theater 10,Point(-86.29247 36.18747),,https://uecmovies.com/theatres/details/1021,"movie theater in Lebanon, Tennessee"
http://www.wikidata.org/entity/Q2066407,Cheekwood Botanical Garden and Museum of Art,Point(-86.873889 36.086667),cheekwood,https://cheekwood.org/,American nonprofit organization
http://www.wikidata.org/entity/Q2066407,Cheekwood Botanical Garden and Museum of Art,Point(-86.873889 36.086667),cheekwood,https://cheekwood.org/,American nonprofit organization
http://www.wikidata.org/entity/Q2066407,Cheekwood Botanical Garden and Museum of Art,Point(-86.873889 36.086667),cheekwood,https://cheekwood.org/,American nonprofit organization
http://www.wikidata.org/entity/Q2066407,Cheekwood Botanical Garden and Museum of Art,Point(-86.873889 36.086667),cheekwood,https://cheekwood.org/,American nonprofit organization
http://www.wikidata.org/entity/Q2066407,Cheekwood Botanical Garden and Museum of Art,Point(-86.873889 36.086667),cheekwood,https://cheekwood.org/,American nonprofit organization
http://www.wikidata.org/entity/Q2066407,Cheekwood Botanical Garden and Museum of Art,Point(-86.873889 36.086667),cheekwood,https://cheekwood.org/,American nonprofit organization
http://www.wikidata.org/entity/Q2066407,Cheekwood Botanical Garden and Museum of Art,Point(-86.873889 36.086667),cheekwood,https://cheekwood.org/,American nonprofit organization
http://www.wikidata.org/entity/Q2376587,The Hermitage,Point(-86.613055555 36.215),,http://thehermitage.com/,historical plantation and museum in Tennessee
http://www.wikidata.org/entity/Q2402054,Lane Motor Museum,Point(-86.7342 36.1403),,http://www.lanemotormuseum.org,automotive museum in the United States
http://www.wikidata.org/entity/Q2402054,Lane Motor Museum,Point(-86.7342 36.1403),,http://www.lanemotormuseum.org,automotive museum in the United States
http://www.wikidata.org/entity/Q2402054,Lane Motor Museum,Point(-86.7342 36.1403),,http://www.lanemotormuseum.org,automotive museum in the United States
http://www.wikidata.org/entity/Q2402054,Lane Motor Museum,Point(-86.7342 36.1403),,http://www.lanemotormuseum.org,automotive museum in the United States
http://www.wikidata.org/entity/Q2402054,Lane Motor Museum,Point(-86.7342 36.1403),,http://www.lanemotormuseum.org,automotive museum in the United States
http://www.wikidata.org/entity/Q2402054,Lane Motor Museum,Point(-86.7342 36.1403),,http://www.lanemotormuseum.org,automotive museum in the United States
http://www.wikidata.org/entity/Q2402054,Lane Motor Museum,Point(-86.7342 36.1403),,http://www.lanemotormuseum.org,automotive museum in the United States
http://www.wikidata.org/entity/Q2402054,Lane Motor Museum,Point(-86.7342 36.1403),,http://www.lanemotormuseum.org,automotive museum in the United States
http://www.wikidata.org/entity/Q2402054,Lane Motor Museum,Point(-86.7342 36.1403),,http://www.lanemotormuseum.org,automotive museum in the United States
http://www.wikidata.org/entity/Q3354431,Opryland USA,Point(-86.695277777 36.208333333),,,"former amusement park in Nashville, Tennessee"
http://www.wikidata.org/entity/Q3354431,Opryland USA,Point(-86.695277777 36.208333333),,,"former amusement park in Nashville, Tennessee"
http://www.wikidata.org/entity/Q3354431,Opryland USA,Point(-86.695277777 36.208333333),,,"former amusement park in Nashville, Tennessee"
http://www.wikidata.org/entity/Q3354431,Opryland USA,Point(-86.695277777 36.208333333),,,"former amusement park in Nashville, Tennessee"
http://www.wikidata.org/entity/Q3354431,Opryland USA,Point(-86.695277777 36.208333333),,,"former amusement park in Nashville, Tennessee"
http://www.wikidata.org/entity/Q3354431,Opryland USA,Point(-86.695277777 36.208333333),,,"former amusement park in Nashville, Tennessee"
http://www.wikidata.org/entity/Q3354431,Opryland USA,Point(-86.695277777 36.208333333),,,"former amusement park in Nashville, Tennessee"
http://www.wikidata.org/entity/Q3354431,Opryland USA,Point(-86.695277777 36.208333333),,,"former amusement park in Nashville, Tennessee"
http://www.wikidata.org/entity/Q3354431,Opryland USA,Point(-86.695277777 36.208333333),,,"former amusement park in Nashville, Tennessee"
http://www.wikidata.org/entity/Q4456500,Shelby Park,Point(-86.73 36.17),,,"public park in Nashville, Tennessee"
http://www.wikidata.org/entity/Q4457388,Centennial Park,Point(-86.812 36.149),,,"city park in Nashville, Tennessee, US"
http://www.wikidata.org/entity/Q4457388,Centennial Park,Point(-86.812 36.149),,,"city park in Nashville, Tennessee, US"
http://www.wikidata.org/entity/Q4457388,Centennial Park,Point(-86.812 36.149),,,"city park in Nashville, Tennessee, US"
http://www.wikidata.org/entity/Q4457388,Centennial Park,Point(-86.812 36.149),,,"city park in Nashville, Tennessee, US"
http://www.wikidata.org/entity/Q4457388,Centennial Park,Point(-86.812 36.149),,,"city park in Nashville, Tennessee, US"
http://www.wikidata.org/entity/Q4457388,Centennial Park,Point(-86.812 36.149),,,"city park in Nashville, Tennessee, US"
http://www.wikidata.org/entity/Q4457388,Centennial Park,Point(-86.812 36.149),,,"city park in Nashville, Tennessee, US"
http://www.wikidata.org/entity/Q4457388,Centennial Park,Point(-86.812 36.149),,,"city park in Nashville, Tennessee, US"
http://www.wikidata.org/entity/Q4457388,Centennial Park,Point(-86.812 36.149),,,"city park in Nashville, Tennessee, US"
http://www.wikidata.org/entity/Q4457388,Centennial Park,Point(-86.812 36.149),,,"city park in Nashville, Tennessee, US"
http://www.wikidata.org/entity/Q4457388,Centennial Park,Point(-86.812 36.149),,,"city park in Nashville, Tennessee, US"
http://www.wikidata.org/entity/Q4457388,Centennial Park,Point(-86.812 36.149),,,"city park in Nashville, Tennessee, US"
http://www.wikidata.org/entity/Q4457388,Centennial Park,Point(-86.812 36.149),,,"city park in Nashville, Tennessee, US"
http://www.wikidata.org/entity/Q4457388,Centennial Park,Point(-86.812 36.149),,,"city park in Nashville, Tennessee, US"
http://www.wikidata.org/entity/Q4457388,Centennial Park,Point(-86.812 36.149),,,"city park in Nashville, Tennessee, US"
http://www.wikidata.org/entity/Q4457388,Centennial Park,Point(-86.812 36.149),,,"city park in Nashville, Tennessee, US"
http://www.wikidata.org/entity/Q4457388,Centennial Park,Point(-86.812 36.149),,,"city park in Nashville, Tennessee, US"
http://www.wikidata.org/entity/Q4457388,Centennial Park,Point(-86.812 36.149),,,"city park in Nashville, Tennessee, US"
http://www.wikidata.org/entity/Q4457388,Centennial Park,Point(-86.812 36.149),,,"city park in Nashville, Tennessee, US"
http://www.wikidata.org/entity/Q4457388,Centennial Park,Point(-86.812 36.149),,,"city park in Nashville, Tennessee, US"
http://www.wikidata.org/entity/Q4457388,Centennial Park,Point(-86.812 36.149),,,"city park in Nashville, Tennessee, US"
http://www.wikidata.org/entity/Q4457388,Centennial Park,Point(-86.812 36.149),,,"city park in Nashville, Tennessee, US"
http://www.wikidata.org/entity/Q4457388,Centennial Park,Point(-86.812 36.149),,,"city park in Nashville, Tennessee, US"
http://www.wikidata.org/entity/Q4457388,Centennial Park,Point(-86.812 36.149),,,"city park in Nashville, Tennessee, US"
http://www.wikidata.org/entity/Q4457388,Centennial Park,Point(-86.812 36.149),,,"city park in Nashville, Tennessee, US"
http://www.wikidata.org/entity/Q4457388,Centennial Park,Point(-86.812 36.149),,,"city park in Nashville, Tennessee, US"
http://www.wikidata.org/entity/Q4457388,Centennial Park,Point(-86.812 36.149),,,"city park in Nashville, Tennessee, US"
http://www.wikidata.org/entity/Q4457388,Centennial Park,Point(-86.812 36.149),,,"city park in Nashville, Tennessee, US"
http://www.wikidata.org/entity/Q4457388,Centennial Park,Point(-86.812 36.149),,,"city park in Nashville, Tennessee, US"
http://www.wikidata.org/entity/Q4457388,Centennial Park,Point(-86.812 36.149),,,"city park in Nashville, Tennessee, US"
http://www.wikidata.org/entity/Q4457388,Centennial Park,Point(-86.812 36.149),,,"city park in Nashville, Tennessee, US"
http://www.wikidata.org/entity/Q4457388,Centennial Park,Point(-86.812 36.149),,,"city park in Nashville, Tennessee, US"
http://www.wikidata.org/entity/Q4457388,Centennial Park,Point(-86.812 36.149),,,"city park in Nashville, Tennessee, US"
http://www.wikidata.org/entity/Q4457388,Centennial Park,Point(-86.812 36.149),,,"city park in Nashville, Tennessee, US"
http://www.wikidata.org/entity/Q4457388,Centennial Park,Point(-86.812 36.149),,,"city park in Nashville, Tennessee, US"
http://www.wikidata.org/entity/Q4457388,Centennial Park,Point(-86.812 36.149),,,"city park in Nashville, Tennessee, US"
http://www.wikidata.org/entity/Q4882095,Belcourt Theatre,Point(-86.8014 36.1369),,http://www.belcourt.org,"movie theater in Nashville, Tennessee"
http://www.wikidata.org/entity/Q4882095,Belcourt Theatre,Point(-86.8014 36.1369),,http://www.belcourt.org,"movie theater in Nashville, Tennessee"
http://www.wikidata.org/entity/Q4882095,Belcourt Theatre,Point(-86.8014 36.1369),,http://www.belcourt.org,"movie theater in Nashville, Tennessee"
http://www.wikidata.org/entity/Q4882095,Belcourt Theatre,Point(-86.8014 36.1369),,http://www.belcourt.org,"movie theater in Nashville, Tennessee"
http://www.wikidata.org/entity/Q4882095,Belcourt Theatre,Point(-86.8014 36.1369),,http://www.belcourt.org,"movie theater in Nashville, Tennessee"
http://www.wikidata.org/entity/Q4882095,Belcourt Theatre,Point(-86.8014 36.1369),,http://www.belcourt.org,"movie theater in Nashville, Tennessee"
http://www.wikidata.org/entity/Q4882095,Belcourt Theatre,Point(-86.8014 36.1369),,http://www.belcourt.org,"movie theater in Nashville, Tennessee"
http://www.wikidata.org/entity/Q4882095,Belcourt Theatre,Point(-86.8014 36.1369),,http://www.belcourt.org,"movie theater in Nashville, Tennessee"
http://www.wikidata.org/entity/Q4882095,Belcourt Theatre,Point(-86.8014 36.1369),,http://www.belcourt.org,"movie theater in Nashville, Tennessee"
http://www.wikidata.org/entity/Q4882095,Belcourt Theatre,Point(-86.8014 36.1369),,http://www.belcourt.org,"movie theater in Nashville, Tennessee"
http://www.wikidata.org/entity/Q4882095,Belcourt Theatre,Point(-86.8014 36.1369),,http://www.belcourt.org,"movie theater in Nashville, Tennessee"
http://www.wikidata.org/entity/Q4882095,Belcourt Theatre,Point(-86.8014 36.1369),,http://www.belcourt.org,"movie theater in Nashville, Tennessee"
http://www.wikidata.org/entity/Q4882095,Belcourt Theatre,Point(-86.8014 36.1369),,http://www.belcourt.org,"movie theater in Nashville, Tennessee"
http://www.wikidata.org/entity/Q4882095,Belcourt Theatre,Point(-86.8014 36.1369),,http://www.belcourt.org,"movie theater in Nashville, Tennessee"
http://www.wikidata.org/entity/Q4882095,Belcourt Theatre,Point(-86.8014 36.1369),,http://www.belcourt.org,"movie theater in Nashville, Tennessee"
http://www.wikidata.org/entity/Q4882095,Belcourt Theatre,Point(-86.8014 36.1369),,http://www.belcourt.org,"movie theater in Nashville, Tennessee"
http://www.wikidata.org/entity/Q4882095,Belcourt Theatre,Point(-86.8014 36.1369),,http://www.belcourt.org,"movie theater in Nashville, Tennessee"
http://www.wikidata.org/entity/Q4882095,Belcourt Theatre,Point(-86.8014 36.1369),,http://www.belcourt.org,"movie theater in Nashville, Tennessee"
http://www.wikidata.org/entity/Q4882095,Belcourt Theatre,Point(-86.8014 36.1369),,http://www.belcourt.org,"movie theater in Nashville, Tennessee"
http://www.wikidata.org/entity/Q4882095,Belcourt Theatre,Point(-86.8014 36.1369),,http://www.belcourt.org,"movie theater in Nashville, Tennessee"
http://www.wikidata.org/entity/Q4882095,Belcourt Theatre,Point(-86.8014 36.1369),,http://www.belcourt.org,"movie theater in Nashville, Tennessee"
http://www.wikidata.org/entity/Q4882095,Belcourt Theatre,Point(-86.8014 36.1369),,http://www.belcourt.org,"movie theater in Nashville, Tennessee"
http://www.wikidata.org/entity/Q4882095,Belcourt Theatre,Point(-86.8014 36.1369),,http://www.belcourt.org,"movie theater in Nashville, Tennessee"
http://www.wikidata.org/entity/Q4882095,Belcourt Theatre,Point(-86.8014 36.1369),,http://www.belcourt.org,"movie theater in Nashville, Tennessee"
http://www.wikidata.org/entity/Q4882095,Belcourt Theatre,Point(-86.8014 36.1369),,http://www.belcourt.org,"movie theater in Nashville, Tennessee"
http://www.wikidata.org/entity/Q4882095,Belcourt Theatre,Point(-86.8014 36.1369),,http://www.belcourt.org,"movie theater in Nashville, Tennessee"
http://www.wikidata.org/entity/Q4882095,Belcourt Theatre,Point(-86.8014 36.1369),,http://www.belcourt.org,"movie theater in Nashville, Tennessee"
http://www.wikidata.org/entity/Q4882095,Belcourt Theatre,Point(-86.8014 36.1369),,http://www.belcourt.org,"movie theater in Nashville, Tennessee"
http://www.wikidata.org/entity/Q4882095,Belcourt Theatre,Point(-86.8014 36.1369),,http://www.belcourt.org,"movie theater in Nashville, Tennessee"
http://www.wikidata.org/entity/Q4882095,Belcourt Theatre,Point(-86.8014 36.1369),,http://www.belcourt.org,"movie theater in Nashville, Tennessee"
http://www.wikidata.org/entity/Q4925864,Bledsoe Creek State Park,Point(-86.3568 36.3791),,https://tnstateparks.com/parks/bledsoe-creek,"state-protected area of Tennessee, United States"
http://www.wikidata.org/entity/Q4925864,Bledsoe Creek State Park,Point(-86.3568 36.3791),,https://tnstateparks.com/parks/bledsoe-creek,"state-protected area of Tennessee, United States"
http://www.wikidata.org/entity/Q4925864,Bledsoe Creek State Park,Point(-86.3568 36.3791),,https://tnstateparks.com/parks/bledsoe-creek,"state-protected area of Tennessee, United States"
http://www.wikidata.org/entity/Q4925864,Bledsoe Creek State Park,Point(-86.3568 36.3791),,https://tnstateparks.com/parks/bledsoe-creek,"state-protected area of Tennessee, United States"
http://www.wikidata.org/entity/Q4930243,Bluebird Cafe,Point(-86.816746 36.102043),,http://www.bluebirdcafe.com/,"music club in Nashville, Tennessee, USA"
http://www.wikidata.org/entity/Q4930243,Bluebird Cafe,Point(-86.816746 36.102043),,http://www.bluebirdcafe.com/,"music club in Nashville, Tennessee, USA"
http://www.wikidata.org/entity/Q4930243,Bluebird Cafe,Point(-86.816746 36.102043),,http://www.bluebirdcafe.com/,"music club in Nashville, Tennessee, USA"
http://www.wikidata.org/entity/Q680685,Country Music Hall of Fame and Museum,Point(-86.776111111 36.158333333),officialcmhof,https://countrymusichalloffame.org,hall of fame
http://www.wikidata.org/entity/Q680685,Country Music Hall of Fame and Museum,Point(-86.776111111 36.158333333),officialcmhof,https://countrymusichalloffame.org,hall of fame
http://www.wikidata.org/entity/Q680685,Country Music Hall of Fame and Museum,Point(-86.776111111 36.158333333),officialcmhof,https://countrymusichalloffame.org,hall of fame
http://www.wikidata.org/entity/Q680685,Country Music Hall of Fame and Museum,Point(-86.776111111 36.158333333),officialcmhof,https://countrymusichalloffame.org,hall of fame
http://www.wikidata.org/entity/Q680685,Country Music Hall of Fame and Museum,Point(-86.776111111 36.158333333),officialcmhof,https://countrymusichalloffame.org,hall of fame
http://www.wikidata.org/entity/Q856742,Bicentennial Mall State Park,Point(-86.787777777 36.171111111),,https://tnstateparks.com/parks/bicentennial-mall,"Urban state park in Nashville, Tennessee"
http://www.wikidata.org/entity/Q856742,Bicentennial Mall State Park,Point(-86.787777777 36.171111111),,https://tnstateparks.com/parks/bicentennial-mall,"Urban state park in Nashville, Tennessee"
http://www.wikidata.org/entity/Q856742,Bicentennial Mall State Park,Point(-86.787777777 36.171111111),,https://tnstateparks.com/parks/bicentennial-mall,"Urban state park in Nashville, Tennessee"
http://www.wikidata.org/entity/Q856742,Bicentennial Mall State Park,Point(-86.787777777 36.171111111),,https://tnstateparks.com/parks/bicentennial-mall,"Urban state park in Nashville, Tennessee"
http://www.wikidata.org/entity/Q856742,Bicentennial Mall State Park,Point(-86.787777777 36.171111111),,https://tnstateparks.com/parks/bicentennial-mall,"Urban state park in Nashville, Tennessee"
http://www.wikidata.org/entity/Q856742,Bicentennial Mall State Park,Point(-86.787777777 36.171111111),,https://tnstateparks.com/parks/bicentennial-mall,"Urban state park in Nashville, Tennessee"
http://www.wikidata.org/entity/Q856742,Bicentennial Mall State Park,Point(-86.787777777 36.171111111),,https://tnstateparks.com/parks/bicentennial-mall,"Urban state park in Nashville, Tennessee"
http://www.wikidata.org/entity/Q856742,Bicentennial Mall State Park,Point(-86.787777777 36.171111111),,https://tnstateparks.com/parks/bicentennial-mall,"Urban state park in Nashville, Tennessee"
http://www.wikidata.org/entity/Q856742,Bicentennial Mall State Park,Point(-86.787777777 36.171111111),,https://tnstateparks.com/parks/bicentennial-mall,"Urban state park in Nashville, Tennessee"
http://www.wikidata.org/entity/Q856742,Bicentennial Mall State Park,Point(-86.787777777 36.171111111),,https://tnstateparks.com/parks/bicentennial-mall,"Urban state park in Nashville, Tennessee"
http://www.wikidata.org/entity/Q856742,Bicentennial Mall State Park,Point(-86.787777777 36.171111111),,https://tnstateparks.com/parks/bicentennial-mall,"Urban state park in Nashville, Tennessee"
http://www.wikidata.org/entity/Q856742,Bicentennial Mall State Park,Point(-86.787777777 36.171111111),,https://tnstateparks.com/parks/bicentennial-mall,"Urban state park in Nashville, Tennessee"
http://www.wikidata.org/entity/Q856742,Bicentennial Mall State Park,Point(-86.787777777 36.171111111),,https://tnstateparks.com/parks/bicentennial-mall,"Urban state park in Nashville, Tennessee"
http://www.wikidata.org/entity/Q856742,Bicentennial Mall State Park,Point(-86.787777777 36.171111111),,https://tnstateparks.com/parks/bicentennial-mall,"Urban state park in Nashville, Tennessee"
http://www.wikidata.org/entity/Q856742,Bicentennial Mall State Park,Point(-86.787777777 36.171111111),,https://tnstateparks.com/parks/bicentennial-mall,"Urban state park in Nashville, Tennessee"
http://www.wikidata.org/entity/Q856742,Bicentennial Mall State Park,Point(-86.787777777 36.171111111),,https://tnstateparks.com/parks/bicentennial-mall,"Urban state park in Nashville, Tennessee"
http://www.wikidata.org/entity/Q856742,Bicentennial Mall State Park,Point(-86.787777777 36.171111111),,https://tnstateparks.com/parks/bicentennial-mall,"Urban state park in Nashville, Tennessee"
http://www.wikidata.org/entity/Q856742,Bicentennial Mall State Park,Point(-86.787777777 36.171111111),,https://tnstateparks.com/parks/bicentennial-mall,"Urban state park in Nashville, Tennessee"
http://www.wikidata.org/entity/Q856742,Bicentennial Mall State Park,Point(-86.787777777 36.171111111),,https://tnstateparks.com/parks/bicentennial-mall,"Urban state park in Nashville, Tennessee"
http://www.wikidata.org/entity/Q856742,Bicentennial Mall State Park,Point(-86.787777777 36.171111111),,https://tnstateparks.com/parks/bicentennial-mall,"Urban state park in Nashville, Tennessee"
http://www.wikidata.org/entity/Q856742,Bicentennial Mall State Park,Point(-86.787777777 36.171111111),,https://tnstateparks.com/parks/bicentennial-mall,"Urban state park in Nashville, Tennessee"
http://www.wikidata.org/entity/Q856742,Bicentennial Mall State Park,Point(-86.787777777 36.171111111),,https://tnstateparks.com/parks/bicentennial-mall,"Urban state park in Nashville, Tennessee"
http://www.wikidata.org/entity/Q856742,Bicentennial Mall State Park,Point(-86.787777777 36.171111111),,https://tnstateparks.com/parks/bicentennial-mall,"Urban state park in Nashville, Tennessee"
http://www.wikidata.org/entity/Q856742,Bicentennial Mall State Park,Point(-86.787777777 36.171111111),,https://tnstateparks.com/parks/bicentennial-mall,"Urban state park in Nashville, Tennessee"
http://www.wikidata.org/entity/Q856742,Bicentennial Mall State Park,Point(-86.787777777 36.171111111),,https://tnstateparks.com/parks/bicentennial-mall,"Urban state park in Nashville, Tennessee"
http://www.wikidata.org/entity/Q856742,Bicentennial Mall State Park,Point(-86.787777777 36.171111111),,https://tnstateparks.com/parks/bicentennial-mall,"Urban state park in Nashville, Tennessee"
http://www.wikidata.org/entity/Q856742,Bicentennial Mall State Park,Point(-86.787777777 36.171111111),,https://tnstateparks.com/parks/bicentennial-mall,"Urban state park in Nashville, Tennessee"
http://www.wikidata.org/entity/Q856742,Bicentennial Mall State Park,Point(-86.787777777 36.171111111),,https://tnstateparks.com/parks/bicentennial-mall,"Urban state park in Nashville, Tennessee"
http://www.wikidata.org/entity/Q856742,Bicentennial Mall State Park,Point(-86.787777777 36.171111111),,https://tnstateparks.com/parks/bicentennial-mall,"Urban state park in Nashville, Tennessee"
http://www.wikidata.org/entity/Q856742,Bicentennial Mall State Park,Point(-86.787777777 36.171111111),,https://tnstateparks.com/parks/bicentennial-mall,"Urban state park in Nashville, Tennessee"
http://www.wikidata.org/entity/Q856742,Bicentennial Mall State Park,Point(-86.787777777 36.171111111),,https://tnstateparks.com/parks/bicentennial-mall,"Urban state park in Nashville, Tennessee"
http://www.wikidata.org/entity/Q856742,Bicentennial Mall State Park,Point(-86.787777777 36.171111111),,https://tnstateparks.com/parks/bicentennial-mall,"Urban state park in Nashville, Tennessee"
http://www.wikidata.org/entity/Q856742,Bicentennial Mall State Park,Point(-86.787777777 36.171111111),,https://tnstateparks.com/parks/bicentennial-mall,"Urban state park in Nashville, Tennessee"
http://www.wikidata.org/entity/Q856742,Bicentennial Mall State Park,Point(-86.787777777 36.171111111),,https://tnstateparks.com/parks/bicentennial-mall,"Urban state park in Nashville, Tennessee"
http://www.wikidata.org/entity/Q856742,Bicentennial Mall State Park,Point(-86.787777777 36.171111111),,https://tnstateparks.com/parks/bicentennial-mall,"Urban state park in Nashville, Tennessee"
http://www.wikidata.org/entity/Q856742,Bicentennial Mall State Park,Point(-86.787777777 36.171111111),,https://tnstateparks.com/parks/bicentennial-mall,"Urban state park in Nashville, Tennessee"
http://www.wikidata.org/entity/Q856742,Bicentennial Mall State Park,Point(-86.787777777 36.171111111),,https://tnstateparks.com/parks/bicentennial-mall,"Urban state park in Nashville, Tennessee"
http://www.wikidata.org/entity/Q856742,Bicentennial Mall State Park,Point(-86.787777777 36.171111111),,https://tnstateparks.com/parks/bicentennial-mall,"Urban state park in Nashville, Tennessee"
http://www.wikidata.org/entity/Q856742,Bicentennial Mall State Park,Point(-86.787777777 36.171111111),,https://tnstateparks.com/parks/bicentennial-mall,"Urban state park in Nashville, Tennessee"
http://www.wikidata.org/entity/Q856742,Bicentennial Mall State Park,Point(-86.787777777 36.171111111),,https://tnstateparks.com/parks/bicentennial-mall,"Urban state park in Nashville, Tennessee"
http://www.wikidata.org/entity/Q931449,Ryman Auditorium,Point(-86.692091 36.206809),theryman,https://ryman.com/,"concert hall and theatre in Nashville, Tennessee, United States"
http://www.wikidata.org/entity/Q931449,Ryman Auditorium,Point(-86.692091 36.206809),theryman,https://ryman.com/,"concert hall and theatre in Nashville, Tennessee, United States"
http://www.wikidata.org/entity/Q931449,Ryman Auditorium,Point(-86.692091 36.206809),theryman,https://ryman.com/,"concert hall and theatre in Nashville, Tennessee, United States"
http://www.wikidata.org/entity/Q931449,Ryman Auditorium,Point(-86.692091 36.206809),theryman,https://ryman.com/,"concert hall and theatre in Nashville, Tennessee, United States"
http://www.wikidata.org/entity/Q931449,Ryman Auditorium,Point(-86.692091 36.206809),theryman,https://ryman.com/,"concert hall and theatre in Nashville, Tennessee, United States"
http://www.wikidata.org/entity/Q931449,Ryman Auditorium,Point(-86.692091 36.206809),theryman,https://ryman.com/,"concert hall and theatre in Nashville, Tennessee, United States"
http://www.wikidata.org/entity/Q931449,Ryman Auditorium,Point(-86.692091 36.206809),theryman,https://ryman.com/,"concert hall and theatre in Nashville, Tennessee, United States"
http://www.wikidata.org/entity/Q931449,Ryman Auditorium,Point(-86.692091 36.206809),theryman,https://ryman.com/,"concert hall and theatre in Nashville, Tennessee, United States"
http://www.wikidata.org/entity/Q931449,Ryman Auditorium,Point(-86.692091 36.206809),theryman,https://ryman.com/,"concert hall and theatre in Nashville, Tennessee, United States"
http://www.wikidata.org/entity/Q931449,Ryman Auditorium,Point(-86.692091 36.206809),theryman,https://ryman.com/,"concert hall and theatre in Nashville, Tennessee, United States"
http://www.wikidata.org/entity/Q931449,Ryman Auditorium,Point(-86.692091 36.206809),theryman,https://ryman.com/,"concert hall and theatre in Nashville, Tennessee, United States"
http://www.wikidata.org/entity/Q931449,Ryman Auditorium,Point(-86.692091 36.206809),theryman,https://ryman.com/,"concert hall and theatre in Nashville, Tennessee, United States"
http://www.wikidata.org/entity/Q931449,Ryman Auditorium,Point(-86.692091 36.206809),theryman,https://ryman.com/,"concert hall and theatre in Nashville, Tennessee, United States"
http://www.wikidata.org/entity/Q931449,Ryman Auditorium,Point(-86.692091 36.206809),theryman,https://ryman.com/,"concert hall and theatre in Nashville, Tennessee, United States"
http://www.wikidata.org/entity/Q931449,Ryman Auditorium,Point(-86.692091 36.206809),theryman,https://ryman.com/,"concert hall and theatre in Nashville, Tennessee, United States"
http://www.wikidata.org/entity/Q931449,Ryman Auditorium,Point(-86.692091 36.206809),theryman,https://ryman.com/,"concert hall and theatre in Nashville, Tennessee, United States"
http://www.wikidata.org/entity/Q931449,Ryman Auditorium,Point(-86.692091 36.206809),theryman,https://ryman.com/,"concert hall and theatre in Nashville, Tennessee, United States"
http://www.wikidata.org/entity/Q931449,Ryman Auditorium,Point(-86.692091 36.206809),theryman,https://ryman.com/,"concert hall and theatre in Nashville, Tennessee, United States"
http://www.wikidata.org/entity/Q931449,Ryman Auditorium,Point(-86.692091 36.206809),theryman,https://ryman.com/,"concert hall and theatre in Nashville, Tennessee, United States"
http://www.wikidata.org/entity/Q931449,Ryman Auditorium,Point(-86.692091 36.206809),theryman,https://ryman.com/,"concert hall and theatre in Nashville, Tennessee, United States"
http://www.wikidata.org/entity/Q931449,Ryman Auditorium,Point(-86.692091 36.206809),theryman,https://ryman.com/,"concert hall and theatre in Nashville, Tennessee, United States"
http://www.wikidata.org/entity/Q931449,Ryman Auditorium,Point(-86.692091 36.206809),theryman,https://ryman.com/,"concert hall and theatre in Nashville, Tennessee, United States"
http://www.wikidata.org/entity/Q931449,Ryman Auditorium,Point(-86.692091 36.206809),theryman,https://ryman.com/,"concert hall and theatre in Nashville, Tennessee, United States"
http://www.wikidata.org/entity/Q931449,Ryman Auditorium,Point(-86.692091 36.206809),theryman,https://ryman.com/,"concert hall and theatre in Nashville, Tennessee, United States"
http://www.wikidata.org/entity/Q931449,Ryman Auditorium,Point(-86.692091 36.206809),theryman,https://ryman.com/,"concert hall and theatre in Nashville, Tennessee, United States"
http://www.wikidata.org/entity/Q931449,Ryman Auditorium,Point(-86.692091 36.206809),theryman,https://ryman.com/,"concert hall and theatre in Nashville, Tennessee, United States"
http://www.wikidata.org/entity/Q931449,Ryman Auditorium,Point(-86.692091 36.206809),theryman,https://ryman.com/,"concert hall and theatre in Nashville, Tennessee, United States"
http://www.wikidata.org/entity/Q931449,Ryman Auditorium,Point(-86.692091 36.206809),theryman,https://ryman.com/,"concert hall and theatre in Nashville, Tennessee, United States"
http://www.wikidata.org/entity/Q931449,Ryman Auditorium,Point(-86.692091 36.206809),theryman,https://ryman.com/,"concert hall and theatre in Nashville, Tennessee, United States"
http://www.wikidata.org/entity/Q931449,Ryman Auditorium,Point(-86.692091 36.206809),theryman,https://ryman.com/,"concert hall and theatre in Nashville, Tennessee, United States"
http://www.wikidata.org/entity/Q931449,Ryman Auditorium,Point(-86.692091 36.206809),theryman,https://ryman.com/,"concert hall and theatre in Nashville, Tennessee, United States"
http://www.wikidata.org/entity/Q931449,Ryman Auditorium,Point(-86.692091 36.206809),theryman,https://ryman.com/,"concert hall and theatre in Nashville, Tennessee, United States"
http://www.wikidata.org/entity/Q931449,Ryman Auditorium,Point(-86.692091 36.206809),theryman,https://ryman.com/,"concert hall and theatre in Nashville, Tennessee, United States"
http://www.wikidata.org/entity/Q931449,Ryman Auditorium,Point(-86.692091 36.206809),theryman,https://ryman.com/,"concert hall and theatre in Nashville, Tennessee, United States"
http://www.wikidata.org/entity/Q1467467,Parthenon,Point(-86.8135 36.1496),,http://www.nashville.gov/Parks-and-Recreation/Parthenon.aspx,Parthenon in Nashville
http://www.wikidata.org/entity/Q1467467,Parthenon,Point(-86.8135 36.1496),,http://www.nashville.gov/Parks-and-Recreation/Parthenon.aspx,Parthenon in Nashville
http://www.wikidata.org/entity/Q1467467,Parthenon,Point(-86.8135 36.1496),,http://www.nashville.gov/Parks-and-Recreation/Parthenon.aspx,Parthenon in Nashville
http://www.wikidata.org/entity/Q1467467,Parthenon,Point(-86.8135 36.1496),,http://www.nashville.gov/Parks-and-Recreation/Parthenon.aspx,Parthenon in Nashville
http://www.wikidata.org/entity/Q1467467,Parthenon,Point(-86.8135 36.1496),,http://www.nashville.gov/Parks-and-Recreation/Parthenon.aspx,Parthenon in Nashville
http://www.wikidata.org/entity/Q1467467,Parthenon,Point(-86.8135 36.1496),,http://www.nashville.gov/Parks-and-Recreation/Parthenon.aspx,Parthenon in Nashville
http://www.wikidata.org/entity/Q1467467,Parthenon,Point(-86.8135 36.1496),,http://www.nashville.gov/Parks-and-Recreation/Parthenon.aspx,Parthenon in Nashville
http://www.wikidata.org/entity/Q1467467,Parthenon,Point(-86.8135 36.1496),,http://www.nashville.gov/Parks-and-Recreation/Parthenon.aspx,Parthenon in Nashville
http://www.wikidata.org/entity/Q1467467,Parthenon,Point(-86.8135 36.1496),,http://www.nashville.gov/Parks-and-Recreation/Parthenon.aspx,Parthenon in Nashville
http://www.wikidata.org/entity/Q2066407,Cheekwood Botanical Garden and Museum of Art,Point(-86.873889 36.086667),cheekwood,https://cheekwood.org/,American nonprofit organization
http://www.wikidata.org/entity/Q2066407,Cheekwood Botanical Garden and Museum of Art,Point(-86.873889 36.086667),cheekwood,https://cheekwood.org/,American nonprofit organization
http://www.wikidata.org/entity/Q2066407,Cheekwood Botanical Garden and Museum of Art,Point(-86.873889 36.086667),cheekwood,https://cheekwood.org/,American nonprofit organization
http://www.wikidata.org/entity/Q2066407,Cheekwood Botanical Garden and Museum of Art,Point(-86.873889 36.086667),cheekwood,https://cheekwood.org/,American nonprofit organization
http://www.wikidata.org/entity/Q2066407,Cheekwood Botanical Garden and Museum of Art,Point(-86.873889 36.086667),cheekwood,https://cheekwood.org/,American nonprofit organization
http://www.wikidata.org/entity/Q2066407,Cheekwood Botanical Garden and Museum of Art,Point(-86.873889 36.086667),cheekwood,https://cheekwood.org/,American nonprofit organization
http://www.wikidata.org/entity/Q2066407,Cheekwood Botanical Garden and Museum of Art,Point(-86.873889 36.086667),cheekwood,https://cheekwood.org/,American nonprofit organization
http://www.wikidata.org/entity/Q2066407,Cheekwood Botanical Garden and Museum of Art,Point(-86.873889 36.086667),cheekwood,https://cheekwood.org/,American nonprofit organization
http://www.wikidata.org/entity/Q2066407,Cheekwood Botanical Garden and Museum of Art,Point(-86.873889 36.086667),cheekwood,https://cheekwood.org/,American nonprofit organization
http://www.wikidata.org/entity/Q2066407,Cheekwood Botanical Garden and Museum of Art,Point(-86.873889 36.086667),cheekwood,https://cheekwood.org/,American nonprofit organization
http://www.wikidata.org/entity/Q2066407,Cheekwood Botanical Garden and Museum of Art,Point(-86.873889 36.086667),cheekwood,https://cheekwood.org/,American nonprofit organization
http://www.wikidata.org/entity/Q2066407,Cheekwood Botanical Garden and Museum of Art,Point(-86.873889 36.086667),cheekwood,https://cheekwood.org/,American nonprofit organization
http://www.wikidata.org/entity/Q5504731,Frist Art Museum,Point(-86.783889 36.157778),,http://fristartmuseum.org/,art museum in Nashville
http://www.wikidata.org/entity/Q5504731,Frist Art Museum,Point(-86.783889 36.157778),,http://fristartmuseum.org/,art museum in Nashville
http://www.wikidata.org/entity/Q5504731,Frist Art Museum,Point(-86.783889 36.157778),,http://fristartmuseum.org/,art museum in Nashville
http://www.wikidata.org/entity/Q5504731,Frist Art Museum,Point(-86.783889 36.157778),,http://fristartmuseum.org/,art museum in Nashville
http://www.wikidata.org/entity/Q5504731,Frist Art Museum,Point(-86.783889 36.157778),,http://fristartmuseum.org/,art museum in Nashville
http://www.wikidata.org/entity/Q5504731,Frist Art Museum,Point(-86.783889 36.157778),,http://fristartmuseum.org/,art museum in Nashville
http://www.wikidata.org/entity/Q5504731,Frist Art Museum,Point(-86.783889 36.157778),,http://fristartmuseum.org/,art museum in Nashville
http://www.wikidata.org/entity/Q5504731,Frist Art Museum,Point(-86.783889 36.157778),,http://fristartmuseum.org/,art museum in Nashville
http://www.wikidata.org/entity/Q5504731,Frist Art Museum,Point(-86.783889 36.157778),,http://fristartmuseum.org/,art museum in Nashville
http://www.wikidata.org/entity/Q5528863,Gaylord Opryland Resort & Convention Center,Point(-86.694306 36.21148),,https://www.marriott.com/hotels/travel/bnago-gaylord-opryland-resort-and-convention-center/,"hotel and convention center in Nashville, Tennessee, United States"
http://www.wikidata.org/entity/Q5528863,Gaylord Opryland Resort & Convention Center,Point(-86.694306 36.21148),,https://www.marriott.com/hotels/travel/bnago-gaylord-opryland-resort-and-convention-center/,"hotel and convention center in Nashville, Tennessee, United States"
http://www.wikidata.org/entity/Q5528863,Gaylord Opryland Resort & Convention Center,Point(-86.69218 36.21159),,https://www.marriott.com/hotels/travel/bnago-gaylord-opryland-resort-and-convention-center/,"hotel and convention center in Nashville, Tennessee, United States"
http://www.wikidata.org/entity/Q5528863,Gaylord Opryland Resort & Convention Center,Point(-86.69218 36.21159),,https://www.marriott.com/hotels/travel/bnago-gaylord-opryland-resort-and-convention-center/,"hotel and convention center in Nashville, Tennessee, United States"
http://www.wikidata.org/entity/Q5528863,Gaylord Opryland Resort & Convention Center,Point(-86.694306 36.21148),,https://www.marriott.com/hotels/travel/bnago-gaylord-opryland-resort-and-convention-center/,"hotel and convention center in Nashville, Tennessee, United States"
http://www.wikidata.org/entity/Q5528863,Gaylord Opryland Resort & Convention Center,Point(-86.694306 36.21148),,https://www.marriott.com/hotels/travel/bnago-gaylord-opryland-resort-and-convention-center/,"hotel and convention center in Nashville, Tennessee, United States"
http://www.wikidata.org/entity/Q5528863,Gaylord Opryland Resort & Convention Center,Point(-86.69218 36.21159),,https://www.marriott.com/hotels/travel/bnago-gaylord-opryland-resort-and-convention-center/,"hotel and convention center in Nashville, Tennessee, United States"
http://www.wikidata.org/entity/Q5528863,Gaylord Opryland Resort & Convention Center,Point(-86.69218 36.21159),,https://www.marriott.com/hotels/travel/bnago-gaylord-opryland-resort-and-convention-center/,"hotel and convention center in Nashville, Tennessee, United States"
http://www.wikidata.org/entity/Q5531965,General Jackson,Point(-86.696298294 36.203538825),,https://generaljackson.com/,"riverboat on the Cumberland River, docked in Nashville, Tennessee, used as a showboat"
http://www.wikidata.org/entity/Q5531965,General Jackson,Point(-86.696298294 36.203538825),,https://generaljackson.com/,"riverboat on the Cumberland River, docked in Nashville, Tennessee, used as a showboat"
http://www.wikidata.org/entity/Q5531965,General Jackson,Point(-86.696298294 36.203538825),,https://generaljackson.com/,"riverboat on the Cumberland River, docked in Nashville, Tennessee, used as a showboat"
http://www.wikidata.org/entity/Q5531965,General Jackson,Point(-86.696298294 36.203538825),,https://generaljackson.com/,"riverboat on the Cumberland River, docked in Nashville, Tennessee, used as a showboat"
http://www.wikidata.org/entity/Q5531965,General Jackson,Point(-86.696298294 36.203538825),,https://generaljackson.com/,"riverboat on the Cumberland River, docked in Nashville, Tennessee, used as a showboat"
http://www.wikidata.org/entity/Q5531965,General Jackson,Point(-86.696298294 36.203538825),,https://generaljackson.com/,"riverboat on the Cumberland River, docked in Nashville, Tennessee, used as a showboat"
http://www.wikidata.org/entity/Q5531965,General Jackson,Point(-86.696298294 36.203538825),,https://generaljackson.com/,"riverboat on the Cumberland River, docked in Nashville, Tennessee, used as a showboat"
http://www.wikidata.org/entity/Q5531965,General Jackson,Point(-86.696298294 36.203538825),,https://generaljackson.com/,"riverboat on the Cumberland River, docked in Nashville, Tennessee, used as a showboat"
http://www.wikidata.org/entity/Q5741796,Hermitage Arboretum,Point(-86.6129 36.2146),,,"arboretum outside Nashville, Tennessee, United States"
http://www.wikidata.org/entity/Q5741796,Hermitage Arboretum,Point(-86.6129 36.2146),,,"arboretum outside Nashville, Tennessee, United States"
http://www.wikidata.org/entity/Q5741796,Hermitage Arboretum,Point(-86.6129 36.2146),,,"arboretum outside Nashville, Tennessee, United States"
http://www.wikidata.org/entity/Q5741796,Hermitage Arboretum,Point(-86.6129 36.2146),,,"arboretum outside Nashville, Tennessee, United States"
http://www.wikidata.org/entity/Q5741796,Hermitage Arboretum,Point(-86.6129 36.2146),,,"arboretum outside Nashville, Tennessee, United States"
http://www.wikidata.org/entity/Q5741796,Hermitage Arboretum,Point(-86.6129 36.2146),,,"arboretum outside Nashville, Tennessee, United States"
http://www.wikidata.org/entity/Q5741796,Hermitage Arboretum,Point(-86.6129 36.2146),,,"arboretum outside Nashville, Tennessee, United States"
http://www.wikidata.org/entity/Q5741796,Hermitage Arboretum,Point(-86.6129 36.2146),,,"arboretum outside Nashville, Tennessee, United States"
http://www.wikidata.org/entity/Q5741796,Hermitage Arboretum,Point(-86.6129 36.2146),,,"arboretum outside Nashville, Tennessee, United States"
http://www.wikidata.org/entity/Q5741796,Hermitage Arboretum,Point(-86.6129 36.2146),,,"arboretum outside Nashville, Tennessee, United States"
http://www.wikidata.org/entity/Q5769221,Hiram Masonic Lodge No. 7,Point(-86.870417 35.925556),,,"masonic temple in Franklin, United States of America"
http://www.wikidata.org/entity/Q5769221,Hiram Masonic Lodge No. 7,Point(-86.870417 35.925556),,,"masonic temple in Franklin, United States of America"
http://www.wikidata.org/entity/Q5769221,Hiram Masonic Lodge No. 7,Point(-86.870417 35.925556),,,"masonic temple in Franklin, United States of America"
http://www.wikidata.org/entity/Q5769221,Hiram Masonic Lodge No. 7,Point(-86.870417 35.925556),,,"masonic temple in Franklin, United States of America"
http://www.wikidata.org/entity/Q6122379,Schermerhorn Symphony Center,Point(-86.775277777 36.159722222),,,"concert hall in Nashville, Tennessee"
http://www.wikidata.org/entity/Q6122379,Schermerhorn Symphony Center,Point(-86.775277777 36.159722222),,,"concert hall in Nashville, Tennessee"
http://www.wikidata.org/entity/Q6122379,Schermerhorn Symphony Center,Point(-86.775277777 36.159722222),,,"concert hall in Nashville, Tennessee"
http://www.wikidata.org/entity/Q6122379,Schermerhorn Symphony Center,Point(-86.775277777 36.159722222),,,"concert hall in Nashville, Tennessee"
http://www.wikidata.org/entity/Q6122379,Schermerhorn Symphony Center,Point(-86.775277777 36.159722222),,,"concert hall in Nashville, Tennessee"
http://www.wikidata.org/entity/Q6122379,Schermerhorn Symphony Center,Point(-86.775277777 36.159722222),,,"concert hall in Nashville, Tennessee"
http://www.wikidata.org/entity/Q6122379,Schermerhorn Symphony Center,Point(-86.775277777 36.159722222),,,"concert hall in Nashville, Tennessee"
http://www.wikidata.org/entity/Q6122379,Schermerhorn Symphony Center,Point(-86.775277777 36.159722222),,,"concert hall in Nashville, Tennessee"
http://www.wikidata.org/entity/Q6122379,Schermerhorn Symphony Center,Point(-86.775277777 36.159722222),,,"concert hall in Nashville, Tennessee"
http://www.wikidata.org/entity/Q6122379,Schermerhorn Symphony Center,Point(-86.775277777 36.159722222),,,"concert hall in Nashville, Tennessee"
http://www.wikidata.org/entity/Q6122379,Schermerhorn Symphony Center,Point(-86.775277777 36.159722222),,,"concert hall in Nashville, Tennessee"
http://www.wikidata.org/entity/Q6122379,Schermerhorn Symphony Center,Point(-86.775277777 36.159722222),,,"concert hall in Nashville, Tennessee"
http://www.wikidata.org/entity/Q6122379,Schermerhorn Symphony Center,Point(-86.775277777 36.159722222),,,"concert hall in Nashville, Tennessee"
http://www.wikidata.org/entity/Q6672614,Long Hunter State Park,Point(-86.5318 36.095),,https://tnstateparks.com/parks/long-hunter,"State park in Tennessee, United States"
http://www.wikidata.org/entity/Q6672614,Long Hunter State Park,Point(-86.5318 36.095),,https://tnstateparks.com/parks/long-hunter,"State park in Tennessee, United States"
http://www.wikidata.org/entity/Q6672614,Long Hunter State Park,Point(-86.5318 36.095),,https://tnstateparks.com/parks/long-hunter,"State park in Tennessee, United States"
http://www.wikidata.org/entity/Q6672614,Long Hunter State Park,Point(-86.5318 36.095),,https://tnstateparks.com/parks/long-hunter,"State park in Tennessee, United States"
http://www.wikidata.org/entity/Q6802184,McLemore House,Point(-86.8797 35.9253),,,"historic house museum in Tennessee, U.S."
http://www.wikidata.org/entity/Q6802184,McLemore House,Point(-86.8797 35.9253),,,"historic house museum in Tennessee, U.S."
http://www.wikidata.org/entity/Q6802184,McLemore House,Point(-86.8797 35.9253),,,"historic house museum in Tennessee, U.S."
http://www.wikidata.org/entity/Q6802184,McLemore House,Point(-86.8797 35.9253),,,"historic house museum in Tennessee, U.S."
http://www.wikidata.org/entity/Q6802184,McLemore House,Point(-86.8797 35.9253),,,"historic house museum in Tennessee, U.S."
http://www.wikidata.org/entity/Q6802184,McLemore House,Point(-86.8797 35.9253),,,"historic house museum in Tennessee, U.S."
http://www.wikidata.org/entity/Q6802184,McLemore House,Point(-86.8797 35.9253),,,"historic house museum in Tennessee, U.S."
http://www.wikidata.org/entity/Q6802184,McLemore House,Point(-86.8797 35.9253),,,"historic house museum in Tennessee, U.S."
http://www.wikidata.org/entity/Q6802184,McLemore House,Point(-86.8797 35.9253),,,"historic house museum in Tennessee, U.S."
http://www.wikidata.org/entity/Q6802184,McLemore House,Point(-86.8797 35.9253),,,"historic house museum in Tennessee, U.S."
http://www.wikidata.org/entity/Q6802184,McLemore House,Point(-86.8797 35.9253),,,"historic house museum in Tennessee, U.S."
http://www.wikidata.org/entity/Q6802184,McLemore House,Point(-86.8797 35.9253),,,"historic house museum in Tennessee, U.S."
http://www.wikidata.org/entity/Q6802184,McLemore House,Point(-86.8797 35.9253),,,"historic house museum in Tennessee, U.S."
http://www.wikidata.org/entity/Q6896316,Nashville Zoo at Grassmere,Point(-86.733432 36.08986),,http://nashvillezoo.org/,"non-profit organization in Tennessee, US"
http://www.wikidata.org/entity/Q6896316,Nashville Zoo at Grassmere,Point(-86.733432 36.08986),,http://nashvillezoo.org/,"non-profit organization in Tennessee, US"
http://www.wikidata.org/entity/Q6896316,Nashville Zoo at Grassmere,Point(-86.733432 36.08986),,http://nashvillezoo.org/,"non-profit organization in Tennessee, US"
http://www.wikidata.org/entity/Q6896316,Nashville Zoo at Grassmere,Point(-86.733432 36.08986),,http://nashvillezoo.org/,"non-profit organization in Tennessee, US"
http://www.wikidata.org/entity/Q6896316,Nashville Zoo at Grassmere,Point(-86.733432 36.08986),,http://nashvillezoo.org/,"non-profit organization in Tennessee, US"
http://www.wikidata.org/entity/Q6896316,Nashville Zoo at Grassmere,Point(-86.733432 36.08986),,http://nashvillezoo.org/,"non-profit organization in Tennessee, US"
http://www.wikidata.org/entity/Q6896316,Nashville Zoo at Grassmere,Point(-86.733432 36.08986),,http://nashvillezoo.org/,"non-profit organization in Tennessee, US"
http://www.wikidata.org/entity/Q6896316,Nashville Zoo at Grassmere,Point(-86.733432 36.08986),,http://nashvillezoo.org/,"non-profit organization in Tennessee, US"
http://www.wikidata.org/entity/Q6896316,Nashville Zoo at Grassmere,Point(-86.733432 36.08986),,http://nashvillezoo.org/,"non-profit organization in Tennessee, US"
http://www.wikidata.org/entity/Q6896316,Nashville Zoo at Grassmere,Point(-86.733432 36.08986),,http://nashvillezoo.org/,"non-profit organization in Tennessee, US"
http://www.wikidata.org/entity/Q6896316,Nashville Zoo at Grassmere,Point(-86.733432 36.08986),,http://nashvillezoo.org/,"non-profit organization in Tennessee, US"
http://www.wikidata.org/entity/Q6896316,Nashville Zoo at Grassmere,Point(-86.733432 36.08986),,http://nashvillezoo.org/,"non-profit organization in Tennessee, US"
http://www.wikidata.org/entity/Q6896316,Nashville Zoo at Grassmere,Point(-86.733432 36.08986),,http://nashvillezoo.org/,"non-profit organization in Tennessee, US"
http://www.wikidata.org/entity/Q6896316,Nashville Zoo at Grassmere,Point(-86.733432 36.08986),,http://nashvillezoo.org/,"non-profit organization in Tennessee, US"
http://www.wikidata.org/entity/Q6896316,Nashville Zoo at Grassmere,Point(-86.733432 36.08986),,http://nashvillezoo.org/,"non-profit organization in Tennessee, US"
http://www.wikidata.org/entity/Q6896316,Nashville Zoo at Grassmere,Point(-86.733432 36.08986),,http://nashvillezoo.org/,"non-profit organization in Tennessee, US"
http://www.wikidata.org/entity/Q6896316,Nashville Zoo at Grassmere,Point(-86.733432 36.08986),,http://nashvillezoo.org/,"non-profit organization in Tennessee, US"
http://www.wikidata.org/entity/Q6896316,Nashville Zoo at Grassmere,Point(-86.733432 36.08986),,http://nashvillezoo.org/,"non-profit organization in Tennessee, US"
http://www.wikidata.org/entity/Q6896316,Nashville Zoo at Grassmere,Point(-86.733432 36.08986),,http://nashvillezoo.org/,"non-profit organization in Tennessee, US"
http://www.wikidata.org/entity/Q6896316,Nashville Zoo at Grassmere,Point(-86.733432 36.08986),,http://nashvillezoo.org/,"non-profit organization in Tennessee, US"
http://www.wikidata.org/entity/Q6896316,Nashville Zoo at Grassmere,Point(-86.733432 36.08986),,http://nashvillezoo.org/,"non-profit organization in Tennessee, US"
http://www.wikidata.org/entity/Q6896316,Nashville Zoo at Grassmere,Point(-86.733432 36.08986),,http://nashvillezoo.org/,"non-profit organization in Tennessee, US"
http://www.wikidata.org/entity/Q6896316,Nashville Zoo at Grassmere,Point(-86.733432 36.08986),,http://nashvillezoo.org/,"non-profit organization in Tennessee, US"
http://www.wikidata.org/entity/Q6896316,Nashville Zoo at Grassmere,Point(-86.733432 36.08986),,http://nashvillezoo.org/,"non-profit organization in Tennessee, US"
http://www.wikidata.org/entity/Q6896316,Nashville Zoo at Grassmere,Point(-86.733432 36.08986),,http://nashvillezoo.org/,"non-profit organization in Tennessee, US"
http://www.wikidata.org/entity/Q6896316,Nashville Zoo at Grassmere,Point(-86.733432 36.08986),,http://nashvillezoo.org/,"non-profit organization in Tennessee, US"
http://www.wikidata.org/entity/Q6905653,Montgomery Bell State Park,Point(-87.2733 36.09),,https://tnstateparks.com/parks/montgomery-bell,"State park in Tennessee, United States"
http://www.wikidata.org/entity/Q6905653,Montgomery Bell State Park,Point(-87.2733 36.09),,https://tnstateparks.com/parks/montgomery-bell,"State park in Tennessee, United States"
http://www.wikidata.org/entity/Q6905653,Montgomery Bell State Park,Point(-87.2733 36.09),,https://tnstateparks.com/parks/montgomery-bell,"State park in Tennessee, United States"
http://www.wikidata.org/entity/Q6905653,Montgomery Bell State Park,Point(-87.2733 36.09),,https://tnstateparks.com/parks/montgomery-bell,"State park in Tennessee, United States"
http://www.wikidata.org/entity/Q6941476,Music City Center,Point(-86.7784 36.1566),,http://www.nashvillemusiccitycenter.com/,"convention center in Nashville, Tennessee, USA"
http://www.wikidata.org/entity/Q7700127,Tennessee Performing Arts Center,Point(-86.7817 36.1649),,,"performing arts center in Nashville, Tennessee"
http://www.wikidata.org/entity/Q7700127,Tennessee Performing Arts Center,Point(-86.7817 36.1649),,,"performing arts center in Nashville, Tennessee"
http://www.wikidata.org/entity/Q7700127,Tennessee Performing Arts Center,Point(-86.7817 36.1649),,,"performing arts center in Nashville, Tennessee"
http://www.wikidata.org/entity/Q7700127,Tennessee Performing Arts Center,Point(-86.7817 36.1649),,,"performing arts center in Nashville, Tennessee"
http://www.wikidata.org/entity/Q7700127,Tennessee Performing Arts Center,Point(-86.7817 36.1649),,,"performing arts center in Nashville, Tennessee"
http://www.wikidata.org/entity/Q7700127,Tennessee Performing Arts Center,Point(-86.7817 36.1649),,,"performing arts center in Nashville, Tennessee"
http://www.wikidata.org/entity/Q7700127,Tennessee Performing Arts Center,Point(-86.7817 36.1649),,,"performing arts center in Nashville, Tennessee"
http://www.wikidata.org/entity/Q7700127,Tennessee Performing Arts Center,Point(-86.7817 36.1649),,,"performing arts center in Nashville, Tennessee"
http://www.wikidata.org/entity/Q7700127,Tennessee Performing Arts Center,Point(-86.7817 36.1649),,,"performing arts center in Nashville, Tennessee"
http://www.wikidata.org/entity/Q7700127,Tennessee Performing Arts Center,Point(-86.7817 36.1649),,,"performing arts center in Nashville, Tennessee"
http://www.wikidata.org/entity/Q7700127,Tennessee Performing Arts Center,Point(-86.7817 36.1649),,,"performing arts center in Nashville, Tennessee"
http://www.wikidata.org/entity/Q7700127,Tennessee Performing Arts Center,Point(-86.7817 36.1649),,,"performing arts center in Nashville, Tennessee"
http://www.wikidata.org/entity/Q7700127,Tennessee Performing Arts Center,Point(-86.7817 36.1649),,,"performing arts center in Nashville, Tennessee"
http://www.wikidata.org/entity/Q7700127,Tennessee Performing Arts Center,Point(-86.7817 36.1649),,,"performing arts center in Nashville, Tennessee"
http://www.wikidata.org/entity/Q7700127,Tennessee Performing Arts Center,Point(-86.7817 36.1649),,,"performing arts center in Nashville, Tennessee"
http://www.wikidata.org/entity/Q7700127,Tennessee Performing Arts Center,Point(-86.7817 36.1649),,,"performing arts center in Nashville, Tennessee"
http://www.wikidata.org/entity/Q7700127,Tennessee Performing Arts Center,Point(-86.7817 36.1649),,,"performing arts center in Nashville, Tennessee"
http://www.wikidata.org/entity/Q7700127,Tennessee Performing Arts Center,Point(-86.7817 36.1649),,,"performing arts center in Nashville, Tennessee"
http://www.wikidata.org/entity/Q7700127,Tennessee Performing Arts Center,Point(-86.7817 36.1649),,,"performing arts center in Nashville, Tennessee"
http://www.wikidata.org/entity/Q7700127,Tennessee Performing Arts Center,Point(-86.7817 36.1649),,,"performing arts center in Nashville, Tennessee"
http://www.wikidata.org/entity/Q7700127,Tennessee Performing Arts Center,Point(-86.7817 36.1649),,,"performing arts center in Nashville, Tennessee"
http://www.wikidata.org/entity/Q7700127,Tennessee Performing Arts Center,Point(-86.7817 36.1649),,,"performing arts center in Nashville, Tennessee"
http://www.wikidata.org/entity/Q7700171,Tennessee State Museum,Point(-86.79 36.1725),,http://www.tnmuseum.org,"Museum in Tennessee, US"
http://www.wikidata.org/entity/Q7700171,Tennessee State Museum,Point(-86.79 36.1725),,http://www.tnmuseum.org,"Museum in Tennessee, US"
http://www.wikidata.org/entity/Q7700171,Tennessee State Museum,Point(-86.79 36.1725),,http://www.tnmuseum.org,"Museum in Tennessee, US"
http://www.wikidata.org/entity/Q7700171,Tennessee State Museum,Point(-86.79 36.1725),,http://www.tnmuseum.org,"Museum in Tennessee, US"
http://www.wikidata.org/entity/Q7700171,Tennessee State Museum,Point(-86.79 36.1725),,http://www.tnmuseum.org,"Museum in Tennessee, US"
http://www.wikidata.org/entity/Q7700217,Tennessee Theatre,Point(-86.7811 36.1627),,,"former movie theater in Nashville, Tennessee, United States"
http://www.wikidata.org/entity/Q7700217,Tennessee Theatre,Point(-86.7811 36.1627),,,"former movie theater in Nashville, Tennessee, United States"
http://www.wikidata.org/entity/Q7700217,Tennessee Theatre,Point(-86.7811 36.1627),,,"former movie theater in Nashville, Tennessee, United States"
http://www.wikidata.org/entity/Q7700217,Tennessee Theatre,Point(-86.7811 36.1627),,,"former movie theater in Nashville, Tennessee, United States"
http://www.wikidata.org/entity/Q7700217,Tennessee Theatre,Point(-86.7811 36.1627),,,"former movie theater in Nashville, Tennessee, United States"
http://www.wikidata.org/entity/Q7700217,Tennessee Theatre,Point(-86.7811 36.1627),,,"former movie theater in Nashville, Tennessee, United States"
http://www.wikidata.org/entity/Q7700217,Tennessee Theatre,Point(-86.7811 36.1627),,,"former movie theater in Nashville, Tennessee, United States"
http://www.wikidata.org/entity/Q7700217,Tennessee Theatre,Point(-86.7811 36.1627),,,"former movie theater in Nashville, Tennessee, United States"
http://www.wikidata.org/entity/Q7700217,Tennessee Theatre,Point(-86.7811 36.1627),,,"former movie theater in Nashville, Tennessee, United States"
http://www.wikidata.org/entity/Q7700217,Tennessee Theatre,Point(-86.7811 36.1627),,,"former movie theater in Nashville, Tennessee, United States"
http://www.wikidata.org/entity/Q7700217,Tennessee Theatre,Point(-86.7811 36.1627),,,"former movie theater in Nashville, Tennessee, United States"
http://www.wikidata.org/entity/Q7700217,Tennessee Theatre,Point(-86.7811 36.1627),,,"former movie theater in Nashville, Tennessee, United States"
http://www.wikidata.org/entity/Q7700217,Tennessee Theatre,Point(-86.7811 36.1627),,,"former movie theater in Nashville, Tennessee, United States"
http://www.wikidata.org/entity/Q7700217,Tennessee Theatre,Point(-86.7811 36.1627),,,"former movie theater in Nashville, Tennessee, United States"
http://www.wikidata.org/entity/Q7700217,Tennessee Theatre,Point(-86.7811 36.1627),,,"former movie theater in Nashville, Tennessee, United States"
http://www.wikidata.org/entity/Q7700217,Tennessee Theatre,Point(-86.7811 36.1627),,,"former movie theater in Nashville, Tennessee, United States"
http://www.wikidata.org/entity/Q7700217,Tennessee Theatre,Point(-86.7811 36.1627),,,"former movie theater in Nashville, Tennessee, United States"
http://www.wikidata.org/entity/Q7700217,Tennessee Theatre,Point(-86.7811 36.1627),,,"former movie theater in Nashville, Tennessee, United States"
http://www.wikidata.org/entity/Q7700217,Tennessee Theatre,Point(-86.7811 36.1627),,,"former movie theater in Nashville, Tennessee, United States"
http://www.wikidata.org/entity/Q7700217,Tennessee Theatre,Point(-86.7811 36.1627),,,"former movie theater in Nashville, Tennessee, United States"
http://www.wikidata.org/entity/Q7700217,Tennessee Theatre,Point(-86.7811 36.1627),,,"former movie theater in Nashville, Tennessee, United States"
http://www.wikidata.org/entity/Q7700217,Tennessee Theatre,Point(-86.7811 36.1627),,,"former movie theater in Nashville, Tennessee, United States"
http://www.wikidata.org/entity/Q7700217,Tennessee Theatre,Point(-86.7811 36.1627),,,"former movie theater in Nashville, Tennessee, United States"
http://www.wikidata.org/entity/Q7700217,Tennessee Theatre,Point(-86.7811 36.1627),,,"former movie theater in Nashville, Tennessee, United States"
http://www.wikidata.org/entity/Q7700217,Tennessee Theatre,Point(-86.7811 36.1627),,,"former movie theater in Nashville, Tennessee, United States"
http://www.wikidata.org/entity/Q7700217,Tennessee Theatre,Point(-86.7811 36.1627),,,"former movie theater in Nashville, Tennessee, United States"
http://www.wikidata.org/entity/Q7751066,The Mercy Lounge,Point(-86.7805384 36.1529535),,,"music venue in Nashville, Tennessee"
http://www.wikidata.org/entity/Q7751066,The Mercy Lounge,Point(-86.7805384 36.1529535),,,"music venue in Nashville, Tennessee"
http://www.wikidata.org/entity/Q7751066,The Mercy Lounge,Point(-86.7805384 36.1529535),,,"music venue in Nashville, Tennessee"
http://www.wikidata.org/entity/Q7751066,The Mercy Lounge,Point(-86.7805384 36.1529535),,,"music venue in Nashville, Tennessee"
http://www.wikidata.org/entity/Q7842919,Trinity Music City,Point(-86.564 36.3243),,,"entertainment venue in Hendersonville, Tennessee, United States"
http://www.wikidata.org/entity/Q7842919,Trinity Music City,Point(-86.564 36.3243),,,"entertainment venue in Hendersonville, Tennessee, United States"
http://www.wikidata.org/entity/Q7842919,Trinity Music City,Point(-86.564 36.3243),,,"entertainment venue in Hendersonville, Tennessee, United States"
http://www.wikidata.org/entity/Q7842919,Trinity Music City,Point(-86.564 36.3243),,,"entertainment venue in Hendersonville, Tennessee, United States"
http://www.wikidata.org/entity/Q7968470,War Memorial Auditorium,Point(-86.7837497 36.1643526),,https://www.wmarocks.com,"Performance hall located in Nashville, Tennessee"
http://www.wikidata.org/entity/Q7968470,War Memorial Auditorium,Point(-86.7837497 36.1643526),,https://www.wmarocks.com,"Performance hall located in Nashville, Tennessee"
http://www.wikidata.org/entity/Q7968470,War Memorial Auditorium,Point(-86.7837497 36.1643526),,https://www.wmarocks.com,"Performance hall located in Nashville, Tennessee"
http://www.wikidata.org/entity/Q7968470,War Memorial Auditorium,Point(-86.7837497 36.1643526),,https://www.wmarocks.com,"Performance hall located in Nashville, Tennessee"
http://www.wikidata.org/entity/Q7968470,War Memorial Auditorium,Point(-86.7837497 36.1643526),,https://www.wmarocks.com,"Performance hall located in Nashville, Tennessee"
http://www.wikidata.org/entity/Q6941476,Music City Center,Point(-86.7784 36.1566),,http://www.nashvillemusiccitycenter.com/,"convention center in Nashville, Tennessee, USA"
http://www.wikidata.org/entity/Q6941476,Music City Center,Point(-86.7784 36.1566),,http://www.nashvillemusiccitycenter.com/,"convention center in Nashville, Tennessee, USA"
http://www.wikidata.org/entity/Q6941476,Music City Center,Point(-86.7784 36.1566),,http://www.nashvillemusiccitycenter.com/,"convention center in Nashville, Tennessee, USA"
http://www.wikidata.org/entity/Q6966981,Nashville Municipal Auditorium,Point(-86.782244444 36.167580555),,https://www.nashvilleauditorium.com/,"Sports and concert venue in Nashville, Tennessee"
http://www.wikidata.org/entity/Q6966981,Nashville Municipal Auditorium,Point(-86.782244444 36.167580555),,https://www.nashvilleauditorium.com/,"Sports and concert venue in Nashville, Tennessee"
http://www.wikidata.org/entity/Q6966981,Nashville Municipal Auditorium,Point(-86.782244444 36.167580555),,https://www.nashvilleauditorium.com/,"Sports and concert venue in Nashville, Tennessee"
http://www.wikidata.org/entity/Q6966981,Nashville Municipal Auditorium,Point(-86.782244444 36.167580555),,https://www.nashvilleauditorium.com/,"Sports and concert venue in Nashville, Tennessee"
http://www.wikidata.org/entity/Q6966981,Nashville Municipal Auditorium,Point(-86.782244444 36.167580555),,https://www.nashvilleauditorium.com/,"Sports and concert venue in Nashville, Tennessee"
http://www.wikidata.org/entity/Q6966981,Nashville Municipal Auditorium,Point(-86.782244444 36.167580555),,https://www.nashvilleauditorium.com/,"Sports and concert venue in Nashville, Tennessee"
http://www.wikidata.org/entity/Q6966981,Nashville Municipal Auditorium,Point(-86.782244444 36.167580555),,https://www.nashvilleauditorium.com/,"Sports and concert venue in Nashville, Tennessee"
http://www.wikidata.org/entity/Q6966981,Nashville Municipal Auditorium,Point(-86.782244444 36.167580555),,https://www.nashvilleauditorium.com/,"Sports and concert venue in Nashville, Tennessee"
http://www.wikidata.org/entity/Q7084202,Old Hickory Lake Arboretum,Point(-86.624 36.281),,,environmental study area adjacent to Old Hickory Lake in Tennessee
http://www.wikidata.org/entity/Q7084202,Old Hickory Lake Arboretum,Point(-86.624 36.281),,,environmental study area adjacent to Old Hickory Lake in Tennessee
http://www.wikidata.org/entity/Q7084202,Old Hickory Lake Arboretum,Point(-86.624 36.281),,,environmental study area adjacent to Old Hickory Lake in Tennessee
http://www.wikidata.org/entity/Q7084202,Old Hickory Lake Arboretum,Point(-86.624 36.281),,,environmental study area adjacent to Old Hickory Lake in Tennessee
http://www.wikidata.org/entity/Q7084202,Old Hickory Lake Arboretum,Point(-86.624 36.281),,,environmental study area adjacent to Old Hickory Lake in Tennessee
http://www.wikidata.org/entity/Q7084202,Old Hickory Lake Arboretum,Point(-86.624 36.281),,,environmental study area adjacent to Old Hickory Lake in Tennessee
http://www.wikidata.org/entity/Q7084202,Old Hickory Lake Arboretum,Point(-86.624 36.281),,,environmental study area adjacent to Old Hickory Lake in Tennessee
http://www.wikidata.org/entity/Q7084202,Old Hickory Lake Arboretum,Point(-86.624 36.281),,,environmental study area adjacent to Old Hickory Lake in Tennessee
http://www.wikidata.org/entity/Q7084202,Old Hickory Lake Arboretum,Point(-86.624 36.281),,,environmental study area adjacent to Old Hickory Lake in Tennessee
http://www.wikidata.org/entity/Q7084202,Old Hickory Lake Arboretum,Point(-86.624 36.281),,,environmental study area adjacent to Old Hickory Lake in Tennessee
http://www.wikidata.org/entity/Q7114835,Owl's Hill Nature Center,Point(-86.8683 36.0197),,,"park in Williamson County, United States of America"
http://www.wikidata.org/entity/Q7281482,Radnor Lake State Natural Area,Point(-86.8075 36.0619),,https://tnstateparks.com/parks/radnor-lake,"Nashville, Tennessee"
http://www.wikidata.org/entity/Q7281482,Radnor Lake State Natural Area,Point(-86.8075 36.0619),,https://tnstateparks.com/parks/radnor-lake,"Nashville, Tennessee"
http://www.wikidata.org/entity/Q7281482,Radnor Lake State Natural Area,Point(-86.8075 36.0619),,https://tnstateparks.com/parks/radnor-lake,"Nashville, Tennessee"
http://www.wikidata.org/entity/Q7281482,Radnor Lake State Natural Area,Point(-86.8075 36.0619),,https://tnstateparks.com/parks/radnor-lake,"Nashville, Tennessee"
http://www.wikidata.org/entity/Q7341136,Robert's Western World,Point(-86.7781 36.1608),,,"bar and country music venue in Nashville, Tennessee"
http://www.wikidata.org/entity/Q7341136,Robert's Western World,Point(-86.7781 36.1608),,,"bar and country music venue in Nashville, Tennessee"
http://www.wikidata.org/entity/Q7341136,Robert's Western World,Point(-86.7781 36.1608),,,"bar and country music venue in Nashville, Tennessee"
http://www.wikidata.org/entity/Q7341136,Robert's Western World,Point(-86.7781 36.1608),,,"bar and country music venue in Nashville, Tennessee"
http://www.wikidata.org/entity/Q7355183,Rocketown,Point(-86.7732 36.1541),,http://www.rocketown.com/,"entertainment facility in Nashville, Tennessee"
http://www.wikidata.org/entity/Q7355183,Rocketown,Point(-86.7732 36.1541),,http://www.rocketown.com/,"entertainment facility in Nashville, Tennessee"
http://www.wikidata.org/entity/Q7355183,Rocketown,Point(-86.7732 36.1541),,http://www.rocketown.com/,"entertainment facility in Nashville, Tennessee"
http://www.wikidata.org/entity/Q7355183,Rocketown,Point(-86.7732 36.1541),,http://www.rocketown.com/,"entertainment facility in Nashville, Tennessee"
http://www.wikidata.org/entity/Q7450658,Senior Center for the Arts,Point(-86.6642 36.1667),,,"arts center for senior adults in Nashville, Tennessee"
http://www.wikidata.org/entity/Q7450658,Senior Center for the Arts,Point(-86.6642 36.1667),,,"arts center for senior adults in Nashville, Tennessee"
http://www.wikidata.org/entity/Q7450658,Senior Center for the Arts,Point(-86.6642 36.1667),,,"arts center for senior adults in Nashville, Tennessee"
http://www.wikidata.org/entity/Q7450658,Senior Center for the Arts,Point(-86.6642 36.1667),,,"arts center for senior adults in Nashville, Tennessee"
http://www.wikidata.org/entity/Q7450658,Senior Center for the Arts,Point(-86.6642 36.1667),,,"arts center for senior adults in Nashville, Tennessee"
http://www.wikidata.org/entity/Q7450658,Senior Center for the Arts,Point(-86.6642 36.1667),,,"arts center for senior adults in Nashville, Tennessee"
http://www.wikidata.org/entity/Q7450658,Senior Center for the Arts,Point(-86.6642 36.1667),,,"arts center for senior adults in Nashville, Tennessee"
http://www.wikidata.org/entity/Q7450658,Senior Center for the Arts,Point(-86.6642 36.1667),,,"arts center for senior adults in Nashville, Tennessee"
http://www.wikidata.org/entity/Q7450658,Senior Center for the Arts,Point(-86.6642 36.1667),,,"arts center for senior adults in Nashville, Tennessee"
http://www.wikidata.org/entity/Q7450658,Senior Center for the Arts,Point(-86.6642 36.1667),,,"arts center for senior adults in Nashville, Tennessee"
http://www.wikidata.org/entity/Q7450658,Senior Center for the Arts,Point(-86.6642 36.1667),,,"arts center for senior adults in Nashville, Tennessee"
http://www.wikidata.org/entity/Q7450658,Senior Center for the Arts,Point(-86.6642 36.1667),,,"arts center for senior adults in Nashville, Tennessee"
http://www.wikidata.org/entity/Q7450658,Senior Center for the Arts,Point(-86.6642 36.1667),,,"arts center for senior adults in Nashville, Tennessee"
http://www.wikidata.org/entity/Q7450658,Senior Center for the Arts,Point(-86.6642 36.1667),,,"arts center for senior adults in Nashville, Tennessee"
http://www.wikidata.org/entity/Q7450658,Senior Center for the Arts,Point(-86.6642 36.1667),,,"arts center for senior adults in Nashville, Tennessee"
http://www.wikidata.org/entity/Q7450658,Senior Center for the Arts,Point(-86.6642 36.1667),,,"arts center for senior adults in Nashville, Tennessee"
http://www.wikidata.org/entity/Q7450658,Senior Center for the Arts,Point(-86.6642 36.1667),,,"arts center for senior adults in Nashville, Tennessee"
http://www.wikidata.org/entity/Q7450658,Senior Center for the Arts,Point(-86.6642 36.1667),,,"arts center for senior adults in Nashville, Tennessee"
http://www.wikidata.org/entity/Q7450658,Senior Center for the Arts,Point(-86.6642 36.1667),,,"arts center for senior adults in Nashville, Tennessee"
http://www.wikidata.org/entity/Q7450658,Senior Center for the Arts,Point(-86.6642 36.1667),,,"arts center for senior adults in Nashville, Tennessee"
http://www.wikidata.org/entity/Q7450658,Senior Center for the Arts,Point(-86.6642 36.1667),,,"arts center for senior adults in Nashville, Tennessee"
http://www.wikidata.org/entity/Q7450658,Senior Center for the Arts,Point(-86.6642 36.1667),,,"arts center for senior adults in Nashville, Tennessee"
http://www.wikidata.org/entity/Q7450658,Senior Center for the Arts,Point(-86.6642 36.1667),,,"arts center for senior adults in Nashville, Tennessee"
http://www.wikidata.org/entity/Q7450658,Senior Center for the Arts,Point(-86.6642 36.1667),,,"arts center for senior adults in Nashville, Tennessee"
http://www.wikidata.org/entity/Q7450658,Senior Center for the Arts,Point(-86.6642 36.1667),,,"arts center for senior adults in Nashville, Tennessee"
http://www.wikidata.org/entity/Q7450658,Senior Center for the Arts,Point(-86.6642 36.1667),,,"arts center for senior adults in Nashville, Tennessee"
http://www.wikidata.org/entity/Q7450658,Senior Center for the Arts,Point(-86.6642 36.1667),,,"arts center for senior adults in Nashville, Tennessee"
http://www.wikidata.org/entity/Q7450658,Senior Center for the Arts,Point(-86.6642 36.1667),,,"arts center for senior adults in Nashville, Tennessee"
http://www.wikidata.org/entity/Q7450658,Senior Center for the Arts,Point(-86.6642 36.1667),,,"arts center for senior adults in Nashville, Tennessee"
http://www.wikidata.org/entity/Q7450658,Senior Center for the Arts,Point(-86.6642 36.1667),,,"arts center for senior adults in Nashville, Tennessee"
http://www.wikidata.org/entity/Q7602661,Starwood Amphitheatre,Point(-86.606469444 36.038744444),,,"former outdoor concert venue in Nashville, Tennessee, United States of America"
http://www.wikidata.org/entity/Q7602661,Starwood Amphitheatre,Point(-86.606469444 36.038744444),,,"former outdoor concert venue in Nashville, Tennessee, United States of America"
http://www.wikidata.org/entity/Q7602661,Starwood Amphitheatre,Point(-86.606469444 36.038744444),,,"former outdoor concert venue in Nashville, Tennessee, United States of America"
http://www.wikidata.org/entity/Q7602661,Starwood Amphitheatre,Point(-86.606469444 36.038744444),,,"former outdoor concert venue in Nashville, Tennessee, United States of America"
http://www.wikidata.org/entity/Q7602661,Starwood Amphitheatre,Point(-86.606469444 36.038744444),,,"former outdoor concert venue in Nashville, Tennessee, United States of America"
http://www.wikidata.org/entity/Q7602661,Starwood Amphitheatre,Point(-86.606469444 36.038744444),,,"former outdoor concert venue in Nashville, Tennessee, United States of America"
http://www.wikidata.org/entity/Q7602661,Starwood Amphitheatre,Point(-86.606469444 36.038744444),,,"former outdoor concert venue in Nashville, Tennessee, United States of America"
http://www.wikidata.org/entity/Q7602661,Starwood Amphitheatre,Point(-86.606469444 36.038744444),,,"former outdoor concert venue in Nashville, Tennessee, United States of America"
http://www.wikidata.org/entity/Q7602661,Starwood Amphitheatre,Point(-86.606469444 36.038744444),,,"former outdoor concert venue in Nashville, Tennessee, United States of America"
http://www.wikidata.org/entity/Q7602661,Starwood Amphitheatre,Point(-86.606469444 36.038744444),,,"former outdoor concert venue in Nashville, Tennessee, United States of America"
http://www.wikidata.org/entity/Q7602661,Starwood Amphitheatre,Point(-86.606469444 36.038744444),,,"former outdoor concert venue in Nashville, Tennessee, United States of America"
http://www.wikidata.org/entity/Q7602661,Starwood Amphitheatre,Point(-86.606469444 36.038744444),,,"former outdoor concert venue in Nashville, Tennessee, United States of America"
http://www.wikidata.org/entity/Q7602661,Starwood Amphitheatre,Point(-86.606469444 36.038744444),,,"former outdoor concert venue in Nashville, Tennessee, United States of America"
http://www.wikidata.org/entity/Q7602661,Starwood Amphitheatre,Point(-86.606469444 36.038744444),,,"former outdoor concert venue in Nashville, Tennessee, United States of America"
http://www.wikidata.org/entity/Q7602661,Starwood Amphitheatre,Point(-86.606469444 36.038744444),,,"former outdoor concert venue in Nashville, Tennessee, United States of America"
http://www.wikidata.org/entity/Q7602661,Starwood Amphitheatre,Point(-86.606469444 36.038744444),,,"former outdoor concert venue in Nashville, Tennessee, United States of America"
http://www.wikidata.org/entity/Q7604251,Station Inn,Point(-86.784576 36.152509),,http://www.stationinn.com/,"concert venue in Nashville, Tennessee"
http://www.wikidata.org/entity/Q7604251,Station Inn,Point(-86.784576 36.152509),,http://www.stationinn.com/,"concert venue in Nashville, Tennessee"
http://www.wikidata.org/entity/Q7604251,Station Inn,Point(-86.784576 36.152509),,http://www.stationinn.com/,"concert venue in Nashville, Tennessee"
http://www.wikidata.org/entity/Q7604251,Station Inn,Point(-86.784576 36.152509),,http://www.stationinn.com/,"concert venue in Nashville, Tennessee"
http://www.wikidata.org/entity/Q7700031,Tennessee Central Railway Museum,Point(-86.7551 36.1549),,http://www.tcry.org/,railroad museum
http://www.wikidata.org/entity/Q7700031,Tennessee Central Railway Museum,Point(-86.7551 36.1549),,http://www.tcry.org/,railroad museum
http://www.wikidata.org/entity/Q7700031,Tennessee Central Railway Museum,Point(-86.7551 36.1549),,http://www.tcry.org/,railroad museum
http://www.wikidata.org/entity/Q7700031,Tennessee Central Railway Museum,Point(-86.7551 36.1549),,http://www.tcry.org/,railroad museum
http://www.wikidata.org/entity/Q7700127,Tennessee Performing Arts Center,Point(-86.7817 36.1649),,,"performing arts center in Nashville, Tennessee"
http://www.wikidata.org/entity/Q7700127,Tennessee Performing Arts Center,Point(-86.7817 36.1649),,,"performing arts center in Nashville, Tennessee"
http://www.wikidata.org/entity/Q7700127,Tennessee Performing Arts Center,Point(-86.7817 36.1649),,,"performing arts center in Nashville, Tennessee"
http://www.wikidata.org/entity/Q7700127,Tennessee Performing Arts Center,Point(-86.7817 36.1649),,,"performing arts center in Nashville, Tennessee"
http://www.wikidata.org/entity/Q7700127,Tennessee Performing Arts Center,Point(-86.7817 36.1649),,,"performing arts center in Nashville, Tennessee"
http://www.wikidata.org/entity/Q7700127,Tennessee Performing Arts Center,Point(-86.7817 36.1649),,,"performing arts center in Nashville, Tennessee"
http://www.wikidata.org/entity/Q7700127,Tennessee Performing Arts Center,Point(-86.7817 36.1649),,,"performing arts center in Nashville, Tennessee"
http://www.wikidata.org/entity/Q7700127,Tennessee Performing Arts Center,Point(-86.7817 36.1649),,,"performing arts center in Nashville, Tennessee"
http://www.wikidata.org/entity/Q7700127,Tennessee Performing Arts Center,Point(-86.7817 36.1649),,,"performing arts center in Nashville, Tennessee"
http://www.wikidata.org/entity/Q7700127,Tennessee Performing Arts Center,Point(-86.7817 36.1649),,,"performing arts center in Nashville, Tennessee"
http://www.wikidata.org/entity/Q7700127,Tennessee Performing Arts Center,Point(-86.7817 36.1649),,,"performing arts center in Nashville, Tennessee"
http://www.wikidata.org/entity/Q7700127,Tennessee Performing Arts Center,Point(-86.7817 36.1649),,,"performing arts center in Nashville, Tennessee"
http://www.wikidata.org/entity/Q43293107,Sumner Drive-In,Point(-86.4892715 36.3665119),,,"former drive-in movie theater in Gallatin, Tennessee, United States"
http://www.wikidata.org/entity/Q43293107,Sumner Drive-In,Point(-86.4892715 36.3665119),,,"former drive-in movie theater in Gallatin, Tennessee, United States"
http://www.wikidata.org/entity/Q43293107,Sumner Drive-In,Point(-86.4892715 36.3665119),,,"former drive-in movie theater in Gallatin, Tennessee, United States"
http://www.wikidata.org/entity/Q43293107,Sumner Drive-In,Point(-86.4892715 36.3665119),,,"former drive-in movie theater in Gallatin, Tennessee, United States"
http://www.wikidata.org/entity/Q43293107,Sumner Drive-In,Point(-86.4892715 36.3665119),,,"former drive-in movie theater in Gallatin, Tennessee, United States"
http://www.wikidata.org/entity/Q43293107,Sumner Drive-In,Point(-86.4892715 36.3665119),,,"former drive-in movie theater in Gallatin, Tennessee, United States"
http://www.wikidata.org/entity/Q43293107,Sumner Drive-In,Point(-86.4892715 36.3665119),,,"former drive-in movie theater in Gallatin, Tennessee, United States"
http://www.wikidata.org/entity/Q43293107,Sumner Drive-In,Point(-86.4892715 36.3665119),,,"former drive-in movie theater in Gallatin, Tennessee, United States"
http://www.wikidata.org/entity/Q43293107,Sumner Drive-In,Point(-86.4892715 36.3665119),,,"former drive-in movie theater in Gallatin, Tennessee, United States"
http://www.wikidata.org/entity/Q43293107,Sumner Drive-In,Point(-86.4892715 36.3665119),,,"former drive-in movie theater in Gallatin, Tennessee, United States"
http://www.wikidata.org/entity/Q43293107,Sumner Drive-In,Point(-86.4892715 36.3665119),,,"former drive-in movie theater in Gallatin, Tennessee, United States"
http://www.wikidata.org/entity/Q43293107,Sumner Drive-In,Point(-86.4892715 36.3665119),,,"former drive-in movie theater in Gallatin, Tennessee, United States"
http://www.wikidata.org/entity/Q43293107,Sumner Drive-In,Point(-86.4892715 36.3665119),,,"former drive-in movie theater in Gallatin, Tennessee, United States"
http://www.wikidata.org/entity/Q43293107,Sumner Drive-In,Point(-86.4892715 36.3665119),,,"former drive-in movie theater in Gallatin, Tennessee, United States"
http://www.wikidata.org/entity/Q43293107,Sumner Drive-In,Point(-86.4892715 36.3665119),,,"former drive-in movie theater in Gallatin, Tennessee, United States"
http://www.wikidata.org/entity/Q43293107,Sumner Drive-In,Point(-86.4892715 36.3665119),,,"former drive-in movie theater in Gallatin, Tennessee, United States"
http://www.wikidata.org/entity/Q43293107,Sumner Drive-In,Point(-86.4892715 36.3665119),,,"former drive-in movie theater in Gallatin, Tennessee, United States"
http://www.wikidata.org/entity/Q43293107,Sumner Drive-In,Point(-86.4892715 36.3665119),,,"former drive-in movie theater in Gallatin, Tennessee, United States"
http://www.wikidata.org/entity/Q43293107,Sumner Drive-In,Point(-86.4892715 36.3665119),,,"former drive-in movie theater in Gallatin, Tennessee, United States"
http://www.wikidata.org/entity/Q43293107,Sumner Drive-In,Point(-86.4892715 36.3665119),,,"former drive-in movie theater in Gallatin, Tennessee, United States"
http://www.wikidata.org/entity/Q43293107,Sumner Drive-In,Point(-86.4892715 36.3665119),,,"former drive-in movie theater in Gallatin, Tennessee, United States"
http://www.wikidata.org/entity/Q43293107,Sumner Drive-In,Point(-86.4892715 36.3665119),,,"former drive-in movie theater in Gallatin, Tennessee, United States"
http://www.wikidata.org/entity/Q43293107,Sumner Drive-In,Point(-86.4892715 36.3665119),,,"former drive-in movie theater in Gallatin, Tennessee, United States"
http://www.wikidata.org/entity/Q43293107,Sumner Drive-In,Point(-86.4892715 36.3665119),,,"former drive-in movie theater in Gallatin, Tennessee, United States"
http://www.wikidata.org/entity/Q43293107,Sumner Drive-In,Point(-86.4892715 36.3665119),,,"former drive-in movie theater in Gallatin, Tennessee, United States"
http://www.wikidata.org/entity/Q43293107,Sumner Drive-In,Point(-86.4892715 36.3665119),,,"former drive-in movie theater in Gallatin, Tennessee, United States"
http://www.wikidata.org/entity/Q43293107,Sumner Drive-In,Point(-86.4892715 36.3665119),,,"former drive-in movie theater in Gallatin, Tennessee, United States"
http://www.wikidata.org/entity/Q43293107,Sumner Drive-In,Point(-86.4892715 36.3665119),,,"former drive-in movie theater in Gallatin, Tennessee, United States"
http://www.wikidata.org/entity/Q43293107,Sumner Drive-In,Point(-86.4892715 36.3665119),,,"former drive-in movie theater in Gallatin, Tennessee, United States"
http://www.wikidata.org/entity/Q43293107,Sumner Drive-In,Point(-86.4892715 36.3665119),,,"former drive-in movie theater in Gallatin, Tennessee, United States"
http://www.wikidata.org/entity/Q43293107,Sumner Drive-In,Point(-86.4892715 36.3665119),,,"former drive-in movie theater in Gallatin, Tennessee, United States"
http://www.wikidata.org/entity/Q43293107,Sumner Drive-In,Point(-86.4892715 36.3665119),,,"former drive-in movie theater in Gallatin, Tennessee, United States"
http://www.wikidata.org/entity/Q43293107,Sumner Drive-In,Point(-86.4892715 36.3665119),,,"former drive-in movie theater in Gallatin, Tennessee, United States"
http://www.wikidata.org/entity/Q43293107,Sumner Drive-In,Point(-86.4892715 36.3665119),,,"former drive-in movie theater in Gallatin, Tennessee, United States"
http://www.wikidata.org/entity/Q43293107,Sumner Drive-In,Point(-86.4892715 36.3665119),,,"former drive-in movie theater in Gallatin, Tennessee, United States"
http://www.wikidata.org/entity/Q43293107,Sumner Drive-In,Point(-86.4892715 36.3665119),,,"former drive-in movie theater in Gallatin, Tennessee, United States"
http://www.wikidata.org/entity/Q43293107,Sumner Drive-In,Point(-86.4892715 36.3665119),,,"former drive-in movie theater in Gallatin, Tennessee, United States"
http://www.wikidata.org/entity/Q43293107,Sumner Drive-In,Point(-86.4892715 36.3665119),,,"former drive-in movie theater in Gallatin, Tennessee, United States"
http://www.wikidata.org/entity/Q43293107,Sumner Drive-In,Point(-86.4892715 36.3665119),,,"former drive-in movie theater in Gallatin, Tennessee, United States"
http://www.wikidata.org/entity/Q43293107,Sumner Drive-In,Point(-86.4892715 36.3665119),,,"former drive-in movie theater in Gallatin, Tennessee, United States"
http://www.wikidata.org/entity/Q43293107,Sumner Drive-In,Point(-86.4892715 36.3665119),,,"former drive-in movie theater in Gallatin, Tennessee, United States"
http://www.wikidata.org/entity/Q43293107,Sumner Drive-In,Point(-86.4892715 36.3665119),,,"former drive-in movie theater in Gallatin, Tennessee, United States"
http://www.wikidata.org/entity/Q43293107,Sumner Drive-In,Point(-86.4892715 36.3665119),,,"former drive-in movie theater in Gallatin, Tennessee, United States"
http://www.wikidata.org/entity/Q43293107,Sumner Drive-In,Point(-86.4892715 36.3665119),,,"former drive-in movie theater in Gallatin, Tennessee, United States"
http://www.wikidata.org/entity/Q43293127,Lebanon Road Drive-In,Point(-86.6275566 36.1894715),,,"former drive-in movie theater in Hermitage, Tennessee, United States"
http://www.wikidata.org/entity/Q43293127,Lebanon Road Drive-In,Point(-86.6275566 36.1894715),,,"former drive-in movie theater in Hermitage, Tennessee, United States"
http://www.wikidata.org/entity/Q43293127,Lebanon Road Drive-In,Point(-86.6275566 36.1894715),,,"former drive-in movie theater in Hermitage, Tennessee, United States"
http://www.wikidata.org/entity/Q43293127,Lebanon Road Drive-In,Point(-86.6275566 36.1894715),,,"former drive-in movie theater in Hermitage, Tennessee, United States"
http://www.wikidata.org/entity/Q43293127,Lebanon Road Drive-In,Point(-86.6275566 36.1894715),,,"former drive-in movie theater in Hermitage, Tennessee, United States"
http://www.wikidata.org/entity/Q43293127,Lebanon Road Drive-In,Point(-86.6275566 36.1894715),,,"former drive-in movie theater in Hermitage, Tennessee, United States"
http://www.wikidata.org/entity/Q43293127,Lebanon Road Drive-In,Point(-86.6275566 36.1894715),,,"former drive-in movie theater in Hermitage, Tennessee, United States"
http://www.wikidata.org/entity/Q43293127,Lebanon Road Drive-In,Point(-86.6275566 36.1894715),,,"former drive-in movie theater in Hermitage, Tennessee, United States"
http://www.wikidata.org/entity/Q43293127,Lebanon Road Drive-In,Point(-86.6275566 36.1894715),,,"former drive-in movie theater in Hermitage, Tennessee, United States"
http://www.wikidata.org/entity/Q43293127,Lebanon Road Drive-In,Point(-86.6275566 36.1894715),,,"former drive-in movie theater in Hermitage, Tennessee, United States"
http://www.wikidata.org/entity/Q43293127,Lebanon Road Drive-In,Point(-86.6275566 36.1894715),,,"former drive-in movie theater in Hermitage, Tennessee, United States"
http://www.wikidata.org/entity/Q43293127,Lebanon Road Drive-In,Point(-86.6275566 36.1894715),,,"former drive-in movie theater in Hermitage, Tennessee, United States"
http://www.wikidata.org/entity/Q43293127,Lebanon Road Drive-In,Point(-86.6275566 36.1894715),,,"former drive-in movie theater in Hermitage, Tennessee, United States"
http://www.wikidata.org/entity/Q43293127,Lebanon Road Drive-In,Point(-86.6275566 36.1894715),,,"former drive-in movie theater in Hermitage, Tennessee, United States"
http://www.wikidata.org/entity/Q43293127,Lebanon Road Drive-In,Point(-86.6275566 36.1894715),,,"former drive-in movie theater in Hermitage, Tennessee, United States"
http://www.wikidata.org/entity/Q43293127,Lebanon Road Drive-In,Point(-86.6275566 36.1894715),,,"former drive-in movie theater in Hermitage, Tennessee, United States"
http://www.wikidata.org/entity/Q43293127,Lebanon Road Drive-In,Point(-86.6275566 36.1894715),,,"former drive-in movie theater in Hermitage, Tennessee, United States"
http://www.wikidata.org/entity/Q43293127,Lebanon Road Drive-In,Point(-86.6275566 36.1894715),,,"former drive-in movie theater in Hermitage, Tennessee, United States"
http://www.wikidata.org/entity/Q43293127,Lebanon Road Drive-In,Point(-86.6275566 36.1894715),,,"former drive-in movie theater in Hermitage, Tennessee, United States"
http://www.wikidata.org/entity/Q43293127,Lebanon Road Drive-In,Point(-86.6275566 36.1894715),,,"former drive-in movie theater in Hermitage, Tennessee, United States"
http://www.wikidata.org/entity/Q43293127,Lebanon Road Drive-In,Point(-86.6275566 36.1894715),,,"former drive-in movie theater in Hermitage, Tennessee, United States"
http://www.wikidata.org/entity/Q43293127,Lebanon Road Drive-In,Point(-86.6275566 36.1894715),,,"former drive-in movie theater in Hermitage, Tennessee, United States"
http://www.wikidata.org/entity/Q43293127,Lebanon Road Drive-In,Point(-86.6275566 36.1894715),,,"former drive-in movie theater in Hermitage, Tennessee, United States"
http://www.wikidata.org/entity/Q43293127,Lebanon Road Drive-In,Point(-86.6275566 36.1894715),,,"former drive-in movie theater in Hermitage, Tennessee, United States"
http://www.wikidata.org/entity/Q43293127,Lebanon Road Drive-In,Point(-86.6275566 36.1894715),,,"former drive-in movie theater in Hermitage, Tennessee, United States"
http://www.wikidata.org/entity/Q43293127,Lebanon Road Drive-In,Point(-86.6275566 36.1894715),,,"former drive-in movie theater in Hermitage, Tennessee, United States"
http://www.wikidata.org/entity/Q43293127,Lebanon Road Drive-In,Point(-86.6275566 36.1894715),,,"former drive-in movie theater in Hermitage, Tennessee, United States"
http://www.wikidata.org/entity/Q43293127,Lebanon Road Drive-In,Point(-86.6275566 36.1894715),,,"former drive-in movie theater in Hermitage, Tennessee, United States"
http://www.wikidata.org/entity/Q43293127,Lebanon Road Drive-In,Point(-86.6275566 36.1894715),,,"former drive-in movie theater in Hermitage, Tennessee, United States"
http://www.wikidata.org/entity/Q43293127,Lebanon Road Drive-In,Point(-86.6275566 36.1894715),,,"former drive-in movie theater in Hermitage, Tennessee, United States"
http://www.wikidata.org/entity/Q43293127,Lebanon Road Drive-In,Point(-86.6275566 36.1894715),,,"former drive-in movie theater in Hermitage, Tennessee, United States"
http://www.wikidata.org/entity/Q43293127,Lebanon Road Drive-In,Point(-86.6275566 36.1894715),,,"former drive-in movie theater in Hermitage, Tennessee, United States"
http://www.wikidata.org/entity/Q43293127,Lebanon Road Drive-In,Point(-86.6275566 36.1894715),,,"former drive-in movie theater in Hermitage, Tennessee, United States"
http://www.wikidata.org/entity/Q43293127,Lebanon Road Drive-In,Point(-86.6275566 36.1894715),,,"former drive-in movie theater in Hermitage, Tennessee, United States"
http://www.wikidata.org/entity/Q43293127,Lebanon Road Drive-In,Point(-86.6275566 36.1894715),,,"former drive-in movie theater in Hermitage, Tennessee, United States"
http://www.wikidata.org/entity/Q43293127,Lebanon Road Drive-In,Point(-86.6275566 36.1894715),,,"former drive-in movie theater in Hermitage, Tennessee, United States"
http://www.wikidata.org/entity/Q43293127,Lebanon Road Drive-In,Point(-86.6275566 36.1894715),,,"former drive-in movie theater in Hermitage, Tennessee, United States"
http://www.wikidata.org/entity/Q43293127,Lebanon Road Drive-In,Point(-86.6275566 36.1894715),,,"former drive-in movie theater in Hermitage, Tennessee, United States"
http://www.wikidata.org/entity/Q43293127,Lebanon Road Drive-In,Point(-86.6275566 36.1894715),,,"former drive-in movie theater in Hermitage, Tennessee, United States"
http://www.wikidata.org/entity/Q43293127,Lebanon Road Drive-In,Point(-86.6275566 36.1894715),,,"former drive-in movie theater in Hermitage, Tennessee, United States"
http://www.wikidata.org/entity/Q43293127,Lebanon Road Drive-In,Point(-86.6275566 36.1894715),,,"former drive-in movie theater in Hermitage, Tennessee, United States"
http://www.wikidata.org/entity/Q43293127,Lebanon Road Drive-In,Point(-86.6275566 36.1894715),,,"former drive-in movie theater in Hermitage, Tennessee, United States"
http://www.wikidata.org/entity/Q43293127,Lebanon Road Drive-In,Point(-86.6275566 36.1894715),,,"former drive-in movie theater in Hermitage, Tennessee, United States"
http://www.wikidata.org/entity/Q43293127,Lebanon Road Drive-In,Point(-86.6275566 36.1894715),,,"former drive-in movie theater in Hermitage, Tennessee, United States"
http://www.wikidata.org/entity/Q43293259,Cedar Valley Drive-In,Point(-86.256974 36.216025),,,"former drive-in movie theater in Lebanon, Tennessee, United States"
http://www.wikidata.org/entity/Q43293259,Cedar Valley Drive-In,Point(-86.256974 36.216025),,,"former drive-in movie theater in Lebanon, Tennessee, United States"
http://www.wikidata.org/entity/Q43293259,Cedar Valley Drive-In,Point(-86.256974 36.216025),,,"former drive-in movie theater in Lebanon, Tennessee, United States"
http://www.wikidata.org/entity/Q43293259,Cedar Valley Drive-In,Point(-86.256974 36.216025),,,"former drive-in movie theater in Lebanon, Tennessee, United States"
http://www.wikidata.org/entity/Q43293259,Cedar Valley Drive-In,Point(-86.256974 36.216025),,,"former drive-in movie theater in Lebanon, Tennessee, United States"
http://www.wikidata.org/entity/Q43293259,Cedar Valley Drive-In,Point(-86.256974 36.216025),,,"former drive-in movie theater in Lebanon, Tennessee, United States"
http://www.wikidata.org/entity/Q43293259,Cedar Valley Drive-In,Point(-86.256974 36.216025),,,"former drive-in movie theater in Lebanon, Tennessee, United States"
http://www.wikidata.org/entity/Q43293259,Cedar Valley Drive-In,Point(-86.256974 36.216025),,,"former drive-in movie theater in Lebanon, Tennessee, United States"
http://www.wikidata.org/entity/Q43293259,Cedar Valley Drive-In,Point(-86.256974 36.216025),,,"former drive-in movie theater in Lebanon, Tennessee, United States"
http://www.wikidata.org/entity/Q43293259,Cedar Valley Drive-In,Point(-86.256974 36.216025),,,"former drive-in movie theater in Lebanon, Tennessee, United States"
http://www.wikidata.org/entity/Q43293259,Cedar Valley Drive-In,Point(-86.256974 36.216025),,,"former drive-in movie theater in Lebanon, Tennessee, United States"
http://www.wikidata.org/entity/Q43293259,Cedar Valley Drive-In,Point(-86.256974 36.216025),,,"former drive-in movie theater in Lebanon, Tennessee, United States"
http://www.wikidata.org/entity/Q43293300,Montague Drive-In,Point(-86.7182547 36.2510311),,,"former drive-in movie theater in Madison, Tennessee, United States"
http://www.wikidata.org/entity/Q43293300,Montague Drive-In,Point(-86.7182547 36.2510311),,,"former drive-in movie theater in Madison, Tennessee, United States"
http://www.wikidata.org/entity/Q43293300,Montague Drive-In,Point(-86.7182547 36.2510311),,,"former drive-in movie theater in Madison, Tennessee, United States"
http://www.wikidata.org/entity/Q43293300,Montague Drive-In,Point(-86.7182547 36.2510311),,,"former drive-in movie theater in Madison, Tennessee, United States"
http://www.wikidata.org/entity/Q43293300,Montague Drive-In,Point(-86.7182547 36.2510311),,,"former drive-in movie theater in Madison, Tennessee, United States"
http://www.wikidata.org/entity/Q43293300,Montague Drive-In,Point(-86.7182547 36.2510311),,,"former drive-in movie theater in Madison, Tennessee, United States"
http://www.wikidata.org/entity/Q43293300,Montague Drive-In,Point(-86.7182547 36.2510311),,,"former drive-in movie theater in Madison, Tennessee, United States"
http://www.wikidata.org/entity/Q43293300,Montague Drive-In,Point(-86.7182547 36.2510311),,,"former drive-in movie theater in Madison, Tennessee, United States"
http://www.wikidata.org/entity/Q43293300,Montague Drive-In,Point(-86.7182547 36.2510311),,,"former drive-in movie theater in Madison, Tennessee, United States"
http://www.wikidata.org/entity/Q43293300,Montague Drive-In,Point(-86.7182547 36.2510311),,,"former drive-in movie theater in Madison, Tennessee, United States"
http://www.wikidata.org/entity/Q43293300,Montague Drive-In,Point(-86.7182547 36.2510311),,,"former drive-in movie theater in Madison, Tennessee, United States"
http://www.wikidata.org/entity/Q43293300,Montague Drive-In,Point(-86.7182547 36.2510311),,,"former drive-in movie theater in Madison, Tennessee, United States"
http://www.wikidata.org/entity/Q43293300,Montague Drive-In,Point(-86.7182547 36.2510311),,,"former drive-in movie theater in Madison, Tennessee, United States"
http://www.wikidata.org/entity/Q43293300,Montague Drive-In,Point(-86.7182547 36.2510311),,,"former drive-in movie theater in Madison, Tennessee, United States"
http://www.wikidata.org/entity/Q43293300,Montague Drive-In,Point(-86.7182547 36.2510311),,,"former drive-in movie theater in Madison, Tennessee, United States"
http://www.wikidata.org/entity/Q43293300,Montague Drive-In,Point(-86.7182547 36.2510311),,,"former drive-in movie theater in Madison, Tennessee, United States"
http://www.wikidata.org/entity/Q43293300,Montague Drive-In,Point(-86.7182547 36.2510311),,,"former drive-in movie theater in Madison, Tennessee, United States"
http://www.wikidata.org/entity/Q43293300,Montague Drive-In,Point(-86.7182547 36.2510311),,,"former drive-in movie theater in Madison, Tennessee, United States"
http://www.wikidata.org/entity/Q43293300,Montague Drive-In,Point(-86.7182547 36.2510311),,,"former drive-in movie theater in Madison, Tennessee, United States"
http://www.wikidata.org/entity/Q43293300,Montague Drive-In,Point(-86.7182547 36.2510311),,,"former drive-in movie theater in Madison, Tennessee, United States"
http://www.wikidata.org/entity/Q25345167,Adventure Science Center,Point(-86.775458 36.146765),,http://www.adventuresci.org,"science museum in Nashville, Tennessee"
http://www.wikidata.org/entity/Q25345167,Adventure Science Center,Point(-86.775458 36.146765),,http://www.adventuresci.org,"science museum in Nashville, Tennessee"
http://www.wikidata.org/entity/Q25345167,Adventure Science Center,Point(-86.775458 36.146765),,http://www.adventuresci.org,"science museum in Nashville, Tennessee"
http://www.wikidata.org/entity/Q25345167,Adventure Science Center,Point(-86.775458 36.146765),,http://www.adventuresci.org,"science museum in Nashville, Tennessee"
http://www.wikidata.org/entity/Q25345167,Adventure Science Center,Point(-86.775458 36.146765),,http://www.adventuresci.org,"science museum in Nashville, Tennessee"
http://www.wikidata.org/entity/Q25345167,Adventure Science Center,Point(-86.775458 36.146765),,http://www.adventuresci.org,"science museum in Nashville, Tennessee"
http://www.wikidata.org/entity/Q25345167,Adventure Science Center,Point(-86.775458 36.146765),,http://www.adventuresci.org,"science museum in Nashville, Tennessee"
http://www.wikidata.org/entity/Q25345167,Adventure Science Center,Point(-86.775458 36.146765),,http://www.adventuresci.org,"science museum in Nashville, Tennessee"
http://www.wikidata.org/entity/Q25345167,Adventure Science Center,Point(-86.775458 36.146765),,http://www.adventuresci.org,"science museum in Nashville, Tennessee"
http://www.wikidata.org/entity/Q28041912,Grand Ole Opry House,Point(-86.692222222 36.206666666),,,"auditorium in Nashville, Tennessee"
http://www.wikidata.org/entity/Q28041912,Grand Ole Opry House,Point(-86.692222222 36.206666666),,,"auditorium in Nashville, Tennessee"
http://www.wikidata.org/entity/Q28041912,Grand Ole Opry House,Point(-86.692222222 36.206666666),,,"auditorium in Nashville, Tennessee"
http://www.wikidata.org/entity/Q28041912,Grand Ole Opry House,Point(-86.692222222 36.206666666),,,"auditorium in Nashville, Tennessee"
http://www.wikidata.org/entity/Q28041912,Grand Ole Opry House,Point(-86.692222222 36.206666666),,,"auditorium in Nashville, Tennessee"
http://www.wikidata.org/entity/Q28041912,Grand Ole Opry House,Point(-86.692222222 36.206666666),,,"auditorium in Nashville, Tennessee"
http://www.wikidata.org/entity/Q28041912,Grand Ole Opry House,Point(-86.692222222 36.206666666),,,"auditorium in Nashville, Tennessee"
http://www.wikidata.org/entity/Q28041912,Grand Ole Opry House,Point(-86.692222222 36.206666666),,,"auditorium in Nashville, Tennessee"
http://www.wikidata.org/entity/Q28041912,Grand Ole Opry House,Point(-86.692222222 36.206666666),,,"auditorium in Nashville, Tennessee"
http://www.wikidata.org/entity/Q28041912,Grand Ole Opry House,Point(-86.692222222 36.206666666),,,"auditorium in Nashville, Tennessee"
http://www.wikidata.org/entity/Q28041912,Grand Ole Opry House,Point(-86.692222222 36.206666666),,,"auditorium in Nashville, Tennessee"
http://www.wikidata.org/entity/Q28041912,Grand Ole Opry House,Point(-86.692222222 36.206666666),,,"auditorium in Nashville, Tennessee"
http://www.wikidata.org/entity/Q28041912,Grand Ole Opry House,Point(-86.692222222 36.206666666),,,"auditorium in Nashville, Tennessee"
http://www.wikidata.org/entity/Q28041912,Grand Ole Opry House,Point(-86.692222222 36.206666666),,,"auditorium in Nashville, Tennessee"
http://www.wikidata.org/entity/Q28041912,Grand Ole Opry House,Point(-86.692222222 36.206666666),,,"auditorium in Nashville, Tennessee"
http://www.wikidata.org/entity/Q28041912,Grand Ole Opry House,Point(-86.692222222 36.206666666),,,"auditorium in Nashville, Tennessee"
http://www.wikidata.org/entity/Q28041912,Grand Ole Opry House,Point(-86.692222222 36.206666666),,,"auditorium in Nashville, Tennessee"
http://www.wikidata.org/entity/Q28041912,Grand Ole Opry House,Point(-86.692222222 36.206666666),,,"auditorium in Nashville, Tennessee"
http://www.wikidata.org/entity/Q28041912,Grand Ole Opry House,Point(-86.692222222 36.206666666),,,"auditorium in Nashville, Tennessee"
http://www.wikidata.org/entity/Q28041912,Grand Ole Opry House,Point(-86.692222222 36.206666666),,,"auditorium in Nashville, Tennessee"
http://www.wikidata.org/entity/Q28041912,Grand Ole Opry House,Point(-86.692222222 36.206666666),,,"auditorium in Nashville, Tennessee"
http://www.wikidata.org/entity/Q28041912,Grand Ole Opry House,Point(-86.692222222 36.206666666),,,"auditorium in Nashville, Tennessee"
http://www.wikidata.org/entity/Q28464436,House of Cash,Point(-86.56665 36.32523),,,Museum and Headquarters of Johnny Cash
http://www.wikidata.org/entity/Q34807473,Agricultural Center Ball Park,Point(-86.411111111 35.847777777),,,park in the United States of America
http://www.wikidata.org/entity/Q34811458,Alumni Lawn,Point(-86.804166666 36.1475),,,park in the United States of America
http://www.wikidata.org/entity/Q34813306,Anderson Road Public Use Area,Point(-86.603888888 36.106111111),,,park in the United States of America
http://www.wikidata.org/entity/Q34826237,Avondale Access Area,Point(-86.541388888 36.323055555),,,park in the United States of America
http://www.wikidata.org/entity/Q34827389,Baird Municipal Park,Point(-86.284722222 36.196388888),,,park in the United States of America
http://www.wikidata.org/entity/Q34832377,Battle Road Park,Point(-86.619444444 35.99),,,park in the United States of America
http://www.wikidata.org/entity/Q34834967,Beaman Park,Point(-86.91915 36.25912),,,"park in Nashville, Tennessee"
http://www.wikidata.org/entity/Q34844528,Bicentennial Park,Point(-86.78792 36.17169),,,"park in Davidson County, Tennessee, United States of America"
http://www.wikidata.org/entity/Q34855716,Boxwell Reservation,Point(-86.469444444 36.313611111),,,park in the United States of America
http://www.wikidata.org/entity/Q34855935,Boyd Park,Point(-86.833333333 36.160277777),,,park in the United States of America
http://www.wikidata.org/entity/Q34861518,Brush Creek Access Area,Point(-87.055 36.237777777),,,park in the United States of America
http://www.wikidata.org/entity/Q34870714,Capers Field,Point(-86.809722222 36.138888888),,,park in the United States of America
http://www.wikidata.org/entity/Q34883096,Chapman Quad,Point(-86.800833333 36.144166666),,,"park in Davidson County, Tennessee, United States of America"
http://www.wikidata.org/entity/Q34884097,Charlotte Park,Point(-86.870833333 36.154444444),,,"park in Davidson County, Tennessee, United States of America"
http://www.wikidata.org/entity/Q34884720,Cheatham Damsite Access Area,Point(-87.204166666 36.316944444),,,park in the United States of America
http://www.wikidata.org/entity/Q34884735,Cheatham Damsite Tailwater Access Point,Point(-87.226388888 36.324444444),,,park in the United States of America
http://www.wikidata.org/entity/Q34884762,Cheatham State Wildlife Management Area,Point(-87.084166666 36.186388888),,,park in the United States of America
http://www.wikidata.org/entity/Q34896051,Bellevue Park,Point(-86.958611111 36.078333333),,,"park in Nashville, Tennessee, United States"
http://www.wikidata.org/entity/Q34898427,Big Bluff Creek Access Area,Point(-87.099166666 36.279722222),,,park in the United States of America
http://www.wikidata.org/entity/Q34903264,Bordeaux Park,Point(-86.844166666 36.215555555),,,park in the United States of America
http://www.wikidata.org/entity/Q34909407,Buena Vista Park,Point(-86.80693 36.19165),,,park in United States of America
http://www.wikidata.org/entity/Q34909831,Bull Run Recreation Area,Point(-86.993333333 36.216111111),,,park in the United States of America
http://www.wikidata.org/entity/Q34909985,Bulls Creek Access Area,Point(-86.431944444 36.341666666),,,park in the United States of America
http://www.wikidata.org/entity/Q34911372,Cages Bend Access Area,Point(-86.513611111 36.301666666),,,park in the United States of America
http://www.wikidata.org/entity/Q34911400,Cages Bend Recreation Area,Point(-86.515277777 36.303888888),,,park in the United States of America
http://www.wikidata.org/entity/Q34911486,Cairo Access Area,Point(-86.363333333 36.359166666),,,park in the United States of America
http://www.wikidata.org/entity/Q34913475,Cane Ridge Park,Point(-86.636944444 36.000833333),,,park in the United States of America
http://www.wikidata.org/entity/Q34913684,Cannonsburgh Pioneer Village,Point(-86.395833333 35.844722222),,,park in the United States of America
http://www.wikidata.org/entity/Q43293259,Cedar Valley Drive-In,Point(-86.256974 36.216025),,,"former drive-in movie theater in Lebanon, Tennessee, United States"
http://www.wikidata.org/entity/Q43293259,Cedar Valley Drive-In,Point(-86.256974 36.216025),,,"former drive-in movie theater in Lebanon, Tennessee, United States"
http://www.wikidata.org/entity/Q43293259,Cedar Valley Drive-In,Point(-86.256974 36.216025),,,"former drive-in movie theater in Lebanon, Tennessee, United States"
http://www.wikidata.org/entity/Q43293259,Cedar Valley Drive-In,Point(-86.256974 36.216025),,,"former drive-in movie theater in Lebanon, Tennessee, United States"
http://www.wikidata.org/entity/Q43293259,Cedar Valley Drive-In,Point(-86.256974 36.216025),,,"former drive-in movie theater in Lebanon, Tennessee, United States"
http://www.wikidata.org/entity/Q43293259,Cedar Valley Drive-In,Point(-86.256974 36.216025),,,"former drive-in movie theater in Lebanon, Tennessee, United States"
http://www.wikidata.org/entity/Q43293259,Cedar Valley Drive-In,Point(-86.256974 36.216025),,,"former drive-in movie theater in Lebanon, Tennessee, United States"
http://www.wikidata.org/entity/Q43293259,Cedar Valley Drive-In,Point(-86.256974 36.216025),,,"former drive-in movie theater in Lebanon, Tennessee, United States"
http://www.wikidata.org/entity/Q43293259,Cedar Valley Drive-In,Point(-86.256974 36.216025),,,"former drive-in movie theater in Lebanon, Tennessee, United States"
http://www.wikidata.org/entity/Q43293259,Cedar Valley Drive-In,Point(-86.256974 36.216025),,,"former drive-in movie theater in Lebanon, Tennessee, United States"
http://www.wikidata.org/entity/Q43293259,Cedar Valley Drive-In,Point(-86.256974 36.216025),,,"former drive-in movie theater in Lebanon, Tennessee, United States"
http://www.wikidata.org/entity/Q43293259,Cedar Valley Drive-In,Point(-86.256974 36.216025),,,"former drive-in movie theater in Lebanon, Tennessee, United States"
http://www.wikidata.org/entity/Q43293259,Cedar Valley Drive-In,Point(-86.256974 36.216025),,,"former drive-in movie theater in Lebanon, Tennessee, United States"
http://www.wikidata.org/entity/Q43293259,Cedar Valley Drive-In,Point(-86.256974 36.216025),,,"former drive-in movie theater in Lebanon, Tennessee, United States"
http://www.wikidata.org/entity/Q43293259,Cedar Valley Drive-In,Point(-86.256974 36.216025),,,"former drive-in movie theater in Lebanon, Tennessee, United States"
http://www.wikidata.org/entity/Q43293259,Cedar Valley Drive-In,Point(-86.256974 36.216025),,,"former drive-in movie theater in Lebanon, Tennessee, United States"
http://www.wikidata.org/entity/Q43293259,Cedar Valley Drive-In,Point(-86.256974 36.216025),,,"former drive-in movie theater in Lebanon, Tennessee, United States"
http://www.wikidata.org/entity/Q43293259,Cedar Valley Drive-In,Point(-86.256974 36.216025),,,"former drive-in movie theater in Lebanon, Tennessee, United States"
http://www.wikidata.org/entity/Q43293259,Cedar Valley Drive-In,Point(-86.256974 36.216025),,,"former drive-in movie theater in Lebanon, Tennessee, United States"
http://www.wikidata.org/entity/Q43293259,Cedar Valley Drive-In,Point(-86.256974 36.216025),,,"former drive-in movie theater in Lebanon, Tennessee, United States"
http://www.wikidata.org/entity/Q43293259,Cedar Valley Drive-In,Point(-86.256974 36.216025),,,"former drive-in movie theater in Lebanon, Tennessee, United States"
http://www.wikidata.org/entity/Q43293259,Cedar Valley Drive-In,Point(-86.256974 36.216025),,,"former drive-in movie theater in Lebanon, Tennessee, United States"
http://www.wikidata.org/entity/Q43293259,Cedar Valley Drive-In,Point(-86.256974 36.216025),,,"former drive-in movie theater in Lebanon, Tennessee, United States"
http://www.wikidata.org/entity/Q43293259,Cedar Valley Drive-In,Point(-86.256974 36.216025),,,"former drive-in movie theater in Lebanon, Tennessee, United States"
http://www.wikidata.org/entity/Q43293259,Cedar Valley Drive-In,Point(-86.256974 36.216025),,,"former drive-in movie theater in Lebanon, Tennessee, United States"
http://www.wikidata.org/entity/Q43293259,Cedar Valley Drive-In,Point(-86.256974 36.216025),,,"former drive-in movie theater in Lebanon, Tennessee, United States"
http://www.wikidata.org/entity/Q43293259,Cedar Valley Drive-In,Point(-86.256974 36.216025),,,"former drive-in movie theater in Lebanon, Tennessee, United States"
http://www.wikidata.org/entity/Q43293259,Cedar Valley Drive-In,Point(-86.256974 36.216025),,,"former drive-in movie theater in Lebanon, Tennessee, United States"
http://www.wikidata.org/entity/Q43293259,Cedar Valley Drive-In,Point(-86.256974 36.216025),,,"former drive-in movie theater in Lebanon, Tennessee, United States"
http://www.wikidata.org/entity/Q43293259,Cedar Valley Drive-In,Point(-86.256974 36.216025),,,"former drive-in movie theater in Lebanon, Tennessee, United States"
http://www.wikidata.org/entity/Q43293259,Cedar Valley Drive-In,Point(-86.256974 36.216025),,,"former drive-in movie theater in Lebanon, Tennessee, United States"
http://www.wikidata.org/entity/Q43293259,Cedar Valley Drive-In,Point(-86.256974 36.216025),,,"former drive-in movie theater in Lebanon, Tennessee, United States"
http://www.wikidata.org/entity/Q43293293,Colonial Twin Drive-In,Point(-86.7138712 36.264946),,,"former drive-in movie theater in Madison, Tennessee, United States"
http://www.wikidata.org/entity/Q43293293,Colonial Twin Drive-In,Point(-86.7138712 36.264946),,,"former drive-in movie theater in Madison, Tennessee, United States"
http://www.wikidata.org/entity/Q43293293,Colonial Twin Drive-In,Point(-86.7138712 36.264946),,,"former drive-in movie theater in Madison, Tennessee, United States"
http://www.wikidata.org/entity/Q43293293,Colonial Twin Drive-In,Point(-86.7138712 36.264946),,,"former drive-in movie theater in Madison, Tennessee, United States"
http://www.wikidata.org/entity/Q43293293,Colonial Twin Drive-In,Point(-86.7138712 36.264946),,,"former drive-in movie theater in Madison, Tennessee, United States"
http://www.wikidata.org/entity/Q43293293,Colonial Twin Drive-In,Point(-86.7138712 36.264946),,,"former drive-in movie theater in Madison, Tennessee, United States"
http://www.wikidata.org/entity/Q43293293,Colonial Twin Drive-In,Point(-86.7138712 36.264946),,,"former drive-in movie theater in Madison, Tennessee, United States"
http://www.wikidata.org/entity/Q43293293,Colonial Twin Drive-In,Point(-86.7138712 36.264946),,,"former drive-in movie theater in Madison, Tennessee, United States"
http://www.wikidata.org/entity/Q43293293,Colonial Twin Drive-In,Point(-86.7138712 36.264946),,,"former drive-in movie theater in Madison, Tennessee, United States"
http://www.wikidata.org/entity/Q43293293,Colonial Twin Drive-In,Point(-86.7138712 36.264946),,,"former drive-in movie theater in Madison, Tennessee, United States"
http://www.wikidata.org/entity/Q43293293,Colonial Twin Drive-In,Point(-86.7138712 36.264946),,,"former drive-in movie theater in Madison, Tennessee, United States"
http://www.wikidata.org/entity/Q43293293,Colonial Twin Drive-In,Point(-86.7138712 36.264946),,,"former drive-in movie theater in Madison, Tennessee, United States"
http://www.wikidata.org/entity/Q43293293,Colonial Twin Drive-In,Point(-86.7138712 36.264946),,,"former drive-in movie theater in Madison, Tennessee, United States"
http://www.wikidata.org/entity/Q43293293,Colonial Twin Drive-In,Point(-86.7138712 36.264946),,,"former drive-in movie theater in Madison, Tennessee, United States"
http://www.wikidata.org/entity/Q43293293,Colonial Twin Drive-In,Point(-86.7138712 36.264946),,,"former drive-in movie theater in Madison, Tennessee, United States"
http://www.wikidata.org/entity/Q43293293,Colonial Twin Drive-In,Point(-86.7138712 36.264946),,,"former drive-in movie theater in Madison, Tennessee, United States"
http://www.wikidata.org/entity/Q43293293,Colonial Twin Drive-In,Point(-86.7138712 36.264946),,,"former drive-in movie theater in Madison, Tennessee, United States"
http://www.wikidata.org/entity/Q43293293,Colonial Twin Drive-In,Point(-86.7138712 36.264946),,,"former drive-in movie theater in Madison, Tennessee, United States"
http://www.wikidata.org/entity/Q43293293,Colonial Twin Drive-In,Point(-86.7138712 36.264946),,,"former drive-in movie theater in Madison, Tennessee, United States"
http://www.wikidata.org/entity/Q43293293,Colonial Twin Drive-In,Point(-86.7138712 36.264946),,,"former drive-in movie theater in Madison, Tennessee, United States"
http://www.wikidata.org/entity/Q43293293,Colonial Twin Drive-In,Point(-86.7138712 36.264946),,,"former drive-in movie theater in Madison, Tennessee, United States"
http://www.wikidata.org/entity/Q43293293,Colonial Twin Drive-In,Point(-86.7138712 36.264946),,,"former drive-in movie theater in Madison, Tennessee, United States"
http://www.wikidata.org/entity/Q43293293,Colonial Twin Drive-In,Point(-86.7138712 36.264946),,,"former drive-in movie theater in Madison, Tennessee, United States"
http://www.wikidata.org/entity/Q43293293,Colonial Twin Drive-In,Point(-86.7138712 36.264946),,,"former drive-in movie theater in Madison, Tennessee, United States"
http://www.wikidata.org/entity/Q43293293,Colonial Twin Drive-In,Point(-86.7138712 36.264946),,,"former drive-in movie theater in Madison, Tennessee, United States"
http://www.wikidata.org/entity/Q43293293,Colonial Twin Drive-In,Point(-86.7138712 36.264946),,,"former drive-in movie theater in Madison, Tennessee, United States"
http://www.wikidata.org/entity/Q43293293,Colonial Twin Drive-In,Point(-86.7138712 36.264946),,,"former drive-in movie theater in Madison, Tennessee, United States"
http://www.wikidata.org/entity/Q43293293,Colonial Twin Drive-In,Point(-86.7138712 36.264946),,,"former drive-in movie theater in Madison, Tennessee, United States"
http://www.wikidata.org/entity/Q43293293,Colonial Twin Drive-In,Point(-86.7138712 36.264946),,,"former drive-in movie theater in Madison, Tennessee, United States"
http://www.wikidata.org/entity/Q43293293,Colonial Twin Drive-In,Point(-86.7138712 36.264946),,,"former drive-in movie theater in Madison, Tennessee, United States"
http://www.wikidata.org/entity/Q43293293,Colonial Twin Drive-In,Point(-86.7138712 36.264946),,,"former drive-in movie theater in Madison, Tennessee, United States"
http://www.wikidata.org/entity/Q43293293,Colonial Twin Drive-In,Point(-86.7138712 36.264946),,,"former drive-in movie theater in Madison, Tennessee, United States"
http://www.wikidata.org/entity/Q43293293,Colonial Twin Drive-In,Point(-86.7138712 36.264946),,,"former drive-in movie theater in Madison, Tennessee, United States"
http://www.wikidata.org/entity/Q43293293,Colonial Twin Drive-In,Point(-86.7138712 36.264946),,,"former drive-in movie theater in Madison, Tennessee, United States"
http://www.wikidata.org/entity/Q43293293,Colonial Twin Drive-In,Point(-86.7138712 36.264946),,,"former drive-in movie theater in Madison, Tennessee, United States"
http://www.wikidata.org/entity/Q43293293,Colonial Twin Drive-In,Point(-86.7138712 36.264946),,,"former drive-in movie theater in Madison, Tennessee, United States"
http://www.wikidata.org/entity/Q43293293,Colonial Twin Drive-In,Point(-86.7138712 36.264946),,,"former drive-in movie theater in Madison, Tennessee, United States"
http://www.wikidata.org/entity/Q43293293,Colonial Twin Drive-In,Point(-86.7138712 36.264946),,,"former drive-in movie theater in Madison, Tennessee, United States"
http://www.wikidata.org/entity/Q43293293,Colonial Twin Drive-In,Point(-86.7138712 36.264946),,,"former drive-in movie theater in Madison, Tennessee, United States"
http://www.wikidata.org/entity/Q43293293,Colonial Twin Drive-In,Point(-86.7138712 36.264946),,,"former drive-in movie theater in Madison, Tennessee, United States"
http://www.wikidata.org/entity/Q43293293,Colonial Twin Drive-In,Point(-86.7138712 36.264946),,,"former drive-in movie theater in Madison, Tennessee, United States"
http://www.wikidata.org/entity/Q43293293,Colonial Twin Drive-In,Point(-86.7138712 36.264946),,,"former drive-in movie theater in Madison, Tennessee, United States"
http://www.wikidata.org/entity/Q43293293,Colonial Twin Drive-In,Point(-86.7138712 36.264946),,,"former drive-in movie theater in Madison, Tennessee, United States"
http://www.wikidata.org/entity/Q43293293,Colonial Twin Drive-In,Point(-86.7138712 36.264946),,,"former drive-in movie theater in Madison, Tennessee, United States"
http://www.wikidata.org/entity/Q43293300,Montague Drive-In,Point(-86.7182547 36.2510311),,,"former drive-in movie theater in Madison, Tennessee, United States"
http://www.wikidata.org/entity/Q43293300,Montague Drive-In,Point(-86.7182547 36.2510311),,,"former drive-in movie theater in Madison, Tennessee, United States"
http://www.wikidata.org/entity/Q43293300,Montague Drive-In,Point(-86.7182547 36.2510311),,,"former drive-in movie theater in Madison, Tennessee, United States"
http://www.wikidata.org/entity/Q43293300,Montague Drive-In,Point(-86.7182547 36.2510311),,,"former drive-in movie theater in Madison, Tennessee, United States"
http://www.wikidata.org/entity/Q43293300,Montague Drive-In,Point(-86.7182547 36.2510311),,,"former drive-in movie theater in Madison, Tennessee, United States"
http://www.wikidata.org/entity/Q43293300,Montague Drive-In,Point(-86.7182547 36.2510311),,,"former drive-in movie theater in Madison, Tennessee, United States"
http://www.wikidata.org/entity/Q43293300,Montague Drive-In,Point(-86.7182547 36.2510311),,,"former drive-in movie theater in Madison, Tennessee, United States"
http://www.wikidata.org/entity/Q43293300,Montague Drive-In,Point(-86.7182547 36.2510311),,,"former drive-in movie theater in Madison, Tennessee, United States"
http://www.wikidata.org/entity/Q43293300,Montague Drive-In,Point(-86.7182547 36.2510311),,,"former drive-in movie theater in Madison, Tennessee, United States"
http://www.wikidata.org/entity/Q43293300,Montague Drive-In,Point(-86.7182547 36.2510311),,,"former drive-in movie theater in Madison, Tennessee, United States"
http://www.wikidata.org/entity/Q43293300,Montague Drive-In,Point(-86.7182547 36.2510311),,,"former drive-in movie theater in Madison, Tennessee, United States"
http://www.wikidata.org/entity/Q43293300,Montague Drive-In,Point(-86.7182547 36.2510311),,,"former drive-in movie theater in Madison, Tennessee, United States"
http://www.wikidata.org/entity/Q43293300,Montague Drive-In,Point(-86.7182547 36.2510311),,,"former drive-in movie theater in Madison, Tennessee, United States"
http://www.wikidata.org/entity/Q43293300,Montague Drive-In,Point(-86.7182547 36.2510311),,,"former drive-in movie theater in Madison, Tennessee, United States"
http://www.wikidata.org/entity/Q43293300,Montague Drive-In,Point(-86.7182547 36.2510311),,,"former drive-in movie theater in Madison, Tennessee, United States"
http://www.wikidata.org/entity/Q43293300,Montague Drive-In,Point(-86.7182547 36.2510311),,,"former drive-in movie theater in Madison, Tennessee, United States"
http://www.wikidata.org/entity/Q43293300,Montague Drive-In,Point(-86.7182547 36.2510311),,,"former drive-in movie theater in Madison, Tennessee, United States"
http://www.wikidata.org/entity/Q43293300,Montague Drive-In,Point(-86.7182547 36.2510311),,,"former drive-in movie theater in Madison, Tennessee, United States"
http://www.wikidata.org/entity/Q43293300,Montague Drive-In,Point(-86.7182547 36.2510311),,,"former drive-in movie theater in Madison, Tennessee, United States"
http://www.wikidata.org/entity/Q43293300,Montague Drive-In,Point(-86.7182547 36.2510311),,,"former drive-in movie theater in Madison, Tennessee, United States"
http://www.wikidata.org/entity/Q43293300,Montague Drive-In,Point(-86.7182547 36.2510311),,,"former drive-in movie theater in Madison, Tennessee, United States"
http://www.wikidata.org/entity/Q43293300,Montague Drive-In,Point(-86.7182547 36.2510311),,,"former drive-in movie theater in Madison, Tennessee, United States"
http://www.wikidata.org/entity/Q43293300,Montague Drive-In,Point(-86.7182547 36.2510311),,,"former drive-in movie theater in Madison, Tennessee, United States"
http://www.wikidata.org/entity/Q43293300,Montague Drive-In,Point(-86.7182547 36.2510311),,,"former drive-in movie theater in Madison, Tennessee, United States"
http://www.wikidata.org/entity/Q34915852,Cedar Creek Access Area,Point(-86.508611111 36.278611111),,,park in the United States of America
http://www.wikidata.org/entity/Q34916084,Cedar Grove Access Area,Point(-86.446666666 36.340277777),,,park in the United States of America
http://www.wikidata.org/entity/Q34916257,Cedar Hill Park,Point(-86.746388888 36.271111111),,,park in the United States of America
http://www.wikidata.org/entity/Q34928264,Clearview Park,Point(-86.460833333 36.396944444),,,"park in Sumner County, Tennessee, United States of America"
http://www.wikidata.org/entity/Q34928548,Cleveland Park,Point(-86.760277777 36.1875),,,"park in Davidson County, Tennessee, United States of America"
http://www.wikidata.org/entity/Q34928717,Clifton Park,Point(-86.844722222 36.156111111),,,"park in Davidson County, Tennessee, United States of America"
http://www.wikidata.org/entity/Q39086129,Plaza Mariachi Music City,Point(-86.7304 36.0844),,,"music venue in Nashville, Tennessee, United States"
http://www.wikidata.org/entity/Q39086129,Plaza Mariachi Music City,Point(-86.7304 36.0844),,,"music venue in Nashville, Tennessee, United States"
http://www.wikidata.org/entity/Q39086129,Plaza Mariachi Music City,Point(-86.7304 36.0844),,,"music venue in Nashville, Tennessee, United States"
http://www.wikidata.org/entity/Q39086129,Plaza Mariachi Music City,Point(-86.7304 36.0844),,,"music venue in Nashville, Tennessee, United States"
http://www.wikidata.org/entity/Q39086129,Plaza Mariachi Music City,Point(-86.7304 36.0844),,,"music venue in Nashville, Tennessee, United States"
http://www.wikidata.org/entity/Q43292972,Broadway Drive-In,Point(-87.3147341 36.0901701),,,"former drive-in movie theater in Burns, Tennessee, United States"
http://www.wikidata.org/entity/Q43292972,Broadway Drive-In,Point(-87.3147341 36.0901701),,,"former drive-in movie theater in Burns, Tennessee, United States"
http://www.wikidata.org/entity/Q43292972,Broadway Drive-In,Point(-87.3147341 36.0901701),,,"former drive-in movie theater in Burns, Tennessee, United States"
http://www.wikidata.org/entity/Q43292972,Broadway Drive-In,Point(-87.3147341 36.0901701),,,"former drive-in movie theater in Burns, Tennessee, United States"
http://www.wikidata.org/entity/Q43292972,Broadway Drive-In,Point(-87.3147341 36.0901701),,,"former drive-in movie theater in Burns, Tennessee, United States"
http://www.wikidata.org/entity/Q43292972,Broadway Drive-In,Point(-87.3147341 36.0901701),,,"former drive-in movie theater in Burns, Tennessee, United States"
http://www.wikidata.org/entity/Q43292972,Broadway Drive-In,Point(-87.3147341 36.0901701),,,"former drive-in movie theater in Burns, Tennessee, United States"
http://www.wikidata.org/entity/Q43292972,Broadway Drive-In,Point(-87.3147341 36.0901701),,,"former drive-in movie theater in Burns, Tennessee, United States"
http://www.wikidata.org/entity/Q43292972,Broadway Drive-In,Point(-87.3147341 36.0901701),,,"former drive-in movie theater in Burns, Tennessee, United States"
http://www.wikidata.org/entity/Q43292972,Broadway Drive-In,Point(-87.3147341 36.0901701),,,"former drive-in movie theater in Burns, Tennessee, United States"
http://www.wikidata.org/entity/Q43292972,Broadway Drive-In,Point(-87.3147341 36.0901701),,,"former drive-in movie theater in Burns, Tennessee, United States"
http://www.wikidata.org/entity/Q43292972,Broadway Drive-In,Point(-87.3147341 36.0901701),,,"former drive-in movie theater in Burns, Tennessee, United States"
http://www.wikidata.org/entity/Q43292972,Broadway Drive-In,Point(-87.3147341 36.0901701),,,"former drive-in movie theater in Burns, Tennessee, United States"
http://www.wikidata.org/entity/Q43292972,Broadway Drive-In,Point(-87.3147341 36.0901701),,,"former drive-in movie theater in Burns, Tennessee, United States"
http://www.wikidata.org/entity/Q43292972,Broadway Drive-In,Point(-87.3147341 36.0901701),,,"former drive-in movie theater in Burns, Tennessee, United States"
http://www.wikidata.org/entity/Q43292972,Broadway Drive-In,Point(-87.3147341 36.0901701),,,"former drive-in movie theater in Burns, Tennessee, United States"
http://www.wikidata.org/entity/Q43292972,Broadway Drive-In,Point(-87.3147341 36.0901701),,,"former drive-in movie theater in Burns, Tennessee, United States"
http://www.wikidata.org/entity/Q43292972,Broadway Drive-In,Point(-87.3147341 36.0901701),,,"former drive-in movie theater in Burns, Tennessee, United States"
http://www.wikidata.org/entity/Q43292972,Broadway Drive-In,Point(-87.3147341 36.0901701),,,"former drive-in movie theater in Burns, Tennessee, United States"
http://www.wikidata.org/entity/Q43292972,Broadway Drive-In,Point(-87.3147341 36.0901701),,,"former drive-in movie theater in Burns, Tennessee, United States"
http://www.wikidata.org/entity/Q43292972,Broadway Drive-In,Point(-87.3147341 36.0901701),,,"former drive-in movie theater in Burns, Tennessee, United States"
http://www.wikidata.org/entity/Q43292972,Broadway Drive-In,Point(-87.3147341 36.0901701),,,"former drive-in movie theater in Burns, Tennessee, United States"
http://www.wikidata.org/entity/Q43292972,Broadway Drive-In,Point(-87.3147341 36.0901701),,,"former drive-in movie theater in Burns, Tennessee, United States"
http://www.wikidata.org/entity/Q43292972,Broadway Drive-In,Point(-87.3147341 36.0901701),,,"former drive-in movie theater in Burns, Tennessee, United States"
http://www.wikidata.org/entity/Q43292972,Broadway Drive-In,Point(-87.3147341 36.0901701),,,"former drive-in movie theater in Burns, Tennessee, United States"
http://www.wikidata.org/entity/Q43292972,Broadway Drive-In,Point(-87.3147341 36.0901701),,,"former drive-in movie theater in Burns, Tennessee, United States"
http://www.wikidata.org/entity/Q43292972,Broadway Drive-In,Point(-87.3147341 36.0901701),,,"former drive-in movie theater in Burns, Tennessee, United States"
http://www.wikidata.org/entity/Q43292972,Broadway Drive-In,Point(-87.3147341 36.0901701),,,"former drive-in movie theater in Burns, Tennessee, United States"
http://www.wikidata.org/entity/Q43292972,Broadway Drive-In,Point(-87.3147341 36.0901701),,,"former drive-in movie theater in Burns, Tennessee, United States"
http://www.wikidata.org/entity/Q43292972,Broadway Drive-In,Point(-87.3147341 36.0901701),,,"former drive-in movie theater in Burns, Tennessee, United States"
http://www.wikidata.org/entity/Q43292972,Broadway Drive-In,Point(-87.3147341 36.0901701),,,"former drive-in movie theater in Burns, Tennessee, United States"
http://www.wikidata.org/entity/Q43292972,Broadway Drive-In,Point(-87.3147341 36.0901701),,,"former drive-in movie theater in Burns, Tennessee, United States"
http://www.wikidata.org/entity/Q43292972,Broadway Drive-In,Point(-87.3147341 36.0901701),,,"former drive-in movie theater in Burns, Tennessee, United States"
http://www.wikidata.org/entity/Q43292972,Broadway Drive-In,Point(-87.3147341 36.0901701),,,"former drive-in movie theater in Burns, Tennessee, United States"
http://www.wikidata.org/entity/Q43292972,Broadway Drive-In,Point(-87.3147341 36.0901701),,,"former drive-in movie theater in Burns, Tennessee, United States"
http://www.wikidata.org/entity/Q43292972,Broadway Drive-In,Point(-87.3147341 36.0901701),,,"former drive-in movie theater in Burns, Tennessee, United States"
http://www.wikidata.org/entity/Q43292972,Broadway Drive-In,Point(-87.3147341 36.0901701),,,"former drive-in movie theater in Burns, Tennessee, United States"
http://www.wikidata.org/entity/Q43292972,Broadway Drive-In,Point(-87.3147341 36.0901701),,,"former drive-in movie theater in Burns, Tennessee, United States"
http://www.wikidata.org/entity/Q43292972,Broadway Drive-In,Point(-87.3147341 36.0901701),,,"former drive-in movie theater in Burns, Tennessee, United States"
http://www.wikidata.org/entity/Q43292972,Broadway Drive-In,Point(-87.3147341 36.0901701),,,"former drive-in movie theater in Burns, Tennessee, United States"
http://www.wikidata.org/entity/Q43292972,Broadway Drive-In,Point(-87.3147341 36.0901701),,,"former drive-in movie theater in Burns, Tennessee, United States"
http://www.wikidata.org/entity/Q43292972,Broadway Drive-In,Point(-87.3147341 36.0901701),,,"former drive-in movie theater in Burns, Tennessee, United States"
http://www.wikidata.org/entity/Q43292972,Broadway Drive-In,Point(-87.3147341 36.0901701),,,"former drive-in movie theater in Burns, Tennessee, United States"
http://www.wikidata.org/entity/Q43292972,Broadway Drive-In,Point(-87.3147341 36.0901701),,,"former drive-in movie theater in Burns, Tennessee, United States"
http://www.wikidata.org/entity/Q43293062,Lebanon Road Drive-In,Point(-86.6730101 36.1697675),,,"former drive-in movie theater in Donelson, Tennessee, United States"
http://www.wikidata.org/entity/Q43293062,Lebanon Road Drive-In,Point(-86.6730101 36.1697675),,,"former drive-in movie theater in Donelson, Tennessee, United States"
http://www.wikidata.org/entity/Q43293062,Lebanon Road Drive-In,Point(-86.6730101 36.1697675),,,"former drive-in movie theater in Donelson, Tennessee, United States"
http://www.wikidata.org/entity/Q43293062,Lebanon Road Drive-In,Point(-86.6730101 36.1697675),,,"former drive-in movie theater in Donelson, Tennessee, United States"
http://www.wikidata.org/entity/Q43293062,Lebanon Road Drive-In,Point(-86.6730101 36.1697675),,,"former drive-in movie theater in Donelson, Tennessee, United States"
http://www.wikidata.org/entity/Q43293062,Lebanon Road Drive-In,Point(-86.6730101 36.1697675),,,"former drive-in movie theater in Donelson, Tennessee, United States"
http://www.wikidata.org/entity/Q43293062,Lebanon Road Drive-In,Point(-86.6730101 36.1697675),,,"former drive-in movie theater in Donelson, Tennessee, United States"
http://www.wikidata.org/entity/Q43293062,Lebanon Road Drive-In,Point(-86.6730101 36.1697675),,,"former drive-in movie theater in Donelson, Tennessee, United States"
http://www.wikidata.org/entity/Q43293062,Lebanon Road Drive-In,Point(-86.6730101 36.1697675),,,"former drive-in movie theater in Donelson, Tennessee, United States"
http://www.wikidata.org/entity/Q43293062,Lebanon Road Drive-In,Point(-86.6730101 36.1697675),,,"former drive-in movie theater in Donelson, Tennessee, United States"
http://www.wikidata.org/entity/Q43293062,Lebanon Road Drive-In,Point(-86.6730101 36.1697675),,,"former drive-in movie theater in Donelson, Tennessee, United States"
http://www.wikidata.org/entity/Q43293062,Lebanon Road Drive-In,Point(-86.6730101 36.1697675),,,"former drive-in movie theater in Donelson, Tennessee, United States"
http://www.wikidata.org/entity/Q43293062,Lebanon Road Drive-In,Point(-86.6730101 36.1697675),,,"former drive-in movie theater in Donelson, Tennessee, United States"
http://www.wikidata.org/entity/Q43293062,Lebanon Road Drive-In,Point(-86.6730101 36.1697675),,,"former drive-in movie theater in Donelson, Tennessee, United States"
http://www.wikidata.org/entity/Q43293062,Lebanon Road Drive-In,Point(-86.6730101 36.1697675),,,"former drive-in movie theater in Donelson, Tennessee, United States"
http://www.wikidata.org/entity/Q43293062,Lebanon Road Drive-In,Point(-86.6730101 36.1697675),,,"former drive-in movie theater in Donelson, Tennessee, United States"
http://www.wikidata.org/entity/Q43293062,Lebanon Road Drive-In,Point(-86.6730101 36.1697675),,,"former drive-in movie theater in Donelson, Tennessee, United States"
http://www.wikidata.org/entity/Q43293062,Lebanon Road Drive-In,Point(-86.6730101 36.1697675),,,"former drive-in movie theater in Donelson, Tennessee, United States"
http://www.wikidata.org/entity/Q43293062,Lebanon Road Drive-In,Point(-86.6730101 36.1697675),,,"former drive-in movie theater in Donelson, Tennessee, United States"
http://www.wikidata.org/entity/Q43293062,Lebanon Road Drive-In,Point(-86.6730101 36.1697675),,,"former drive-in movie theater in Donelson, Tennessee, United States"
http://www.wikidata.org/entity/Q43293062,Lebanon Road Drive-In,Point(-86.6730101 36.1697675),,,"former drive-in movie theater in Donelson, Tennessee, United States"
http://www.wikidata.org/entity/Q43293062,Lebanon Road Drive-In,Point(-86.6730101 36.1697675),,,"former drive-in movie theater in Donelson, Tennessee, United States"
http://www.wikidata.org/entity/Q43293062,Lebanon Road Drive-In,Point(-86.6730101 36.1697675),,,"former drive-in movie theater in Donelson, Tennessee, United States"
http://www.wikidata.org/entity/Q43293062,Lebanon Road Drive-In,Point(-86.6730101 36.1697675),,,"former drive-in movie theater in Donelson, Tennessee, United States"
http://www.wikidata.org/entity/Q43293062,Lebanon Road Drive-In,Point(-86.6730101 36.1697675),,,"former drive-in movie theater in Donelson, Tennessee, United States"
http://www.wikidata.org/entity/Q43293062,Lebanon Road Drive-In,Point(-86.6730101 36.1697675),,,"former drive-in movie theater in Donelson, Tennessee, United States"
http://www.wikidata.org/entity/Q43293062,Lebanon Road Drive-In,Point(-86.6730101 36.1697675),,,"former drive-in movie theater in Donelson, Tennessee, United States"
http://www.wikidata.org/entity/Q43293062,Lebanon Road Drive-In,Point(-86.6730101 36.1697675),,,"former drive-in movie theater in Donelson, Tennessee, United States"
http://www.wikidata.org/entity/Q43293062,Lebanon Road Drive-In,Point(-86.6730101 36.1697675),,,"former drive-in movie theater in Donelson, Tennessee, United States"
http://www.wikidata.org/entity/Q43293062,Lebanon Road Drive-In,Point(-86.6730101 36.1697675),,,"former drive-in movie theater in Donelson, Tennessee, United States"
http://www.wikidata.org/entity/Q43293062,Lebanon Road Drive-In,Point(-86.6730101 36.1697675),,,"former drive-in movie theater in Donelson, Tennessee, United States"
http://www.wikidata.org/entity/Q43293062,Lebanon Road Drive-In,Point(-86.6730101 36.1697675),,,"former drive-in movie theater in Donelson, Tennessee, United States"
http://www.wikidata.org/entity/Q43293062,Lebanon Road Drive-In,Point(-86.6730101 36.1697675),,,"former drive-in movie theater in Donelson, Tennessee, United States"
http://www.wikidata.org/entity/Q43293062,Lebanon Road Drive-In,Point(-86.6730101 36.1697675),,,"former drive-in movie theater in Donelson, Tennessee, United States"
http://www.wikidata.org/entity/Q43293062,Lebanon Road Drive-In,Point(-86.6730101 36.1697675),,,"former drive-in movie theater in Donelson, Tennessee, United States"
http://www.wikidata.org/entity/Q43293062,Lebanon Road Drive-In,Point(-86.6730101 36.1697675),,,"former drive-in movie theater in Donelson, Tennessee, United States"
http://www.wikidata.org/entity/Q43293062,Lebanon Road Drive-In,Point(-86.6730101 36.1697675),,,"former drive-in movie theater in Donelson, Tennessee, United States"
http://www.wikidata.org/entity/Q43293062,Lebanon Road Drive-In,Point(-86.6730101 36.1697675),,,"former drive-in movie theater in Donelson, Tennessee, United States"
http://www.wikidata.org/entity/Q43293062,Lebanon Road Drive-In,Point(-86.6730101 36.1697675),,,"former drive-in movie theater in Donelson, Tennessee, United States"
http://www.wikidata.org/entity/Q43293062,Lebanon Road Drive-In,Point(-86.6730101 36.1697675),,,"former drive-in movie theater in Donelson, Tennessee, United States"
http://www.wikidata.org/entity/Q43293062,Lebanon Road Drive-In,Point(-86.6730101 36.1697675),,,"former drive-in movie theater in Donelson, Tennessee, United States"
http://www.wikidata.org/entity/Q43293062,Lebanon Road Drive-In,Point(-86.6730101 36.1697675),,,"former drive-in movie theater in Donelson, Tennessee, United States"
http://www.wikidata.org/entity/Q43293062,Lebanon Road Drive-In,Point(-86.6730101 36.1697675),,,"former drive-in movie theater in Donelson, Tennessee, United States"
http://www.wikidata.org/entity/Q43293062,Lebanon Road Drive-In,Point(-86.6730101 36.1697675),,,"former drive-in movie theater in Donelson, Tennessee, United States"
http://www.wikidata.org/entity/Q5223652,Darkhorse Theater,Point(-86.84329 36.15245),,,
http://www.wikidata.org/entity/Q5223652,Darkhorse Theater,Point(-86.84329 36.15245),,,
http://www.wikidata.org/entity/Q5223652,Darkhorse Theater,Point(-86.84329 36.15245),,,
http://www.wikidata.org/entity/Q5223652,Darkhorse Theater,Point(-86.84329 36.15245),,,
http://www.wikidata.org/entity/Q5223652,Darkhorse Theater,Point(-86.84329 36.15245),,,
http://www.wikidata.org/entity/Q5223652,Darkhorse Theater,Point(-86.84329 36.15245),,,
http://www.wikidata.org/entity/Q5223652,Darkhorse Theater,Point(-86.84329 36.15245),,,
http://www.wikidata.org/entity/Q5223652,Darkhorse Theater,Point(-86.84329 36.15245),,,
http://www.wikidata.org/entity/Q5223652,Darkhorse Theater,Point(-86.84329 36.15245),,,
http://www.wikidata.org/entity/Q5223652,Darkhorse Theater,Point(-86.84329 36.15245),,,
http://www.wikidata.org/entity/Q5223652,Darkhorse Theater,Point(-86.84329 36.15245),,,
http://www.wikidata.org/entity/Q5223652,Darkhorse Theater,Point(-86.84329 36.15245),,,
http://www.wikidata.org/entity/Q5223652,Darkhorse Theater,Point(-86.84329 36.15245),,,
http://www.wikidata.org/entity/Q5223652,Darkhorse Theater,Point(-86.84329 36.15245),,,
http://www.wikidata.org/entity/Q5223652,Darkhorse Theater,Point(-86.84329 36.15245),,,
http://www.wikidata.org/entity/Q5223652,Darkhorse Theater,Point(-86.84329 36.15245),,,
http://www.wikidata.org/entity/Q5223652,Darkhorse Theater,Point(-86.84329 36.15245),,,
http://www.wikidata.org/entity/Q5223652,Darkhorse Theater,Point(-86.84329 36.15245),,,
http://www.wikidata.org/entity/Q5223652,Darkhorse Theater,Point(-86.84329 36.15245),,,
http://www.wikidata.org/entity/Q5223652,Darkhorse Theater,Point(-86.84329 36.15245),,,
http://www.wikidata.org/entity/Q5223652,Darkhorse Theater,Point(-86.84329 36.15245),,,
http://www.wikidata.org/entity/Q5223652,Darkhorse Theater,Point(-86.84329 36.15245),,,
http://www.wikidata.org/entity/Q5223652,Darkhorse Theater,Point(-86.84329 36.15245),,,
http://www.wikidata.org/entity/Q5223652,Darkhorse Theater,Point(-86.84329 36.15245),,,
http://www.wikidata.org/entity/Q5223652,Darkhorse Theater,Point(-86.84329 36.15245),,,
http://www.wikidata.org/entity/Q5223652,Darkhorse Theater,Point(-86.84329 36.15245),,,
http://www.wikidata.org/entity/Q5578795,Gold Mine Studios,Point(-86.8739 36.0208),,,
http://www.wikidata.org/entity/Q5578795,Gold Mine Studios,Point(-86.8739 36.0208),,,
http://www.wikidata.org/entity/Q5578795,Gold Mine Studios,Point(-86.8739 36.0208),,,
http://www.wikidata.org/entity/Q5578795,Gold Mine Studios,Point(-86.8739 36.0208),,,
http://www.wikidata.org/entity/Q22073265,Tennessee Agricultural Museum,Point(-86.7463875 36.0633931),,http://tnagmuseum.org,
http://www.wikidata.org/entity/Q49528743,Moss Wright Park,Point(-86.685 36.32019),,,
http://www.wikidata.org/entity/Q49535049,Old Hickory Lake Park,Point(-86.6614 36.28794),,,
http://www.wikidata.org/entity/Q49552703,Rockland Recreation Area,Point(-86.64814 36.29998),,,
http://www.wikidata.org/entity/Q49560722,Shelby Bottoms Nature Center & Greenway,Point(-86.70384 36.1807),,https://www.nashville.gov/Parks-and-Recreation/Nature-Centers-and-Natural-Areas/Shelby-Bottoms-Nature-Center.aspx,
http://www.wikidata.org/entity/Q49560722,Shelby Bottoms Nature Center & Greenway,Point(-86.70384 36.1807),,https://www.nashville.gov/Parks-and-Recreation/Nature-Centers-and-Natural-Areas/Shelby-Bottoms-Nature-Center.aspx,
http://www.wikidata.org/entity/Q49560722,Shelby Bottoms Nature Center & Greenway,Point(-86.70384 36.1807),,https://www.nashville.gov/Parks-and-Recreation/Nature-Centers-and-Natural-Areas/Shelby-Bottoms-Nature-Center.aspx,
http://www.wikidata.org/entity/Q49560722,Shelby Bottoms Nature Center & Greenway,Point(-86.70384 36.1807),,https://www.nashville.gov/Parks-and-Recreation/Nature-Centers-and-Natural-Areas/Shelby-Bottoms-Nature-Center.aspx,
http://www.wikidata.org/entity/Q49568841,Tailwater Access Area,Point(-86.66234 36.29441),,,
http://www.wikidata.org/entity/Q63015129,B.B. King’s Blues Club of Nashville,Point(-86.7759851 36.1634196),,,
http://www.wikidata.org/entity/Q63015129,B.B. King’s Blues Club of Nashville,Point(-86.7759851 36.1634196),,,
http://www.wikidata.org/entity/Q63015129,B.B. King’s Blues Club of Nashville,Point(-86.7759851 36.1634196),,,
http://www.wikidata.org/entity/Q63015129,B.B. King’s Blues Club of Nashville,Point(-86.7759851 36.1634196),,,
http://www.wikidata.org/entity/Q63015129,B.B. King’s Blues Club of Nashville,Point(-86.7759851 36.1634196),,,
http://www.wikidata.org/entity/Q135918495,Q135918495,Point(-86.7788491 36.1644533),,,
http://www.wikidata.org/entity/Q135918495,Q135918495,Point(-86.7788491 36.1644533),,,
http://www.wikidata.org/entity/Q135918495,Q135918495,Point(-86.7788491 36.1644533),,,
http://www.wikidata.org/entity/Q135918495,Q135918495,Point(-86.7788491 36.1644533),,,
http://www.wikidata.org/entity/Q135918495,Q135918495,Point(-86.7788491 36.1644533),,,
http://www.wikidata.org/entity/Q135918495,Q135918495,Point(-86.7788491 36.1644533),,,
http://www.wikidata.org/entity/Q135918495,Q135918495,Point(-86.7788491 36.1644533),,,
http://www.wikidata.org/entity/Q135918495,Q135918495,Point(-86.7788491 36.1644533),,,
http://www.wikidata.org/entity/Q135918495,Q135918495,Point(-86.7788491 36.1644533),,,
http://www.wikidata.org/entity/Q135918495,Q135918495,Point(-86.7788491 36.1644533),,,
http://www.wikidata.org/entity/Q135918495,Q135918495,Point(-86.7788491 36.1644533),,,
http://www.wikidata.org/entity/Q135918495,Q135918495,Point(-86.7788491 36.1644533),,,
http://www.wikidata.org/entity/Q135918495,Q135918495,Point(-86.7788491 36.1644533),,,
http://www.wikidata.org/entity/Q49487850,Ezele Road Park,Point(-86.677777777 36.088333333),,,"park in Davidson County, Tennessee, United States of America"
http://www.wikidata.org/entity/Q49488204,Fall Creek Recreation Area,Point(-86.444444444 36.020277777),,,"park in Rutherford County, Tennessee, United States of America"
http://www.wikidata.org/entity/Q49488559,Fate Sanders Recreation Area,Point(-86.487222222 36.041666666),,,"park in Rutherford County, Tennessee, United States of America"
http://www.wikidata.org/entity/Q49490999,Four Corners Recreation Area,Point(-86.573333333 36.05),,,"park in Davidson County, Tennessee, United States of America"
http://www.wikidata.org/entity/Q49492667,Gallatin City Park,Point(-86.438333333 36.384166666),,,"park in Sumner County, Tennessee, United States of America"
http://www.wikidata.org/entity/Q49492676,Gallatin Steam Plant Access Area,Point(-86.390277777 36.315555555),,,"park in Sumner County, Tennessee, United States of America"
http://www.wikidata.org/entity/Q49493308,Gentry Park,Point(-87.275833333 36.038611111),,,"park in Dickson County, Tennessee, United States of America"
http://www.wikidata.org/entity/Q49494127,Glendale Zoo,Point(-86.778611111 36.111388888),,,"park in Davidson County, Tennessee, United States of America"
http://www.wikidata.org/entity/Q49495255,Granny White Park,Point(-86.818333333 36.052222222),,,"park in Williamson County, Tennessee, United States of America"
http://www.wikidata.org/entity/Q49495756,Green Hills Park,Point(-86.805 36.095277777),,,"park in Davidson County, Tennessee, United States of America"
http://www.wikidata.org/entity/Q49496298,Gregory Mill Dam Park,Point(-86.503611111 35.971944444),,,"park in Rutherford County, Tennessee, United States of America"
http://www.wikidata.org/entity/Q49497037,Hadley Park,Point(-86.822777777 36.165277777),,,"park in Davidson County, Tennessee, United States of America"
http://www.wikidata.org/entity/Q49497356,Hamilton Creek Metropolitan Park,Point(-86.623611111 36.107777777),,,"park in Davidson County, Tennessee, United States of America"
http://www.wikidata.org/entity/Q49498254,Harpeth River Bridge Access Point,Point(-87.145277777 36.284444444),,,"park in Cheatham County, Tennessee, United States of America"
http://www.wikidata.org/entity/Q49498256,Harpeth River Park,Point(-86.959444444 36.078333333),,,"park in Davidson County, Tennessee, United States of America"
http://www.wikidata.org/entity/Q49498555,Hartman Park,Point(-86.825555555 36.211111111),,,"park in Davidson County, Tennessee, United States of America"
http://www.wikidata.org/entity/Q49499876,Hendersonville Park,Point(-86.604166666 36.251388888),,,"park in Sumner County, Tennessee, United States of America"
http://www.wikidata.org/entity/Q49500444,Hermitage Lands State Wildlife Management Area,Point(-86.605555555 36.163888888),,,"park in Davidson County, Tennessee, United States of America"
http://www.wikidata.org/entity/Q49501485,Hill Park,Point(-86.885277777 36.135277777),,,"park in Davidson County, Tennessee, United States of America"
http://www.wikidata.org/entity/Q49503616,Howell Park,Point(-86.772777777 36.156944444),,,"park in Davidson County, Tennessee, United States of America"
http://www.wikidata.org/entity/Q49504099,Hunters Point Access Area,Point(-86.264722222 36.299166666),,,"park in Wilson County, Tennessee, United States of America"
http://www.wikidata.org/entity/Q49504257,Hurricane Creek Recreation Area,Point(-86.556666666 36.051111111),,,"park in Rutherford County, Tennessee, United States of America"
http://www.wikidata.org/entity/Q49505933,J Percy Priest Wildlife Management Area,Point(-86.584166666 36.140833333),,,"park in Davidson County, Tennessee, United States of America"
http://www.wikidata.org/entity/Q49507344,Jefferson Springs Recreation Area,Point(-86.472777777 36.000277777),,,"park in Rutherford County, Tennessee, United States of America"
http://www.wikidata.org/entity/Q49507770,Jim Warren Park,Point(-86.888611111 35.921111111),,,"park in Williamson County, Tennessee, United States of America"
http://www.wikidata.org/entity/Q4930243,Bluebird Cafe,Point(-86.816746 36.102043),,http://www.bluebirdcafe.com/,"music club in Nashville, Tennessee, USA"
http://www.wikidata.org/entity/Q5017234,Café Coco,Point(-86.804938 36.15186),,http://www.cafecoco.com/,"restaurant in Tennessee, USA"
http://www.wikidata.org/entity/Q5017234,Café Coco,Point(-86.804938 36.15186),,http://www.cafecoco.com/,"restaurant in Tennessee, USA"
http://www.wikidata.org/entity/Q5017234,Café Coco,Point(-86.804938 36.15186),,http://www.cafecoco.com/,"restaurant in Tennessee, USA"
http://www.wikidata.org/entity/Q5017234,Café Coco,Point(-86.804938 36.15186),,http://www.cafecoco.com/,"restaurant in Tennessee, USA"
http://www.wikidata.org/entity/Q5017234,Café Coco,Point(-86.804938 36.15186),,http://www.cafecoco.com/,"restaurant in Tennessee, USA"
http://www.wikidata.org/entity/Q5056995,Cedars of Lebanon State Park,Point(-86.37638 36.09034),,https://tnstateparks.com/parks/cedars-of-lebanon,"state park in Tennessee, United States"
http://www.wikidata.org/entity/Q5056995,Cedars of Lebanon State Park,Point(-86.37638 36.09034),,https://tnstateparks.com/parks/cedars-of-lebanon,"state park in Tennessee, United States"
http://www.wikidata.org/entity/Q5056995,Cedars of Lebanon State Park,Point(-86.3115 36.0737),,https://tnstateparks.com/parks/cedars-of-lebanon,"state park in Tennessee, United States"
http://www.wikidata.org/entity/Q5056995,Cedars of Lebanon State Park,Point(-86.3115 36.0737),,https://tnstateparks.com/parks/cedars-of-lebanon,"state park in Tennessee, United States"
http://www.wikidata.org/entity/Q5056995,Cedars of Lebanon State Park,Point(-86.37638 36.09034),,https://tnstateparks.com/parks/cedars-of-lebanon,"state park in Tennessee, United States"
http://www.wikidata.org/entity/Q5056995,Cedars of Lebanon State Park,Point(-86.37638 36.09034),,https://tnstateparks.com/parks/cedars-of-lebanon,"state park in Tennessee, United States"
http://www.wikidata.org/entity/Q5056995,Cedars of Lebanon State Park,Point(-86.3115 36.0737),,https://tnstateparks.com/parks/cedars-of-lebanon,"state park in Tennessee, United States"
http://www.wikidata.org/entity/Q5056995,Cedars of Lebanon State Park,Point(-86.3115 36.0737),,https://tnstateparks.com/parks/cedars-of-lebanon,"state park in Tennessee, United States"
http://www.wikidata.org/entity/Q5250991,Deerwood Arboretum and Nature Area,Point(-86.83972 36.03594),,,"City park and arboretum in Brentwood, Tennessee"
http://www.wikidata.org/entity/Q5250991,Deerwood Arboretum and Nature Area,Point(-86.83972 36.03594),,,"City park and arboretum in Brentwood, Tennessee"
http://www.wikidata.org/entity/Q5250991,Deerwood Arboretum and Nature Area,Point(-86.83972 36.03594),,,"City park and arboretum in Brentwood, Tennessee"
http://www.wikidata.org/entity/Q5250991,Deerwood Arboretum and Nature Area,Point(-86.83972 36.03594),,,"City park and arboretum in Brentwood, Tennessee"
http://www.wikidata.org/entity/Q5250991,Deerwood Arboretum and Nature Area,Point(-86.83972 36.03594),,,"City park and arboretum in Brentwood, Tennessee"
http://www.wikidata.org/entity/Q5250991,Deerwood Arboretum and Nature Area,Point(-86.83972 36.03594),,,"City park and arboretum in Brentwood, Tennessee"
http://www.wikidata.org/entity/Q5250991,Deerwood Arboretum and Nature Area,Point(-86.83972 36.03594),,,"City park and arboretum in Brentwood, Tennessee"
http://www.wikidata.org/entity/Q5250991,Deerwood Arboretum and Nature Area,Point(-86.83972 36.03594),,,"City park and arboretum in Brentwood, Tennessee"
http://www.wikidata.org/entity/Q5250991,Deerwood Arboretum and Nature Area,Point(-86.83972 36.03594),,,"City park and arboretum in Brentwood, Tennessee"
http://www.wikidata.org/entity/Q5250991,Deerwood Arboretum and Nature Area,Point(-86.83972 36.03594),,,"City park and arboretum in Brentwood, Tennessee"
http://www.wikidata.org/entity/Q5420374,Exit/In,Point(-86.80434 36.15135),,http://www.exitin.com/,"music venue in Nashville, Tennessee"
http://www.wikidata.org/entity/Q5420374,Exit/In,Point(-86.80434 36.15135),,http://www.exitin.com/,"music venue in Nashville, Tennessee"
http://www.wikidata.org/entity/Q5420374,Exit/In,Point(-86.80434 36.15135),,http://www.exitin.com/,"music venue in Nashville, Tennessee"
http://www.wikidata.org/entity/Q5420374,Exit/In,Point(-86.80434 36.15135),,http://www.exitin.com/,"music venue in Nashville, Tennessee"
http://www.wikidata.org/entity/Q7968470,War Memorial Auditorium,Point(-86.7837497 36.1643526),,https://www.wmarocks.com,"Performance hall located in Nashville, Tennessee"
http://www.wikidata.org/entity/Q7969746,Warner Parks,Point(-86.891667 36.063056),,https://www.nashville.gov/Parks-and-Recreation/Parks/Warner-Parks.aspx,"parks located outside downtown Nashville, Tennessee"
http://www.wikidata.org/entity/Q8001264,Wildhorse Saloon,Point(-86.775521 36.162642),,http://www.wildhorsesaloon.com/,"club in Nashville, Tennessee"
http://www.wikidata.org/entity/Q8001264,Wildhorse Saloon,Point(-86.775521 36.162642),,http://www.wildhorsesaloon.com/,"club in Nashville, Tennessee"
http://www.wikidata.org/entity/Q8001264,Wildhorse Saloon,Point(-86.775521 36.162642),,http://www.wildhorsesaloon.com/,"club in Nashville, Tennessee"
http://www.wikidata.org/entity/Q8001264,Wildhorse Saloon,Point(-86.775521 36.162642),,http://www.wildhorsesaloon.com/,"club in Nashville, Tennessee"
http://www.wikidata.org/entity/Q14709907,Harpeth River State Park,Point(-87.1207 36.1466),,https://tnstateparks.com/parks/harpeth-river,"State Park in Tennessee, United States"
http://www.wikidata.org/entity/Q14709907,Harpeth River State Park,Point(-87.1207 36.1466),,https://tnstateparks.com/parks/harpeth-river,"State Park in Tennessee, United States"
http://www.wikidata.org/entity/Q14709907,Harpeth River State Park,Point(-87.1207 36.1466),,https://tnstateparks.com/parks/harpeth-river,"State Park in Tennessee, United States"
http://www.wikidata.org/entity/Q14709907,Harpeth River State Park,Point(-87.1207 36.1466),,https://tnstateparks.com/parks/harpeth-river,"State Park in Tennessee, United States"
http://www.wikidata.org/entity/Q15068204,Interstate Packaging Arboretum,Point(-87.228 36.124),,,"arboretum in White Bluff, Tennessee"
http://www.wikidata.org/entity/Q15068204,Interstate Packaging Arboretum,Point(-87.228 36.124),,,"arboretum in White Bluff, Tennessee"
http://www.wikidata.org/entity/Q15068204,Interstate Packaging Arboretum,Point(-87.228 36.124),,,"arboretum in White Bluff, Tennessee"
http://www.wikidata.org/entity/Q15068204,Interstate Packaging Arboretum,Point(-87.228 36.124),,,"arboretum in White Bluff, Tennessee"
http://www.wikidata.org/entity/Q15068204,Interstate Packaging Arboretum,Point(-87.228 36.124),,,"arboretum in White Bluff, Tennessee"
http://www.wikidata.org/entity/Q15068204,Interstate Packaging Arboretum,Point(-87.228 36.124),,,"arboretum in White Bluff, Tennessee"
http://www.wikidata.org/entity/Q15068204,Interstate Packaging Arboretum,Point(-87.228 36.124),,,"arboretum in White Bluff, Tennessee"
http://www.wikidata.org/entity/Q15068204,Interstate Packaging Arboretum,Point(-87.228 36.124),,,"arboretum in White Bluff, Tennessee"
http://www.wikidata.org/entity/Q15068204,Interstate Packaging Arboretum,Point(-87.228 36.124),,,"arboretum in White Bluff, Tennessee"
http://www.wikidata.org/entity/Q15068204,Interstate Packaging Arboretum,Point(-87.228 36.124),,,"arboretum in White Bluff, Tennessee"
http://www.wikidata.org/entity/Q16255553,Tootsie's Orchid Lounge,Point(-86.778279 36.160723),,http://www.tootsies.net/,"bar in Nashville, Tennessee"
http://www.wikidata.org/entity/Q18563658,Vanderbilt Museum of Art,Point(-86.801389 36.145833),,https://www.vanderbilt.edu/art-museum/,"art museum at Vanderbilt University in Nashville, Tennessee, USA"
http://www.wikidata.org/entity/Q18563658,Vanderbilt Museum of Art,Point(-86.801389 36.145833),,https://www.vanderbilt.edu/art-museum/,"art museum at Vanderbilt University in Nashville, Tennessee, USA"
http://www.wikidata.org/entity/Q18563658,Vanderbilt Museum of Art,Point(-86.801389 36.145833),,https://www.vanderbilt.edu/art-museum/,"art museum at Vanderbilt University in Nashville, Tennessee, USA"
http://www.wikidata.org/entity/Q18563658,Vanderbilt Museum of Art,Point(-86.801389 36.145833),,https://www.vanderbilt.edu/art-museum/,"art museum at Vanderbilt University in Nashville, Tennessee, USA"
http://www.wikidata.org/entity/Q18563658,Vanderbilt Museum of Art,Point(-86.801389 36.145833),,https://www.vanderbilt.edu/art-museum/,"art museum at Vanderbilt University in Nashville, Tennessee, USA"
http://www.wikidata.org/entity/Q18563658,Vanderbilt Museum of Art,Point(-86.801389 36.145833),,https://www.vanderbilt.edu/art-museum/,"art museum at Vanderbilt University in Nashville, Tennessee, USA"
http://www.wikidata.org/entity/Q18563658,Vanderbilt Museum of Art,Point(-86.801389 36.145833),,https://www.vanderbilt.edu/art-museum/,"art museum at Vanderbilt University in Nashville, Tennessee, USA"
http://www.wikidata.org/entity/Q18563658,Vanderbilt Museum of Art,Point(-86.801389 36.145833),,https://www.vanderbilt.edu/art-museum/,"art museum at Vanderbilt University in Nashville, Tennessee, USA"
http://www.wikidata.org/entity/Q18563658,Vanderbilt Museum of Art,Point(-86.801389 36.145833),,https://www.vanderbilt.edu/art-museum/,"art museum at Vanderbilt University in Nashville, Tennessee, USA"
http://www.wikidata.org/entity/Q19903572,Prince's Hot Chicken Shack,Point(-86.712215 36.043849),,https://www.princeshotchicken.com/,Nashville restaurant
http://www.wikidata.org/entity/Q19903572,Prince's Hot Chicken Shack,Point(-86.712215 36.043849),,https://www.princeshotchicken.com/,Nashville restaurant
http://www.wikidata.org/entity/Q19903572,Prince's Hot Chicken Shack,Point(-86.712215 36.043849),,https://www.princeshotchicken.com/,Nashville restaurant
http://www.wikidata.org/entity/Q19903572,Prince's Hot Chicken Shack,Point(-86.712215 36.043849),,https://www.princeshotchicken.com/,Nashville restaurant
http://www.wikidata.org/entity/Q20708496,Ascend Amphitheater,Point(-86.771658 36.159178),,http://www.ascendamphitheater.com/,"open-air event venue located on the Cumberland River in Nashville, Tennessee"
http://www.wikidata.org/entity/Q20708496,Ascend Amphitheater,Point(-86.771658 36.159178),,http://www.ascendamphitheater.com/,"open-air event venue located on the Cumberland River in Nashville, Tennessee"
http://www.wikidata.org/entity/Q20708496,Ascend Amphitheater,Point(-86.771658 36.159178),,http://www.ascendamphitheater.com/,"open-air event venue located on the Cumberland River in Nashville, Tennessee"
http://www.wikidata.org/entity/Q20708496,Ascend Amphitheater,Point(-86.771658 36.159178),,http://www.ascendamphitheater.com/,"open-air event venue located on the Cumberland River in Nashville, Tennessee"
http://www.wikidata.org/entity/Q20708496,Ascend Amphitheater,Point(-86.771658 36.159178),,http://www.ascendamphitheater.com/,"open-air event venue located on the Cumberland River in Nashville, Tennessee"
http://www.wikidata.org/entity/Q20708496,Ascend Amphitheater,Point(-86.771658 36.159178),,http://www.ascendamphitheater.com/,"open-air event venue located on the Cumberland River in Nashville, Tennessee"
http://www.wikidata.org/entity/Q20708496,Ascend Amphitheater,Point(-86.771658 36.159178),,http://www.ascendamphitheater.com/,"open-air event venue located on the Cumberland River in Nashville, Tennessee"
http://www.wikidata.org/entity/Q20708496,Ascend Amphitheater,Point(-86.771658 36.159178),,http://www.ascendamphitheater.com/,"open-air event venue located on the Cumberland River in Nashville, Tennessee"
http://www.wikidata.org/entity/Q20708496,Ascend Amphitheater,Point(-86.771658 36.159178),,http://www.ascendamphitheater.com/,"open-air event venue located on the Cumberland River in Nashville, Tennessee"
http://www.wikidata.org/entity/Q20708496,Ascend Amphitheater,Point(-86.771658 36.159178),,http://www.ascendamphitheater.com/,"open-air event venue located on the Cumberland River in Nashville, Tennessee"
http://www.wikidata.org/entity/Q20708496,Ascend Amphitheater,Point(-86.771658 36.159178),,http://www.ascendamphitheater.com/,"open-air event venue located on the Cumberland River in Nashville, Tennessee"
http://www.wikidata.org/entity/Q20708496,Ascend Amphitheater,Point(-86.771658 36.159178),,http://www.ascendamphitheater.com/,"open-air event venue located on the Cumberland River in Nashville, Tennessee"
http://www.wikidata.org/entity/Q49535091,Old Lock Three Access Area,Point(-86.631944444 36.276111111),,,"park in Sumner County, Tennessee, United States of America"
http://www.wikidata.org/entity/Q49535784,Opryland,Point(-86.693055555 36.209166666),,,"park in Davidson County, Tennessee, United States of America"
http://www.wikidata.org/entity/Q49536444,Otter Creek Park,Point(-86.833333333 36.058333333),,,"park in Davidson County, Tennessee, United States of America"
http://www.wikidata.org/entity/Q49539208,Pardue Pond Wildlife Refuge,Point(-87.178333333 36.308888888),,,park in the United States of America
http://www.wikidata.org/entity/Q49539656,Parkwood Park,Point(-86.771666666 36.235277777),,,"park in Davidson County, Tennessee, United States of America"
http://www.wikidata.org/entity/Q49540745,Peay Park,Point(-86.717777777 36.320833333),,,"park in Davidson County, Tennessee, United States of America"
http://www.wikidata.org/entity/Q49540887,Peeler Park,Point(-86.653333333 36.200555555),,,"park in Davidson County, Tennessee, United States of America"
http://www.wikidata.org/entity/Q49541380,Percy Warner Park,Point(-86.880833333 36.068333333),,,"park located outside of downtown Nashville, Tennessee, United States"
http://www.wikidata.org/entity/Q49543681,Pitts Park,Point(-86.706666666 36.056666666),,,park in the United States of America
http://www.wikidata.org/entity/Q49544113,Pleasant Green Park,Point(-86.709166666 36.305),,,park in the United States of America
http://www.wikidata.org/entity/Q49544951,Poole Knobs Recreation Area,Point(-86.510277777 36.050833333),,,"park in Rutherford County, Tennessee, United States of America"
http://www.wikidata.org/entity/Q49547539,Radnor Lake Natural Area and Wildlife Refuge,Point(-86.801388888 36.059722222),,,"park in Davidson County, Tennessee, United States of America"
http://www.wikidata.org/entity/Q49549468,Reservoir Park,Point(-86.780833333 36.138611111),,,"park in Davidson County, Tennessee, United States of America"
http://www.wikidata.org/entity/Q49549963,Richland Park,Point(-86.845 36.151666666),,,"park in Davidson County, Tennessee, United States of America"
http://www.wikidata.org/entity/Q49551863,Rob Roy Purdy Field,Point(-86.807777777 36.140277777),,,park in the United States of America
http://www.wikidata.org/entity/Q49553684,Rose Park,Point(-86.783888888 36.143333333),,,"park in Davidson County, Tennessee, United States of America"
http://www.wikidata.org/entity/Q49554702,Rucker Avenue Park,Point(-86.776666666 36.220277777),,,"park in Davidson County, Tennessee, United States of America"
http://www.wikidata.org/entity/Q49557473,Sandy Chapel Access Area,Point(-86.3775 36.342222222),,,park in the United States of America
http://www.wikidata.org/entity/Q49558084,Saunders Ferry Park,Point(-86.605555555 36.251666666),,,park in the United States of America
http://www.wikidata.org/entity/Q49558097,Saundersville Access Area,Point(-86.559722222 36.316944444),,,"park in Sumner County, Tennessee, United States of America"
http://www.wikidata.org/entity/Q49559898,Seven Points Public Use Area,Point(-86.570277777 36.133333333),,,"park in Davidson County, Tennessee, United States of America"
http://www.wikidata.org/entity/Q49559897,Seven Oaks Park,Point(-86.698888888 36.108055555),,,"park in Davidson County, Tennessee, United States of America"
http://www.wikidata.org/entity/Q49559900,Sevenmile Park,Point(-86.750555555 36.053055555),,,"park in Davidson County, Tennessee, United States of America"
http://www.wikidata.org/entity/Q49559965,Sevier Park,Point(-86.789444444 36.119444444),,,"park in Davidson County, Tennessee, United States of America"
