item,itemLabel,coord,instagram,website,desc
http://www.wikidata.org/entity/Q162154,Broad Contemporary Art Museum,Point(-118.359683 34.063413),,http://www.broadartfoundation.org,art museum
http://www.wikidata.org/entity/Q180615,Dolby Theatre,Point(-118.340277777 34.102777777),,https://www.dolbytheatre.com/,"live entertainment theatre in Los Angeles, California, United States"
http://www.wikidata.org/entity/Q186080,Crypto.com Arena,Point(-118.267222222 34.043055555),cryptocomarena,https://cryptoarena.com,"multi-purpose arena in Los Angeles, California, United States"
http://www.wikidata.org/entity/Q240970,Samuel Goldwyn Theater,Point(-118.387 34.0674),,http://www.oscars.org/about/facilities/samuel-goldwyn-theater,"movie theater in Beverly Hills, California, United States, at headquarters of The Academy of Motion Picture Arts and Sciences (AMPAS)"
http://www.wikidata.org/entity/Q254118,Holocaust Museum LA,Point(-118.369 34.0639),lamoth1961,http://www.lamoth.org/,museum
http://www.wikidata.org/entity/Q258153,Jazz Bakery,Point(-118.43711 34.103957),,http://www.jazzbakery.org,"jazz club in Culver City, Los Angeles County, USA"
http://www.wikidata.org/entity/Q7135374,Paramount Theatre,Point(-118.25273 34.04724),,,"former movie theater in downtown Los Angeles, California, United States"
http://www.wikidata.org/entity/Q7141551,Pasadena Museum of California Art,Point(-118.14 34.1469),,http://www.pmcaonline.org/,American museum of temporary art exhibits during the 2000s
http://www.wikidata.org/entity/Q7141555,Pasadena Playhouse,Point(-118.137172 34.145109),,,"theater in Pasadena, California, United States"
http://www.wikidata.org/entity/Q7161584,Pellissier Building and Wiltern Theatre,Point(-118.307778 34.061111),,,"skyscraper and movie theater in Los Angeles, California, United States"
http://www.wikidata.org/entity/Q7072566,OHWOW,Point(-118.376737 34.088014),,http://moranbondaroff.com/,"contemporary art gallery in West Hollywood, Los Angeles, United States"
http://www.wikidata.org/entity/Q7077370,Odd Fellows Temple,Point(-118.137 34.1481),,,"building in California, United States"
http://www.wikidata.org/entity/Q7085574,Oldest McDonald's restaurant,Point(-118.118 33.9471),,,United States historic places
http://www.wikidata.org/entity/Q7102558,Original Pantry Cafe,Point(-118.26292 34.046397),,https://www.originalpantryla.com/,"coffee shop and restaurant in Los Angeles, California"
http://www.wikidata.org/entity/Q7102584,Original Spanish Kitchen,Point(-118.351 34.0763),,,"Restaurant in Los Angeles, California, United States (1938–1961)"
http://www.wikidata.org/entity/Q7116637,Ozone Park,Point(-118.471944444 34.001666666),,,"park in Santa Monica, California"
http://www.wikidata.org/entity/Q7122298,Pacific Asia Museum,Point(-118.141 34.1468),,https://pacificasiamuseum.usc.edu/,university museum in the United States dedicated exclusively to the arts and culture of Asia and the Pacific Islands
http://www.wikidata.org/entity/Q7122657,Pacific Resident Theatre,Point(-118.458 33.9915),,https://pacificresidenttheatre.org/,"American theatre company, founded 1985"
http://www.wikidata.org/entity/Q7131356,Pann's,Point(-118.370566 33.978115),,http://www.panns.com/,"restaurant in Los Angeles, USA"
http://www.wikidata.org/entity/Q731437,Shrine Auditorium and Expo Hall,Point(-118.281666666 34.023333333),,https://www.shrineauditorium.com/,"large event venue in Los Angeles, California"
http://www.wikidata.org/entity/Q474326,Walt Disney Concert Hall,Point(-118.25 34.055277777),,https://www.musiccenter.org/visit/Our-Venues/walt-disney-concert-hall/,"concert hall in Los Angeles, California, U.S."
http://www.wikidata.org/entity/Q564589,Los Angeles Convention Center,Point(-118.27 34.0397),,http://www.lacclink.com/lacclink/default.aspx,"convention and exhibition center in Los Angeles, California, USA"
http://www.wikidata.org/entity/Q573855,El Rey Theatre,Point(-118.349 34.0625),,http://www.theelrey.com/,"music venue and former movie theater in the Miracle Mile area of the Mid-Wilshire region in Los Angeles, California, United States"
http://www.wikidata.org/entity/Q595439,Santa Monica Pier,Point(-118.498611111 34.008611111),,https://www.santamonicapier.org/,"Pier in Santa Monica, California, USA"
http://www.wikidata.org/entity/Q677561,Hammer Museum,Point(-118.443662 34.059468),hammer_museum,https://hammer.ucla.edu/,"museum in Los Angeles, California"
http://www.wikidata.org/entity/Q731126,J. Paul Getty Museum,Point(-118.475 34.0775),gettymuseum,http://www.getty.edu/museum/,"art museum in Los Angeles, California, U.S."
http://www.wikidata.org/entity/Q44857382,El Rey Theatre,Point(-118.1305286 34.0934585),,,"former movie theater in Alhambra, California, United States"
http://www.wikidata.org/entity/Q44857399,Garfield Theater,Point(-118.1228152 34.0786694),,,"former movie theater in Alhambra, California, United States"
http://www.wikidata.org/entity/Q44857419,Superba Theatre,Point(-118.125515 34.096101),,,"former movie theater in Alhambra, California, United States"
http://www.wikidata.org/entity/Q44839622,Sundown Drive-In,Point(-118.049334 33.965298),,,"former drive-in movie theater in Whittier, California, United States"
http://www.wikidata.org/entity/Q44857299,Alhambra Place,Point(-118.1239944 34.0937759),,,"former movie theater in Alhambra, California, United States"
http://www.wikidata.org/entity/Q44857313,Alhambra Twin Cinemas,Point(-118.1344729 34.0915452),,,"former movie theater in Alhambra, California, United States"
http://www.wikidata.org/entity/Q44857330,Capri Theatre,Point(-118.1285932 34.0943243),,,"former movie theater in Alhambra, California, United States"
http://www.wikidata.org/entity/Q44839354,Roadium Drive-In,Point(-118.320802 33.883474),,,"former drive-in movie theater in Torrance, California, United States"
http://www.wikidata.org/entity/Q44857891,AMC Santa Anita 16,Point(-118.051614 34.132837),,https://www.amctheatres.com/movie-theatres/los-angeles/amc-santa-anita-16,"movie theater in Arcadia, California, United States"
http://www.wikidata.org/entity/Q44857909,Arcadia Theatre,Point(-118.0283497 34.1401258),,,"former movie theater in Arcadia, California, United States"
http://www.wikidata.org/entity/Q44857925,Cinemaland,Point(-118.0375351 34.1402994),,,"former movie theater in Arcadia, California, United States"
http://www.wikidata.org/entity/Q44857347,Edwards Alhambra Renaissance 14,Point(-118.126683 34.096198),,http://www.regalcinemas.com,"movie theater in Alhambra, California, United States"
http://www.wikidata.org/entity/Q44857365,Edwards Atlantic Palace 10,Point(-118.1344631 34.0915165),,,"former movie theater in Alhambra, California, United States"
http://www.wikidata.org/entity/Q44857944,GCC Santa Anita 4,Point(-118.051614 34.132837),,,"former movie theater in Arcadia, California, United States"
http://www.wikidata.org/entity/Q44858661,Towne Theater,Point(-118.1643264 33.9701762),,,"former movie theater in Bell Gardens, California, United States"
http://www.wikidata.org/entity/Q44858676,Alpha Theatre,Point(-118.1942823 33.9788178),,,"former movie theater in Bell, California, United States"
http://www.wikidata.org/entity/Q44858694,Bell Theatre,Point(-118.196718 33.978766),,,"former movie theater in Bell, California, United States"
http://www.wikidata.org/entity/Q44858712,Liberty 3 Cinemas,Point(-118.1916827 33.9784996),,,"former movie theater in Bell, California, United States"
http://www.wikidata.org/entity/Q44858726,Bellflower Theatre,Point(-118.1252216 33.8835523),,,"former movie theater in Bellflower, California, United States"
http://www.wikidata.org/entity/Q44858753,Holiday Theatre,Point(-118.125616 33.882557),,,"former movie theater in Bellflower, California, United States"
http://www.wikidata.org/entity/Q44859296,Ahrya Fine Arts Cinema,Point(-118.3779024 34.0654506),,http://www.laemmle.com,"movie theater in Beverly Hills, California, United States"
http://www.wikidata.org/entity/Q44859312,Beverly Theater,Point(-118.3991766 34.0672094),,,"former movie theater in Beverly Hills, California, United States"
http://www.wikidata.org/entity/Q44859328,Music Hall Theatre,Point(-118.3889525 34.0670471),,http://www.laemmle.com,"movie theater in Beverly Hills, California, United States"
http://www.wikidata.org/entity/Q44859361,Solari Theatre,Point(-118.39819 34.0678974),,,"former movie theater in Beverly Hills, California, United States"
http://www.wikidata.org/entity/Q750733,Grauman's Egyptian Theatre,Point(-118.33658 34.10099),,https://americancinematheque.com/egyptian-theatre/,"movie theater in Hollywood, Los Angeles, California"
http://www.wikidata.org/entity/Q849284,El Capitan Theatre,Point(-118.339818 34.101331),,http://elcapitantheatre.com/,"movie theater and former theme park in Hollywood, Los Angeles, California, USA"
http://www.wikidata.org/entity/Q44858739,Circle Theatre,Point(-118.126115 33.881579),,,"former movie theater in Bellflower, California, United States"
http://www.wikidata.org/entity/Q1067376,California Science Center,Point(-118.286111111 34.016111111),,http://www.californiasciencecenter.org/,museum
http://www.wikidata.org/entity/Q1122565,Grauman's Chinese Theatre,Point(-118.340833333 34.101944444),,http://www.tclchinesetheatres.com/,"movie theater in Hollywood, Los Angeles, California, USA"
http://www.wikidata.org/entity/Q1134646,"Museum of Contemporary Art, Los Angeles",Point(-118.250432 34.053274),mocalosangeles,https://www.moca.org/,"art museum in Los Angeles, California"
http://www.wikidata.org/entity/Q954549,Santa Monica Civic Auditorium,Point(-118.489 34.0089),,https://www.smgov.net/departments/ccs/civicauditorium/,"multi-purpose convention center at 1855 Main Street in Santa Monica, California, owned by the City of Santa Monica"
http://www.wikidata.org/entity/Q976218,Hollywood Bowl,Point(-118.338888888 34.112777777),hollywoodbowl,https://www.hollywoodbowl.com/,"open-air theatre in Hollywood, Los Angeles, California, USA"
http://www.wikidata.org/entity/Q981112,Los Angeles Music Center,Point(-118.246944444 34.058055555),musiccenterla,http://www.musiccenter.org/,"performing arts center in downtown Los Angeles, California, consisting of various theaters and concert halls"
http://www.wikidata.org/entity/Q1010349,Gibson Amphitheatre,Point(-118.353 34.1382),,,"former concert venue located in Los Angeles, California, United States of America"
http://www.wikidata.org/entity/Q7395868,Saban Theatre,Point(-118.375 34.064722),,http://sabantheatre.org/,"movie theater in Beverly Hills, California"
http://www.wikidata.org/entity/Q7403734,Salazar Park,Point(-118.19 34.023055555),,,park in the United States of America
http://www.wikidata.org/entity/Q7415788,Sand Dune Park,Point(-118.41258 33.89779),,,"sand dunes in Manhattan Beach, California"
http://www.wikidata.org/entity/Q7419800,"Institute of Contemporary Art, Los Angeles",Point(-118.235587 34.035179),,https://www.theicala.org/,exhibition space in Downtown Los Angeles.
http://www.wikidata.org/entity/Q7419807,Heal the Bay Aquarium,Point(-118.495833333 34.01),,,"aquarium in Santa Monica, California, USA"
http://www.wikidata.org/entity/Q7419811,Santa Monica State Beach,Point(-118.502 34.015),,https://www.parks.ca.gov/?page_id=624,"beach in Santa Monica, California, United States"
http://www.wikidata.org/entity/Q7437952,Scottish Rite Cathedral,Point(-118.138 34.1485),,,"masonic temple in Pasadena, California"
http://www.wikidata.org/entity/Q7438884,Scream,Point(-118.2593 34.0443),,,"music club in Los Angeles, California"
http://www.wikidata.org/entity/Q7256248,Psychiatry: An Industry of Death Museum,Point(-118.334 34.0976),cchrmuseum,https://www.cchrmuseum.org/,"anti-psychiatry museum in Los Angeles, California"
http://www.wikidata.org/entity/Q7276303,REDCAT,Point(-118.250547 34.055123),,http://www.redcat.org/,"arts center inside the Walt Disney Concert Hall, Los Angeles"
http://www.wikidata.org/entity/Q7276845,RIVERA & RIVERA,Point(-118.263118 34.041786),,,"Contemporary art gallery in Los Angeles, California"
http://www.wikidata.org/entity/Q7284581,Rainbow Bar and Grill,Point(-118.38825 34.090888888),rainbowbarandgrill,https://www.rainbowbarandgrill.com/,"bar and restaurant in California, United States"
http://www.wikidata.org/entity/Q7286133,Raji's,Point(-118.324536111 34.101427777),,,former rock and roll nightclub in central Hollywood
http://www.wikidata.org/entity/Q7291096,Rancho Los Feliz,Point(-118.3 34.12),,,"park in Los Angeles, California"
http://www.wikidata.org/entity/Q7299180,Raymond Theatre,Point(-118.14935 34.1481),,http://www.raymondtheatre.com,"former movie theater and music venue in Pasadena, California, United States"
http://www.wikidata.org/entity/Q7335382,Rio de Los Angeles State Park,Point(-118.236 34.1),,https://www.parks.ca.gov/?page_id=22277,"state recreation area in Los Angeles, California, United States"
http://www.wikidata.org/entity/Q7367301,Rosamund Felsen Gallery,Point(-118.230495 34.022351),,http://www.rosamundfelsen.com,"Art gallery in Los Angeles, California"
http://www.wikidata.org/entity/Q7369028,Roslin Art Gallery,Point(-118.255613 34.150033),,http://www.roslin.com/,art gallery
http://www.wikidata.org/entity/Q7380156,Runyon Canyon Park,Point(-118.35 34.11),,,"park in California, United States of America, United States of America"
http://www.wikidata.org/entity/Q5120661,Cinefamily,Point(-118.3615765 34.0820298),,,"movie theater in Los Angeles, California, United States"
http://www.wikidata.org/entity/Q5121935,Ciro's,Point(-118.374 34.095),,,"nightclub in West Hollywood, California"
http://www.wikidata.org/entity/Q5142607,Cole's Pacific Electric Buffet,Point(-118.249 34.0448),,http://www.colesfrenchdip.com,"restaurant in California, United States"
http://www.wikidata.org/entity/Q5149786,"Columbia Park, Torrance, California",Point(-118.347 33.861),,,"piece of open land for recreational use in Torrance, California"
http://www.wikidata.org/entity/Q5152421,Commerce Casino,Point(-118.145 33.9984),,http://www.commercecasino.com,card room
http://www.wikidata.org/entity/Q5155542,Company of Angels,Point(-118.2035 34.0603),,,theatre company
http://www.wikidata.org/entity/Q5172298,Coronet Theatre,Point(-118.376 34.0779),,https://www.largo-la.com,"former theater in Los Angeles, California, United States"
http://www.wikidata.org/entity/Q7602072,Starlight Bowl,Point(-118.31 34.2064),,http://www.starlightbowl.com,"open-air theater in Burbank, California, United States"
http://www.wikidata.org/entity/Q7628208,Studio One,Point(-118.385907 34.082671),,http://www.factorynightclub.com/,"nightclub in West Hollywood, United States"
http://www.wikidata.org/entity/Q7641264,Sunset Grill,Point(-118.351944444 34.098055555),,http://sunsetgrillla.com/,"restaurant in West Hollywood, California"
http://www.wikidata.org/entity/Q7680476,Tam O'Shanter Inn,Point(-118.2642 34.12547),,http://www.lawrysonline.com/tam-oshanter,"restaurant in Los Angeles, California, U.S"
http://www.wikidata.org/entity/Q7714013,The Apple Pan,Point(-118.428 34.0407),,https://theapplepan.com/,one of Los Angeles' oldest continuing operating restaurants
http://www.wikidata.org/entity/Q7715358,The Baked Potato,Point(-118.363 34.1367),,,Jazz club
http://www.wikidata.org/entity/Q5046923,Carson Community Center,Point(-118.261 33.8328),,,"convention center in Carson, California"
http://www.wikidata.org/entity/Q5087240,Chasen's,Point(-118.389 34.0774),,,"restaurant in Beverly Hills, California, USA"
http://www.wikidata.org/entity/Q5088503,Chavez Ravine Arboretum,Point(-118.238 34.0828),,,"historic site in Academy Road, Los Angeles"
http://www.wikidata.org/entity/Q5098173,Children's Museum of Los Angeles,Point(-118.245 34.054),,,"children's museum in California, U.S."
http://www.wikidata.org/entity/Q5098932,Chili John's,Point(-118.334 34.18),,http://www.chilijohnsca.com,"restaurant located in Green Bay, Wisconsin,"
http://www.wikidata.org/entity/Q5099574,China Art Objects Galleries,Point(-118.37702 34.03516),,http://www.chinaartobjects.com/,"contemporary art gallery in Los Angeles, USA"
http://www.wikidata.org/entity/Q5100379,Chinese American Museum,Point(-118.2391 34.0556),,http://www.camla.org/,"museum in Los Angeles, California, United States"
http://www.wikidata.org/entity/Q5180539,Craft Contemporary,Point(-118.3555 34.0622),craftcontemporary,http://www.cafam.org/,"art museum in Los Angeles, CA"
http://www.wikidata.org/entity/Q5244653,De Neve Square Park,Point(-118.435 34.0847),,,"park in California, United States of America, United States of America"
http://www.wikidata.org/entity/Q5263676,Descanso Gardens,Point(-118.2125 34.200277777),,https://www.descansogardens.org/,"Botanical garden in La Cañada Flintridge, California"
http://www.wikidata.org/entity/Q5263937,Desert Garden Conservatory,Point(-118.11 34.1272),,,"large botanical greenhouse in San Marino, California"
http://www.wikidata.org/entity/Q5287246,Dockweiler State Beach,Point(-118.44051 33.93927),,,beach in the American city of Los Angeles
http://www.wikidata.org/entity/Q7537148,SkyBar,Point(-118.3742 34.09442),,https://www.morganshotelgroup.com/mondrian/mondrian-los-angeles/eat-drink/skybar,"bar and lounge inside the Mondrian Hotel, in Los Angeles, California"
http://www.wikidata.org/entity/Q7550931,Social and Public Art Resource Center,Point(-118.459 33.9916),,http://www.sparcinla.org,"community arts center in Venice, California"
http://www.wikidata.org/entity/Q7572696,Spaceland,Point(-118.26825 34.08983333),,,"nightclub in Los Angeles, CA, USA"
http://www.wikidata.org/entity/Q1147168,La Brea Tar Pits,Point(-118.355833 34.063056),thelabreatarpits,https://tarpits.org,protected area
http://www.wikidata.org/entity/Q1250287,Dorothy Chandler Pavilion,Point(-118.248611111 34.056388888),,http://www.musiccenter.org/about/OUR-VENUES/Our-Theatres--Concert-Halls/#Dorothy%20Chandler%20Pavilion,"opera house in Los Angeles, California, part of the Los Angeles Music Center, used by LA Opera"
http://www.wikidata.org/entity/Q1277567,Whisky a Go Go,Point(-118.385555555 34.090555555),,http://www.whiskyagogo.com,"nightclub in West Hollywood, California"
http://www.wikidata.org/entity/Q1303059,The Viper Room,Point(-118.384666666 34.090472222),,https://www.viperroom.com/,nightclub in West Hollywood
http://www.wikidata.org/entity/Q1303805,Venice Beach,Point(-118.475382 33.986437),,,"white sand beach in Venice, Los Angeles"
http://www.wikidata.org/entity/Q1337576,Universal Studios Hollywood,Point(-118.3539 34.13585556),unistudios,http://www.universalstudioshollywood.com,"amusement park in Los Angeles, California, United States"
http://www.wikidata.org/entity/Q1340614,Griffith Park,Point(-118.3 34.1333),,http://www.laparks.org/dos/parks/griffithPK/griffith.htm,"municipal park in the Los Feliz neighborhood of Los Angeles, California, United States"
http://www.wikidata.org/entity/Q1370924,Los Angeles Zoo,Point(-118.284 34.1481),lazoo,http://www.lazoo.org/,public zoo and botanical garden
http://www.wikidata.org/entity/Q1453665,Pink's Hot Dogs,Point(-118.344 34.0839),,http://www.pinkshollywood.com/,"restaurant in Los Angeles, California, United States"
http://www.wikidata.org/entity/Q1515071,Gersten Pavilion,Point(-118.415601 33.967695),,,multi-purpose arena in the American metropolis of Los Angeles
http://www.wikidata.org/entity/Q1565972,Roxy Theatre,Point(-118.388 34.0908),,http://www.theroxyonsunset.com,"nightclub and music venue on the Sunset Strip in West Hollywood, California, USA"
http://www.wikidata.org/entity/Q1584748,Hollywood Pantages Theatre,Point(-118.326 34.1019),,https://www.broadwayinhollywood.com/,"theater and movie theater in Hollywood, Los Angeles, California"
http://www.wikidata.org/entity/Q1590419,Japanese American National Museum,Point(-118.239 34.0496),jamuseum,https://www.janm.org/,"museum in Los Angeles, California"
http://www.wikidata.org/entity/Q1610034,Heritage Square Museum,Point(-118.208302777 34.088138888),,http://www.heritagesquare.org,historic house museum
http://www.wikidata.org/entity/Q1641836,Los Angeles County Museum of Art,Point(-118.359166666 34.063333333),lacma,http://www.lacma.org,"art museum in Los Angeles, United States"
http://www.wikidata.org/entity/Q1752085,Norton Simon Museum,Point(-118.159162 34.146225),nortonsimon,https://www.nortonsimon.org/,"art museum in Pasadena, California"
http://www.wikidata.org/entity/Q1900454,Mark Taper Forum,Point(-118.24777 34.05779),,,"theatre in Los Angeles, California, USA"
http://www.wikidata.org/entity/Q1954749,Museum of Jurassic Technology,Point(-118.3954 34.0256),,https://mjt.org/,"museum in Palms, Los Angeles neighborhood (but this has a Culver City, California post office address)"
http://www.wikidata.org/entity/Q5681461,Hathaway Ranch Museum,Point(-118.079786 33.935595),,http://www.hathawayranchmuseum.org/,"history museum in Santa Fe Springs, California"
http://www.wikidata.org/entity/Q5687660,Hazard Park,Point(-118.202 34.0591),,,"city park in Los Angeles, California"
http://www.wikidata.org/entity/Q5759005,Highland Park Masonic Temple,Point(-118.1945 34.109167),,,"masonic temple in California, United States of America"
http://www.wikidata.org/entity/Q5882860,Hollywood Pacific Theatre,Point(-118.331 34.1019),,,"former movie theater in Hollywood, Los Angeles, California, United States"
http://www.wikidata.org/entity/Q5883025,Hollywood Wax Museum,Point(-118.338 34.102),,https://www.hollywoodwaxmuseum.com/,"wax museum in Los Angeles, California"
http://www.wikidata.org/entity/Q5894869,Hong Kong Noodle Company,Point(-118.250925 34.036286),,,"restaurant in Los Angeles, United States of America"
http://www.wikidata.org/entity/Q5911311,Hotel Café,Point(-118.327876 34.093625),,http://www.hotelcafe.com/,"live music venue in Hollywood, Los Angeles, California, USA"
http://www.wikidata.org/entity/Q5967875,iO West,Point(-118.328714 34.101291),,http://west.ioimprov.com,"theater in Hollywood Boulevard, Los Angeles, California"
http://www.wikidata.org/entity/Q5996519,Il Corral,Point(-118.295116 34.083316),,,former music venue in Los Angeles
http://www.wikidata.org/entity/Q6052568,International Printing Museum,Point(-118.282264 33.842368),,http://www.printmuseum.org/,"media museum in Carson, California"
http://www.wikidata.org/entity/Q6092614,Italian American Museum of Los Angeles,Point(-118.238 34.0567),,http://www.italianhall.org,"Museum in Los Angeles, California"
http://www.wikidata.org/entity/Q6099945,Ivy Substation,Point(-118.392222 34.026111),,,"theater and former electrical substation in Palms, Los Angeles, California"
http://www.wikidata.org/entity/Q6183142,Jerry's Famous Deli,Point(-118.409118 34.14473),,http://www.jerrysfamousdeli.com,chain of Jewish delis in the United States
http://www.wikidata.org/entity/Q6219159,John Anson Ford Amphitheatre,Point(-118.336 34.1138),,https://www.fordtheatres.org,"concert venue in Cahuenga Pass in Hollywood, California, United States of America"
http://www.wikidata.org/entity/Q6266013,Johnie's Coffee Shop,Point(-118.362 34.0633),,,Googie-style coffee shop building in Los Angeles
http://www.wikidata.org/entity/Q6311640,Junc Gallery,Point(-118.280515 34.092969),,,contemporary art gallery based in Los Angeles
http://www.wikidata.org/entity/Q6390169,Kenneth Hahn State Recreation Area,Point(-118.365 34.0086),,https://www.parks.ca.gov/?page_id=612,"state recreation area in Los Angeles County, California, United States"
http://www.wikidata.org/entity/Q6405032,Kidspace Children's Museum,Point(-118.164 34.1553),kidspacemuseum,http://www.kidspacemuseum.org/,non-profit organisation in the USA
http://www.wikidata.org/entity/Q6415419,Kirk Douglas Theatre,Point(-118.397 34.0217),,http://www.centertheatregroup.org/theatres/douglas/,"performing arts center in Culver City, California"
http://www.wikidata.org/entity/Q6456224,L.A. Louver,Point(-118.471 33.9847),,,art gallery
http://www.wikidata.org/entity/Q6457196,LA Plaza de Cultura y Artes,Point(-118.24 34.0562),,http://www.lapca.org,"Mexican-American museum and cultural center in Los Angeles, California"
http://www.wikidata.org/entity/Q7720613,The Bunny Museum,Point(-118.111 34.1704),,http://www.thebunnymuseum.com/,burnt Specialty museum in California
http://www.wikidata.org/entity/Q7730804,Downtown Independent,Point(-118.246 34.0502),,,"theater and movie theater in the Little Tokyo area of Los Angeles, California, United States"
http://www.wikidata.org/entity/Q7731483,The Echo,Point(-118.26 34.0778),,,American music venue
http://www.wikidata.org/entity/Q7734972,Fountain Theatre,Point(-118.3 34.095),,,"theater in Los Angeles, California, United States"
http://www.wikidata.org/entity/Q7766498,Steve Allen Theater,Point(-118.294 34.102),,,"former theater at the Center for Inquiry in Hollywood, Los Angeles, California, United States"
http://www.wikidata.org/entity/Q7766496,The Steve Allen Playhouse,Point(-118.326 34.0934),,,"performing arts building in Hollywood, USA"
http://www.wikidata.org/entity/Q7766549,The Stinking Rose,Point(-118.37666667 34.06666667),,http://thestinkingrose.com/,"restaurant in California, United States"
http://www.wikidata.org/entity/Q7770947,The Two Roads Theater,Point(-118.3788 34.1491),,http://www.tworoadstheater.com/,Black box theatre in California
http://www.wikidata.org/entity/Q7814945,Tom Bergin's,Point(-118.36263 34.06003),,,"restaurant in Los Angeles, California, United States"
http://www.wikidata.org/entity/Q7829735,Tower Theatre,Point(-118.254444 34.043375),,http://www.towertheaterla.com/,"movie theater in Downtown Los Angeles, California, United States"
http://www.wikidata.org/entity/Q7830691,Toyon Canyon Closed Landfill,Point(-118.302 34.144),,,"park in California, United States of America"
http://www.wikidata.org/entity/Q7830894,Toyota USA Automobile Museum,Point(-118.317165 33.852016),,http://www.toyotaUSAmuseum.com/,"automobile museum in Torrance, California"
http://www.wikidata.org/entity/Q7835942,Travel Town Museum,Point(-118.308 34.1544),,http://www.traveltown.org/,US Railway Museum
http://www.wikidata.org/entity/Q7844811,Trocadero,Point(-118.3792 34.0924),,,former nightclub in Los Angeles
http://www.wikidata.org/entity/Q7864026,Q7864026,Point(-118.443 34.0728),fowlermuseum,http://www.fowler.ucla.edu,"art museum in California, United States"
http://www.wikidata.org/entity/Q7864039,UCLA Marina Aquatic Center,Point(-118.4464 33.9679),,http://marinaaquaticcenter.org/,"recreation facility of the University of California, Los Angeles in Marina del Rey"
http://www.wikidata.org/entity/Q7737452,Grammy Museum,Point(-118.264722222 34.044722222),grammymuseum,https://grammymuseum.org/,"music museum in Los Angeles, United States"
http://www.wikidata.org/entity/Q7741268,The Ice House,Point(-118.130687 34.146524),,http://IceHouseComedy.com,"comedy club in Pasadena, Calif."
http://www.wikidata.org/entity/Q7751095,The Merry Karnowsky Gallery,Point(-118.343837 34.07143),,http://www.mkgallery.com,"art gallery in Los Angeles, California, United States"
http://www.wikidata.org/entity/Q7764894,The Smell,Point(-118.245 34.05),,http://www.thesmell.org/,music venue in Los Angeles
http://www.wikidata.org/entity/Q17515016,Catalina Bar & Grill,Point(-118.337 34.0983),,,"jazz club and restaurant in Hollywood, Los Angeles, United States"
http://www.wikidata.org/entity/Q18148524,Fossil Ridge Park,Point(-118.443 34.136),,,"park in Sherman Oaks, California, United States"
http://www.wikidata.org/entity/Q18148881,Huysman Gallery,Point(-118.376 34.0848),,,"art gallery in Los Angeles, California"
http://www.wikidata.org/entity/Q18152065,Human Resources Los Angeles,Point(-118.2380362 34.0674516),,http://humanresourcesla.com/,art exhibition and performance space
http://www.wikidata.org/entity/Q18325633,USC Fisher Museum of Art,Point(-118.287325 34.01863),,http://fisher.usc.edu/,"art museum in University Park, California"
http://www.wikidata.org/entity/Q18397884,George C. Page Museum,Point(-118.355449 34.063806),thelabreatarpits,https://tarpits.org/,"paleontological museum in Los Angeles, California"
http://www.wikidata.org/entity/Q18636210,The Cat & Fiddle,Point(-118.333055555 34.098055555),,http://thecatandfiddle.com,"pub in Hollywood, California"
http://www.wikidata.org/entity/Q18706021,Café Montmartre,Point(-118.339 34.1019),,,"former restaurant and nightclub in Hollywood, Los Angeles, California"
http://www.wikidata.org/entity/Q18753773,Beverly Cañon Gardens,Point(-118.39931 34.06804),,,park in United States of America
http://www.wikidata.org/entity/Q18753805,Rialto Theatre,Point(-118.150513 34.114027),,http://www.friendsoftherialto.org,"former movie theater in South Pasadena, California, United States"
http://www.wikidata.org/entity/Q18755117,Majestic Theatre,Point(-118.256 34.043),,,"theatre on South Broadway, Los Angeles (1908-1933)"
http://www.wikidata.org/entity/Q19867465,The Park's Finest,Point(-118.254199 34.066523),,http://theparksfinest.com,"restaurant in California, United States"
http://www.wikidata.org/entity/Q19903767,Urasawa,Point(-118.400677 34.067398),,,restaurant in the United States
http://www.wikidata.org/entity/Q20011515,Louis Stern Fine Arts,Point(-118.387862 34.080653),,http://www.louissternfinearts.com/,gallery in West Hollywood
http://www.wikidata.org/entity/Q20639518,Bumiller Building,Point(-118.24994 34.04863),,,"mixed in Los Angeles, California"
http://www.wikidata.org/entity/Q16828750,California Institute of Abnormalarts,Point(-118.37742 34.17198),,,"nightclub and sideshow museum located in North Hollywood, California"
http://www.wikidata.org/entity/Q16890674,Corky's,Point(-118.449 34.1624),,https://www.chick-fil-a.com/locations/ca/van-nuys-blvd-hesby,"restaurant building in Los Angeles, California"
http://www.wikidata.org/entity/Q16892740,The Ivy (Los Angeles),Point(-118.384 34.0757),,http://theivyrestaurants.com,Restaurant in Los Angeles
http://www.wikidata.org/entity/Q16899439,Roxbury Memorial Park,Point(-118.407 34.0586),,,park in United States of America
http://www.wikidata.org/entity/Q16901864,Tongva Park,Point(-118.493 34.0111),,,"Park in Santa Monica, California, United States"
http://www.wikidata.org/entity/Q16903450,Will Rogers Memorial Park,Point(-118.412 34.0804),,,"public park in Beverly Hills, California"
http://www.wikidata.org/entity/Q16928091,Fox Theatre,Point(-118.352379 33.963324),,,"former movie theater in Inglewood, California, United States"
http://www.wikidata.org/entity/Q16960028,Velveteria,Point(-118.238691 34.0603741),,http://velveteria.com/,Defunct museum
http://www.wikidata.org/entity/Q16971747,Bottega Louie,Point(-118.256944444 34.046944444),,https://www.bottegalouie.com/,"restaurant in California, United States"
http://www.wikidata.org/entity/Q16995706,Holmby Park,Point(-118.429679 34.072395),,,"park in Los Angeles County, California, United States of America"
http://www.wikidata.org/entity/Q16998971,"Lafayette Park, Los Angeles",Point(-118.28326 34.062012),,,park in United States of America
http://www.wikidata.org/entity/Q17032926,Wallis Annenberg Center for the Performing Arts,Point(-118.40124 34.07228),thewallisbh,https://thewallis.org/,"community arts center in Beverly Hills, California, United States"
http://www.wikidata.org/entity/Q17052714,The Church on York,Point(-118.208747 34.12157),,http://theyorkmanor.com/,church building in United States of America
http://www.wikidata.org/entity/Q17060022,The Barrelhouse,Point(-118.239076 33.939009),,,"nightclub in Los Angeles, California"
http://www.wikidata.org/entity/Q17060100,The Broad,Point(-118.250555555 34.054444444),thebroadmuseum,http://thebroad.org,contemporary art museum in Downtown Los Angeles
http://www.wikidata.org/entity/Q17065460,Papa Cristo's,Point(-118.299675 34.047433),,,"Greek restaurant and market in Los Angeles, California, United States"
http://www.wikidata.org/entity/Q17066014,Pig 'n Whistle,Point(-118.336944444 34.101111111),,http://pignwhistlehollywood.com,Pub in Hollywood
http://www.wikidata.org/entity/Q318594,Museum of Tolerance,Point(-118.401680555 34.053636111),,http://www.museumoftolerance.com,"holocaust memorials, racism and prejudice museum in California, United States"
http://www.wikidata.org/entity/Q401052,Ahmanson Theatre,Point(-118.247 34.0581),,http://www.MusicCenter.org/,"theater in Los Angeles, California, United States, part of Los Angeles Music Center"
http://www.wikidata.org/entity/Q7170179,Pershing Square,Point(-118.252777777 34.048333333),,,park in downtown Los Angeles
http://www.wikidata.org/entity/Q7190865,Pickford Center for Motion Picture Study,Point(-118.327 34.0948),,,"Cinema museum in Los Angeles, California"
http://www.wikidata.org/entity/Q7203650,Plaza Substation,Point(-118.238055555 34.057083333),,,"park in California, United States of America"
http://www.wikidata.org/entity/Q7205443,Plummer Park,Point(-118.351 34.0931),,,"park in West Hollywood, California, USA"
http://www.wikidata.org/entity/Q7244048,Prince Hall Masonic Temple,Point(-118.257222 33.997369),,,"listed on the National Register of Historic Places in Los Angeles County, California"
http://www.wikidata.org/entity/Q5304318,Dr. Paul Carlson Park,Point(-118.398 34.0137),,,"park in California, United States of America"
http://www.wikidata.org/entity/Q5306327,Dream Center,Point(-118.269 34.0744),,http://www.dreamcenter.org/,network of Pentecostal community centers
http://www.wikidata.org/entity/Q5332831,Echoplex,Point(-118.26 34.0775),,,"live venue in Los Angeles, CA"
http://www.wikidata.org/entity/Q1400558,"The Huntington Library, Art Museum, and Botanical Gardens",Point(-118.1125 34.129166666),thehuntingtonlibrary,http://www.huntington.org/,"library and art museum in San Marino, California"
http://www.wikidata.org/entity/Q44836300,South Bay Six Drive-In,Point(-118.2821 33.848725),,,"former drive-in movie theater in Carson, California, United States"
http://www.wikidata.org/entity/Q44836427,Vineland Drive-In,Point(-117.989375 34.053509),,http://www.vinelanddriveintheater.com,"drive-in movie theater in City of Industry, California, United States"
http://www.wikidata.org/entity/Q44836459,Compton Drive-In,Point(-118.2008418 33.9035919),,,"former drive-in movie theater in Compton, California, United States"
http://www.wikidata.org/entity/Q21016156,San Gabriel Mission Playhouse,Point(-118.10829 34.09837),missionplayhouse,https://missionplayhouse.org/,"theater and movie theater in San Gabriel, California, United States"
http://www.wikidata.org/entity/Q22025731,Trinity Auditorium,Point(-118.25915 34.04491),,,"building in Los Angeles, California"
http://www.wikidata.org/entity/Q22078149,Warner Bros. Museum,Point(-118.338708 34.148632),,,"Public attraction at Warner Bros. Studios, Burbank"
http://www.wikidata.org/entity/Q23016804,Edgemar,Point(-118.4849574 34.0033704),,http://www.edgemar.com,"Shopping center designed by Frank Gehry in Santa Monica, California, United States"
http://www.wikidata.org/entity/Q23017137,Little Pine,Point(-118.26679 34.10775),,http://www.littlepinerestaurant.com,vegan bistro
http://www.wikidata.org/entity/Q23950173,Armory Center for the Arts,Point(-118.149297 34.148338),,http://armoryarts.org,"nonprofit visual arts organization in Pasadena, California, United States"
http://www.wikidata.org/entity/Q24439147,Art's Famous Chili Dog Stand,Point(-118.300846 33.974387),,,"hot dog stand in Los Angeles, California, U.S"
http://www.wikidata.org/entity/Q24901037,Arlington Garden,Point(-118.155776 34.128613),,,"park in California, United States of America"
http://www.wikidata.org/entity/Q44836563,Studio Drive-In,Point(-118.3977545 33.9977034),,http://www.culvercity.org/cityinfo/history/entertain.html,"former drive-in movie theater in Culver City, California, United States"
http://www.wikidata.org/entity/Q44836694,El Monte Drive-In,Point(-118.054118 34.088697),,,"former drive-in movie theater in El Monte, California, United States"
http://www.wikidata.org/entity/Q44836940,Twin-Vue Drive-In,Point(-118.2830957 33.8937311),,,"former drive-in movie theater in Gardena, California, United States"
http://www.wikidata.org/entity/Q44836959,Vermont Drive-In,Point(-118.2907602 33.870467),,,"former drive-in movie theater in Gardena, California, United States"
http://www.wikidata.org/entity/Q44837201,Century Drive-In,Point(-118.333856 33.943257),,,"former drive-in movie theater in Inglewood, California, United States"
http://www.wikidata.org/entity/Q44837479,Centinela Drive-In,Point(-118.3816537 33.976277),,,"former drive-in movie theater in Los Angeles, California, United States"
http://www.wikidata.org/entity/Q44837498,Los Feliz Drive-In,Point(-118.2673295 34.11272),,,"former drive-in movie theater in Los Angeles, California, United States"
http://www.wikidata.org/entity/Q44837513,Gilmore Drive-In,Point(-118.3548066 34.0706228),,,"former drive-in movie theater in Los Angeles, California, United States"
http://www.wikidata.org/entity/Q44837446,Lakewood Drive-In,Point(-118.2347326 33.8317371),,,"former drive-in movie theater in Long Beach, California, United States"
http://www.wikidata.org/entity/Q20714632,Lineage Performing Arts Center,Point(-118.15064 34.14415),,,"performing arts venue in Pasadena, California"
http://www.wikidata.org/entity/Q20744163,Sierra Madre Memorial Park,Point(-118.05695 34.161717),,,"park in California, United States of America"
http://www.wikidata.org/entity/Q20857936,Finnish Folk Art Museum,Point(-118.16027778 34.14888889),,,"art museum in Pasadena, United States of America"
http://www.wikidata.org/entity/Q21014379,Columbia Memorial Space Center,Point(-118.13362 33.91984),,http://columbiaspacescience.org/,"science Museum in Downey, California"
http://www.wikidata.org/entity/Q44837531,Victory Drive-In,Point(-118.41701 34.188054),,,"former drive-in movie theater in Los Angeles, California, United States"
http://www.wikidata.org/entity/Q44837549,Olympic Drive-In,Point(-118.4538528 34.0323939),,,"former drive-in movie theater in Los Angeles, California, United States"
http://www.wikidata.org/entity/Q44837569,Pico Drive-In,Point(-118.4290962 34.0398463),,,"former drive-in movie theater in Los Angeles, California, United States"
http://www.wikidata.org/entity/Q44837722,Floral Drive-In,Point(-118.162756 34.0452743),,,"former drive-in movie theater in Monterey Park, California, United States"
http://www.wikidata.org/entity/Q44838110,Paramount Twin Drive-In,Point(-118.1602128 33.8995233),,,"drive-in movie theater in Paramount, California, United States"
http://www.wikidata.org/entity/Q44838122,Rosecrans Drive-In,Point(-118.143658 33.9027242),,,"former drive-in movie theater in Paramount, California, United States"
http://www.wikidata.org/entity/Q44838142,Hastings Drive-In,Point(-118.0733483 34.1502073),,,"former drive-in movie theater in Pasadena, California, United States"
http://www.wikidata.org/entity/Q44838185,Fiesta Four Drive-In,Point(-118.0939186 34.0056327),,,"former drive-in movie theater in Pico Rivera, California, United States"
http://www.wikidata.org/entity/Q44868025,Seville Theatre,Point(-118.335562 33.981568),,,"former movie theater in Inglewood, California, United States"
http://www.wikidata.org/entity/Q44868045,United Artists Inglewood Theatre,Point(-118.3519145 33.963948),,,"former movie theater in Inglewood, California, United States"
http://www.wikidata.org/entity/Q44868320,UA La Canada 8,Point(-118.2196275 34.2050727),,http://www.REGmovies.com,"movie theater in La Canada, California, United States"
http://www.wikidata.org/entity/Q44869258,Lennox Theater,Point(-118.3527323 33.9384622),,,"former movie theater in Lennox, California, United States"
http://www.wikidata.org/entity/Q44869656,Towne Theater,Point(-118.1851582 33.8372908),,,"former movie theater in Long Beach, California, United States"
http://www.wikidata.org/entity/Q44869677,Crest Theatre,Point(-118.1850751 33.8340736),,,"former movie theater in Long Beach, California, United States"
http://www.wikidata.org/entity/Q44870149,Atlantic Theater,Point(-118.184658 33.861537),,,"former movie theater in Long Beach, California, United States"
http://www.wikidata.org/entity/Q44869061,Lakewood Center 16,Point(-118.136146 33.852118),,http://www.pacifictheatres.com,"movie theater in Lakewood, California, United States"
http://www.wikidata.org/entity/Q44869075,Lakewood Center South 9,Point(-118.136049 33.8472364),,,"former movie theater in Lakewood, California, United States"
http://www.wikidata.org/entity/Q44870168,Front Door Theatre,Point(-118.1848998 33.8607436),,,"former movie theater in Long Beach, California, United States"
http://www.wikidata.org/entity/Q44870184,LaShell Theater,Point(-118.19618 33.854057),,,"former movie theater in Long Beach, California, United States"
http://www.wikidata.org/entity/Q44870502,Arden Theatre,Point(-118.21007 33.921764),,,"former movie theater in Lynwood, California, United States"
http://www.wikidata.org/entity/Q44870522,Lynwood Theatre,Point(-118.2096411 33.9226616),,,"former movie theater in Lynwood, California, United States"
http://www.wikidata.org/entity/Q44870662,La Mar Theatre,Point(-118.409947 33.884761),,,"former movie theater in Manhattan Beach, California, United States"
http://www.wikidata.org/entity/Q44870845,AMC Dine-In Theatres Marina 6,Point(-118.4412 33.987673),,https://www.amctheatres.com/movie-theatres/los-angeles/amc-dine-in-marina-6,"movie theater in Marina Del Rey, California, United States"
http://www.wikidata.org/entity/Q44871136,Maywood Theatre,Point(-118.1874217 33.9873612),,,"former movie theater in Maywood, California, United States"
http://www.wikidata.org/entity/Q44871833,Mann Huntington Oaks 6,Point(-118.012814 34.138098),,,"former movie theater in Monrovia, California, United States"
http://www.wikidata.org/entity/Q44871869,Monrovia Cinema 12,Point(-117.999826 34.147306),,http://www.kptmovies.com/locations/location_info.cfm?ID=5,"movie theater in Monrovia, California, United States"
http://www.wikidata.org/entity/Q5350984,El Centro Theatre,Point(-118.324274 34.085541),,,"theater in Hollywood, Los Angeles, California"
http://www.wikidata.org/entity/Q44870685,Pacific's Manhattan Village 6,Point(-118.392663 33.899701),,,"former movie theater in Manhattan Beach, California, United States"
http://www.wikidata.org/entity/Q44870800,Marina Del Rey Theatre,Point(-118.4399849 33.9798137),,,"former movie theater in Marina Del Rey, California, United States"
http://www.wikidata.org/entity/Q44870820,AMC Classic Marina Marketplace 6,Point(-118.439505 33.985832),,https://www.amctheatres.com/movie-theatres/los-angeles/amc-classic-marina-marketplace-6,"movie theater in Marina Del Rey, California, United States"
http://www.wikidata.org/entity/Q5351079,El Coyote Cafe,Point(-118.349 34.076),,http://www.elcoyotecafe.com/,Mexican restaurant in Los Angeles
http://www.wikidata.org/entity/Q5393002,Ernest E. Debs Regional Park,Point(-118.19427 34.09272),,,"park in California, United States of America, United States of America"
http://www.wikidata.org/entity/Q5407079,Exposition Park,Point(-118.287 34.0147),,http://www.expositionpark.org,"park in Los Angeles, California, USA"
http://www.wikidata.org/entity/Q5414729,Southwest Museum of the American Indian,Point(-118.206 34.1004),,,"museum in Los Angeles, California"
http://www.wikidata.org/entity/Q5421609,Exposition Park Rose Garden,Point(-118.285 34.016944),,,"Los Angeles, California"
http://www.wikidata.org/entity/Q5436736,Fashion Institute of Design & Merchandising Museum,Point(-118.25996 34.04427),,http://www.fidmmuseum.org,"Fashion and design museum in Los Angeles, California"
http://www.wikidata.org/entity/Q5437546,Father's Office,Point(-118.498 34.0292),,http://www.fathersoffice.com,"Gastropub in Santa Monica, California"
http://www.wikidata.org/entity/Q5445606,Ferus Gallery,Point(-118.37625 34.084666666),,,American art gallery
http://www.wikidata.org/entity/Q5470221,Formosa Cafe,Point(-118.346 34.0906),,https://theformosacafe.com/,"famous restaurant in Hollywood, California"
http://www.wikidata.org/entity/Q5476617,Regency Bruin Theatre,Point(-118.447 34.0627),,http://www.regencymovies.com,"movie theater in Los Angeles, California, United States"
http://www.wikidata.org/entity/Q44838982,Norwalk Drive-In,Point(-118.0725923 33.9312788),,,"former drive-in movie theater in Santa Fe Springs, California, United States"
http://www.wikidata.org/entity/Q44839166,Starlite Drive-In,Point(-118.0639224 34.0589193),,,"former drive-in movie theater in South El Monte, California, United States"
http://www.wikidata.org/entity/Q44839181,South Gate Drive-In,Point(-118.1774038 33.9507891),,,"former drive-in movie theater in South Gate, California, United States"
http://www.wikidata.org/entity/Q49568572,Sycamore Park,Point(-118.401666666 33.9275),,,"park in Los Angeles County, California, United States of America"
http://www.wikidata.org/entity/Q49569331,Taylor Pool,Point(-118.213333333 34.126944444),,,park in the United States of America
http://www.wikidata.org/entity/Q49569454,Ted Slavin Field,Point(-118.413055555 34.140833333),,,park in the United States of America
http://www.wikidata.org/entity/Q49569484,Tellefson Park,Point(-118.4125 34.010277777),,,"Park in Culver City, California, United States of America"
http://www.wikidata.org/entity/Q49569517,Temple City Park,Point(-118.057222222 34.107777777),,,park in the United States of America
http://www.wikidata.org/entity/Q49569671,Terrace Park,Point(-118.280833333 34.044722222),,,"park in Los Angeles County, California, United States of America"
http://www.wikidata.org/entity/Q49570088,Theresa Lindsay Park,Point(-118.282222222 33.99),,,"park in Los Angeles County, California, United States of America"
http://www.wikidata.org/entity/Q49570327,T. Mayne Thompson Park,Point(-118.126111111 33.904722222),,,"park in Los Angeles County, California, United States of America"
http://www.wikidata.org/entity/Q49570404,Thornburg Park,Point(-118.319444444 33.895833333),,,"park in Los Angeles County, California, United States of America"
http://www.wikidata.org/entity/Q49570707,Tierra Verde Park,Point(-118.024444444 34.121388888),,,"park in Los Angeles County, California, United States of America"
http://www.wikidata.org/entity/Q49570954,Toberman Playground,Point(-118.279166666 34.039444444),,,park in the United States of America
http://www.wikidata.org/entity/Q49571673,Tragview Park,Point(-118.251388888 33.888333333),,,park in the United States of America
http://www.wikidata.org/entity/Q49571800,Treasure Island Park,Point(-118.131944444 33.9675),,,park in the United States of America
http://www.wikidata.org/entity/Q49571816,Treder Park,Point(-118.188055555 33.98),,,"park in Los Angeles County, California, United States of America"
http://www.wikidata.org/entity/Q49572079,Trinity Park,Point(-118.262777777 34.023888888),,,"park in Los Angeles County, California, United States of America"
http://www.wikidata.org/entity/Q49572102,Tripolis Park,Point(-118.061111111 34.128055555),,,park in the United States of America
http://www.wikidata.org/entity/Q49572892,Two Strike Park,Point(-118.236111111 34.233888888),,,"park in Los Angeles County, California, United States of America"
http://www.wikidata.org/entity/Q49573906,Valley Park,Point(-118.401388888 33.873611111),,,"park in Los Angeles County, California, United States of America; geonames ID = 5405531"
http://www.wikidata.org/entity/Q49573909,Valley Park,Point(-118.358333333 34.178333333),,,"park in Los Angeles County, California, United States of America; geonames ID = 5405532"
http://www.wikidata.org/entity/Q49573941,Valley Plaza Park,Point(-118.400833333 34.190555555),,,"park in North Hollywood, Los Angeles, California, United States"
http://www.wikidata.org/entity/Q49574108,Van Ness Playground,Point(-118.318055555 33.989722222),,,park in the United States of America
http://www.wikidata.org/entity/Q49574115,Van Nuys-Sherman Oaks War Memorial Park,Point(-118.443333333 34.161944444),,,"park in Los Angeles County, California, United States of America"
http://www.wikidata.org/entity/Q49574112,Van Nuys Recreation Area,Point(-118.445555555 34.195),,,park in the United States of America
http://www.wikidata.org/entity/Q44867956,Granada Theatre,Point(-118.352379 33.963324),,,"former movie theater in Inglewood, California, United States"
http://www.wikidata.org/entity/Q44867973,Imperial Theatre,Point(-118.328353 33.930617),,,"former movie theater in Inglewood, California, United States"
http://www.wikidata.org/entity/Q44867992,Inglewood Theater,Point(-118.35218 33.955299),,,"former movie theater in Inglewood, California, United States"
http://www.wikidata.org/entity/Q44868008,Ritz Theater,Point(-118.351471 33.961252),,,"former movie theater in Inglewood, California, United States"
http://www.wikidata.org/entity/Q5528515,Gay's Lion Farm,Point(-118.0293 34.0689),,,"Tourist attraction in El Monte, California, United States (1925–1942)"
http://www.wikidata.org/entity/Q5530020,Geffen Playhouse,Point(-118.445 34.0636),,http://www.geffenplayhouse.org,"not-for-profit theater company in Los Angeles, California, United States"
http://www.wikidata.org/entity/Q5530648,Gemini G.E.L.,Point(-118.372533488 34.084478863),,https://www.geminigel.com,artist's workshop and publisher
http://www.wikidata.org/entity/Q5530790,Gen. Charles S. Farnsworth County Park,Point(-118.131111 34.200556),,,"human settlement in Altadena, California, United States of America"
http://www.wikidata.org/entity/Q5579468,Golden Gate Theater,Point(-118.156667 34.02),,,"former movie theater in East Los Angeles, California, United States, now a drugstore"
http://www.wikidata.org/entity/Q5503499,Friday Morning Club,Point(-118.2633523 34.0453827),,,"stage theater building in Los Angeles, California"
http://www.wikidata.org/entity/Q5608906,Griffith Park Zoo,Point(-118.289 34.1337),,,"zoo in Los Angeles, California"
http://www.wikidata.org/entity/Q5647054,Hancock Park,Point(-118.357 34.0636),,,"public park, Los Angeles, United States"
http://www.wikidata.org/entity/Q6461820,La Cienega Park,Point(-118.376 34.0625),,,"park in Beverly Hills, California"
http://www.wikidata.org/entity/Q6463544,La Luz de Jesus,Point(-118.2899 34.1004),,,"Art gallery in Los Angeles, California"
http://www.wikidata.org/entity/Q6469181,Lacy Park,Point(-118.122 34.1204),,,"public park in Los Angeles County, California"
http://www.wikidata.org/entity/Q6487560,Lanterman House,Point(-118.205556 34.204444),,,"historic house museum in La Cañada Flintridge, California"
http://www.wikidata.org/entity/Q6489273,Largo,Point(-118.376319 34.077849),largolosangeles,https://largo-la.com/,"nightclub and cabaret in Los Angeles, CA"
http://www.wikidata.org/entity/Q6498028,Laugh Factory,Point(-118.364 34.098),laughfactoryhw,http://www.laughfactory.com,comedy club with several locations
http://www.wikidata.org/entity/Q6551043,Lincoln Theatre,Point(-118.253811 34.020517),,,"former theater, movie theater and music venue in Los Angeles, California, United States, later used as a church"
http://www.wikidata.org/entity/Q5594874,Grand Park,Point(-118.247 34.0567),,,park in Los Angeles
http://www.wikidata.org/entity/Q5601897,Greek Theatre,Point(-118.296111111 34.119722222),greek_theatre,https://www.lagreektheatre.com/,"music venue in Los Angeles, California, United States"
http://www.wikidata.org/entity/Q20711578,Lucas Museum of Narrative Art,Point(-118.290833333 34.015277777),lucasmuseum,https://lucasmuseum.org/,planned museum in Los Angeles
http://www.wikidata.org/entity/Q20714427,Hollywood Museum,Point(-118.33833333 34.10111111),,http://thehollywoodmuseum.com/,Film and television history museum
http://www.wikidata.org/entity/Q5491344,Franklin Canyon Park,Point(-118.412 34.1031),,,"Park in Los Angeles, California"
http://www.wikidata.org/entity/Q6796829,Mayan Theater,Point(-118.259133 34.040596),,https://www.themayan.com/,"former movie theater in Los Angeles, California, United States, now a nightclub"
http://www.wikidata.org/entity/Q6797132,Mayfair Music Hall,Point(-118.496 34.015),,,"former music hall/vaudeville theater and cinema in Santa Monica, California"
http://www.wikidata.org/entity/Q6800066,McCabe's Guitar Shop,Point(-118.4575 34.02583333),,,"musical instrument store and live music venue in Santa Monica, California, USA"
http://www.wikidata.org/entity/Q6731066,Magicopolis,Point(-118.4948 34.0159),,http://www.magicopolis.com/,"theater in Santa Monica, California"
http://www.wikidata.org/entity/Q6737691,Majestic Crest Theatre,Point(-118.442763 34.05775),,,"movie theater in Westwood, Los Angeles"
http://www.wikidata.org/entity/Q6800872,Uytengsu Aquatics Center,Point(-118.289 34.0241),,https://recsports.usc.edu/rec-facilities-page/main-facilities/uytengsu-aquatics-center/,"aquatics facility with a 50-meter competition pool, 25-yard diving pool, dive tower, dry-land training area, scoreboard, and stadium seating for 2,500"
http://www.wikidata.org/entity/Q44866289,Galaxy Glendale Marketplace,Point(-118.2550529 34.1453873),,,"former movie theater in Glendale, California, United States"
http://www.wikidata.org/entity/Q44866304,Glendale Cinemas,Point(-118.2565271 34.1529298),,,"former movie theater in Glendale, California, United States"
http://www.wikidata.org/entity/Q44866322,Glendale Theatre,Point(-118.2550477 34.1458244),,,"former movie theater in Glendale, California, United States"
http://www.wikidata.org/entity/Q44866426,Cosmo Theatre,Point(-118.2549989 34.137975),,,"former movie theater in Glendale, California, United States"
http://www.wikidata.org/entity/Q44866445,Vogue Theater,Point(-118.2550576 34.1370638),,,"former movie theater in Glendale, California, United States"
http://www.wikidata.org/entity/Q44866463,Gateway Theatre,Point(-118.2561783 34.1249557),,,"former movie theater in Glendale, California, United States"
http://www.wikidata.org/entity/Q44866479,Villa Glen Theatre,Point(-118.2579 34.1519118),,http://www.geocities.com/bijoumanager/Villa-glen.html,"former movie theater in Glendale, California, United States"
http://www.wikidata.org/entity/Q44866341,Pacific's Glendale 18,Point(-118.2578732 34.1443555),,http://www.pacifictheatres.com,"movie theater in Glendale, California, United States"
http://www.wikidata.org/entity/Q44866359,Palace Grand Theatre,Point(-118.2551047 34.1468322),,,"former movie theater in Glendale, California, United States"
http://www.wikidata.org/entity/Q44866375,Regency 1 Theatre,Point(-118.2549433 34.1439958),,,"former movie theater in Glendale, California, United States"
http://www.wikidata.org/entity/Q44866392,Star's Palace,Point(-118.2552732 34.152388),,,"movie theater in Glendale, California, United States"
http://www.wikidata.org/entity/Q44866407,Temple Theatre,Point(-118.254929 34.143064),,,"former movie theater in Glendale, California, United States"
http://www.wikidata.org/entity/Q44867104,Rex Theater,Point(-118.3547614 33.9200418),,,"former movie theater in Hawthorne, California, United States"
http://www.wikidata.org/entity/Q44867406,Hermosa Beach 6 Theatres,Point(-118.3936845 33.8670467),,,"former movie theater in Hermosa Beach, California, United States"
http://www.wikidata.org/entity/Q44867665,California Theatre,Point(-118.225154 33.9796765),,,"former movie theater in Huntington Park, California, United States"
http://www.wikidata.org/entity/Q6682068,Los Angeles County Arboretum and Botanic Garden,Point(-118.054 34.1416),,http://arboretum.org/,"arboretum, botanical garden, and historical site in Arcadia, California, United States"
http://www.wikidata.org/entity/Q6682231,Los Angeles LGBT Center,Point(-118.332728 34.100528),lalgbtcenter,https://lalgbtcenter.org/,"LGBT community center in Los Angeles, California"
http://www.wikidata.org/entity/Q6682258,Los Angeles Live Steamers Railroad Museum,Point(-118.30213 34.15501),,http://www.lals.org/,"Railroad museum in Los Angeles, California"
http://www.wikidata.org/entity/Q6682279,Los Angeles Municipal Art Gallery,Point(-118.293851 34.100425),,http://www.lamag.org,art gallery in Los Angeles
http://www.wikidata.org/entity/Q6682346,Los Angeles State Historic Park,Point(-118.234 34.0661),,http://www.parks.ca.gov/?page_id=22272,"state historic park in Los Angeles County, California, United States"
http://www.wikidata.org/entity/Q6682355,Los Angeles Theatre,Point(-118.2525 34.046389),,https://losangelestheatre.com/,"movie theater in downtown Los Angeles, California, United States"
http://www.wikidata.org/entity/Q6714265,MAMA,Point(-118.234 34.0402),,http://mama.gallery/,"art gallery in Los Angeles, California, United States"
http://www.wikidata.org/entity/Q6726337,Madame Tussauds Hollywood,Point(-118.34157 34.10183),,https://www.madametussauds.com/hollywood/,"wax museum in Hollywood, California"
http://www.wikidata.org/entity/Q44867072,AMC Hawthorne Plaza 6,Point(-118.3523965 33.917334),,,"former movie theater in Hawthorne, California, United States"
http://www.wikidata.org/entity/Q44867085,Plaza Theater,Point(-118.3523822 33.916527),,,"former movie theater in Hawthorne, California, United States"
http://www.wikidata.org/entity/Q44876275,State Theatre,Point(-118.1344176 34.1458692),,,"former movie theater in Pasadena, California, United States"
http://www.wikidata.org/entity/Q44876291,Strand Theatre,Point(-118.1434253 34.1458129),,,"former movie theater in Pasadena, California, United States"
http://www.wikidata.org/entity/Q44876310,Tower Theatre,Point(-118.1480304 34.1457664),,,"former movie theater in Pasadena, California, United States"
http://www.wikidata.org/entity/Q44876114,Washington Theatre,Point(-118.1330831 34.1689913),,,"former movie theater in Pasadena, California, United States"
http://www.wikidata.org/entity/Q44876132,Mann's Hastings Ranch 3,Point(-118.078209 34.153742),,,"former movie theater in Pasadena, California, United States"
http://www.wikidata.org/entity/Q44876147,Pacific's Hastings 8,Point(-118.077286 34.152326),,,"former movie theater in Pasadena, California, United States"
http://www.wikidata.org/entity/Q44876163,UA Marketplace 6,Point(-118.151916 34.145375),,,"former movie theater in Pasadena, California, United States"
http://www.wikidata.org/entity/Q44876181,Colorado Theater,Point(-118.0969633 34.1460524),,,"former movie theater in Pasadena, California, United States"
http://www.wikidata.org/entity/Q44876198,Esquire Theater,Point(-118.0952541 34.1460806),,,"former movie theater in Pasadena, California, United States"
http://www.wikidata.org/entity/Q44876215,Uptown Theatre,Point(-118.1029097 34.1460554),,,"former movie theater in Pasadena, California, United States"
http://www.wikidata.org/entity/Q44876233,ArcLight Pasadena,Point(-118.143507 34.1458126),,https://www.arclightcinemas.com/locations/los-angeles/pasadena/showtimes,"movie theater in Pasadena, California, United States"
http://www.wikidata.org/entity/Q44876253,Pasadena Photoplay Theatre,Point(-118.1497945 34.1457431),,,"former movie theater in Pasadena, California, United States"
http://www.wikidata.org/entity/Q44872287,Montrose Theatre,Point(-118.2261227 34.2051601),,,"former movie theater in Montrose, California, United States"
http://www.wikidata.org/entity/Q44873181,AMC Norwalk 20,Point(-118.0706783 33.914097),,https://www.amctheatres.com/movie-theatres/los-angeles/amc-norwalk-20,"movie theater in Norwalk, California, United States"
http://www.wikidata.org/entity/Q44873198,Norwalk 8,Point(-118.0825413 33.9036437),,http://www.regencymovies.com,"movie theater in Norwalk, California, United States"
http://www.wikidata.org/entity/Q44873216,Norwalk Theatre,Point(-118.0761268 33.9097635),,,"former movie theater in Norwalk, California, United States"
http://www.wikidata.org/entity/Q6650522,Little Joe's,Point(-118.237 34.0642),,,"restaurant in California, United States"
http://www.wikidata.org/entity/Q6682055,Los Angeles Contemporary Exhibitions,Point(-118.331871 34.10137),,,nonprofit exhibition space
http://www.wikidata.org/entity/Q44867683,Huntington Theatre,Point(-118.2250018 33.9861539),,,"former movie theater in Huntington Park, California, United States"
http://www.wikidata.org/entity/Q44876330,United Artists Theatre,Point(-118.1378592 34.1458588),,,"former movie theater in Pasadena, California, United States"
http://www.wikidata.org/entity/Q44876075,Bianchi Theatres,Point(-118.163101 33.9034414),,http://www.bianchitheatres.com,"movie theater in Paramount, California, United States"
http://www.wikidata.org/entity/Q44876094,Park Theatre,Point(-118.1506921 34.1685478),,,"former movie theater in Pasadena, California, United States"
http://www.wikidata.org/entity/Q44867918,Academy Theater,Point(-118.327432 33.960171),,http://www.academycathedral.com,"former movie theater in Inglewood, California, United States"
http://www.wikidata.org/entity/Q44867938,Arcade Theatre,Point(-118.3617586 33.9628494),,,"former movie theater in Inglewood, California, United States"
http://www.wikidata.org/entity/Q44871889,Monrovia Theatre,Point(-118.00066 34.148715),,,"former movie theater in Monrovia, California, United States"
http://www.wikidata.org/entity/Q44867737,Park Theatres,Point(-118.2251555 33.9803212),,https://www.metrotheatres.com/location/2280/Park-Twin,"movie theater in Huntington Park, California, United States"
http://www.wikidata.org/entity/Q44867758,Warner Huntington Park,Point(-118.2251525 33.9780186),,,"former movie theater in Huntington Park, California, United States"
http://www.wikidata.org/entity/Q44867901,5th Avenue Theatre,Point(-118.321769 33.960254),,,"former movie theater in Inglewood, California, United States"
http://www.wikidata.org/entity/Q44871963,AMC Montebello 10,Point(-118.09276 34.033716),,https://www.amctheatres.com/movie-theatres/los-angeles/amc-montebello-10,"movie theater in Montebello, California, United States"
http://www.wikidata.org/entity/Q44871980,Garmar Theater,Point(-118.125959 34.013348),,,"former movie theater in Montebello, California, United States"
http://www.wikidata.org/entity/Q44872001,Vogue Theatre,Point(-118.1076121 34.0100573),,,"former movie theater in Montebello, California, United States"
http://www.wikidata.org/entity/Q44872020,AMC Atlantic Times Square 14,Point(-118.1344022 34.0690049),,https://www.amctheatres.com/movie-theatres/los-angeles/amc-atlantic-times-square-14,"movie theater in Monterey Park, California, United States"
http://www.wikidata.org/entity/Q44872036,Monterey Theatre,Point(-118.1229951 34.0691384),,,"former movie theater in Monterey Park, California, United States"
http://www.wikidata.org/entity/Q44867699,Lyric Theatre,Point(-118.2252226 33.9738241),,,"former movie theater in Huntington Park, California, United States"
http://www.wikidata.org/entity/Q44867717,Park Theatre,Point(-118.2251555 33.9803212),,,"former movie theater in Huntington Park, California, United States"
http://www.wikidata.org/entity/Q44882726,NuWilshire Theatre,Point(-118.489394 34.0263505),,,"former movie theater in Santa Monica, California, United States"
http://www.wikidata.org/entity/Q44882739,Pussycat Theatre,Point(-118.4962471 34.0137579),,,"former movie theater in Santa Monica, California, United States"
http://www.wikidata.org/entity/Q44882772,Starland Theatre,Point(-118.4854297 34.0020878),,,"former movie theater in Santa Monica, California, United States"
http://www.wikidata.org/entity/Q44882787,Vixen Theater,Point(-118.4799179 33.9983648),,,"former movie theater in Santa Monica, California, United States"
http://www.wikidata.org/entity/Q44882694,La Petite Theatre,Point(-118.486441 34.000085),,,"former movie theater in Santa Monica, California, United States"
http://www.wikidata.org/entity/Q44882707,Laemmle Monica Film Center,Point(-118.4979277 34.015472),,https://www.laemmle.com/theater/monica-film-center,"movie theater in Santa Monica, California, United States"
http://www.wikidata.org/entity/Q44883371,Action Theatre,Point(-118.448672 34.1561079),,,"former movie theater in Sherman Oaks, Los Angeles, California, United States"
http://www.wikidata.org/entity/Q44883386,ArcLight Sherman Oaks,Point(-118.467371 34.15581),,http://www.arclightcinemas.com/ArcLight/faces/Home.jsp,"movie theater in Sherman Oaks, Los Angeles, California, United States"
http://www.wikidata.org/entity/Q44883403,GCC Sherman Oaks 1 & 2,Point(-118.447565 34.153313),,,"former movie theater in Sherman Oaks, Los Angeles, California, United States"
http://www.wikidata.org/entity/Q44883418,La Reina Theatre,Point(-118.4522845 34.1514913),,,"former movie theater in Sherman Oaks, Los Angeles, California, United States"
http://www.wikidata.org/entity/Q44883432,Pacific 4,Point(-118.467371 34.15581),,,"former movie theater in Sherman Oaks, Los Angeles, California, United States"
http://www.wikidata.org/entity/Q44883450,Pacific Sherman Oaks 5,Point(-118.4470456 34.1529988),,http://www.pacifictheatres.com,"movie theater in Sherman Oaks, Los Angeles, California, United States"
http://www.wikidata.org/entity/Q44882803,Wonderland Theatre,Point(-118.4902314 34.0049199),,,"former movie theater in Santa Monica, California, United States"
http://www.wikidata.org/entity/Q44882819,Yale Theater,Point(-118.4749395 34.0379581),,,"former movie theater in Santa Monica, California, United States"
http://www.wikidata.org/entity/Q44883461,Sherman Theatre,Point(-118.4611472 34.1529582),,,"former movie theater in Sherman Oaks, Los Angeles, California, United States"
http://www.wikidata.org/entity/Q44883477,Sierra Madre Playhouse,Point(-118.0546213 34.1619667),,http://sierramadreplayhouse.org,"movie theater in Sierra Madre, California, United States"
http://www.wikidata.org/entity/Q44883764,Allen Theater,Point(-118.2040751 33.9440522),,,"former movie theater in South Gate, California, United States"
http://www.wikidata.org/entity/Q44883770,Avon Theatre,Point(-118.225103 33.9650444),,,"former movie theater in South Gate, California, United States"
http://www.wikidata.org/entity/Q44884936,Mann Old Towne 6,Point(-118.352624 33.852432),,,"former movie theater in Torrance, California, United States"
http://www.wikidata.org/entity/Q44885108,Jewel Theatre,Point(-118.2884843 34.2531223),,,"former movie theater in Tujunga, Los Angeles, California, United States"
http://www.wikidata.org/entity/Q44885470,AMC Universal CityWalk 19,Point(-118.352556 34.137005),,https://www.amctheatres.com/movie-theatres/los-angeles/universal-cinema-amc-at-citywalk-hollywood,"Movie theater in Universal City, California, United States"
http://www.wikidata.org/entity/Q44883796,Teatro los Pinos,Point(-118.2180496 33.9509969),,http://www.teatrolospinos.com/frame.htm,"movie theater in South Gate, California, United States"
http://www.wikidata.org/entity/Q44883855,Ritz Theatre,Point(-118.1503096 34.116443),,,"former movie theater in South Pasadena, California, United States"
http://www.wikidata.org/entity/Q44884346,Fox Studio City Theatre,Point(-118.396405 34.143103),,,"former movie theater in Studio City, Los Angeles, California, United States"
http://www.wikidata.org/entity/Q44884698,Temple City Cinemas,Point(-118.0728747 34.1037797),,,"former movie theater in Temple City, California, United States"
http://www.wikidata.org/entity/Q44883782,Regal Edwards South Gate & IMAX,Point(-118.1642175 33.9526744),,http://www.regalcinemas.com,"movie theater in South Gate, California, United States"
http://www.wikidata.org/entity/Q44884716,Temple Theatre,Point(-118.0731721 34.1037012),,,"former movie theater in Temple City, California, United States"
http://www.wikidata.org/entity/Q44884837,Alpine Theatre,Point(-118.2889967 33.842159),,,"former movie theater in Torrance, California, United States"
http://www.wikidata.org/entity/Q44885973,Capri Theatre,Point(-118.4486911 34.1842514),,,"former movie theater in Van Nuys, Los Angeles, California, United States"
http://www.wikidata.org/entity/Q44885988,Fox Van Nuys Theatre,Point(-118.4488966 34.1872503),,,"former movie theater in Van Nuys, Los Angeles, California, United States"
http://www.wikidata.org/entity/Q44886025,Fox Venice Theater,Point(-118.464452 34.000158),,,"former movie theater in Venice, Los Angeles, California, United States"
http://www.wikidata.org/entity/Q44886040,Neptune Theatre,Point(-118.4742425 33.9876202),,,"former movie theater in Venice, Los Angeles, California, United States"
http://www.wikidata.org/entity/Q44886056,Venice Theatre,Point(-118.4740597 33.9873906),,,"former movie theater in Venice, Los Angeles, California, United States"
http://www.wikidata.org/entity/Q44886805,AMC Dine-In Sunset 5,Point(-118.3644591 34.0979922),,https://www.amctheatres.com/movie-theatres/los-angeles/amc-dine-in-sunset-5,"movie theater in West Hollywood, California, United States"
http://www.wikidata.org/entity/Q44886824,Carmel Theatre,Point(-118.3666569 34.0907932),,,"former movie theater in West Hollywood, California, United States"
http://www.wikidata.org/entity/Q44886853,Coast Playhouse,Point(-118.3711452 34.0908064),,http://www.thecoastplayhouse.com,"movie theater in West Hollywood, California, United States"
http://www.wikidata.org/entity/Q44886871,D'Anton Cinemateque,Point(-118.3886107 34.0819336),,,"former movie theater in West Hollywood, California, United States"
http://www.wikidata.org/entity/Q44886885,DGA Theater Complex,Point(-118.3627434 34.0978526),,,"movie theater in West Hollywood, California, United States"
http://www.wikidata.org/entity/Q44886896,Granada Theatre,Point(-118.3877136 34.0904877),,,"former movie theater in West Hollywood, California, United States"
http://www.wikidata.org/entity/Q44886909,Marquis Theatre,Point(-118.38946 34.0807292),,,"former movie theater in West Hollywood, California, United States"
http://www.wikidata.org/entity/Q44886928,Quickie Theatre,Point(-118.3691497 34.0908203),,,"former movie theater in West Hollywood, California, United States"
http://www.wikidata.org/entity/Q44886942,Studs at the Pussycat Theatre,Point(-118.3576939 34.0906961),,,"movie theater in West Hollywood, California, United States"
http://www.wikidata.org/entity/Q44887058,Berry Grand Theatre,Point(-118.036842 33.979109),,,"former movie theater in Whittier, California, United States"
http://www.wikidata.org/entity/Q44887075,Family Theater,Point(-118.0373434 33.9782909),,,"former movie theater in Whittier, California, United States"
http://www.wikidata.org/entity/Q44887106,Optic Theatre,Point(-118.0374971 33.9786665),,,"former movie theater in Whittier, California, United States"
http://www.wikidata.org/entity/Q44887122,Roxy Theatre,Point(-118.0344252 33.9790872),,,"former movie theater in Whittier, California, United States"
http://www.wikidata.org/entity/Q44887139,Strand Theatre,Point(-118.0383737 33.9791242),,,"former movie theater in Whittier, California, United States"
http://www.wikidata.org/entity/Q44887151,Whittier Theatre,Point(-118.0529189 33.9823479),,,"former movie theater in Whittier, California, United States"
http://www.wikidata.org/entity/Q44887167,Whittier Village Cinemas,Point(-118.0372091 33.9779367),,http://www.starlightcinemas.com,"movie theater in Whittier, California, United States"
http://www.wikidata.org/entity/Q44887249,Valuskis Theater,Point(-118.2324757 33.9161471),,,"former movie theater in Willowbrook, California, United States"
http://www.wikidata.org/entity/Q49574304,Venice Recreation Center,Point(-118.475 33.986944444),,,park in the United States of America
http://www.wikidata.org/entity/Q49574346,Verdugo Recreation Center,Point(-118.232777777 34.115833333),,,park in the United States of America
http://www.wikidata.org/entity/Q49574347,Verdugo Recreation Center,Point(-118.340555555 34.164722222),,,"park in Los Angeles County, California, United States of America"
http://www.wikidata.org/entity/Q49574344,Verdugo Park,Point(-118.228611111 34.171666666),,,park in the United States of America
http://www.wikidata.org/entity/Q49574404,Vernon Hemingway Memorial Park,Point(-118.2625 33.880833333),,,"park in Los Angeles County, California, United States of America"
http://www.wikidata.org/entity/Q49574535,Veterans Memorial Park,Point(-118.126666666 33.971666666),,,"park in Los Angeles County, California, United States of America; geonames ID = 5406108"
http://www.wikidata.org/entity/Q49574537,Veterans Memorial Park,Point(-118.4025 34.011944444),,,"park in Culver City, Los Angeles County, California, United States of America; geonames ID = 5406109"
http://www.wikidata.org/entity/Q49574743,Veterans Park,Point(-118.175833333 33.975555555),,,"park in Los Angeles County, California, United States of America; geonames ID = 5406121"
http://www.wikidata.org/entity/Q49574939,Vickroy Park,Point(-118.337222222 34.186111111),,,"park in Los Angeles County, California, United States of America"
http://www.wikidata.org/entity/Q49574986,Victoria Park,Point(-118.268611111 33.853611111),,,"park in Carson, Los Angeles, USA"
http://www.wikidata.org/entity/Q49575034,Victory Park,Point(-118.096388888 34.160555555),,,park in the United States of America
http://www.wikidata.org/entity/Q49575097,Victory-Vineland Recreation Center,Point(-118.372222222 34.1875),,,"park in Los Angeles County, California, United States of America"
http://www.wikidata.org/entity/Q49575348,Villa Park,Point(-118.143611111 34.155555555),,,park in the United States of America
http://www.wikidata.org/entity/Q49575455,Village Park,Point(-118.164722222 33.895833333),,,"park in Los Angeles County, California, United States of America; geonames ID = 5406381"
http://www.wikidata.org/entity/Q49575452,Village Park,Point(-118.165 33.888611111),,,"park in Los Angeles County, California, United States of America; geonames ID = 5406380"
http://www.wikidata.org/entity/Q49575594,Vineyard Playground,Point(-118.346111111 34.028333333),,,park in the United States of America
http://www.wikidata.org/entity/Q49575595,Vineyard Recreation Center,Point(-118.346111111 34.028055555),,,"park in Los Angeles County, California, United States of America"
http://www.wikidata.org/entity/Q49575649,Virginia Avenue Park,Point(-118.468055555 34.021666666),,,"park in Santa Monica, California, United States"
http://www.wikidata.org/entity/Q49575759,Vista Verde Park,Point(-118.088611111 33.913888888),,,"park in Los Angeles County, California, United States of America"
http://www.wikidata.org/entity/Q49576018,Wabash Recreation Center,Point(-118.197777777 34.051111111),,,"park in Los Angeles County, California, United States of America"
http://www.wikidata.org/entity/Q49576017,Wabash Playground,Point(-118.1975 34.051111111),,,"park in Los Angeles County, California, United States of America"
http://www.wikidata.org/entity/Q49576478,Walnut Creek Nature Park,Point(-117.995 34.062777777),,,"park in Los Angeles County, California, United States of America"
http://www.wikidata.org/entity/Q49577047,Washington Park,Point(-118.398611111 33.925833333),,,"park in Los Angeles County, California, United States of America; geonames ID = 5407360"
http://www.wikidata.org/entity/Q49577050,Washington Park,Point(-118.136111111 34.168055555),,,"park in Los Angeles County, California, United States of America; geonames ID = 5407359"
http://www.wikidata.org/entity/Q2144588,Hollyhock House,Point(-118.294315 34.099957),,https://barnsdall.org/hollyhock-house,"house in Los Angeles, California"
http://www.wikidata.org/entity/Q2358105,Petersen Automotive Museum,Point(-118.361034 34.062472),petersenmuseum,https://www.petersen.org/,"museum in Los Angeles, CA"
http://www.wikidata.org/entity/Q2491086,Orpheum Theatre,Point(-118.255341666 34.042680555),,https://laorpheum.com/,"movie theater and music venue in Los Angeles, California, United States"
http://www.wikidata.org/entity/Q2502709,Natural History Museum of Los Angeles County,Point(-118.288781 34.016989),nhmla,http://nhm.org/,non-profit organisation in the USA
http://www.wikidata.org/entity/Q2620204,Pacific Park,Point(-118.498056 34.008333),,http://www.pacpark.com/,"amusement park in Santa Monica, California, United States"
http://www.wikidata.org/entity/Q2855129,Franklin D. Murphy Sculpture Garden,Point(-118.440277777 34.074444444),,,park in the United States of America
http://www.wikidata.org/entity/Q2870804,Pan-Pacific Auditorium,Point(-118.354167 34.075278),,,"former structure in Los Angeles, California"
http://www.wikidata.org/entity/Q2900388,Beverly Hills Playhouse,Point(-118.383 34.0697),,,"acting school with theaters and training facilities in Beverly Hills, California, and other U. S. cities"
http://www.wikidata.org/entity/Q2926090,Bronson Canyon,Point(-118.315 34.1229),,,former rock quarry in Los Angeles used as a location for movies and television shows
http://www.wikidata.org/entity/Q2940590,Carthay Circle Theatre,Point(-118.368 34.0608),,http://www.mannTheaters.com/chinese/index.php,"former movie theater in Hollywood, Los Angeles, United States"
http://www.wikidata.org/entity/Q2972810,Cinerama Dome,Point(-118.328 34.0976),,http://www.seeing-stars.com/Theatres/CineramaDome.shtml,"movie theater at Sunset Boulevard in Hollywood, Los Angeles, California, United States"
http://www.wikidata.org/entity/Q3080246,MacArthur Park,Point(-118.2775 34.058611111),,https://www.laparks.org/park/macarthur,"Park in Los Angeles, California"
http://www.wikidata.org/entity/Q3139424,Hollywood Masonic Temple,Point(-118.340139 34.101314),,,Hollywood Boulevard building
http://www.wikidata.org/entity/Q3241306,Lincoln Park,Point(-118.201 34.0667),,http://www.laparks.org/dos/parks/facility/lincolnPk.htm,"park in Los Angeles, California"
http://www.wikidata.org/entity/Q3258958,London Fog,Point(-118.386 34.0914),,,"1960s nightclub in California, USA"
http://www.wikidata.org/entity/Q15265183,Palisades Park,Point(-118.506944444 34.021388888),,,"park along the Pacific coastline in Santa Monica, California"
http://www.wikidata.org/entity/Q15715949,Museum of Death,Point(-118.321177 34.101808),museumofdeathofficial,http://www.museumofdeath.net/,museum
http://www.wikidata.org/entity/Q15961580,Martial Arts History Museum,Point(-118.333473 34.172386),,https://martialartsmuseum.com/,"Sports museum in Glendale, California"
http://www.wikidata.org/entity/Q15961625,Pasadena Museum of History,Point(-118.160986 34.149095),,http://www.pasadenahistory.org/,"museum in Pasadena, California"
http://www.wikidata.org/entity/Q15964421,Los Angeles Institute of Contemporary Art,Point(-118.4148 34.0583),,,art museum in Los Angeles
http://www.wikidata.org/entity/Q16178258,Korean National Association Memorial Building,Point(-118.296481944 34.025554895),,,"building of Korean National Association, located in Los Angeles"
http://www.wikidata.org/entity/Q6850966,Mildred E. Mathias Botanical Garden,Point(-118.441 34.0656),,,"park in Los Angeles County, California, United States of America"
http://www.wikidata.org/entity/Q6887470,Mocambo,Point(-118.378963 34.092693),,,nightclub
http://www.wikidata.org/entity/Q6940862,Museum of Flying,Point(-118.447777777 34.014722222),,http://www.museumofflying.org/,"aviation museum in Santa Monica, California, USA"
http://www.wikidata.org/entity/Q6941059,Academy Museum of Motion Pictures,Point(-118.360833333 34.063333333),academymuseum,https://www.academymuseum.org/,Los Angeles museum dedicated to films and filmmaking
http://www.wikidata.org/entity/Q6941453,Fonda Theatre,Point(-118.323 34.1016),,https://www.fondatheatre.com/,"music venue and former movie theater in Los Angeles, California, United States"
http://www.wikidata.org/entity/Q6943139,Musso & Frank Grill,Point(-118.335 34.1017),,https://mussoandfrank.com/,Hollywood Institution
http://www.wikidata.org/entity/Q7005534,New Beverly Cinema,Point(-118.346 34.0762),newbeverly,http://www.thenewbev.com,"movie theater in Los Angeles, California, United States"
http://www.wikidata.org/entity/Q7008935,New Image Art,Point(-118.36221 34.090617),,,art gallery
http://www.wikidata.org/entity/Q7028252,Nickel Diner,Point(-118.248799 34.045891),,http://nickeldiner.com/,"Restaurant in Los Angeles, California, United States"
http://www.wikidata.org/entity/Q7048038,Q7048038,Point(-118.2675 34.044444444),peacock_theater,https://www.peacocktheater.com/,"music and theatre venue in downtown Los Angeles, California at L.A. Live"
http://www.wikidata.org/entity/Q49577743,Wattles Garden Park,Point(-118.354444444 34.104166666),,,park in the United States of America
http://www.wikidata.org/entity/Q49577764,Watts Senior Center,Point(-118.243888888 33.946111111),,,park in the United States of America
http://www.wikidata.org/entity/Q49577765,Watts Towers of Simon Rodia State Historic Park,Point(-118.241388888 33.938611111),,https://www.parks.ca.gov/?page_id=613,park in the United States of America
http://www.wikidata.org/entity/Q49578052,Weddington Park,Point(-118.365 34.141388888),,,"park in Los Angeles County, California, United States of America"
http://www.wikidata.org/entity/Q49578719,West Hollywood Park,Point(-118.384166666 34.083055555),,,park in the United States of America
http://www.wikidata.org/entity/Q49579150,West Wilshire Recreation Center,Point(-118.353333333 34.071944444),,,"park in Los Angeles County, California, United States of America"
http://www.wikidata.org/entity/Q49579148,West Wilshire Playground,Point(-118.354166666 34.0725),,,"park in Los Angeles County, California, United States of America"
http://www.wikidata.org/entity/Q49579214,Westchester Playground,Point(-118.415833333 33.958333333),,,"park in Los Angeles County, California, United States of America"
http://www.wikidata.org/entity/Q49579384,Westminster Park,Point(-118.473333333 33.990277777),,,"park in Los Angeles County, California, United States of America"
http://www.wikidata.org/entity/Q49579483,Westside Park,Point(-118.1025 33.921666666),,,"park in Los Angeles County, California, United States"
http://www.wikidata.org/entity/Q49579599,Westwood Park,Point(-118.44648 34.05366),,,"park in Los Angeles, California"
http://www.wikidata.org/entity/Q49580260,Whitnall Highway Park,Point(-118.343333333 34.162777777),,,park in the United States of America
http://www.wikidata.org/entity/Q49580306,Whittier Narrows Dam County Recreational Are,Point(-118.066111111 34.043055555),,,park in the United States of America
http://www.wikidata.org/entity/Q49580307,Whittier Narrows Nature Center,Point(-118.044444444 34.034166666),,,park in the United States of America
http://www.wikidata.org/entity/Q49580460,Wilacre Park,Point(-118.398611111 34.133611111),,,park in the United States of America
http://www.wikidata.org/entity/Q49580657,Wildwood Canyon Park,Point(-118.294444444 34.208055555),,,park in the United States of America
http://www.wikidata.org/entity/Q49580846,Will Rogers Memorial Park,Point(-118.412222222 34.080277777),,,"park in Los Angeles County, California, United States of America"
http://www.wikidata.org/entity/Q49580845,Will Rogers Memorial Park,Point(-118.251666666 33.944166666),,,park in the United States of America
http://www.wikidata.org/entity/Q49580930,William A Smith Park,Point(-118.089166666 33.990277777),,,"park in Los Angeles County, California, United States of America"
http://www.wikidata.org/entity/Q49581007,William Green Park,Point(-118.356666666 33.877777777),,,park in the United States of America
http://www.wikidata.org/entity/Q49581090,William Mulholland Memorial,Point(-118.271666666 34.116388888),,,park in the United States of America
http://www.wikidata.org/entity/Q49581104,William Penn Park,Point(-118.024444444 33.974722222),,,"park in Los Angeles County, California, United States of America"
http://www.wikidata.org/entity/Q49581568,Willowbrook Park,Point(-118.260833333 33.919722222),,,"park in Los Angeles County, California, United States of America"
http://www.wikidata.org/entity/Q49581683,Wilson Field,Point(-118.293055555 34.007777777),,,"park in Los Angeles County, California, United States of America"
http://www.wikidata.org/entity/Q4653612,ARCO Center for Visual Art,Point(-118.257 34.0514),,,former not-for-profit gallery in Los Angeles
http://www.wikidata.org/entity/Q4672976,Ace Gallery,Point(-118.349 34.0621),,http://www.acegallery.net/live.php/,"art gallery, LA, CA"
http://www.wikidata.org/entity/Q4672984,Ace Hotel Los Angeles,Point(-118.257 34.0416),,http://www.acehotel.com/losangeles/theatre,"highrise hotel and movie theater building in downtown Los Angeles, California, United States"
http://www.wikidata.org/entity/Q4717884,Alex Theatre,Point(-118.254778 34.148783),thealex_theatre,https://www.thealex.com/,"theater and movie theater in Glendale, California, United States"
http://www.wikidata.org/entity/Q4763041,Angels Attic,Point(-118.491 34.0147),,,"Toy museum in Santa Monica, California, United States (1984–2017)"
http://www.wikidata.org/entity/Q4764750,Animal,Point(-118.361 34.0792),,,"restaurant located in Los Angeles, United States"
http://www.wikidata.org/entity/Q4817695,Black Cat Tavern,Point(-118.28 34.0922),,https://www.blackcattavern.com/,"bar in Los Angeles, California"
http://www.wikidata.org/entity/Q44859398,WGA Theatre,Point(-118.3898275 34.0659129),,,"movie theater in Beverly Hills, California, United States"
http://www.wikidata.org/entity/Q44859932,AMC Burbank 14,Point(-118.3113074 34.1817613),,,"former movie theater in Burbank, California, United States"
http://www.wikidata.org/entity/Q44859950,AMC Burbank 16,Point(-118.312519 34.181932),,https://www.amctheatres.com/movie-theatres/los-angeles/amc-burbank-16,"movie theater in Burbank, California, United States"
http://www.wikidata.org/entity/Q44859963,AMC Burbank Town Center 6,Point(-118.3156276 34.1847568),,https://www.amctheatres.com/movie-theatres/los-angeles/amc-burbank-town-center-6,"movie theater in Burbank, California, United States"
http://www.wikidata.org/entity/Q44859981,AMC Burbank Town Center 8,Point(-118.312247 34.183478),,https://www.amctheatres.com/movie-theatres/los-angeles/amc-burbank-town-center-8,"movie theater in Burbank, California, United States"
http://www.wikidata.org/entity/Q44859996,Burbank Theatre,Point(-118.3076197 34.1799857),,,"former movie theater in Burbank, California, United States"
http://www.wikidata.org/entity/Q44860016,California Theater,Point(-118.3432192 34.1691016),,,"former movie theater in Burbank, California, United States"
http://www.wikidata.org/entity/Q44860031,Cornell Theatre,Point(-118.3198296 34.1890053),,,"former movie theater in Burbank, California, United States"
http://www.wikidata.org/entity/Q44860047,Loma Theatre,Point(-118.306556 34.178862),,,"former movie theater in Burbank, California, United States"
http://www.wikidata.org/entity/Q44860065,Magnolia Theatre,Point(-118.354457 34.16575),,,"former movie theater in Burbank, California, United States"
http://www.wikidata.org/entity/Q44860078,Major Theatre,Point(-118.3110799 34.1825294),,,"former movie theater in Burbank, California, United States"
http://www.wikidata.org/entity/Q44860787,Cinemark Carson & XD,Point(-118.2602968 33.8442351),,http://www.cinemark.com,"movie theater in Carson, California, United States"
http://www.wikidata.org/entity/Q44860919,AMC Alondra 6,Point(-118.103425 33.885051),,,"former movie theater in Cerritos, California, United States"
http://www.wikidata.org/entity/Q44861888,Regency Commerce,Point(-118.1538561 34.0189335),,http://www.regencymovies.com,"movie theater in Commerce, California, United States"
http://www.wikidata.org/entity/Q4827110,Autry Museum of the American West,Point(-118.282 34.1486),theautry,http://www.TheAutry.org/,"museum in Los Angeles, California"
http://www.wikidata.org/entity/Q4827577,Avalon Hollywood,Point(-118.327 34.1027),,http://www.avalonhollywood.com,"historic nightclub in Hollywood, California, USA"
http://www.wikidata.org/entity/Q4861882,Barnsdall Art Park,Point(-118.293611111 34.099444444),,http://www.barnsdall.org,"park located in Los Angeles, California"
http://www.wikidata.org/entity/Q4886110,Ben Maltz Gallery,Point(-118.41659 33.956727),,,"art space in Los Angeles, California"
http://www.wikidata.org/entity/Q4891432,Bergamot Station,Point(-118.467 34.0277),,,"art gallery facility in Santa Monica, California, USA"
http://www.wikidata.org/entity/Q4899522,Beverly Gardens Park,Point(-118.403 34.0722),,,"park in California, United States of America"
http://www.wikidata.org/entity/Q4899925,Beyond Baroque Literary Arts Center,Point(-118.459 33.9911),,,literary arts center in Los Angeles
http://www.wikidata.org/entity/Q4903744,Bicycle Casino,Point(-118.166 33.9663),,http://www.thebike.com/,"casino in Bell Gardens, California, US"
http://www.wikidata.org/entity/Q4931577,Bob's Big Boy,Point(-118.3462 34.1524),bobsbigboyburbank,https://bobs.net/,American fast-food restaurant
http://www.wikidata.org/entity/Q4932840,Bob Hope Patriotic Hall,Point(-118.271 34.0352),,,"historic building in Los Angeles, California"
http://www.wikidata.org/entity/Q4940176,Bolton Hall,Point(-118.288 34.2526),,,"historic American Craftsman era stone building in Tujunga, Los Angeles County, California"
http://www.wikidata.org/entity/Q44859381,Warner Beverly Hills Theatre,Point(-118.397204 34.066704),,,"former movie theater in Beverly Hills, California, United States"
http://www.wikidata.org/entity/Q44862727,The Culver Theater,Point(-118.394418 34.0236778),,https://web.theculvertheater.com/,"movie theater in Culver City, California, United States"
http://www.wikidata.org/entity/Q44862748,Meralta Theatre,Point(-118.3952703 34.0227022),,,"former movie theater in Culver City, California, United States"
http://www.wikidata.org/entity/Q44862766,Culver Plaza Theatres,Point(-118.398229 34.021389),,,"former movie theater in Culver City, California, United States"
http://www.wikidata.org/entity/Q44862783,Palms Theatre,Point(-118.4047047 34.021424),,,"former movie theater in Culver City, California, United States"
http://www.wikidata.org/entity/Q44863324,Avenue Theatre,Point(-118.13163 33.941359),,,"former movie theater in Downey, California, United States"
http://www.wikidata.org/entity/Q44863360,Downey Cinema 10,Point(-118.132654 33.942288),,http://www.kptmovies.com,"movie theater in Downey, California, United States"
http://www.wikidata.org/entity/Q44861906,Fox Compton Theatre,Point(-118.2231971 33.8959467),,,"former movie theater in Compton, California, United States"
http://www.wikidata.org/entity/Q44861923,Symphony Theatre,Point(-118.2229982 33.8979285),,,"former movie theater in Compton, California, United States"
http://www.wikidata.org/entity/Q44861938,Tower Theatre,Point(-118.2080266 33.8965599),,,"former movie theater in Compton, California, United States"
http://www.wikidata.org/entity/Q44863378,El Teatro,Point(-118.1314532 33.9422337),,,"former movie theater in Downey, California, United States"
http://www.wikidata.org/entity/Q44863395,Meralta Theatre,Point(-118.130985 33.94216),,,"former movie theater in Downey, California, United States"
http://www.wikidata.org/entity/Q44863413,Showcase Cinema I & II,Point(-118.1230766 33.9373148),,,"former movie theater in Downey, California, United States"
http://www.wikidata.org/entity/Q44863568,Alameda Theatre,Point(-118.158912 34.020407),,,"former movie theater in East Los Angeles, California, United States"
http://www.wikidata.org/entity/Q44863585,Boulevard Theater,Point(-118.1692897 34.0230624),,,"former movie theater in East Los Angeles, California, United States"
http://www.wikidata.org/entity/Q44863607,Center Theatre,Point(-118.1653457 34.0220896),,,"former movie theater in East Los Angeles, California, United States"
http://www.wikidata.org/entity/Q44863678,Ivy Theater,Point(-118.1879273 34.02393),,,"former movie theater in East Los Angeles, California, United States"
http://www.wikidata.org/entity/Q44863698,Jewel Theater,Point(-118.1916275 34.0240186),,,"former movie theater in East Los Angeles, California, United States"
http://www.wikidata.org/entity/Q44863715,Royale Theatre,Point(-118.1589874 34.020793),,,"former movie theater in East Los Angeles, California, United States"
http://www.wikidata.org/entity/Q44863733,Strand Theatre,Point(-118.1788923 34.0239192),,,"former movie theater in East Los Angeles, California, United States"
http://www.wikidata.org/entity/Q44864161,El Monte Theatre,Point(-118.0347859 34.0736123),,,"former movie theater in El Monte, California, United States"
http://www.wikidata.org/entity/Q44864176,Valley Theatre,Point(-118.1048562 34.0794665),,,"former movie theater in El Monte, California, United States"
http://www.wikidata.org/entity/Q44864192,CinemaWest Beach Cities,Point(-118.3887099 33.9033149),,https://www.cinemawest.com/locations/beach-cities-el-segundo,"movie theater in El Segundo, California, United States"
http://www.wikidata.org/entity/Q44863749,Unique Theatre,Point(-118.1876527 34.0361845),,,"former movie theater in East Los Angeles, California, United States"
http://www.wikidata.org/entity/Q44864144,El Monte 8,Point(-118.0398268 34.0765851),,,"former movie theater in El Monte, California, United States"
http://www.wikidata.org/entity/Q44863635,City Terrace Cinema,Point(-118.179408 34.056099),,,"former movie theater in East Los Angeles, California, United States"
http://www.wikidata.org/entity/Q44863652,Garden Theater,Point(-118.1737898 34.0173762),,,"former movie theater in East Los Angeles, California, United States"
http://www.wikidata.org/entity/Q44864211,Old Town Music Hall,Point(-118.416826 33.91762),,http://www.oldtownmusichall.org,"movie theater in El Segundo, California, United States"
http://www.wikidata.org/entity/Q44866092,Embassy Theatre,Point(-118.2920635 33.8924838),,,"former movie theater in Gardena, California, United States"
http://www.wikidata.org/entity/Q44866110,Gardena Cinema,Point(-118.3264245 33.89602),,http://www.gardenacinema.com,"movie theater in Gardena, California, United States"
http://www.wikidata.org/entity/Q44866130,Gardena Theatre,Point(-118.2915664 33.8815185),,,"former movie theater in Gardena, California, United States"
http://www.wikidata.org/entity/Q44866147,Little Fox Theater,Point(-118.2919842 33.9025041),,,"former movie theater in Gardena, California, United States"
http://www.wikidata.org/entity/Q44866214,Glen Theatre,Point(-118.2424372 34.1426141),,,"former movie theater in Glendale, California, United States"
http://www.wikidata.org/entity/Q44866231,California Theatre,Point(-118.2551329 34.1513899),,,"former movie theater in Glendale, California, United States"
http://www.wikidata.org/entity/Q44866248,Capitol Theatre,Point(-118.2550996 34.1453976),,,"former movie theater in Glendale, California, United States"
http://www.wikidata.org/entity/Q44866269,Five Star Cinema Glendale,Point(-118.25351 34.14516),,http://www.mgnfivestarcinema.com,"former movie theater in Glendale, California, United States"
http://www.wikidata.org/entity/Q12061810,Million Dollar Theater,Point(-118.24842 34.05087),,http://www.milliondollar.la/,"movie theater in Los Angeles, California"
http://www.wikidata.org/entity/Q14682161,Hayworth Theatre,Point(-118.2804 34.0604),,http://theaterfilms.wix.com/thehayworth#!about-us,"theater and performing arts center in Los Angeles, California"
http://www.wikidata.org/entity/Q14683070,Le Prive,Point(-118.309 34.059),,,"Korean club in Los Angeles, California"
http://www.wikidata.org/entity/Q14683184,Los Angeles Nurses' Club,Point(-118.261 34.0597),,,"community center in Los Angeles, United States of America"
http://www.wikidata.org/entity/Q14683287,Mary Bethune Park,Point(-118.253 33.984),,,"public park in South Los Angeles, California, United States"
http://www.wikidata.org/entity/Q14683528,Nuart Theatre,Point(-118.448 34.0465),,http://landmarktheatres.com/,"movie theater in Los Angeles, California, United States"
http://www.wikidata.org/entity/Q14683622,Pavilion for Japanese Art,Point(-118.358 34.0633),,https://www.lacma.org/,part of the Los Angeles County Museum of Art
http://www.wikidata.org/entity/Q15223406,Hazard's Pavilion,Point(-118.2531305 34.0494178),,,former auditorium in Los Angeles
http://www.wikidata.org/entity/Q44958564,Atwater Theatre,Point(-118.2615602 34.117752),,,"former movie theater in Atwater Village, Los Angeles, California, United States"
http://www.wikidata.org/entity/Q44958583,Balboa Theatre,Point(-118.292208 33.958559),,,"former movie theater in Los Angeles, California, United States"
http://www.wikidata.org/entity/Q14683969,Shubert Theatre,Point(-118.415 34.0582),,,"former theater in Century City, Los Angeles, California, United States"
http://www.wikidata.org/entity/Q15198781,Beverly Hills Women's Club,Point(-118.42161 34.08423),,,"clubhouse in Beverly Hills, United States of America"
http://www.wikidata.org/entity/Q44958624,Crystal Theatre,Point(-118.2096944 34.0316813),,,"former movie theater in Boyle Heights, Los Angeles, California, United States"
http://www.wikidata.org/entity/Q44958639,Joy Theatre,Point(-118.2146035 34.0452483),,,"former movie theater in Boyle Heights, Los Angeles, California, United States"
http://www.wikidata.org/entity/Q44958656,Meralta Theatre,Point(-118.2139158 34.0449881),,,"former movie theater in Boyle Heights, Los Angeles, California, United States"
http://www.wikidata.org/entity/Q44958598,Bonito Theatre,Point(-118.1690859 34.0409306),,,"former movie theater in East Los Angeles, California, United States"
http://www.wikidata.org/entity/Q44958609,Brooklyn Theatre,Point(-118.205842 34.045522),,,"former movie theater in Boyle Heights, Los Angeles, California, United States"
http://www.wikidata.org/entity/Q7959351,Wadsworth Theatre,Point(-118.45823 34.0543),,,"theatre in Los Angeles, California, USA"
http://www.wikidata.org/entity/Q7965532,Walter Maciel Gallery,Point(-118.37689 34.03431),,,"art gallery in Los Angeles, California, United States"
http://www.wikidata.org/entity/Q7982353,Wende Museum,Point(-118.38221111 33.99091389),,http://www.wendemuseum.org,"Museum in Culver City, California"
http://www.wikidata.org/entity/Q7988991,Westlake Theatre,Point(-118.275367 34.058336),,,"former movie theater in Los Angeles, California, United States"
http://www.wikidata.org/entity/Q7998090,Wich Stand,Point(-118.354 33.9886),,https://www.simplywholesome.com/,building in Los Angeles
http://www.wikidata.org/entity/Q8003060,Will Rogers State Historic Park,Point(-118.512222222 34.056111111),,http://www.parks.ca.gov/?page_id=626,"state historic park in Los Angeles, California, United States"
http://www.wikidata.org/entity/Q8030619,Woman's Building,Point(-118.2265821 34.0700912),,http://thewomansbuilding.org/,"non-profit arts and education center located in Los Angeles, California"
http://www.wikidata.org/entity/Q8071889,Zilkha Neurogenetic Institute,Point(-118.203639 34.062439),,https://keck.usc.edu/zilkha/,neuroscience research facility at USC
http://www.wikidata.org/entity/Q8072655,Zipper Hall,Point(-118.2499 34.0539),,,"music venue on the campus of the Colburn School in Los Angeles, California"
http://www.wikidata.org/entity/Q9005444,Huntington Desert Garden,Point(-118.11 34.1272),,,Calfornian botanical garden for xerophytes
http://www.wikidata.org/entity/Q10336724,Earl Carroll Theatre,Point(-118.32398 34.09825),,,"former theater and TV studio in Hollywood, California, USA"
http://www.wikidata.org/entity/Q11237612,Los Angeles Fire Department Museum and Memorial,Point(-118.33 34.095944),,,"building in California, United States of America"
http://www.wikidata.org/entity/Q7919976,Venice Branch,Point(-118.474722 33.991111),,,"historic library in Venice, Los Angeles, California"
http://www.wikidata.org/entity/Q7934482,Virginia Robinson Gardens,Point(-118.416667 34.086389),,,"historic estate in Beverly Hills, California"
http://www.wikidata.org/entity/Q7936468,Vista Theatre,Point(-118.287 34.098388888),vistatheaterhollywood,https://www.vistatheaterhollywood.com/,"movie theater in Los Feliz, Los Angeles, California, United States"
http://www.wikidata.org/entity/Q44958812,Elite Theater,Point(-118.2652246 34.0115304),,,"former movie theater in Los Angeles, California, United States"
http://www.wikidata.org/entity/Q44958833,Florence Mills Theatre,Point(-118.2565183 34.0113371),,,"former movie theater in Los Angeles, California, United States"
http://www.wikidata.org/entity/Q44958861,Gayety Theater,Point(-118.2543803 34.0201535),,,"former movie theater in Los Angeles, California, United States"
http://www.wikidata.org/entity/Q44958754,Allena Theatre,Point(-118.2727163 34.0111369),,,"former movie theater in Los Angeles, California, United States"
http://www.wikidata.org/entity/Q44958769,Barbara Theatre,Point(-118.2723561 34.0111743),,,"former movie theater in Los Angeles, California, United States"
http://www.wikidata.org/entity/Q44958792,Dreamland Theatre,Point(-118.2710017 34.0212471),,,"former movie theater in Los Angeles, California, United States"
http://www.wikidata.org/entity/Q44958668,Monterey Theatre,Point(-118.2164937 34.0345802),,,"former movie theater in Boyle Heights, Los Angeles, California, United States"
http://www.wikidata.org/entity/Q44958686,National Theatre,Point(-118.209224 34.0474655),,,"former movie theater in Boyle Heights, Los Angeles, California, United States"
http://www.wikidata.org/entity/Q44958702,Vern Theatre,Point(-118.2172402 34.0233167),,,"former movie theater in Boyle Heights, Los Angeles, California, United States"
http://www.wikidata.org/entity/Q44958884,Rosebud Theatre,Point(-118.2511902 34.0236824),,,"former movie theater in Los Angeles, California, United States"
http://www.wikidata.org/entity/Q44958906,"Star Theater, Central City",Point(-118.2619682 34.0203216),,,"former movie theater in Los Angeles, California, United States"
http://www.wikidata.org/entity/Q44958925,Vernon-Vogue Theater,Point(-118.24528 34.0039409),,,"former movie theater in Los Angeles, California, United States"
http://www.wikidata.org/entity/Q44958718,Wabash Theatre,Point(-118.1958228 34.0495541),,,"former movie theater in Boyle Heights, Los Angeles, California, United States"
http://www.wikidata.org/entity/Q44958738,Aliso Theatre,Point(-118.223247 34.047151),,,"former movie theater in Los Angeles, California, United States"
http://www.wikidata.org/entity/Q38806982,The Hollywood Sculpture Garden,Point(-118.323551 34.113942),,http://www.hollywoodsculpturegarden.com/,"sculpture garden in Los Angeles, California, U.S"
http://www.wikidata.org/entity/Q41337595,Douglas Park,Point(-118.479166666 34.035833333),,,"park in Santa Monica, California, United States"
http://www.wikidata.org/entity/Q42715726,Bing Theatre,Point(-118.288030451 34.025365077),,https://dramaticarts.usc.edu/about/theatres/bing/,performance venue for USC's School of Dramatic Arts
http://www.wikidata.org/entity/Q44635239,Edwards Century Theater,Point(-118.103683 34.10211),,,"former movie theater in San Gabriel, California, United States"
http://www.wikidata.org/entity/Q44635256,San Gabriel Drive-In,Point(-118.1018432 34.0795856),,,"former drive-in movie theater in San Gabriel, California, United States"
http://www.wikidata.org/entity/Q44835890,Edwards Drive-In,Point(-118.0055625 34.1110259),,,"former drive-in movie theater in Arcadia, California, United States"
http://www.wikidata.org/entity/Q44836015,Edgewood Drive-In,Point(-117.9880285 34.0646565),,,"former drive-in movie theater in Baldwin Park, California, United States"
http://www.wikidata.org/entity/Q44836063,Gage Drive-In,Point(-118.1386639 33.972891),,,"former drive-in movie theater in Bell Gardens, California, United States"
http://www.wikidata.org/entity/Q44836197,Pickwick Drive-In,Point(-118.312987 34.162083),,,"former drive-in movie theater in Burbank, California, United States"
http://www.wikidata.org/entity/Q44836213,San Val Drive-In,Point(-118.3402173 34.1992151),,,"former drive-in movie theater in Burbank, California, United States"
http://www.wikidata.org/entity/Q44959027,AMC Century City 15,Point(-118.418557 34.057385),,https://www.amctheatres.com/movie-theatres/los-angeles/amc-century-city-15,"movie theater in Century City, Los Angeles, California, United States"
http://www.wikidata.org/entity/Q44958949,Victor Theatre,Point(-118.2632389 34.0327511),,,"former movie theater in Los Angeles, California, United States"
http://www.wikidata.org/entity/Q44958973,Washington Theatre,Point(-118.271683 34.0342936),,,"former movie theater in Los Angeles, California, United States"
http://www.wikidata.org/entity/Q44958993,Centro Theatre,Point(-118.2563825 33.9685596),,,"former movie theater in Los Angeles, California, United States"
http://www.wikidata.org/entity/Q28222799,Velaslavasay Panorama,Point(-118.284731 34.034364),,http://www.panoramaonview.org,"movie theater in Los Angeles, California, United States"
http://www.wikidata.org/entity/Q28451078,Gilbert Lindsay Park,Point(-118.267433 34.007059),,,"park in Los Angeles County, United States of America"
http://www.wikidata.org/entity/Q28451077,Vermont Square Park,Point(-118.2972 34.0003),,,urban park in Los Angeles
http://www.wikidata.org/entity/Q28451091,Veterans Barrington Park,Point(-118.4671298 34.0629238),,,"park in Los Angeles County, California, United States"
http://www.wikidata.org/entity/Q28451089,Budd Wiener Park,Point(-118.1838 34.0981),,,"park in Los Angeles County, California, United States"
http://www.wikidata.org/entity/Q28842729,Hollywood Park Casino,Point(-118.338611111 33.946416666),,http://www.playhpc.com/,"casino in Inglewood, California"
http://www.wikidata.org/entity/Q30099919,Luna Park Zoo,Point(-118.198545 34.069802),,,former Zoo in Los Angeles
http://www.wikidata.org/entity/Q30591755,Silverlake Lounge,Point(-118.273646 34.082942),,,music venue in Los Angeles
http://www.wikidata.org/entity/Q30592803,Ricardo Montalbán Theatre,Point(-118.32686111 34.10030556),,http://www.nosotros.org/theatre.html,"theater in Hollywood, Los Angeles, California, United States"
http://www.wikidata.org/entity/Q30594232,Flappers Comedy Club,Point(-118.312524 34.181876),,http://flapperscomedy.com,"Comedy club and restaurant in Burbank, California, United States"
http://www.wikidata.org/entity/Q30621542,Los Angeles County Fire Museum,Point(-118.12458 33.886025),,http://www.lacountyfiremuseum.com/,"firefighting museum in California, United States"
http://www.wikidata.org/entity/Q30640478,Aero Theatre,Point(-118.495287 34.031898),,,"movie theater in Santa Monica, California, United States"
http://www.wikidata.org/entity/Q38252108,State Theatre,Point(-118.2536541 34.0451189),,,"former movie theater in Los Angeles, California, United States, later used as a church"
http://www.wikidata.org/entity/Q44959010,AMC Century 14,Point(-118.4202348 34.0598463),,,"former movie theater in Century City, Los Angeles, California, United States"
http://www.wikidata.org/entity/Q25004620,La Brea Theatre,Point(-118.345556 34.059167),,,former movie theater in Los Angeles
http://www.wikidata.org/entity/Q26955483,Community Clubhouse,Point(-118.351111111 34.093611111),,,"historic building in West Hollywood, California"
http://www.wikidata.org/entity/Q28058843,Recreation Park,Point(-118.4125 33.920833333),,,"park in El Segundo, California, United States"
http://www.wikidata.org/entity/Q28128559,Marciano Art Foundation,Point(-118.32363333 34.06219167),,https://marcianoartfoundation.org/,"non-profit arts foundation located in Los Angeles, CA"
http://www.wikidata.org/entity/Q44959051,Century Plaza Cinemas,Point(-118.4150478 34.0579879),,,"former movie theater in Century City, Los Angeles, California, United States"
http://www.wikidata.org/entity/Q44959076,Cinemaland,Point(-118.2355034 34.0672182),,,"former movie theater in Chinatown, Los Angeles, California, United States"
http://www.wikidata.org/entity/Q44959096,Estella Theater,Point(-118.2397729 34.056174),,,"former movie theater in Chinatown, Los Angeles, California, United States"
http://www.wikidata.org/entity/Q44959123,Kim Sing Theatre,Point(-118.245416 34.0640993),,,"former movie theater in Chinatown, Los Angeles, California, United States"
http://www.wikidata.org/entity/Q44959145,King Hing Theatre,Point(-118.238742 34.058974),,,"former movie theater in Chinatown, Los Angeles, California, United States"
http://www.wikidata.org/entity/Q44959167,Playo Theatre,Point(-118.2404482 34.0554117),,,"former movie theater in Chinatown, Los Angeles, California, United States"
http://www.wikidata.org/entity/Q44959190,Principal Theater,Point(-118.2400245 34.0558999),,,"former movie theater in Chinatown, Los Angeles, California, United States"
http://www.wikidata.org/entity/Q44959289,Cinemark Baldwin Hills Crenshaw Plaza 15,Point(-118.337447 34.011598),,https://www.cinemark.com/southern-california/baldwin-hills-crenshaw-plaza-15-and-xd,"movie theater in Crenshaw, Los Angeles, California, United States"
http://www.wikidata.org/entity/Q44959307,Fox Arroyo Theatre,Point(-118.2203477 34.0854179),,,"former movie theater in Cypress Park, Los Angeles, California, United States"
http://www.wikidata.org/entity/Q44959326,Alhambra Theatre,Point(-118.255501 34.045342),,,"former movie theater in Downtown Los Angeles, California, United States"
http://www.wikidata.org/entity/Q44959347,American Theatre,Point(-118.2504444 34.048312),,,"former movie theater in Downtown Los Angeles, California, United States"
http://www.wikidata.org/entity/Q44959212,Fuji Kan Theatre,Point(-118.2403835 34.0499056),,,"former movie theater in Little Tokyo, Los Angeles, California, United States"
http://www.wikidata.org/entity/Q44959233,"Roosevelt Theatre, 212 North Main Street",Point(-118.2423719 34.0532609),,,"former movie theater in Little Tokyo, Los Angeles, California, United States"
http://www.wikidata.org/entity/Q44959256,Teatro Hidalgo,Point(-118.2403794 34.0554826),,,"former movie theater in Little Tokyo, Los Angeles, California, United States"
http://www.wikidata.org/entity/Q44959272,Baldwin Theatre,Point(-118.3556092 34.0190604),,,"former movie theater in Crenshaw, Los Angeles, California, United States"
http://www.wikidata.org/entity/Q14682433,Hustler Casino,Point(-118.292826 33.891946),,https://www.hustlercasino.com/,"cardroom in Gardena, California"
http://www.wikidata.org/entity/Q44959402,Astro Theatre,Point(-118.2486417 34.0503049),,,"former movie theater in Downtown Los Angeles, California, United States"
http://www.wikidata.org/entity/Q44959422,Bandbox Theatre,Point(-118.2532346 34.0469481),,,"former movie theater in Downtown Los Angeles, California, United States"
http://www.wikidata.org/entity/Q44959439,Banner Theater,Point(-118.2482077 34.0469872),,,"former movie theater in Downtown Los Angeles, California, United States"
http://www.wikidata.org/entity/Q44959480,Bijou Theatre,Point(-118.2492839 34.0459704),,,"former movie theater in Downtown Los Angeles, California, United States"
http://www.wikidata.org/entity/Q44959367,Arcade Theatre,Point(-118.2513608 34.0472059),,,"former movie theater in Downtown Los Angeles, California, United States"
http://www.wikidata.org/entity/Q44959387,Art Theatre,Point(-118.2492689 34.0459854),,,"former movie theater in Downtown Los Angeles, California, United States"
http://www.wikidata.org/entity/Q44959531,"Broadway Theatre, 601 South Broadway",Point(-118.252475 34.046691),,,"former movie theater in Downtown Los Angeles, California, United States"
http://www.wikidata.org/entity/Q44960310,Rosslyn Theatre,Point(-118.2479895 34.0472681),,,"former movie theater in Downtown Los Angeles, California, United States"
http://www.wikidata.org/entity/Q44960325,Roxie Theatre,Point(-118.2511114 34.0475908),,,"former movie theater in Downtown Los Angeles, California, United States"
http://www.wikidata.org/entity/Q44959503,Biltmore Theatre,Point(-118.2532055 34.0496978),,,"former movie theater in Downtown Los Angeles, California, United States"
http://www.wikidata.org/entity/Q44959517,"Broadway Theatre, 428 South Broadway",Point(-118.2499749 34.0488198),,,"former movie theater in Downtown Los Angeles, California, United States"
http://www.wikidata.org/entity/Q44960338,Scenic Theatre,Point(-118.250483 34.0463934),,,"former movie theater in Downtown Los Angeles, California, United States"
http://www.wikidata.org/entity/Q44960357,Shell Theatre,Point(-118.2517307 34.0469851),,,"former movie theater in Downtown Los Angeles, California, United States"
http://www.wikidata.org/entity/Q44960377,Star Theatre,Point(-118.2490194 34.0462347),,,"former movie theater in Downtown Los Angeles, California, United States"
http://www.wikidata.org/entity/Q44979883,Euclid Theater,Point(-118.2064197 34.0302474),,,"former movie theater in Boyle Heights, Los Angeles, California, United States"
http://www.wikidata.org/entity/Q44979896,Airdome Moving Picture Theater,Point(-118.24513 34.0303174),,,"former movie theater in Los Angeles, California, United States"
http://www.wikidata.org/entity/Q44979908,Hub Theatre,Point(-118.2446346 34.0312686),,,"former movie theater in Los Angeles, California, United States"
http://www.wikidata.org/entity/Q44979920,Fox Florence Theatre,Point(-118.2463315 33.9746912),,,"former movie theater in Florence-Graham, Los Angeles, California, United States"
http://www.wikidata.org/entity/Q44979939,Florencita Theatre,Point(-118.239831 33.974404),,,"former movie theater in Florence-Graham, Los Angeles, California, United States"
http://www.wikidata.org/entity/Q44979956,Gentry Theatre,Point(-118.248071 33.980227),,,"former movie theater in Florence-Graham, Los Angeles, California, United States"
http://www.wikidata.org/entity/Q44839283,Sunland Drive-In,Point(-118.3073921 34.2595806),,,"former drive-in movie theater in Los Angeles, California, United States"
http://www.wikidata.org/entity/Q44876346,Venus Adult Theatre,Point(-118.1045373 34.1458062),,,"former movie theater in Pasadena, California, United States"
http://www.wikidata.org/entity/Q44876366,Academy Cinemas,Point(-118.129664 34.146048),,http://www.regencymovies.com,"movie theater in Pasadena, California, United States"
http://www.wikidata.org/entity/Q44876384,Fox Pasadena Theatre,Point(-118.1521406 34.1458936),,,"former movie theater in Pasadena, California, United States"
http://www.wikidata.org/entity/Q44876400,Laemmle Playhouse 7,Point(-118.1364449 34.1460297),,http://www.laemmle.com,"movie theater in Pasadena, California, United States"
http://www.wikidata.org/entity/Q4976996,Bruce's Beach,Point(-118.415555555 33.894444444),,,"beach park in Manhattan Beach, California, United States"
http://www.wikidata.org/entity/Q5000828,Burton Chace Park,Point(-118.446 33.977),,,"park in Marina del Rey, California, United States"
http://www.wikidata.org/entity/Q5015241,Cabaret Concert Theatre,Point(-118.2824 34.0938),,,"defunct cellar café in Los Angles, California"
http://www.wikidata.org/entity/Q5020212,California African American Museum,Point(-118.283 34.0158),caaminla,http://www.caamuseum.org/,"museum in Los Angeles, California"
http://www.wikidata.org/entity/Q5020327,California Club,Point(-118.256417 34.050278),,,"social club in Los Angeles, California"
http://www.wikidata.org/entity/Q5033602,Canter's,Point(-118.362 34.0788),,http://www.cantersdeli.com,Jewish-style delicatessen and restaurant in Los Angeles
http://www.wikidata.org/entity/Q5044022,Carney's,Point(-118.37166667 34.09583333),,,"Restaurant in Los Angeles, California, U.S."
http://www.wikidata.org/entity/Q44877020,Cinemark Playa Vista And XD,Point(-118.4165177 33.9775105),,http://www.cinemark.com,"movie theater in Playa Vista, Los Angeles, California, United States"
http://www.wikidata.org/entity/Q44878072,AMC South Bay Galleria 16,Point(-118.3521713 33.8719669),,https://www.amctheatres.com/movie-theatres/los-angeles/amc-dine-in-south-bay-galleria-16,"movie theater in Redondo Beach, California, United States"
http://www.wikidata.org/entity/Q44878086,Redondo Beach Cinema 3,Point(-118.3527198 33.8682659),,,"former movie theater in Redondo Beach, California, United States"
http://www.wikidata.org/entity/Q44878974,Garvey Theater,Point(-118.0920035 34.0625699),,,"former movie theater in Rosemead, California, United States"
http://www.wikidata.org/entity/Q44882525,AMC Santa Monica 7,Point(-118.4974056 34.0167006),,https://www.amctheatres.com/movie-theatres/los-angeles/amc-santa-monica-7,"movie theater in Santa Monica, California, United States"
http://www.wikidata.org/entity/Q44882540,ArcLight Santa Monica,Point(-118.4920491 34.013738),,http://www.arclightcinemas.com/ArcLight/faces/Home.jsp,"movie theater in Santa Monica, California, United States"
http://www.wikidata.org/entity/Q44882555,Brentwood 1 & 2,Point(-118.4775814 34.0358273),,,"former movie theater in Santa Monica, California, United States"
http://www.wikidata.org/entity/Q44882568,Criterion Theatre,Point(-118.4971636 34.0166451),,,"former movie theater in Santa Monica, California, United States"
http://www.wikidata.org/entity/Q44878991,Rosemead 4 Cinemas,Point(-118.071738 34.074226),,,"former movie theater in Rosemead, California, United States"
http://www.wikidata.org/entity/Q44879004,Rosemead Theatre,Point(-118.074036 34.081103),,,"former movie theater in Rosemead, California, United States"
http://www.wikidata.org/entity/Q44882495,AMC Criterion 6,Point(-118.4972175 34.0166911),,,"former movie theater in Santa Monica, California, United States"
http://www.wikidata.org/entity/Q44882509,AMC Loews Broadway 4,Point(-118.4949763 34.0147815),,https://www.amctheatres.com/movie-theatres/los-angeles/amc-broadway-4,"movie theater in Santa Monica, California, United States"
http://www.wikidata.org/entity/Q44876423,Oaks Theatre,Point(-118.1505583 34.1471714),,,"former movie theater in Pasadena, California, United States"
http://www.wikidata.org/entity/Q44876720,Pico Rivera Village Walk 15,Point(-118.090676 34.002501),,http://www.cinepolisusa.com,"movie theater in Pico Rivera, California, United States"
http://www.wikidata.org/entity/Q44960394,Symphony Theatre,Point(-118.2524 34.0462103),,,"former movie theater in Downtown Los Angeles, California, United States"
http://www.wikidata.org/entity/Q44960410,Tally's Broadway Theatre,Point(-118.2553913 34.0430675),,,"former movie theater in Downtown Los Angeles, California, United States"
http://www.wikidata.org/entity/Q44960424,Tally's Electric Theatre,Point(-118.2473626 34.0500018),,,"former movie theater in Downtown Los Angeles, California, United States"
http://www.wikidata.org/entity/Q44960440,Town Theatre,Point(-118.2513811 34.0491839),,,"former movie theater in Downtown Los Angeles, California, United States"
http://www.wikidata.org/entity/Q44960453,Union Theatre,Point(-118.2455338 34.0499243),,,"former movie theater in Downtown Los Angeles, California, United States"
http://www.wikidata.org/entity/Q44960471,Warrens Theatre,Point(-118.254564 34.046326),,,"former movie theater in Downtown Los Angeles, California, United States"
http://www.wikidata.org/entity/Q44960482,Eagle Rock Plaza Theatre,Point(-118.2258588 34.1413789),,,"former movie theater in Eagle Rock, Los Angeles, California, United States"
http://www.wikidata.org/entity/Q44960498,Eagle Theatre,Point(-118.215158 34.1349261),,,"former movie theater in Eagle Rock, Los Angeles, California, United States"
http://www.wikidata.org/entity/Q44960513,Sierra Theater,Point(-118.2140179 34.1386755),,,"former movie theater in Eagle Rock, Los Angeles, California, United States"
http://www.wikidata.org/entity/Q44979844,Knightsbridge Theatre,Point(-118.2479264 34.0980248),,http://www.knightsbridgetheatre.com,"movie theater in Echo Park, Los Angeles, California, United States"
http://www.wikidata.org/entity/Q44979860,El Cameo Theater,Point(-118.1759632 34.0873091),,,"former movie theater in El Sereno, Los Angeles, California, United States"
http://www.wikidata.org/entity/Q44979870,Mazatlan Theatre,Point(-118.178346 34.0852999),,,"former movie theater in El Sereno, Los Angeles, California, United States"
http://www.wikidata.org/entity/Q44960531,York Theatre,Point(-118.2072268 34.1216529),,,"former movie theater in Eagle Rock, Los Angeles, California, United States"
http://www.wikidata.org/entity/Q44979827,Holly Theatre,Point(-118.2581131 34.0770741),,,"former movie theater in Echo Park, Los Angeles, California, United States"
http://www.wikidata.org/entity/Q44882583,"Crown Theatre, 502 Santa Monica Boulevard",Point(-118.493784 34.017276),,,"former movie theater in Santa Monica, California, United States"
http://www.wikidata.org/entity/Q44882599,"Crown Theatre, 342 Santa Monica Boulevard",Point(-118.4962606 34.015497),,,"former movie theater in Santa Monica, California, United States"
http://www.wikidata.org/entity/Q44882616,El Miro Theatre,Point(-118.4953934 34.0151354),,,"former movie theater in Santa Monica, California, United States"
http://www.wikidata.org/entity/Q44882628,Empress Theatre,Point(-118.4815758 33.9992715),,,"former movie theater in Santa Monica, California, United States"
http://www.wikidata.org/entity/Q44882646,Fox Dome Theatre,Point(-118.491219 34.0058014),,,"former movie theater in Santa Monica, California, United States"
http://www.wikidata.org/entity/Q44882662,Fox Rosemary Theatre,Point(-118.491219 34.0058014),,,"former movie theater in Santa Monica, California, United States"
http://www.wikidata.org/entity/Q44959947,La Petite Theatre,Point(-118.2509482 34.0477672),,,"former movie theater in Downtown Los Angeles, California, United States"
http://www.wikidata.org/entity/Q44959966,Lark Theater,Point(-118.2503966 34.0448741),,,"former movie theater in Downtown Los Angeles, California, United States"
http://www.wikidata.org/entity/Q44959982,"Liberty Theatre, 136 South Main Street",Point(-118.2439132 34.0515899),,,"former movie theater in Downtown Los Angeles, California, United States"
http://www.wikidata.org/entity/Q44882676,Hitching Post Theatre,Point(-118.4941139 34.0152504),,,"former movie theater in Santa Monica, California, United States"
http://www.wikidata.org/entity/Q44959932,Jade Theatre,Point(-118.2460921 34.049327),,,"former movie theater in Downtown Los Angeles, California, United States"
http://www.wikidata.org/entity/Q44960036,Main Theatre,Point(-118.247937 34.0472597),,,"former movie theater in Downtown Los Angeles, California, United States"
http://www.wikidata.org/entity/Q44960050,Mason Theatre,Point(-118.2458135 34.053291),,,"former movie theater in Downtown Los Angeles, California, United States"
http://www.wikidata.org/entity/Q44960066,Mission Theatre,Point(-118.2553234 34.0426897),,,"former movie theater in Downtown Los Angeles, California, United States"
http://www.wikidata.org/entity/Q44960082,Muse Theatre,Point(-118.2476397 34.0476313),,,"former movie theater in Downtown Los Angeles, California, United States"
http://www.wikidata.org/entity/Q44960100,Olympic Theatre,Point(-118.255122 34.0441282),,,"former movie theater in Downtown Los Angeles, California, United States"
http://www.wikidata.org/entity/Q44960115,Optic Theatre,Point(-118.2490705 34.0461836),,,"former movie theater in Downtown Los Angeles, California, United States"
http://www.wikidata.org/entity/Q44960130,Orchestrion Theatre,Point(-118.2502245 34.0467153),,,"former movie theater in Downtown Los Angeles, California, United States"
http://www.wikidata.org/entity/Q44960145,Palace of Pictures Theatre,Point(-118.2529538 34.0456285),,,"former movie theater in Downtown Los Angeles, California, United States"
http://www.wikidata.org/entity/Q44960160,Palace Theater,Point(-118.2540705 34.0456527),,,"former movie theater in Downtown Los Angeles, California, United States"
http://www.wikidata.org/entity/Q44960175,Palace Theatre,Point(-118.253 34.046),,http://www.palacedowntown.com,"movie theater in Downtown Los Angeles, California, United States"
http://www.wikidata.org/entity/Q44960189,Picture Theatre,Point(-118.2493433 34.0461123),,,"former movie theater in Downtown Los Angeles, California, United States"
http://www.wikidata.org/entity/Q44960201,Quinn's Superba Theatre,Point(-118.2511114 34.0475908),,,"former movie theater in Downtown Los Angeles, California, United States"
http://www.wikidata.org/entity/Q44960213,Regal Theater,Point(-118.2461964 34.049215),,,"former movie theater in Downtown Los Angeles, California, United States"
http://www.wikidata.org/entity/Q44960227,Regent Theatre,Point(-118.2478 34.046981),,http://www.theregenttheater.com,"movie theater in Downtown Los Angeles, California, United States"
http://www.wikidata.org/entity/Q44960244,Republic Theatre,Point(-118.250652 34.0446281),,,"former movie theater in Downtown Los Angeles, California, United States"
http://www.wikidata.org/entity/Q44959996,"Liberty Theatre, 266 South Main Street",Point(-118.2457161 34.0496663),,,"former movie theater in Downtown Los Angeles, California, United States"
http://www.wikidata.org/entity/Q44960008,Linda Lea Theatre,Point(-118.245687 34.050286),,,"former movie theater in Downtown Los Angeles, California, United States"
http://www.wikidata.org/entity/Q44960024,Lyceum Theatre,Point(-118.2463513 34.0509143),,,"former movie theater in Downtown Los Angeles, California, United States"
http://www.wikidata.org/entity/Q44960260,Rialto Theatre,Point(-118.2550458 34.0433782),,,"former movie theater in Downtown Los Angeles, California, United States"
http://www.wikidata.org/entity/Q44960275,RKO Hillstreet Theatre,Point(-118.2560458 34.044408),,,"former movie theater in Downtown Los Angeles, California, United States"
http://www.wikidata.org/entity/Q44960289,"Roosevelt Theatre, 842 South Main Street",Point(-118.254225 34.041651),,,"former movie theater in Downtown Los Angeles, California, United States"
http://www.wikidata.org/entity/Q44959544,Burbank Theatre,Point(-118.249588 34.0456055),,,"former theater in Los Angeles, California, United States"
http://www.wikidata.org/entity/Q44959558,"California Theatre, South Main Street",Point(-118.2534936 34.0423877),,,"former movie theater in Downtown Los Angeles, California, United States"
http://www.wikidata.org/entity/Q44959575,"California Theatre, South Spring Street",Point(-118.2465638 34.0506198),,,"former movie theater in Downtown Los Angeles, California, United States"
http://www.wikidata.org/entity/Q44959588,Cameo Theatre,Point(-118.2512428 34.0473341),,,"former movie theater in Downtown Los Angeles, California, United States"
http://www.wikidata.org/entity/Q44959607,Capitol Theatre,Point(-118.247554 34.0490769),,,"former movie theater in Downtown Los Angeles, California, United States"
http://www.wikidata.org/entity/Q44959623,Cecil Theatre,Point(-118.247763 34.0512239),,,"former movie theater in Downtown Los Angeles, California, United States"
http://www.wikidata.org/entity/Q44959643,Central Theatre,Point(-118.2484178 34.0505183),,,"former movie theater in Downtown Los Angeles, California, United States"
http://www.wikidata.org/entity/Q44959663,Clune's Theatre,Point(-118.252558 34.043621),,,"former movie theater in Downtown Los Angeles, California, United States"
http://www.wikidata.org/entity/Q44959681,College Theatre,Point(-118.251342 34.0492701),,,"former movie theater in Downtown Los Angeles, California, United States"
http://www.wikidata.org/entity/Q44959694,Edison Theatre,Point(-118.2465537 34.0506308),,,"former movie theater in Downtown Los Angeles, California, United States"
http://www.wikidata.org/entity/Q44959712,Follies Theatre,Point(-118.2463788 34.0490189),,,"former movie theater in Downtown Los Angeles, California, United States"
http://www.wikidata.org/entity/Q44959726,Gaiety Theatre,Point(-118.2489427 34.0463114),,,"former movie theater in Downtown Los Angeles, California, United States"
http://www.wikidata.org/entity/Q44959742,Galway Theatre,Point(-118.248604 34.046121),,,"former movie theater in Downtown Los Angeles, California, United States"
http://www.wikidata.org/entity/Q44959757,Garnett Theatre,Point(-118.2518257 34.0468185),,,"former movie theater in Downtown Los Angeles, California, United States"
http://www.wikidata.org/entity/Q44959771,Garrick Theatre,Point(-118.2548378 34.0436038),,,"former movie theater in Downtown Los Angeles, California, United States"
http://www.wikidata.org/entity/Q44959787,Gaumont Chronophone Theater,Point(-118.2494312 34.0475578),,,"former movie theater in Downtown Los Angeles, California, United States"
http://www.wikidata.org/entity/Q44959802,Gem Theatre,Point(-118.2508546 34.0444328),,,"former movie theater in Downtown Los Angeles, California, United States"
http://www.wikidata.org/entity/Q44959818,Globe Theatre,Point(-118.2474706 34.045964),,,"former movie theater in Downtown Los Angeles, California, United States"
http://www.wikidata.org/entity/Q44959830,Globe Theatre,Point(-118.2542547 34.0440714),,http://www.globetheatre-la.com/main,"movie theater in Downtown Los Angeles, California, United States"
http://www.wikidata.org/entity/Q44959854,Grand Theater,Point(-118.243184 34.051603),,,"former movie theater in Downtown Los Angeles, California, United States"
http://www.wikidata.org/entity/Q44959867,Happy Hour Theatre,Point(-118.2437825 34.0517858),,,"former movie theater in Downtown Los Angeles, California, United States"
http://www.wikidata.org/entity/Q44959884,Hippodrome Theatre,Point(-118.2465115 34.0488127),,,"former movie theater in Downtown Los Angeles, California, United States"
http://www.wikidata.org/entity/Q44959900,Horne's Big Show Theatre,Point(-118.2487584 34.0482998),,,"former movie theater in Downtown Los Angeles, California, United States"
http://www.wikidata.org/entity/Q44959843,Glockner's Automatic Theatre,Point(-118.2456999 34.0496836),,,"former movie theater in Downtown Los Angeles, California, United States"
http://www.wikidata.org/entity/Q3528262,Tiffany Theater,Point(-118.377 34.0938),,,"movie theater on Sunset Strip in West Hollywood, California, United States"
http://www.wikidata.org/entity/Q3786297,Hollenbeck Park,Point(-118.218 34.04),,,"park in Los Angeles, California"
http://www.wikidata.org/entity/Q3911675,Hollywood Heritage Museum,Point(-118.336 34.1085),,https://www.hollywoodheritage.org/,"film museum in Hollywood, California, United States"
http://www.wikidata.org/entity/Q3931687,Regency Village Theatre,Point(-118.447405555 34.062683333),,https://regencymovies.com/main.php?theaterId=27,"movie theater in Westwood Village, Los Angeles"
http://www.wikidata.org/entity/Q3988247,The Masque,Point(-118.334989 34.100752),,,"punk rock nightclub in Hollywood, California, United States"
http://www.wikidata.org/entity/Q4244839,Hollywood Palladium,Point(-118.32426 34.09829),,https://www.hollywoodpalladium.com/,"music and theatre venue in Hollywood, Los Angeles, California, United States"
http://www.wikidata.org/entity/Q4551166,Wallis Annenberg Building,Point(-118.283 34.0157),,,"Museum building and former armory in Los Angeles, California"
http://www.wikidata.org/entity/Q4632836,28th Street YMCA,Point(-118.257222 34.016944),,,"building in California, United States"
http://www.wikidata.org/entity/Q4643194,72 Market Street Oyster Bar and Grill,Point(-118.473 33.9882),,,"Defunct restaurant in Venice, California, U.S."
http://www.wikidata.org/entity/Q4646832,A+D Museum,Point(-118.36 34.0627),,http://aplusd.org/,American museum
http://www.wikidata.org/entity/Q49581697,Wilson Mini Park,Point(-118.241666666 34.148333333),,,"park in Los Angeles County, California, United States of America"
http://www.wikidata.org/entity/Q49581710,Wilson Park,Point(-118.219166666 33.8975),,,"park in Los Angeles County, California, United States of America; geonames ID = 5409900"
http://www.wikidata.org/entity/Q49582611,Woodbridge Park,Point(-118.376111111 34.149444444),,,"park in Los Angeles County, California, United States of America"
http://www.wikidata.org/entity/Q49582946,Woods Avenue Park,Point(-118.159444444 34.019166666),,,park in the United States of America
http://www.wikidata.org/entity/Q49583663,York Field,Point(-118.050277777 33.957222222),,,"park in Los Angeles County, California, United States of America"
http://www.wikidata.org/entity/Q49583709,Yosemite Recreation Center,Point(-118.2075 34.1325),,,park in the United States of America
http://www.wikidata.org/entity/Q49583866,Zamora Park,Point(-118.010833333 34.071666666),,,"park in Los Angeles County, California, United States of America"
http://www.wikidata.org/entity/Q49583888,Zapopan Park,Point(-118.086666666 34.064166666),,,"park in Los Angeles County, California, United States of America"
http://www.wikidata.org/entity/Q49583919,Zella Davis Park,Point(-118.336666666 33.910277777),,,park in the United States of America
http://www.wikidata.org/entity/Q52647902,Japanese American Cultural And Community Center,Point(-118.241813 34.04778),,http://www.jaccc.org/,"community center, Los Angeles, United States"
http://www.wikidata.org/entity/Q54637517,Benito Juarez Park,Point(-118.203638888 33.992361111),,,park in Los Angeles
http://www.wikidata.org/entity/Q55616825,Liberty Park,Point(-118.3072 34.0613),,,"private park in Los Angeles, California, United States"
http://www.wikidata.org/entity/Q56193709,Langer's Deli,Point(-118.2768 34.0562),,https://www.langersdeli.com/,delicatessen in Los Angeles
http://www.wikidata.org/entity/Q59240387,Annenberg Space for Photography,Point(-118.4146216 34.0581895),,https://www.annenbergphotospace.org/,exhibition space in the Century City in Los Angeles
http://www.wikidata.org/entity/Q60644774,Schoenberg Hall,Point(-118.4400797 34.0702868),,https://schoenbergtheaters.com/,"concert hall in the Schoenberg Music Building, Los Angeles, California, USA; main concert venue for UCLA’s School of Music"
http://www.wikidata.org/entity/Q60740839,Lyon Center,Point(-118.286 34.021),,,athletics center and recreational center for USC students
http://www.wikidata.org/entity/Q44959918,Isis Theatre,Point(-118.2507327 34.0461467),,,"former movie theater in Downtown Los Angeles, California, United States"
http://www.wikidata.org/entity/Q3309185,Philippe's,Point(-118.236953 34.059657),,http://www.philippes.com,"restaurant located in downtown Los Angeles, California"
http://www.wikidata.org/entity/Q3328437,Museum of Neon Art,Point(-118.2546 34.1438),,http://www.neonmona.org,"art museum in Glendale, California"
http://www.wikidata.org/entity/Q3329879,Hollywood Erotic Museum,Point(-118.333 34.1),,http://www.theeroticmuseum.com/Them/,"former museum in Hollywood, California, United States"
http://www.wikidata.org/entity/Q3365423,Park Plaza Hotel,Point(-118.279 34.0608),,http://www.parkplazala.com,"hotel in Los Angeles, California"
http://www.wikidata.org/entity/Q3486321,Skirball Cultural Center,Point(-118.47907 34.12456),skirball_la,https://www.skirball.org/,museum and educational institution in Los Angeles
http://www.wikidata.org/entity/Q3520148,Brown Derby,Point(-118.297 34.0596),,,"restaurant chain in California, United States"
http://www.wikidata.org/entity/Q3520350,The Comedy Store,Point(-118.37384 34.0951),thecomedystore,http://www.thecomedystore.com,"comedy club on Sunset Strip in West Hollywood, California"
http://www.wikidata.org/entity/Q44980062,Arena Cinema,Point(-118.33631 34.100696),,http://www.arenascreen.com,"movie theater in Hollywood, Los Angeles, California, United States"
http://www.wikidata.org/entity/Q44980080,Avon Theatre,Point(-118.3431123 34.1015631),,,"former movie theater in Hollywood, Los Angeles, California, United States"
http://www.wikidata.org/entity/Q44980095,Bijou Adult Theatre,Point(-118.3295525 34.1011225),,,"former movie theater in Hollywood, Los Angeles, California, United States"
http://www.wikidata.org/entity/Q44980016,Park Theatre,Point(-118.1910022 34.1104946),,,"former movie theater in Highland Park, Los Angeles, California, United States"
http://www.wikidata.org/entity/Q44980034,"Sunbeam Theatre, Highland Park",Point(-118.1921698 34.1098832),,,"former movie theater in Highland Park, Los Angeles, California, United States"
http://www.wikidata.org/entity/Q44980045,Apollo Theatre,Point(-118.310939 34.10133),,,"former movie theater in Hollywood, Los Angeles, California, United States"
http://www.wikidata.org/entity/Q44979970,Graham Theatre,Point(-118.2427962 33.9601686),,,"former movie theater in Florence-Graham, Los Angeles, California, United States"
http://www.wikidata.org/entity/Q44979984,Franklin Theatre,Point(-118.1960258 34.1079768),,,"former movie theater in Highland Park, Los Angeles, California, United States"
http://www.wikidata.org/entity/Q44980000,Highland Theatre,Point(-118.193726 34.1091115),,http://www.highlandtheatres.com,"movie theater in Highland Park, Los Angeles, California, United States"
http://www.wikidata.org/entity/Q62630954,Vincent Price Art Museum,Point(-118.147 34.0388),,https://vincentpriceartmuseum.org/,"art museum located at East Los Angeles College in Monterey Park, CA, USA"
http://www.wikidata.org/entity/Q62704725,The Eli and Edythe Broad Stage,Point(-118.489961 34.021907),,,Performing Arts Center in Santa Monica
http://www.wikidata.org/entity/Q63258463,Bardot,Point(-118.326964 34.102814),,https://avalonhollywood.com/bardot/,nightclub and music venue in Los Angeles
http://www.wikidata.org/entity/Q63349536,Regent Theatre,Point(-118.247958 34.047099),,,Theatre in Los Angeles
http://www.wikidata.org/entity/Q63349665,Madame Siam,Point(-118.3322 34.102002),,https://madamesiam.com/,nightclub in Los Angeles
http://www.wikidata.org/entity/Q63349696,Moroccan Lounge,Point(-118.233689 34.048735),,https://www.themoroccan.com/,nightclub in Los Angeles
http://www.wikidata.org/entity/Q63349773,The Mint,Point(-118.371606 34.052212),,https://www.themintla.com,nightclub in Los Angeles
http://www.wikidata.org/entity/Q63386474,Resident DTLA,Point(-118.234915 34.042665),residentdtla,https://www.residentdtla.com/,music venue in Downtown LA
http://www.wikidata.org/entity/Q63456491,Bootleg Theater,Point(-118.272258 34.067285),bootlegtheater,https://www.bootlegtheater.org/,music venue in Los Angeles
http://www.wikidata.org/entity/Q63457301,Gold Diggers,Point(-118.312565 34.090591),,https://gold-diggers.com/,nightclub in Los Angeles
http://www.wikidata.org/entity/Q63928558,The Satellite,Point(-118.268298 34.089864),,https://www.thesatellitela.com/,music venue in Los Angeles
http://www.wikidata.org/entity/Q63954734,Zebulon Cafe,Point(-118.254753 34.107215),,http://zebulon.la/,music venue in Los Angeles
http://www.wikidata.org/entity/Q64039330,Kato,Point(-118.4611515 34.0418978),katorestaurant,https://www.katorestaurant.com/,"restaurant in Los Angeles, California"
http://www.wikidata.org/entity/Q64114905,Carnitas El Momo,Point(-118.2038948 34.0519975),carnitaselmomo,,"food truck in Los Angeles, California"
http://www.wikidata.org/entity/Q64118618,Sonoratown,Point(-118.2523259 34.0415543),sonoratownla,http://www.sonoratown.com/,"restaurant in Los Angeles, California"
http://www.wikidata.org/entity/Q64148701,Konbi,Point(-118.2536216 34.0755142),konbi,https://konbila.com/,"Restaurant in Los Angeles, California"
http://www.wikidata.org/entity/Q64148729,Umi by Hamasaku,Point(-118.3947726 33.9024624),umihamasaku,https://www.umibyhamasaku.com/,"restaurant in El Segundo, California"
http://www.wikidata.org/entity/Q44980108,Bijou Theatre,Point(-118.3436596 34.1015553),,,"former movie theater in Hollywood, Los Angeles, California, United States"
http://www.wikidata.org/entity/Q44980120,Cave Theatre,Point(-118.327389 34.101429),,,"movie theater in Hollywood, Los Angeles, California, United States"
http://www.wikidata.org/entity/Q44980136,Cinema Theatre,Point(-118.309074 34.0916334),,,"former movie theater in Hollywood, Los Angeles, California, United States"
http://www.wikidata.org/entity/Q44980163,Cinne Arts Theatre,Point(-118.3132014 34.1018296),,,"former movie theater in Hollywood, Los Angeles, California, United States"
http://www.wikidata.org/entity/Q44980204,Fox Theatre,Point(-118.3315286 34.1015672),,http://www.playhousehollywood.com,"former movie theater in Hollywood, Los Angeles, California, United States"
http://www.wikidata.org/entity/Q44980221,Harmony Gold Preview House,Point(-118.356424 34.098517),,,"movie theater in Hollywood, Los Angeles, California, United States"
http://www.wikidata.org/entity/Q44980234,Hawaii Theatre,Point(-118.3194243 34.1020094),,,"former movie theater in Hollywood, Los Angeles, California, United States"
http://www.wikidata.org/entity/Q44980177,Film Festival Theatre,Point(-118.3091529 34.0900419),,,"former movie theater in Hollywood, Los Angeles, California, United States"
http://www.wikidata.org/entity/Q44980189,Flick Theater,Point(-118.309151 34.0903316),,,"former movie theater in Hollywood, Los Angeles, California, United States"
http://www.wikidata.org/entity/Q44980267,Hollywood Galaxy,Point(-118.342786 34.102102),,,"former movie theater in Hollywood, Los Angeles, California, United States"
http://www.wikidata.org/entity/Q44980264,Hollywood Century Theater,Point(-118.3181282 34.1018886),,,"former movie theater in Hollywood, Los Angeles, California, United States"
http://www.wikidata.org/entity/Q44980273,Hollywood Playhouse,Point(-118.336323 34.096164),,,"former movie theater in Hollywood, Los Angeles, California, United States"
http://www.wikidata.org/entity/Q44980291,Hollywood Theatre,Point(-118.3379872 34.1015271),,,"former movie theater in Hollywood, Los Angeles, California, United States, later used as a museum"
http://www.wikidata.org/entity/Q44980249,Hitching Post Theatre,Point(-118.3259972 34.1016103),,,"former movie theater in Hollywood, Los Angeles, California, United States"
http://www.wikidata.org/entity/Q44980262,Holly Cinema,Point(-118.3318128 34.1017742),,,"former movie theater in Hollywood, Los Angeles, California, United States"
http://www.wikidata.org/entity/Q44980319,Iris Theatre,Point(-118.3302299 34.101613),,,"former movie theater in Hollywood, Los Angeles, California, United States"
http://www.wikidata.org/entity/Q44980332,Ivar Theater,Point(-118.328509 34.100067),,,"former movie theater in Hollywood, Los Angeles, California, United States"
http://www.wikidata.org/entity/Q44980348,Las Palmas Theatre,Point(-118.3361108 34.1010511),,,"former movie theater in Hollywood, Los Angeles, California, United States"
http://www.wikidata.org/entity/Q44980359,Linwood Dunn Theater,Point(-118.326822 34.0945171),,http://www.oscars/events-exhibitions/venues-ticketing,"movie theater in Hollywood, Los Angeles, California, United States"
http://www.wikidata.org/entity/Q44980377,Loma Theatre,Point(-118.3101029 34.0907457),,,"former movie theater in Hollywood, Los Angeles, California, United States"
http://www.wikidata.org/entity/Q44980395,Movie Parade Revival Theater,Point(-118.3202238 34.0974498),,,"former movie theater in Hollywood, Los Angeles, California, United States"
http://www.wikidata.org/entity/Q44980412,Odyssey Cinema,Point(-118.3040395 34.1016368),,,"former movie theater in Hollywood, Los Angeles, California, United States"
http://www.wikidata.org/entity/Q44980425,Oriental Theatre,Point(-118.3518617 34.0981606),,,"former movie theater in Hollywood, Los Angeles, California, United States"
http://www.wikidata.org/entity/Q44980473,Richard's Theatre,Point(-118.3042058 34.1016349),,,"former movie theater in Hollywood, Los Angeles, California, United States"
http://www.wikidata.org/entity/Q44980485,Ritz Theatre,Point(-118.335237 34.101543),,,"former movie theater in Hollywood, Los Angeles, California, United States"
http://www.wikidata.org/entity/Q44980500,Smodcastle,Point(-118.3307311 34.0906728),,,"theater in Hollywood, Los Angeles, California, United States"
http://www.wikidata.org/entity/Q44980518,Sunset Theatre,Point(-118.3092071 34.0983738),,,"former movie theater in Hollywood, Los Angeles, California, United States"
http://www.wikidata.org/entity/Q44980533,Tiki Adult Theater,Point(-118.3082999 34.090767),,,"movie theater in Hollywood, Los Angeles, California, United States"
http://www.wikidata.org/entity/Q44980546,Tom & Cat Theatre,Point(-118.3311571 34.1023175),,,"former movie theater in Hollywood, Los Angeles, California, United States"
http://www.wikidata.org/entity/Q44980787,Studio Theatre,Point(-118.292193 34.102137),,,"former movie theater in Los Feliz, Los Angeles, California, United States"
http://www.wikidata.org/entity/Q44980799,AMC Beverly Connection 6,Point(-118.37558 34.074212),,,"former movie theater in Mid-City West, Los Angeles, California, United States"
http://www.wikidata.org/entity/Q44980810,Cine Cienega Theatre,Point(-118.376483 34.0851777),,,"former movie theater in Mid-City West, Los Angeles, California, United States"
http://www.wikidata.org/entity/Q44980827,Drake Theatre,Point(-118.3548887 34.0836286),,,"former movie theater in Mid-City West, Los Angeles, California, United States"
http://www.wikidata.org/entity/Q44980845,Esquire Theatre,Point(-118.3614604 34.0788925),,,"former movie theater in Mid-City West, Los Angeles, California, United States"
http://www.wikidata.org/entity/Q44980857,Fairfax Cinemas,Point(-118.3618412 34.0762443),,,"former movie theater in Mid-City West, Los Angeles, California, United States"
http://www.wikidata.org/entity/Q44980875,Laurel Theatre,Point(-118.3652844 34.0759523),,,"former movie theater in Mid-City West, Los Angeles, California, United States"
http://www.wikidata.org/entity/Q44980889,Pacific Theatres at The Grove,Point(-118.3571425 34.0717333),,http://www.pacifictheatres.com/grove/,"movie theater in Mid-City West, Los Angeles, California, United States"
http://www.wikidata.org/entity/Q44980902,Pan Pacific Theatre,Point(-118.353795 34.0761157),,,"former movie theater in Mid-City West, Los Angeles, California, United States"
http://www.wikidata.org/entity/Q44980917,Xanadu Theatre,Point(-118.3490036 34.0833952),,,"former movie theater in Mid-City West, Los Angeles, California, United States"
http://www.wikidata.org/entity/Q44980936,Arlington Theatre,Point(-118.3182906 34.0400566),,,"former movie theater in Mid-City, Los Angeles, California, United States"
http://www.wikidata.org/entity/Q44980953,Boulevard Theatre,Point(-118.2920625 34.0400199),,,"former movie theater in Mid-City, Los Angeles, California, United States"
http://www.wikidata.org/entity/Q44980970,Butterfly Theatre,Point(-118.276154 34.040488),,,"former movie theater in Mid-City, Los Angeles, California, United States"
http://www.wikidata.org/entity/Q44980989,Forum Theatre,Point(-118.324002 34.0471549),,,"former movie theater in Mid-City, Los Angeles, California, United States"
http://www.wikidata.org/entity/Q44981005,Fox Adams Theatre,Point(-118.335517 34.0325946),,,"former movie theater in Mid-City, Los Angeles, California, United States"
http://www.wikidata.org/entity/Q44981051,M Park 4 Theatre,Point(-118.2925438 34.0616525),,,"former movie theater in Mid-City, Los Angeles, California, United States"
http://www.wikidata.org/entity/Q44981061,Maynard Theatre,Point(-118.3173899 34.0398851),,,"former movie theater in Mid-City, Los Angeles, California, United States"
http://www.wikidata.org/entity/Q44981071,Metro Theatre,Point(-118.3422181 34.0397464),,,"former movie theater in Mid-City, Los Angeles, California, United States"
http://www.wikidata.org/entity/Q44981088,Midway Theatre,Point(-118.31058 34.046875),,,"former movie theater in Mid-City, Los Angeles, California, United States"
http://www.wikidata.org/entity/Q44981023,Fox Parisian Theatre,Point(-118.2916695 34.0574874),,,"former movie theater in Mid-City, Los Angeles, California, United States"
http://www.wikidata.org/entity/Q44981039,Fox Uptown Theatre,Point(-118.3090395 34.0523661),,,"former movie theater in Mid-City, Los Angeles, California, United States"
http://www.wikidata.org/entity/Q44981125,Victoria Theatre,Point(-118.29376 34.046949),,,"former movie theater in Mid-City, Los Angeles, California, United States"
http://www.wikidata.org/entity/Q44981141,4 Star Theatre,Point(-118.3413014 34.06231),,,"former movie theater in Mid-Wilshire, Los Angeles, California, United States"
http://www.wikidata.org/entity/Q44981158,Academy Theatre,Point(-118.3014301 34.0835459),,,"former movie theater in Mid-Wilshire, Los Angeles, California, United States"
http://www.wikidata.org/entity/Q44981098,Riviera Theatre,Point(-118.3500825 34.0325046),,,"former movie theater in Mid-City, Los Angeles, California, United States"
http://www.wikidata.org/entity/Q44981110,Variety Theatre,Point(-118.356922 34.032789),,,"former movie theater in Mid-City, Los Angeles, California, United States"
http://www.wikidata.org/entity/Q44981173,Ambassador Hotel Theatre,Point(-118.2975498 34.0617325),,,"former movie theater in Mid-Wilshire, Los Angeles, California, United States"
http://www.wikidata.org/entity/Q44981189,Campus Theatre,Point(-118.2917169 34.0901255),,,"former movie theater in Mid-Wilshire, Los Angeles, California, United States"
http://www.wikidata.org/entity/Q44981201,CGV Cinemas LA,Point(-118.3092357 34.0627934),,http://cgvcinemas.com,"movie theater in Mid-Wilshire, Los Angeles, California, United States"
http://www.wikidata.org/entity/Q44981211,Clinton Theatre,Point(-118.3089692 34.0807195),,,"former movie theater in Mid-Wilshire, Los Angeles, California, United States"
http://www.wikidata.org/entity/Q44981226,Embassy Theatre,Point(-118.30913 34.0680376),,,"former movie theater in Mid-Wilshire, Los Angeles, California, United States"
http://www.wikidata.org/entity/Q44981246,Encore Theatre,Point(-118.3160468 34.0834473),,,"former movie theater in Mid-Wilshire, Los Angeles, California, United States"
http://www.wikidata.org/entity/Q44981261,Fox Belmont Theatre,Point(-118.2916306 34.0719143),,,"former movie theater in Mid-Wilshire, Los Angeles, California, United States"
http://www.wikidata.org/entity/Q44981275,Fox Ritz Theatre,Point(-118.3435265 34.062128),,,"former movie theater in Mid-Wilshire, Los Angeles, California, United States"
http://www.wikidata.org/entity/Q44981290,Larchmont Theatre,Point(-118.3236736 34.0745043),,,"former movie theater in Mid-Wilshire, Los Angeles, California, United States"
http://www.wikidata.org/entity/Q44981319,Melrose Theatre,Point(-118.2945304 34.0836961),,http://ukrainianculturecenterla.com/,"former movie theater in Mid-Wilshire, Los Angeles, California, United States"
http://www.wikidata.org/entity/Q44981334,Ravenna Theater,Point(-118.2919194 34.0753829),,,"former movie theater in Mid-Wilshire, Los Angeles, California, United States"
http://www.wikidata.org/entity/Q44981349,Regent Showcase Theater,Point(-118.3440238 34.0823781),,,"former movie theater in Mid-Wilshire, Los Angeles, California, United States"
http://www.wikidata.org/entity/Q44981366,Nadeau Theatre,Point(-118.2382189 33.9674315),,,"former movie theater in Florence-Graham, Los Angeles, California, United States"
http://www.wikidata.org/entity/Q44981380,Fox Criterion Theatre,Point(-118.2562192 34.0476608),,,"former movie theater in Los Angeles, California, United States"
http://www.wikidata.org/entity/Q44981396,Grand Theater,Point(-118.256984 34.0468327),,,"former movie theater in Los Angeles, California, United States"
http://www.wikidata.org/entity/Q44981410,Grande 4-Plex,Point(-118.2550627 34.0544621),,,"former movie theater in Los Angeles, California, United States"
http://www.wikidata.org/entity/Q44981306,Leo S. Bing Theater,Point(-118.357734 34.0628409),,http://www.lacma.org/programs/FilmSeriesSchedule.aspx,"movie theater in Mid-Wilshire, Los Angeles, California, United States"
http://www.wikidata.org/entity/Q60770490,Manhattan Beach Botanical Garden,Point(-118.3871 33.8885),,,"botanical garden at Polliwog Park in Manhattan Beach, California"
http://www.wikidata.org/entity/Q61968783,Crossroads Kitchen,Point(-118.370137 34.083518),crossroadskitchen,http://www.crossroadskitchen.com/,vegan restaurant in Los Angeles
http://www.wikidata.org/entity/Q44980308,Idyl Hour Theatre,Point(-118.3264396 34.1016486),,,"former movie theater in Hollywood, Los Angeles, California, United States"
http://www.wikidata.org/entity/Q44980567,Vine Theatre,Point(-118.3275802 34.1018022),,,"movie theater in Hollywood, Los Angeles, California, United States"
http://www.wikidata.org/entity/Q44980586,Vogue Theatre,Point(-118.3357251 34.1015782),,,"former movie theater in Hollywood, Los Angeles, California, United States"
http://www.wikidata.org/entity/Q44980600,"World Theatre, Hollywood",Point(-118.320902 34.102174),,,"former movie theater in Hollywood, Los Angeles, California, United States"
http://www.wikidata.org/entity/Q44980621,X 1 & 2 Theaters,Point(-118.3202942 34.101998),,,"former movie theater in Hollywood, Los Angeles, California, United States"
http://www.wikidata.org/entity/Q44980639,Mesa Theatre,Point(-118.3309519 33.9887492),,,"former movie theater in Hyde Park, Los Angeles, California, United States"
http://www.wikidata.org/entity/Q44980649,Arlin Theatre,Point(-118.318236 34.025836),,,"former movie theater in Jefferson Park, Los Angeles, California, United States"
http://www.wikidata.org/entity/Q44980662,Jurdan Theater,Point(-118.291822 33.9584449),,,"former movie theater in South Los Angeles, Los Angeles, California, United States"
http://www.wikidata.org/entity/Q44980674,Kinema Theatre,Point(-118.2472867 33.9599603),,,"former movie theater in Florence-Graham, Los Angeles, California, United States"
http://www.wikidata.org/entity/Q44980692,Vision Theatre,Point(-118.330976 34.0047489),,http://www.visiontheatre.org,"movie theater in Leimert Park, Los Angeles, California, United States"
http://www.wikidata.org/entity/Q44980711,Daly Theatre,Point(-118.2153777 34.0736324),,,"former movie theater in Lincoln Heights, Los Angeles, California, United States"
http://www.wikidata.org/entity/Q44980723,San Carlos Theatre,Point(-118.2108781 34.066041),,,"former movie theater in Lincoln Heights, Los Angeles, California, United States"
http://www.wikidata.org/entity/Q44980740,Starland Theatre,Point(-118.2146792 34.0735403),,,"former movie theater in Lincoln Heights, Los Angeles, California, United States"
http://www.wikidata.org/entity/Q44980753,Century Theatre,Point(-118.3011969 34.101777),,,"former movie theater in Los Feliz, Los Angeles, California, United States"
http://www.wikidata.org/entity/Q44980770,Los Feliz 3 Cinemas,Point(-118.291414 34.104345),,http://www.vintagecinemas.com/locations.html,"movie theater in Los Feliz, Los Angeles, California, United States"
http://www.wikidata.org/entity/Q44981423,Lux Theatre,Point(-118.2537159 34.0546741),,,"former movie theater in Los Angeles, California, United States"
http://www.wikidata.org/entity/Q44981437,Tunnel Theater,Point(-118.2525335 34.0538253),,,"former movie theater in Los Angeles, California, United States"
http://www.wikidata.org/entity/Q44981453,Cinemark North Hollywood,Point(-118.412752 34.187053),,http://www.cinemark.com,"movie theater in North Hollywood, Los Angeles, California, United States"
http://www.wikidata.org/entity/Q44981471,Laemmle NoHo 7,Point(-118.3750531 34.166249),,http://www.laemmle.com,"movie theater in North Hollywood, Los Angeles, California, United States"
http://www.wikidata.org/entity/Q44981486,Lankershim Theatre,Point(-118.3877565 34.2074333),,,"former movie theater in North Hollywood, Los Angeles, California, United States"
http://www.wikidata.org/entity/Q44981500,Valley Plaza 6,Point(-118.398982 34.185702),,http://www.regencymovies.com,"movie theater in North Hollywood, Los Angeles, California, United States"
http://www.wikidata.org/entity/Q44981514,Valley Theatre,Point(-118.3877997 34.193549),,,"former movie theater in North Hollywood, Los Angeles, California, United States"
http://www.wikidata.org/entity/Q44981527,Venture Theatre,Point(-118.375382 34.1939394),,,"former movie theater in North Hollywood, Los Angeles, California, United States"
http://www.wikidata.org/entity/Q44981538,Del Mar Theatre,Point(-118.3473534 34.0477067),,,"former movie theater in Pico-Robertson, Los Angeles, California, United States"
http://www.wikidata.org/entity/Q44981542,Lido Theatre,Point(-118.3762804 34.053378),,,"former movie theater in Pico-Robertson, Los Angeles, California, United States"
http://www.wikidata.org/entity/Q44981553,Picfair Theatre,Point(-118.3675482 34.0518393),,,"former movie theater in Pico-Robertson, Los Angeles, California, United States"
http://www.wikidata.org/entity/Q44981567,Richard's #2 Adult Theatre,Point(-118.310436 34.1018511),,,"former movie theater in East Hollywood, Los Angeles, California, United States"
http://www.wikidata.org/entity/Q44981579,Rio Theatre,Point(-118.3092047 33.9314238),,,"former movie theater in South Los Angeles, Los Angeles, California, United States"
http://www.wikidata.org/entity/Q44981609,Georgia Theater,Point(-118.2657728 34.0474475),,,"former movie theater in San Pedro, Los Angeles, California, United States"
http://www.wikidata.org/entity/Q44981623,Brentwood Theatre,Point(-118.4598211 34.0503376),,,"former movie theater in Sawtelle, Los Angeles, California, United States"
http://www.wikidata.org/entity/Q44981638,Bundy Theatre,Point(-118.4507546 34.0290893),,,"former movie theater in Sawtelle, Los Angeles, California, United States"
http://www.wikidata.org/entity/Q44981653,Royal Theatre,Point(-118.4524932 34.0453333),,http://www.laemmle.com,"movie theater in Sawtelle, Los Angeles, California, United States"
http://www.wikidata.org/entity/Q44981669,Studio 1 Theatre,Point(-118.264733 34.077706),,,"former movie theater in Silver Lake, Los Angeles, California, United States"
http://www.wikidata.org/entity/Q44981685,Alto Theatre,Point(-118.3088881 33.9566395),,,"former movie theater in South Los Angeles, Los Angeles, California, United States"
http://www.wikidata.org/entity/Q44981703,Astor Theatre,Point(-118.2915352 33.9989316),,,"former movie theater in South Los Angeles, Los Angeles, California, United States"
http://www.wikidata.org/entity/Q44981744,Crescent Theater,Point(-118.3089474 34.0006151),,,"former movie theater in South Los Angeles, Los Angeles, California, United States"
http://www.wikidata.org/entity/Q44981760,Deluxe Theatre,Point(-118.31115 34.025828),,,"former movie theater in South Los Angeles, Los Angeles, California, United States"
http://www.wikidata.org/entity/Q44981777,Dixie Theatre,Point(-118.3001615 33.9799997),,,"former movie theater in South Los Angeles, Los Angeles, California, United States"
http://www.wikidata.org/entity/Q44981715,Carlton Theatre,Point(-118.3089509 33.9928838),,,"former movie theater in South Los Angeles, Los Angeles, California, United States"
http://www.wikidata.org/entity/Q44981731,Congress Theatre,Point(-118.291351 33.9714082),,,"former movie theater in South Los Angeles, Los Angeles, California, United States"
http://www.wikidata.org/entity/Q44981791,Fairyland Theater,Point(-118.284666 34.034149),,,"former movie theater in South Los Angeles, Los Angeles, California, United States"
http://www.wikidata.org/entity/Q44981809,Fox Figueroa Theatre,Point(-118.2827407 34.0109466),,,"former movie theater in South Los Angeles, Los Angeles, California, United States"
http://www.wikidata.org/entity/Q44981824,Home Theater,Point(-118.3090534 34.0131981),,,"former movie theater in South Los Angeles, Los Angeles, California, United States"
http://www.wikidata.org/entity/Q44981838,Knoll Theatre,Point(-118.3089345 33.9788168),,,"former movie theater in South Los Angeles, Los Angeles, California, United States"
http://www.wikidata.org/entity/Q44981853,La Tosca Theatre,Point(-118.2914318 34.0275719),,,"former movie theater in South Los Angeles, Los Angeles, California, United States"
http://www.wikidata.org/entity/Q44981869,Madrid Theatre,Point(-118.291134 33.964425),,,"former movie theater in South Los Angeles, Los Angeles, California, United States"
http://www.wikidata.org/entity/Q44981879,Normandie Theatre,Point(-118.300501 33.999732),,,"former movie theater in South Los Angeles, Los Angeles, California, United States"
http://www.wikidata.org/entity/Q44981896,Queen Photoplay,Point(-118.2914866 34.025609),,,"former movie theater in South Los Angeles, Los Angeles, California, United States"
http://www.wikidata.org/entity/Q44981910,"Regent Theatre, South Los Angeles",Point(-118.2915078 34.0102739),,,"former movie theater in South Los Angeles, Los Angeles, California, United States"
http://www.wikidata.org/entity/Q44981927,Rivoli Theatre,Point(-118.309281 34.002183),,,"former movie theater in South Los Angeles, Los Angeles, California, United States"
http://www.wikidata.org/entity/Q44981939,Round Up Theatre,Point(-118.2915176 33.9925436),,,"former movie theater in South Los Angeles, Los Angeles, California, United States"
http://www.wikidata.org/entity/Q44981974,Temple Theatre,Point(-118.2916261 33.9879831),,,"former movie theater in South Los Angeles, Los Angeles, California, United States"
http://www.wikidata.org/entity/Q44981987,Trojan Theatre,Point(-118.2857629 34.0245866),,,"former movie theater in South Los Angeles, Los Angeles, California, United States"
http://www.wikidata.org/entity/Q44981999,University Village 3,Point(-118.284035 34.027158),,,"former movie theater in South Los Angeles, Los Angeles, California, United States"
http://www.wikidata.org/entity/Q44982011,Vermont Theatre,Point(-118.292169 34.004453),,,"former movie theater in South Los Angeles, Los Angeles, California, United States"
http://www.wikidata.org/entity/Q44982027,Western Theatre,Point(-118.308894 34.0126086),,,"former movie theater in South Los Angeles, Los Angeles, California, United States"
http://www.wikidata.org/entity/Q44982035,Kiva Theatre,Point(-118.278678 33.99461),,,"former movie theater in South Park, Los Angeles, California, United States"
http://www.wikidata.org/entity/Q44982046,Pico Theatre,Point(-118.268225 34.0406388),,,"former movie theater in South Park, Los Angeles, California, United States"
http://www.wikidata.org/entity/Q44982105,American Theatre,Point(-118.278358 34.0003012),,,"former movie theater in Southeast Los Angeles, Los Angeles, California, United States"
http://www.wikidata.org/entity/Q44982121,Avalon Theatre,Point(-118.2651855 33.9946801),,,"former movie theater in Southeast Los Angeles, Los Angeles, California, United States"
http://www.wikidata.org/entity/Q44982136,Bill Robinson Theatre,Point(-118.2564997 34.00695),,,"former movie theater in Southeast Los Angeles, Los Angeles, California, United States"
http://www.wikidata.org/entity/Q44982152,Cairo Theatre,Point(-118.273894 33.9350482),,,"former movie theater in Southeast Los Angeles, Los Angeles, California, United States"
http://www.wikidata.org/entity/Q44982168,Castle Theatre,Point(-118.269136 33.960387),,,"former movie theater in Southeast Los Angeles, Los Angeles, California, United States"
http://www.wikidata.org/entity/Q44982182,Century Theatre,Point(-118.2783361 33.9846628),,,"former movie theater in Southeast Los Angeles, Los Angeles, California, United States"
http://www.wikidata.org/entity/Q44982201,Green Meadows Theatre,Point(-118.2738991 33.9487293),,,"former movie theater in Southeast Los Angeles, Los Angeles, California, United States"
http://www.wikidata.org/entity/Q44982214,Manchester Theater,Point(-118.279316 33.9600096),,,"former movie theater in Southeast Los Angeles, Los Angeles, California, United States"
http://www.wikidata.org/entity/Q44982224,Mayfair Theatre,Point(-118.2779983 33.9582127),,,"former movie theater in Southeast Los Angeles, Los Angeles, California, United States"
http://www.wikidata.org/entity/Q44982237,Mecca Theatre,Point(-118.2781043 33.959836),,,"former movie theater in Southeast Los Angeles, Los Angeles, California, United States"
http://www.wikidata.org/entity/Q44982250,Mission Theatre,Point(-118.2782034 34.006192),,,"former movie theater in Southeast Los Angeles, Los Angeles, California, United States"
http://www.wikidata.org/entity/Q44982263,Movie Show Theater,Point(-118.2570219 34.0039511),,,"former movie theater in Southeast Los Angeles, Los Angeles, California, United States"
http://www.wikidata.org/entity/Q44982059,Regal Cinemas LA Live Stadium 14,Point(-118.264647 34.04441),,https://www.regmovies.com/theatres/regal-la-live-4dx/0697,"movie theater in South Park, Los Angeles, California, United States"
http://www.wikidata.org/entity/Q44982089,Aloha Theatre,Point(-118.277932 33.984723),,,"former movie theater in Southeast Los Angeles, Los Angeles, California, United States"
http://www.wikidata.org/entity/Q44982279,Princess Theatre,Point(-118.2739395 33.9839297),,,"former movie theater in Southeast Los Angeles, Los Angeles, California, United States"
http://www.wikidata.org/entity/Q44982294,Savoy Theatre,Point(-118.2564094 33.9950424),,,"former movie theater in Southeast Los Angeles, Los Angeles, California, United States"
http://www.wikidata.org/entity/Q44982308,Strand Theatre,Point(-118.2783687 34.0034423),,,"former movie theater in Southeast Los Angeles, Los Angeles, California, United States"
http://www.wikidata.org/entity/Q44982323,Wesley Little Theatre,Point(-118.2576181 34.0040579),,,"former movie theater in Southeast Los Angeles, Los Angeles, California, United States"
http://www.wikidata.org/entity/Q44982341,World Theatre,Point(-118.277919 33.973849),,,"former movie theater in Southeast Los Angeles, Los Angeles, California, United States"
http://www.wikidata.org/entity/Q44982355,Southside Theatre,Point(-118.2919612 33.9315831),,,"former movie theater in South Los Angeles, Los Angeles, California, United States"
http://www.wikidata.org/entity/Q44982370,Sunbeam Theater,Point(-118.248071 33.980227),,,"former movie theater in Central-Alameda, Los Angeles, California, United States"
http://www.wikidata.org/entity/Q44982385,Tujunga Theatre,Point(-118.2786337 34.2473758),,,"former movie theater in Sunland-Tujunga, Los Angeles, California, United States"
http://www.wikidata.org/entity/Q44982401,El Portal Theatre,Point(-118.376263 34.166777),,http://www.elportaltheatre.com,"movie theater in Valley Village, Los Angeles, California, United States"
http://www.wikidata.org/entity/Q44982417,Guild Theatre,Point(-118.374918 34.164588),,,"former movie theater in Valley Village, Los Angeles, California, United States"
http://www.wikidata.org/entity/Q44982436,Sand Box Theatre,Point(-118.371792 34.159488),,,"former movie theater in Valley Village, Los Angeles, California, United States"
http://www.wikidata.org/entity/Q44982450,Largo Theatre,Point(-118.2403703 33.9432009),,,"former movie theater in Watts, Los Angeles, California, United States"
http://www.wikidata.org/entity/Q44982465,Linda Theatre,Point(-118.2444421 33.9432664),,,"former movie theater in Watts, Los Angeles, California, United States"
http://www.wikidata.org/entity/Q44982481,Kokusai Theatre,Point(-118.3353025 34.0266148),,,"movie theater in West Adams, Los Angeles, California, United States"
http://www.wikidata.org/entity/Q44982820,Mann Westwood 4,Point(-118.447164 34.061501),,,"former movie theater in Westwood, Los Angeles, California, United States"
http://www.wikidata.org/entity/Q44982833,National Theatre,Point(-118.4453782 34.0594477),,,"former movie theater in Westwood, Los Angeles, California, United States"
http://www.wikidata.org/entity/Q44982848,The Landmark Westwood,Point(-118.4463912 34.0616247),,https://www.landmarktheatres.com/los-angeles/the-landmark-westwood,"movie theater in Westwood, Los Angeles, California, United States"
http://www.wikidata.org/entity/Q49473305,Avocado Heights Park,Point(-117.988055555 34.035555555),,,"park in Los Angeles County, California, United States of America"
http://www.wikidata.org/entity/Q49473420,Bailey Canyon Park,Point(-118.061388888 34.171388888),,,"park in Los Angeles County, California, United States of America"
http://www.wikidata.org/entity/Q49473421,Bailey Canyon Wilderness Park,Point(-118.061388888 34.175),,,"park in Los Angeles County, California, United States of America"
http://www.wikidata.org/entity/Q49473511,Baldwin Hills Recreation Center,Point(-118.364166666 34.024166666),,,"park in Los Angeles County, California, United States of America"
http://www.wikidata.org/entity/Q49473509,Baldwin Hills Playground,Point(-118.364444444 34.024166666),,,"park in Los Angeles County, California, United States of America"
http://www.wikidata.org/entity/Q49473514,Baldwin Hills Village,Point(-118.361944444 34.019444444),,,"park in Los Angeles County, California, United States of America"
http://www.wikidata.org/entity/Q49473522,Baldwin Stocker Park,Point(-118.0475 34.1175),,,"park in Los Angeles County, California, United States of America"
http://www.wikidata.org/entity/Q49473572,Bandini Park,Point(-118.171388888 34.0075),,,"park in Los Angeles County, California, United States of America; geonames ID = 5325994"
http://www.wikidata.org/entity/Q49473662,Barnes Park,Point(-117.999444444 34.07),,,"park in Los Angeles County, California, United States of America"
http://www.wikidata.org/entity/Q49473660,Barnes Memorial Park,Point(-118.126111111 34.058333333),,,"park in Los Angeles County, California, United States of America"
http://www.wikidata.org/entity/Q49473696,Barrington Recreation Center,Point(-118.468888888 34.061388888),,,"park in Los Angeles County, California, United States of America"
http://www.wikidata.org/entity/Q49473778,Bassett Park,Point(-117.986666666 34.051388888),,,"park in Los Angeles County, California, United States of America"
http://www.wikidata.org/entity/Q49474198,Bel Aire Park,Point(-118.314722222 34.202222222),,,"Park in Burbank, California, United States of America"
http://www.wikidata.org/entity/Q49474211,Sneary Parkette,Point(-118.381666666 33.863333333),,,"park in Los Angeles County, California, United States of America"
http://www.wikidata.org/entity/Q49474219,Bell Gardens Park,Point(-118.145833333 33.9675),,,"park in Los Angeles County, California, United States of America"
http://www.wikidata.org/entity/Q49474217,Bell Field,Point(-118.212777777 34.125833333),,,"park in Los Angeles County, California, United States of America"
http://www.wikidata.org/entity/Q49474221,Bell Park,Point(-118.301944444 33.8975),,,"park in Los Angeles County, California, United States of America"
http://www.wikidata.org/entity/Q49474229,Bella Vista Park,Point(-118.136388888 34.034722222),,,"park in Los Angeles County, California, United States of America"
http://www.wikidata.org/entity/Q49474269,Bellevue Park,Point(-118.281666666 34.084444444),,,"park in Los Angeles County, California, United States of America"
http://www.wikidata.org/entity/Q49474313,Belvedere Park,Point(-118.158333333 34.037222222),,,"park in Los Angeles County, California, US"
http://www.wikidata.org/entity/Q49474538,Besse Park,Point(-118.083333333 34.147222222),,,"park in Los Angeles County, California, United States of America"
http://www.wikidata.org/entity/Q49474573,Bethune Park,Point(-118.253055555 33.983333333),,,"park in Los Angeles County, California, United States of America"
http://www.wikidata.org/entity/Q49474633,Bicentennial Park,Point(-118.338888888 33.913888888),,,"park in Los Angeles County, California, United States of America; geonames ID = 5328092"
http://www.wikidata.org/entity/Q49474635,Bicentennial Park,Point(-118.018888888 34.113888888),,,"park in Los Angeles County, California, United States of America; geonames ID = 5328093"
http://www.wikidata.org/entity/Q49474665,Bicknell Park,Point(-118.13 34.028888888),,,"park in Los Angeles County, California, United States of America"
http://www.wikidata.org/entity/Q49474860,Biscailuz Park,Point(-118.161666666 33.853055555),,,"park in Los Angeles County, California, United States of America"
http://www.wikidata.org/entity/Q49474883,Bixby Knolls Park,Point(-118.179166666 33.840277777),,,"park in Los Angeles County, California, United States of America"
http://www.wikidata.org/entity/Q49474987,Blair Hills Park,Point(-118.377777777 34.015555555),,,"park in Los Angeles County, California, United States of America"
http://www.wikidata.org/entity/Q49475002,Blanco Park,Point(-118.392222222 33.995833333),,,"park in Los Angeles County, California, United States of America"
http://www.wikidata.org/entity/Q49475171,Bodger Park,Point(-118.333888888 33.896666666),,,"park in Los Angeles County, California, United States of America"
http://www.wikidata.org/entity/Q49475267,Bonita Park,Point(-118.025 34.138888888),,,"park in Los Angeles County, California, United States of America"
http://www.wikidata.org/entity/Q49475499,Boyle Heights Recreation Center,Point(-118.214444444 34.031111111),,,"park in Los Angeles County, California, United States of America"
http://www.wikidata.org/entity/Q49475501,Boyle Heights Sports Center Park,Point(-118.214166666 34.0325),,,"park in Los Angeles County, California, United States of America"
http://www.wikidata.org/entity/Q49475522,Brace Canyon Park,Point(-118.330277777 34.21),,,"park in Los Angeles County, California, United States of America"
http://www.wikidata.org/entity/Q49475599,Brand Park,Point(-118.269444444 34.1925),,,"park in Los Angeles County, California, United States of America; geonames ID = 5330525"
http://www.wikidata.org/entity/Q49475695,Brenner Park,Point(-118.155555555 34.161111111),,,"park in Los Angeles County, California, United States of America"
http://www.wikidata.org/entity/Q49475707,Brentwood Park,Point(-118.479166666 34.048333333),,,"park in Los Angeles County, California, United States of America"
http://www.wikidata.org/entity/Q49475802,Bristow Park,Point(-118.168333333 34.013611111),,,"park in Los Angeles County, California, United States of America"
http://www.wikidata.org/entity/Q49475819,Broadway Park,Point(-118.039166666 33.985833333),,,"park in Los Angeles County, California, United States of America; geonames ID = 5330868"
http://www.wikidata.org/entity/Q49475821,Broadway Park,Point(-118.475 34.031111111),,,"park in Los Angeles County, California, United States of America; geonames ID = 5330869"
http://www.wikidata.org/entity/Q49475902,Brookside Park,Point(-118.164722222 34.153611111),,,"park in Los Angeles County, California, United States of America"
http://www.wikidata.org/entity/Q49475901,Brookshire Childrens Park,Point(-118.141944444 33.921388888),,,"park in Los Angeles County, California, United States of America"
http://www.wikidata.org/entity/Q49476117,Buena Vista Park,Point(-118.328333333 34.152222222),,,"park in Los Angeles County, California, United States of America"
http://www.wikidata.org/entity/Q49476210,Burke Park,Point(-118.140555555 34.098333333),,,"park in Los Angeles County, California, United States of America"
http://www.wikidata.org/entity/Q49476285,Burrel McDonald Park,Point(-118.254722222 33.885),,,"park in Los Angeles County, California, United States of America"
http://www.wikidata.org/entity/Q49476320,Busch Gardens,Point(-118.164722222 34.129444444),,,"former garden in Pasadena, California"
http://www.wikidata.org/entity/Q49476419,Byron Zinn Park,Point(-118.110555555 33.908888888),,,"park in Los Angeles County, California, United States of America"
http://www.wikidata.org/entity/Q49478649,Clover Park,Point(-118.456944444 34.016388888),,,"park in Los Angeles County, California, United States of America"
http://www.wikidata.org/entity/Q49478930,Coldwater Canyon Park,Point(-118.411111111 34.091388888),,,"park in Los Angeles County, California, United States of America; geonames ID = 5338512"
http://www.wikidata.org/entity/Q49478931,Coldwater Canyon Park,Point(-118.405555555 34.129722222),,,"park in Los Angeles County, California, United States of America; geonames ID = 5338509"
http://www.wikidata.org/entity/Q49479216,Colonel Leo H Washington Park,Point(-118.243611111 33.956388888),,,"park in Los Angeles County, California, United States of America"
http://www.wikidata.org/entity/Q49479319,Columbia Park,Point(-118.347222222 33.86),,,"park in Los Angeles County, California, United States of America"
http://www.wikidata.org/entity/Q49479531,Community Center Park,Point(-118.076388888 34.079166666),,,"park in Los Angeles County, California, United States of America"
http://www.wikidata.org/entity/Q49479742,Confluence Park,Point(-118.22577 34.08181),,,"park in Los Angeles County, California, United States"
http://www.wikidata.org/entity/Q49479882,Constitution Park,Point(-118.143333333 33.87),,,"park in Los Angeles County, California, United States of America; geonames ID = 5339251"
http://www.wikidata.org/entity/Q49479884,Constitution Park,Point(-118.398611111 33.9275),,,"park in Los Angeles County, California, United States of America; geonames ID = 5339250"
http://www.wikidata.org/entity/Q44982864,UA Westwood 4,Point(-118.442559 34.0571036),,,"former movie theater in Westwood, Los Angeles, California, United States"
http://www.wikidata.org/entity/Q44982879,Dorkel Theatre,Point(-118.2438036 34.0386681),,,"former movie theater in Downtown Los Angeles, California, United States"
http://www.wikidata.org/entity/Q48817410,Bhagavad-gita Museum,Point(-118.397112 34.025332),,https://www.bgmuseum.com/,"museum in Los Angeles, USA"
http://www.wikidata.org/entity/Q48965965,Dearly Departed Tours & Artifact Museum,Point(-118.318138888 34.090944444),,https://dearlydepartedtours.com/,Bus tour in Los Angeles
http://www.wikidata.org/entity/Q49471810,Acacia Park,Point(-118.423611111 33.93),,,"park in Los Angeles County, California, United States of America"
http://www.wikidata.org/entity/Q49471847,Acuna Park,Point(-118.116111111 34.021944444),,,"park in Los Angeles County, California, United States of America"
http://www.wikidata.org/entity/Q49471910,Admiralty Park,Point(-118.446388888 33.984166666),,,park in the United States of America
http://www.wikidata.org/entity/Q49473168,Atlantic Plaza Park,Point(-118.182777777 33.849444444),,,"park in Los Angeles County, California, United States of America"
http://www.wikidata.org/entity/Q49473294,Aviation Park,Point(-118.394722222 33.888888888),,,"park in Los Angeles County, California, United States of America"
http://www.wikidata.org/entity/Q44982599,Loyola Theater,Point(-118.3960529 33.9594343),,,"former movie theater in Westchester, Los Angeles, California, United States"
http://www.wikidata.org/entity/Q44982612,Paradise Theatre,Point(-118.395522 33.954053),,,"former movie theater in Westchester, Los Angeles, California, United States"
http://www.wikidata.org/entity/Q44982627,Cineograph Theatre,Point(-118.253042 34.062156),,,"former movie theater in Westlake, Los Angeles, California, United States"
http://www.wikidata.org/entity/Q44982644,De Luxe Theater,Point(-118.276654 34.056607),,,"former movie theater in Westlake, Los Angeles, California, United States"
http://www.wikidata.org/entity/Q44982657,Empire Theatre,Point(-118.2834298 34.0472898),,,"former movie theater in Westlake, Los Angeles, California, United States"
http://www.wikidata.org/entity/Q44982669,Granada Theatre,Point(-118.2508019 34.0624687),,,"former movie theater in Westlake, Los Angeles, California, United States"
http://www.wikidata.org/entity/Q44982684,Lake Theatre,Point(-118.2775079 34.056764),,,"former movie theater in Westlake, Los Angeles, California, United States"
http://www.wikidata.org/entity/Q44982701,Park Theatre,Point(-118.2769933 34.0559906),,,"former movie theater in Westlake, Los Angeles, California, United States"
http://www.wikidata.org/entity/Q44982716,Rampart Theatre,Point(-118.27542 34.0729869),,,"former movie theater in Westlake, Los Angeles, California, United States"
http://www.wikidata.org/entity/Q44982733,Sun Theatre,Point(-118.274512 34.0432289),,,"former movie theater in Westlake, Los Angeles, California, United States"
http://www.wikidata.org/entity/Q44982744,Teragram Ballroom,Point(-118.2670239 34.0520127),,,"music venue and former movie theater in Westlake, Los Angeles"
http://www.wikidata.org/entity/Q44982760,Billy Wilder Theater,Point(-118.4438237 34.0588219),,https://www.cinema.ucla.edu/billy-wilder-theater,"movie theater in Westwood, Los Angeles, California, United States"
http://www.wikidata.org/entity/Q44982791,Mann Festival Theater,Point(-118.444271 34.059825),,,"former movie theater in Westwood, Los Angeles, California, United States"
http://www.wikidata.org/entity/Q44982803,Mann Plaza Theater,Point(-118.443878 34.061777),,,"former movie theater in Westwood, Los Angeles, California, United States"
http://www.wikidata.org/entity/Q49480008,Coolidge Park,Point(-118.195555555 33.872222222),,,"park in Los Angeles County, California, United States of America"
http://www.wikidata.org/entity/Q49480025,Coombs Park,Point(-118.399722222 34.008611111),,,"park in Los Angeles County, California, United States of America"
http://www.wikidata.org/entity/Q49480217,Corona Park,Point(-118.195 33.985),,,"park in Los Angeles County, California, United States of America"
http://www.wikidata.org/entity/Q49480309,Costello Recreation Center,Point(-118.210555555 34.020833333),,,"park in Los Angeles County, California, United States of America"
http://www.wikidata.org/entity/Q49480874,Crawford Park,Point(-118.157222222 33.951944444),,,"park in Los Angeles County, California, United States of America"
http://www.wikidata.org/entity/Q49480938,Crescent Bay Park,Point(-118.49 34.005833333),,,"park in Los Angeles County, California, United States of America"
http://www.wikidata.org/entity/Q49480955,Crescenta Valley Park,Point(-118.259166666 34.225277777),,,"park in Los Angeles County, California"
http://www.wikidata.org/entity/Q49480998,Crestwood Hills Park,Point(-118.488888888 34.076666666),,,"park in Los Angeles County, California, United States of America"
http://www.wikidata.org/entity/Q49481055,Crocker Plaza,Point(-118.285277777 34.018611111),,,"park in Los Angeles County, California, United States of America"
http://www.wikidata.org/entity/Q49481275,Cudahy Park,Point(-118.173888888 33.958888888),,,"park in Los Angeles County, California, United States of America"
http://www.wikidata.org/entity/Q49481323,Culver City Park,Point(-118.385 34.016388888),,,"park in Los Angeles County, California, United States of America"
http://www.wikidata.org/entity/Q49481330,Culver West Park,Point(-118.435 33.993055555),,,"park in Los Angeles County, California, United States of America"
http://www.wikidata.org/entity/Q49481328,Culver Slauson Park,Point(-118.406111111 33.994166666),,,"park in Los Angeles County, California, United States of America"
http://www.wikidata.org/entity/Q49481563,Cypress Park,Point(-118.225277777 34.088888888),,,"park in Los Angeles County, California, United States of America; geonames ID = 5341290"
http://www.wikidata.org/entity/Q49481694,Dale Page Park,Point(-118.365833333 33.880833333),,,"park in Los Angeles County, California, United States of America"
http://www.wikidata.org/entity/Q49481916,Darby Memorial Park,Point(-118.329722222 33.953888888),,,"park in Los Angeles County, California, United States of America"
http://www.wikidata.org/entity/Q49481962,Darwell Park,Point(-118.155 33.967777777),,,"park in Los Angeles County, California, United States of America"
http://www.wikidata.org/entity/Q49472153,Algin Sutton Recreation Center,Point(-118.285277777 33.955833333),,,"park in Los Angeles County, California, United States of America"
http://www.wikidata.org/entity/Q49472161,Alhambra Park,Point(-118.145833333 34.096666666),,,"park in Los Angeles County, California, United States of America"
http://www.wikidata.org/entity/Q49472242,Allendale Park,Point(-118.144722222 34.126111111),,,"park in Los Angeles County, California, United States of America"
http://www.wikidata.org/entity/Q49472282,Almansor Park,Point(-118.115555555 34.087222222),,,"park in Los Angeles County, California, United States of America"
http://www.wikidata.org/entity/Q49472300,Alondra Park,Point(-118.339166666 33.883055555),,,"park in Los Angeles County, California, United States of America"
http://www.wikidata.org/entity/Q49472305,Alpine Park,Point(-118.241111111 34.063611111),,,"park in Los Angeles County, California, United States of America"
http://www.wikidata.org/entity/Q49472376,Alumni Park,Point(-118.284722222 34.020277777),,,"park in Los Angeles County, California, United States of America"
http://www.wikidata.org/entity/Q49472430,Amelia Mayberry Park,Point(-118.0525 33.931111111),,,"park in Los Angeles County, California, United States of America"
http://www.wikidata.org/entity/Q49472523,Anaconda Park,Point(-118.013888888 33.950555555),,,"park in Los Angeles County, California, United States of America"
http://www.wikidata.org/entity/Q49472548,Anderson Field,Point(-118.208333333 34.125833333),,,"park in Los Angeles County, California, United States of America"
http://www.wikidata.org/entity/Q49472555,Anderson Park,Point(-118.235555555 33.856944444),,,"park in Los Angeles County, California, United States of America"
http://www.wikidata.org/entity/Q49472706,Apollo Park,Point(-118.154444444 33.926666666),,,"park in Los Angeles County, California, United States of America; geonames ID = 5324277"
http://www.wikidata.org/entity/Q49472787,Arcadia County Park,Point(-118.036388888 34.135833333),,,"park in Los Angeles County, California, United States of America"
http://www.wikidata.org/entity/Q49472790,Arcadia High School Recreation Park,Point(-118.032777777 34.13),,,"park in Los Angeles County, California, United States of America"
http://www.wikidata.org/entity/Q49472798,Arcadia Wilderness Park,Point(-118.017777777 34.176666666),,,"park in Los Angeles County, California, United States of America"
http://www.wikidata.org/entity/Q49472807,Arceo Park,Point(-118.036388888 34.065555555),,,"park in Los Angeles County, California, United States of America"
http://www.wikidata.org/entity/Q49472840,Ardmore Recreation Center,Point(-118.301388888 34.054166666),,,"park in Los Angeles County, California, United States of America"
http://www.wikidata.org/entity/Q49472984,Arroyo Seco Park,Point(-118.183611111 34.109722222),,,"park in Los Angeles County, California, United States of America"
http://www.wikidata.org/entity/Q49473003,Arthur Gerdes Park,Point(-118.089166666 33.896944444),,,"park in Los Angeles County, California, United States of America"
http://www.wikidata.org/entity/Q49473047,Ashiya Park,Point(-118.131666666 34.0225),,,"park in Los Angeles County, California, United States of America"
http://www.wikidata.org/entity/Q49473080,Ashwood Park,Point(-118.368333333 33.959166666),,,"park in Los Angeles County, California, United States of America"
http://www.wikidata.org/entity/Q49473098,Associates Park,Point(-118.285833333 34.021111111),,,"park in Los Angeles County, California, United States of America"
http://www.wikidata.org/entity/Q49473133,Athens Park,Point(-118.279444444 33.917777777),,,"park in Los Angeles County, California, United States of America"
http://www.wikidata.org/entity/Q49473163,Atlantic Avenue Park,Point(-118.155277777 34.025277777),,,"park in Los Angeles County, California, United States of America"
http://www.wikidata.org/entity/Q49482245,De Longpre Park,Point(-118.334722222 34.095833333),,,"park in Los Angeles County, California, United States of America"
http://www.wikidata.org/entity/Q49482321,Dean Bartlett Cromwell Field,Point(-118.287777777 34.021944444),,,"park in Los Angeles County, California, United States of America"
http://www.wikidata.org/entity/Q49482519,Defenders Parkway,Point(-118.161388888 34.146388888),,,"park in Los Angeles County, California, United States of America"
http://www.wikidata.org/entity/Q49482535,Del Aire Park,Point(-118.374722222 33.918055555),,,"park in Los Angeles County, California, United States of America"
http://www.wikidata.org/entity/Q49482538,Del Amo Park,Point(-118.262222222 33.848333333),,,"park in Los Angeles County, California, United States of America"
http://www.wikidata.org/entity/Q49482587,Del Rey Lagoon Park,Point(-118.450277777 33.959722222),,,"park in Los Angeles County, California, United States of America"
http://www.wikidata.org/entity/Q49482610,Delano Park,Point(-118.4625 34.1825),,,"park in Los Angeles County, California, United States of America"
http://www.wikidata.org/entity/Q49482705,Delthorne Park,Point(-118.345277777 33.846388888),,,"park in Los Angeles County, California, United States of America"
http://www.wikidata.org/entity/Q49482758,Denker Recreation Center,Point(-118.304166666 34.023333333),,,"park in Los Angeles County, California, United States of America"
http://www.wikidata.org/entity/Q49482768,Dennis the Menace Park,Point(-118.111388888 33.956388888),,,"park in Los Angeles County, California, United States of America"
http://www.wikidata.org/entity/Q49482908,Descanso Park,Point(-118.321666666 33.871388888),,,"park in Los Angeles County, California, United States of America"
http://www.wikidata.org/entity/Q49483234,Dickson Plaza,Point(-118.440555555 34.071944444),,,"park in Los Angeles County, California, United States of America"
http://www.wikidata.org/entity/Q49483476,Doctor Paul Carlson Memorial Park,Point(-118.397777777 34.013888888),,,"park in Los Angeles County, California, United States of America"
http://www.wikidata.org/entity/Q49483525,Doctor Thomas G Mills Park,Point(-118.247222222 33.848333333),,,"park in Los Angeles County, California, United States of America"
http://www.wikidata.org/entity/Q49483532,Doctor Walter R Tucker Park,Point(-118.234722222 33.890555555),,,"park in Los Angeles County, California, United States of America"
http://www.wikidata.org/entity/Q49483636,Dolphin Park,Point(-118.2425 33.836944444),,,"park in Los Angeles County, California, United States of America"
http://www.wikidata.org/entity/Q49483647,Dominguez Park,Point(-118.214166666 33.834722222),,,"park in Los Angeles County, California, United States of America"
http://www.wikidata.org/entity/Q49483653,Dominguez Park,Point(-118.377222222 33.856666666),,,"park in Redondo Beach, Los Angeles County, California, United States of America"
http://www.wikidata.org/entity/Q49484111,Downey Playground,Point(-118.222777777 34.070277777),,,"park in Los Angeles County, California, United States of America"
http://www.wikidata.org/entity/Q49484113,Downey Recreation Center,Point(-118.222777777 34.070555555),,,"park in Los Angeles County, California, United States of America"
http://www.wikidata.org/entity/Q49484135,Downs Playground,Point(-118.236388888 33.946111111),,,"park in Los Angeles County, California, United States of America"
http://www.wikidata.org/entity/Q49484575,Dunsmore Park,Point(-118.255833333 34.238611111),,,"park in Los Angeles County, California, United States of America"
http://www.wikidata.org/entity/Q49484891,Eagle Rock Recreation Center,Point(-118.186666666 34.141666666),,,"park in Los Angeles County, California, United States of America"
http://www.wikidata.org/entity/Q49484888,Eagle Rock Hillside Park,Point(-118.200833333 34.149166666),,,"park in Los Angeles County, California, United States of America"
http://www.wikidata.org/entity/Q49476656,Camino Grove Park,Point(-118.018055555 34.123888888),,,"park in Los Angeles County, California, United States of America"
http://www.wikidata.org/entity/Q49476709,Camp Suanga,Point(-118.188333333 33.875833333),,,"park in Los Angeles County, California, United States of America"
http://www.wikidata.org/entity/Q49476730,Campanella Park,Point(-118.259722222 33.898055555),,,"park in Los Angeles County, California, United States of America"
http://www.wikidata.org/entity/Q49476785,Candy Cane Park,Point(-118.421111111 33.916388888),,,"park in Los Angeles County, California, United States of America"
http://www.wikidata.org/entity/Q49476952,Carl E Nielsen Youth Park,Point(-118.388888888 33.956111111),,,"park in Los Angeles County, California, United States of America"
http://www.wikidata.org/entity/Q49476965,Carlin Smith Playground,Point(-118.211111111 34.100555555),,,"park in Los Angeles County, California, United States of America"
http://www.wikidata.org/entity/Q49477001,Carmelita Gardens,Point(-118.160277777 34.146388888),,,"park in Los Angeles County, California, United States of America"
http://www.wikidata.org/entity/Q49477014,Carnation Park,Point(-118.216111111 33.932222222),,,"park in Los Angeles County, California, United States of America"
http://www.wikidata.org/entity/Q49477037,Carousel Park,Point(-118.496111111 34.01),,,"park in Los Angeles County, California, United States of America"
http://www.wikidata.org/entity/Q49477057,Carr Park,Point(-118.229166666 34.143611111),,,"park in Los Angeles County, California, United States of America"
http://www.wikidata.org/entity/Q49477084,Carson Park,Point(-118.276666666 33.833611111),,,"park in Los Angeles County, California, United States of America"
http://www.wikidata.org/entity/Q49477169,Cascades Park,Point(-118.136388888 34.054444444),,,"park in Los Angeles County, California, United States of America"
http://www.wikidata.org/entity/Q49477457,Center Park,Point(-118.336388888 33.934166666),,,"park in Los Angeles County, California, United States of America"
http://www.wikidata.org/entity/Q49477484,Edward Vincent Jr. Park,Point(-118.34793 33.97159),,https://www.cityofinglewood.org/Facilities/Facility/Details/Edward-Vincent-Park-13,"park in Los Angeles County, California, United States of America"
http://www.wikidata.org/entity/Q49477527,Central Park,Point(-118.149722222 34.141944444),,,"park in Los Angeles County, California, United States of America; geonames ID = 5335557"
http://www.wikidata.org/entity/Q49477524,Central Park,Point(-118.034444444 33.981388888),,,"park in Los Angeles County, California, United States of America; geonames ID = 5335555"
http://www.wikidata.org/entity/Q49477580,Central Recreation Center,Point(-118.250555555 34.020555555),,,"park in Los Angeles County, California, United States of America"
http://www.wikidata.org/entity/Q49477796,Charles White Park,Point(-118.151666666 34.188055555),,,"park in Los Angeles County, California, United States of America"
http://www.wikidata.org/entity/Q49477904,Cherry Avenue Park,Point(-118.168333333 33.839444444),,,"park in Los Angeles County, California, United States of America"
http://www.wikidata.org/entity/Q49477914,Cherry Cove Park,Point(-118.165555555 33.850555555),,,"park in Los Angeles County, California, United States of America"
http://www.wikidata.org/entity/Q49477979,Cheviot Hills Recreation Center,Point(-118.407777777 34.045833333),,,"park in Los Angeles County, California, United States of America"
http://www.wikidata.org/entity/Q49477982,Chevy Chase Park,Point(-118.266666666 34.133888888),,,"park in Los Angeles County, California, United States of America"
http://www.wikidata.org/entity/Q49478299,City Terrace Park,Point(-118.178611111 34.049444444),,,"park in Los Angeles County, California, United States of America"
http://www.wikidata.org/entity/Q49478391,Clara Park,Point(-118.182222222 33.965555555),,,"park in Los Angeles County, California, United States of America"
http://www.wikidata.org/entity/Q49478562,Cleland Avenue Bicentennial Park,Point(-118.211944444 34.113333333),,,"park in Los Angeles County, California, United States of America"
http://www.wikidata.org/entity/Q49485271,East Rancho Dominguez County Park,Point(-118.192777777 33.895277777),,,"park in Los Angeles County, California, United States of America"
http://www.wikidata.org/entity/Q49485522,Eaton Blanche Park,Point(-118.083055555 34.139444444),,,"park in Los Angeles County, California, United States of America"
http://www.wikidata.org/entity/Q49485524,Eaton Canyon Park,Point(-118.095833333 34.180555555),,,"park in Los Angeles County, California, United States of America"
http://www.wikidata.org/entity/Q49485568,Echo Park,Point(-118.260555555 34.0725),,,"park in Los Angeles County, California, United States of America"
http://www.wikidata.org/entity/Q49485599,Ecology Park,Point(-118.091666666 33.875833333),,,"park in Los Angeles County, California, United States of America"
http://www.wikidata.org/entity/Q49485630,Eddie Park,Point(-118.141388888 34.109444444),,,"park in Los Angeles County, California, United States of America"
http://www.wikidata.org/entity/Q49485851,Edison Trails Park,Point(-118.128333333 34.045555555),,,"park in Los Angeles County, California, United States of America"
http://www.wikidata.org/entity/Q49486086,Eisenhower Park,Point(-118.025833333 34.147222222),,,"park in Los Angeles County, California, United States of America"
http://www.wikidata.org/entity/Q49486185,El Marino Park,Point(-118.399166666 33.9925),,,"park in Los Angeles County, California, United States of America"
http://www.wikidata.org/entity/Q49486206,El Nido Park,Point(-118.357777777 33.863888888),,,"park in Los Angeles County, California, United States of America"
http://www.wikidata.org/entity/Q97402342,Los Angeles River Center and Gardens,Point(-118.225 34.085),,,"public park located in Cypress Park, Los Angeles"
http://www.wikidata.org/entity/Q100984577,California Theatre,Point(-118.2534 34.0423),,,"former movie theater in Los Angeles, California, United States"
http://www.wikidata.org/entity/Q88009970,Exposition Park IMAX Theater,Point(-118.28564 34.01533),,,"movie theater in Los Angeles, California"
http://www.wikidata.org/entity/Q96205518,Lynda and Stewart Resnick Exhibition Pavilion,Point(-118.357555603 34.063445666),,https://www.lacma.org/,part of the Los Angeles County Museum of Art
http://www.wikidata.org/entity/Q97066472,Theatre Vanguard,Point(-118.283333333 34.05),,,one of Los Angeles' premiere exhibitors of experimental cinema
http://www.wikidata.org/entity/Q77961141,Laemmle Glendale,Point(-118.2540142 34.1485511),,https://www.laemmle.com/theater/glendale,"movie theater in Glendale, California"
http://www.wikidata.org/entity/Q78348788,Alamo Drafthouse Downtown,Point(-118.25883 34.04807),,https://drafthouse.com/theater/downtown,"movie theater in Loa Angeles, California"
http://www.wikidata.org/entity/Q84582145,Modern Visual Communications,Point(-118.347267 34.083752),,,video art distributor
http://www.wikidata.org/entity/Q85746004,Bavel,Point(-118.232707 34.041428),,https://baveldtla.com,"Israeli restaurant in Los Angeles, California, United States"
http://www.wikidata.org/entity/Q85758835,El Tepeyac Café,Point(-118.197638888 34.047777777),,,"Mexican restaurant in Los Angeles, CA, US"
http://www.wikidata.org/entity/Q85784948,Merced Theatre,Point(-118.239722222 34.056111111),,,"first theatre built in Los Angeles, California"
http://www.wikidata.org/entity/Q85791229,Original Cannabis Cafe,Point(-118.3466097 34.092668),,,"restaurant in California, United States"
http://www.wikidata.org/entity/Q49486213,El Paseo Cahuenga Park,Point(-118.349444444 34.130555555),,,"park in Los Angeles County, California, United States of America"
http://www.wikidata.org/entity/Q49486254,El Sereno North Park,Point(-118.167777777 34.0975),,,"park in Los Angeles County, California, United States of America"
http://www.wikidata.org/entity/Q49486258,El Sereno Recreation Center,Point(-118.180833333 34.076388888),,,"park in Los Angeles County, California, United States of America"
http://www.wikidata.org/entity/Q49486267,Ela Park,Point(-118.2075 34.076944444),,,"park in Los Angeles County, California, United States of America"
http://www.wikidata.org/entity/Q49486326,Eleanor Green Roberts Aquatic Center,Point(-118.334722222 34.047777777),,,"park in Los Angeles County, California, United States of America"
http://www.wikidata.org/entity/Q49486539,Ellerman Park,Point(-118.230555555 33.882777777),,,"park in Los Angeles County, California, United States of America"
http://www.wikidata.org/entity/Q49486839,Elysian Park,Point(-118.2375 34.079444444),,https://www.laparks.org/park/elysian,"park in Los Angeles County, California, United States of America"
http://www.wikidata.org/entity/Q49486880,Emerald Isle Park,Point(-118.202222222 34.180277777),,,"park in Los Angeles County, California, United States of America"
http://www.wikidata.org/entity/Q49487212,Enterprise Park,Point(-118.257222222 33.913888888),,,"park in Los Angeles County, California, United States of America"
http://www.wikidata.org/entity/Q49487360,Erwin Park,Point(-118.419722222 34.182222222),,,"park in Los Angeles County, California, United States of America"
http://www.wikidata.org/entity/Q49487725,Everett Park,Point(-118.248611111 34.07),,,"park in Los Angeles County, California, United States"
http://www.wikidata.org/entity/Q49487771,Evergreen Playground,Point(-118.204444444 34.038333333),,,"park in Los Angeles County, California, United States of America"
http://www.wikidata.org/entity/Q49487773,Evergreen Recreation Center,Point(-118.204166666 34.038611111),,,"park in Los Angeles County, California, United States of America"
http://www.wikidata.org/entity/Q49488083,Fairview Avenue Park,Point(-118.051388888 34.128333333),,,"park in Los Angeles County, California, United States of America"
http://www.wikidata.org/entity/Q49488174,Falcon Field,Point(-118.090277777 33.885833333),,,"park in Los Angeles County, California, United States of America"
http://www.wikidata.org/entity/Q65063472,Campanile,Point(-118.343694444 34.064166666),,,"restaurant in Los Angeles, California"
http://www.wikidata.org/entity/Q65065879,Jeff's Gourmet Sausage Factory,Point(-118.3868 34.0551),,http://www.jeffsgourmet.com,sausage factory and restaurant in Los Angeles
http://www.wikidata.org/entity/Q65084493,n/naka,Point(-118.4121872 34.0251212),,https://n-naka.com/,"kaiseki restaurant in Los Angeles, California"
http://www.wikidata.org/entity/Q65118904,Automobile Driving Museum,Point(-118.392278 33.92463),,,"Automotive museum in El Segundo, California"
http://www.wikidata.org/entity/Q65193170,Biddy Mason Park,Point(-118.2483528 34.0499156),,,park in downtown Los Angeles
http://www.wikidata.org/entity/Q65552653,Huntington Botanical Gardens,Point(-118.11405 34.13095),,,botanical garden
http://www.wikidata.org/entity/Q65802336,Margo Leavin Gallery,Point(-118.38559 34.08393),,,art gallery in Los Angeles
http://www.wikidata.org/entity/Q65937145,Brockman Gallery,Point(-118.331281 34.004896),,,American art gallery
http://www.wikidata.org/entity/Q65939039,Mayme A. Clayton Library and Museum,Point(-118.402339 34.013788),,https://www.claytonmuseum.org,library and museum dedicated to African American art and culture
http://www.wikidata.org/entity/Q65939829,The Brick,Point(-118.30882 34.08046),thebrick_la,https://the-brick.org/,alternative art space
http://www.wikidata.org/entity/Q65941079,MAK Center,Point(-118.3722 34.0863),,https://makcenter.org/,"West Hollywood, California | United States"
http://www.wikidata.org/entity/Q76972833,iHeartRadio Theater,Point(-118.334403 34.155762),,,"music venue in Burbank, California"
http://www.wikidata.org/entity/Q104536858,The Garage on Motor,Point(-118.409942113 34.027674273),,https://garageonmotor.com/,"bar in Los Angeles, Los Angeles County, California, United States"
http://www.wikidata.org/entity/Q104866809,Miceli's,Point(-118.336027777 34.101333333),,,"restaurant in California, U.S"
http://www.wikidata.org/entity/Q104868520,Moore's Delicatessen,Point(-118.308825 34.182788),,,"Defunct restaurant in Burbank, California, United States"
http://www.wikidata.org/entity/Q104868911,Taix,Point(-118.2614 34.0782),,,"French restaurant in Los Angeles, California, U.S."
http://www.wikidata.org/entity/Q105414656,UCLA Kerckhoff Hall,Point(-118.44362151 34.07041913),,,"building on the University of California, Los Angeles campus"
http://www.wikidata.org/entity/Q105594132,El Cholo Spanish Cafe,Point(-118.309051513 34.050662994),,https://www.elcholo.com/,Los Angeles restaurant that serves Mexican food
http://www.wikidata.org/entity/Q105688930,UCLA De Neve Commons,Point(-118.45017506 34.07036885),,,"student residential commons building on the University of California, Los Angeles campus"
http://www.wikidata.org/entity/Q105695190,UCLA Meyer & Renee Luskin Conference Center,Point(-118.44587054 34.06927961),,,"building on the University of California, Los Angeles campus"
http://www.wikidata.org/entity/Q105725129,UCLA Ackerman Union,Point(-118.44452252 34.07036704),,,"building on the University of California, Los Angeles campus"
http://www.wikidata.org/entity/Q105771067,UCLA Broad Art Center,Point(-118.44118633 34.07588522),,,"building on the University of California, Los Angeles campus"
http://www.wikidata.org/entity/Q105934776,UCLA Northwest Campus Auditorium,Point(-118.450488 34.071859),,,"auditorium and event venue at the University of California, Los Angeles campus"
http://www.wikidata.org/entity/Q106631068,Spoon & Pork,Point(-118.274597222 34.085366666),,,Filipino restaurant in Los Angeles
http://www.wikidata.org/entity/Q106639035,Ishihara Park,Point(-118.461194444 34.029),,,"park in Santa Monica, California, United States"
http://www.wikidata.org/entity/Q107082351,Paramount Ballroom,Point(-118.203908088 34.044894807),,https://paramountla.com/about,"dance and music venue in Boyle Heights, Los Angeles, California"
http://www.wikidata.org/entity/Q107220818,Rickey's Restaurant,Point(-118.1258235 34.0784412),,,"defunct restaurant in Alhambra, California"
http://www.wikidata.org/entity/Q107426318,Roberts Projects,Point(-118.3439 34.0656),,https://www.robertsprojectsla.com/,art gallery in Los Angeles
http://www.wikidata.org/entity/Q107521083,UCLA Freud Playhouse,Point(-118.439571111 34.075936111),,,"theater building on the University of California, Los Angeles campus"
http://www.wikidata.org/entity/Q107573055,Fatima's Grill,Point(-118.140777777 33.944027777),,,lebanese–Mexican fusion restaurant in Los Angeles
http://www.wikidata.org/entity/Q108502276,Regen Projects,Point(-118.3377 34.0905),,,"contemporary art gallery in Los Angeles, California"
http://www.wikidata.org/entity/Q109968205,Beverly Park,Point(-118.377 34.075),,,1950s amusement park
http://www.wikidata.org/entity/Q110263693,YouTube Theater,Point(-118.336666666 33.951666666),,https://www.youtubetheater.com/,"music and theatre venue in Inglewood, California"
http://www.wikidata.org/entity/Q110521914,Geffen Contemporary at MOCA,Point(-118.2391 34.0499),,https://www.moca.org/visit/hours-tickets-admission#the-geffen-contemporary-at-moca,"museum in Los Angeles, United States"
http://www.wikidata.org/entity/Q111170440,The Bigg Chill,Point(-118.431388888 34.043722222),,,Frozen yogurt restaurant in Los Angeles
http://www.wikidata.org/entity/Q111690058,Casa de Castelar,Point(-118.2395 34.0627),,,"settlement house in Los Angeles, California"
http://www.wikidata.org/entity/Q112757409,Mochinut,Point(-118.312915 34.052924),mochinut_official,https://www.mochinut.com,fast food donut and boba chain based in the United States of America
http://www.wikidata.org/entity/Q44982494,Fox Stadium Theatre,Point(-118.385829 34.054862),,,"former movie theater in West Los Angeles, Lost Angeles, California, United States"
http://www.wikidata.org/entity/Q113006284,Carousel Restaurant Hollywood,Point(-118.301146503 34.101401273),,https://www.carouselrestaurant.com/,"Armenian restaurant in Hollywood, USA"
http://www.wikidata.org/entity/Q113096929,Pine and Crane DTLA,Point(-118.26236 34.04084),pineandcrane,https://www.pineandcrane.com/dtla,"Taiwanese restaurant in Los Angeles, USA"
http://www.wikidata.org/entity/Q113303581,The Nexus Association,Point(-118.330078466 34.033081479),,https://nexusassociation.org/,LA recording studio & event space
http://www.wikidata.org/entity/Q113318845,Coffee Dan's Restaurant,Point(-118.2781976 33.9546175),,,"building in downtown Los Angeles, California"
http://www.wikidata.org/entity/Q113318849,Coffee Dan's Restaurant,Point(-118.32691 34.097909),,,"building in Hollywood, California"
http://www.wikidata.org/entity/Q113641752,North Valleyheart Riverwalk,Point(-118.417222222 34.147222222),,,"Park in Los Angeles, CA"
http://www.wikidata.org/entity/Q113976454,Britannia Pub,Point(-118.495416666 34.015944444),,,"restaurant in Santa Monica, California, U.S"
http://www.wikidata.org/entity/Q113991232,Maguire Gardens,Point(-118.256111111 34.051111111),,,"park in Los Angeles, California, U.S"
http://www.wikidata.org/entity/Q114082151,The Misfit,Point(-118.4967 34.0154),,,"bar and restaurant in Santa Monica, California, U.S"
http://www.wikidata.org/entity/Q114297398,Stella Adler Theatre,Point(-118.338388888 34.101805555),,,"theatre and acting studio on Hollywood Boulevard in Los Angeles, United States"
http://www.wikidata.org/entity/Q114352256,Spring Street Park,Point(-118.248611111 34.048055555),,,"park in Los Angeles, California, U.S"
http://www.wikidata.org/entity/Q124466144,Belasco Theater,Point(-118.25942569 34.040381674),,http://www.thebelasco.com,"historic theater in Los Angeles, California"
http://www.wikidata.org/entity/Q123513083,Spire 73,Point(-118.26028 34.05028),,,"bar in the 73rd floor of InterContinental Hotel, Los Angeles, California"
http://www.wikidata.org/entity/Q123702380,Upright Citizens Brigade Theatre Los Angeles,Point(-118.318773273 34.105404371),ucbtla,https://franklin.ucbtheatre.com/,theatre venue in California (2005-)
http://www.wikidata.org/entity/Q124111596,Allan Hancock Foundation,Point(-118.2849788 34.0197149),,,houses the Hancock Memorial Museum in Los Angeles
http://www.wikidata.org/entity/Q124156880,David Kordansky Gallery,Point(-118.3431 34.0543),,https://www.davidkordanskygallery.com/,art gallery
http://www.wikidata.org/entity/Q124309377,Cameo Theatre,Point(-118.251186139 34.047355489),,,"former movie theater in Los Angeles, California"
http://www.wikidata.org/entity/Q124395852,California Botanic Garden,Point(-118.503854825 34.094877001),,,"botanical garden in Mandeville Canyon, Los Angeles"
http://www.wikidata.org/entity/Q115803173,Q Sushi,Point(-118.256083333 34.047166666),,,"restaurant in Los Angeles, California, U.S"
http://www.wikidata.org/entity/Q115805246,Osteria Mozza,Point(-118.338805555 34.083333333),,,"restaurant in Los Angeles, California, U.S"
http://www.wikidata.org/entity/Q115806127,Morihiro,Point(-118.262416666 34.116916666),morihiroatwater,https://morionodera.com/,"restaurant in Los Angeles, California, U.S"
http://www.wikidata.org/entity/Q115806531,Sushi Kaneyoshi,Point(-118.241388888 34.050138888),,,"restaurant in Los Angeles, California, U.S"
http://www.wikidata.org/entity/Q115857520,Gwen,Point(-118.333333333 34.097777777),,,"restaurant in Los Angeles, California, U.S"
http://www.wikidata.org/entity/Q115857591,Orsa & Winston,Point(-118.248027777 34.048444444),,,"restaurant in Los Angeles, California, U.S"
http://www.wikidata.org/entity/Q115862519,Universal City Zoo,Point(-118.3484 34.141),,,private animal collection in California (1913–1930)
http://www.wikidata.org/entity/Q115978978,Armenian American Museum,Point(-118.25456 34.14332),,,"museum in Glendale, California, USA"
http://www.wikidata.org/entity/Q116826426,Selig Zoo,Point(-118.2009 34.0676),,,animal collection in Los Angeles (~1911–~1940)
http://www.wikidata.org/entity/Q117149006,Casa Vega,Point(-118.422777777 34.146805555),,https://www.casavega.com/,"Mexican restaurant in Los Angeles, California, United States"
http://www.wikidata.org/entity/Q118352433,Honor Fraser,Point(-118.37741 34.03463),,https://honorfraser.com/,art gallery
http://www.wikidata.org/entity/Q119842926,Q119842926,Point(-118.4048 34.0697),,,"art gallery in Beverly Hills, United States of America"
http://www.wikidata.org/entity/Q120142489,Anajak Thai,Point(-118.453333333 34.151527777),,,"Thai restaurant in Los Angeles, California, U.S"
http://www.wikidata.org/entity/Q120679397,Yuca's,Point(-118.287305555 34.109138888),yucasla,https://yucasla.com/,"restaurant in Los Angeles, California, U.S"
http://www.wikidata.org/entity/Q120869993,Otus Thai Kitchen & Coffee,Point(-118.3443 34.094),otus_thaikitchen,https://www.otusthaikitchen.com/,"Thai restaurant in West Hollywood, California"
http://www.wikidata.org/entity/Q120907991,Mori Sushi,Point(-118.442222222 34.033333333),,https://morisushila.com,"Japanese restaurant in Los Angeles, California, USA"
http://www.wikidata.org/entity/Q120916362,Mélisse,Point(-118.491222222 34.024361111),,,"French restaurant in Santa Monica, California"
http://www.wikidata.org/entity/Q121143526,Bastide,Point(-118.375833333 34.08375),,,"defunct restaurant in West Hollywood, California, U.S"
http://www.wikidata.org/entity/Q121143548,Ortolan,Point(-118.371388888 34.072638888),,,"defunct French restaurant in Los Angeles, California, U.S"
http://www.wikidata.org/entity/Q121143624,Citrin,Point(-118.491333333 34.024444444),,,"French restaurant in Santa Monica, California, U.S"
http://www.wikidata.org/entity/Q121143791,Manzke,Point(-118.397638888 34.055416666),,,"restaurant in Los Angeles, California, U.S"
http://www.wikidata.org/entity/Q121143990,Hatchet Hall,Point(-118.431666666 33.996944444),,,"restaurant in Los Angeles, California, U.S"
http://www.wikidata.org/entity/Q121144080,Pasjoli,Point(-118.482027777 34.00025),,,"French restaurant in Santa Monica, California, U.S"
http://www.wikidata.org/entity/Q121144281,Dialogue,Point(-118.497 34.0166),,,"defunct restaurant in Santa Monica, California, U.S"
http://www.wikidata.org/entity/Q121189518,Valentino,Point(-118.457083333 34.02625),,,"defunct restaurant in Santa Monica, California, U.S"
http://www.wikidata.org/entity/Q121189647,Patina,Point(-118.24975 34.054916666),,,"defunct restaurant in Los Angeles, California, U.S"
http://www.wikidata.org/entity/Q121189838,Vespertine,Point(-118.381805555 34.024166666),,,"restaurant in Culver City, California, U.S"
http://www.wikidata.org/entity/Q121189863,Maude,Point(-118.398888888 34.064583333),,,"restaurant in Beverly Hills, California, U.S"
http://www.wikidata.org/entity/Q121189870,Rustic Canyon,Point(-118.491305555 34.025083333),,,"restaurant in Santa Monica, California, U.S"
http://www.wikidata.org/entity/Q121189920,Shunji,Point(-118.453888888 34.020277777),,,"Japanese restaurant in Santa Monica, California, U.S"
http://www.wikidata.org/entity/Q121296590,Somni,Point(-118.388888888 34.0825),,https://www.somnirestaurant.com/,"restaurant in West Hollywood, California, U.S"
http://www.wikidata.org/entity/Q121408949,Asanebo,Point(-118.391805555 34.143611111),,,"Japanese restaurant in Los Angeles, California, U.S"
http://www.wikidata.org/entity/Q121433439,Hatfield's,Point(-118.339861111 34.083611111),,,"defunct restaurant in California, U.S"
http://www.wikidata.org/entity/Q121590598,La Botte,Point(-118.492361111 34.018472222),,,"defunct restaurant in Santa Monica, California, U.S"
http://www.wikidata.org/entity/Q122451942,Gucci Osteria da Massimo Bottura,Point(-118.402722222 34.068694444),,,"restaurant in California, United States"
http://www.wikidata.org/entity/Q122941973,Yess,Point(-118.232222222 34.034722222),,,"Japanese restaurant in Los Angeles, California, U.S"
http://www.wikidata.org/entity/Q122941995,Quarter Sheets,Point(-118.254305555 34.075833333),,,"restaurant in Los Angeles, California, U.S"
http://www.wikidata.org/entity/Q122942018,Perilla L.A.,Point(-118.246944444 34.065722222),,,"korean restaurant in Los Angeles, California, U.S"
http://www.wikidata.org/entity/Q123056318,Verdugo Mountains Park Property,Point(-118.28370834 34.21846632),,,"state park property in Los Angeles County, California, USA"
http://www.wikidata.org/entity/Q123496677,Perch,Point(-118.2514 34.04895),,,"restaurant in Los Angeles, California, United States"
http://www.wikidata.org/entity/Q123510096,Super Nintendo World,Point(-118.35789 34.14095),,,"themed park in California, United States"
http://www.wikidata.org/entity/Q124669190,Regent Theatre,Point(-118.247944112 34.047059557),,,historic former movie theater in Los Angeles
http://www.wikidata.org/entity/Q124851396,Doctors House,Point(-118.2775 34.1837),,,Historic house in California
http://www.wikidata.org/entity/Q125146202,Venice Heritage Museum,Point(-118.4782 33.9972),,,"history museum in Los Angeles, California"
http://www.wikidata.org/entity/Q125216758,The Abbey,Point(-118.385277777 34.083333333),,,"gay bar in West Hollywood, United States"
http://www.wikidata.org/entity/Q125372042,Gil Cates Theater,Point(-118.444364574 34.063733283),,,"theater in Los Angeles, California, USA"
http://www.wikidata.org/entity/Q125510434,Kate Mantilini,Point(-118.3901544 34.0672037),,,"restaurant in Beverly Hills, California"
http://www.wikidata.org/entity/Q125776004,Elephant Hill Open Space,Point(-118.175 34.095),,,"park in El Sereno, Los Angeles County, California"
http://www.wikidata.org/entity/Q125895323,Sweet Rose Creamery,Point(-118.49039 34.04729),,,"ice creamery based in California, U.S"
http://www.wikidata.org/entity/Q125981866,Humphrey Yogurt,Point(-118.447 34.153),,,"restaurant in California, United States of America"
http://www.wikidata.org/entity/Q126109038,Dan Tana's,Point(-118.389053 34.081757),_dan_tanas_,https://dantanasrestaurant.com/,Restaurant in California
http://www.wikidata.org/entity/Q127425003,California Heritage Museum,Point(-118.4839 34.002),,,"heritage museum in Santa Monica, California"
http://www.wikidata.org/entity/Q128197431,Dudley Market,Point(-118.4797 33.9942),,,"restaurant in Venice, Los Angeles, California, U.S"
http://www.wikidata.org/entity/Q128304318,Vogue Theatre,Point(-118.334 34.102),,,"former movie theater in Hollywood, Los Angeles"
http://www.wikidata.org/entity/Q128567528,Arcade Theatre,Point(-118.251306744 34.047190765),,,"former movie theater in Los Angeles, California"
http://www.wikidata.org/entity/Q129322099,Ritz Theatre,Point(-118.335 34.101),,,"former movie theater in Hollywood, Los Angeles"
http://www.wikidata.org/entity/Q44982504,The Landmark,Point(-118.428053 34.0402489),,https://www.landmarktheatres.com/los-angeles/the-landmark,"movie theater in West Los Angeles, Lost Angeles, California, United States"
http://www.wikidata.org/entity/Q44982518,Picwood Theatre,Point(-118.429013 34.039447),,,"former movie theater in West Los Angeles, Lost Angeles, California, United States"
http://www.wikidata.org/entity/Q44982530,Westland Twins,Point(-118.4266267 34.0409758),,,"former movie theater in West Los Angeles, Lost Angeles, California, United States"
http://www.wikidata.org/entity/Q44982543,Carolina West,Point(-118.3791504 33.9455995),,,"former movie theater in Westchester, Los Angeles, California, United States"
http://www.wikidata.org/entity/Q44982556,Cinemark 18 and XD Los Angeles,Point(-118.391949 33.978057),,http://www.cinemark.com,"movie theater in Westchester, Los Angeles, California, United States"
http://www.wikidata.org/entity/Q44982571,Disney's Fantasia 2000 IMAX Theatre,Point(-118.3915482 33.9780297),,,"former movie theater in Westchester, Los Angeles, California, United States"
http://www.wikidata.org/entity/Q44982586,La Tijera Theatre,Point(-118.37212 33.9768172),,,"former movie theater in Westchester, Los Angeles, California, United States"
http://www.wikidata.org/entity/Q135192862,Four Star Theater,Point(-118.3412 34.062),,,"former movie theater in Los Angeles, California"
http://www.wikidata.org/entity/Q135193799,Lou The French On The Block,Point(-118.3433 34.152),louthefrenchontheblock,https://www.louthefrenchontheblock.com/,"Bakery in Burbank, California"
http://www.wikidata.org/entity/Q135287327,Mori Nozomi,Point(-118.442222222 34.033333333),,,"Japanese restaurant in Los Angeles, California, U.S"
http://www.wikidata.org/entity/Q135441274,Tesla Diner,Point(-118.341861111 34.090944444),,https://www.tesla.com/tesla-diner,"restaurant in Hollywood, California"
http://www.wikidata.org/entity/Q135668761,Bovard Administration Building,Point(-118.28531 34.02066),,https://trojanevents.usc.edu/venues/bovard-auditorium-south-hall/,building on the campus of the University of Southern California
http://www.wikidata.org/entity/Q135668777,Alice and Eleonore Schoenfeld Symphonic Hall,Point(-118.2855886 34.0230581),,https://music.usc.edu/spotlights/alice-schoenfeld-commits-3-million-for-new-symphonic-hall/,orchestral rehearsal hall and music facility at USC Thornton
http://www.wikidata.org/entity/Q135669373,McClintock Building and Theatre,Point(-118.287308722 34.025018039),,,houses programs of USC School of Dramatic Arts
http://www.wikidata.org/entity/Q135669395,Eileen Norris Cinema Theatre,Point(-118.2855423 34.0222166),,,film screening theatre at University of Southern California’s School of Cinematic Arts
http://www.wikidata.org/entity/Q130736123,Rincón Chileno,Point(-118.295611111 34.083444444),,https://rinconchilenola.com/,"Chilean restaurant in Los Angeles, California"
http://www.wikidata.org/entity/Q131140141,Stoner Park,Point(-118.454290999 34.038000541),,,"public park in Los Angeles, California"
http://www.wikidata.org/entity/Q131191651,Burrito Express,Point(-118.117638888 34.169277777),,,"Mexican restaurant in Pasadena, California"
http://www.wikidata.org/entity/Q131433522,Junior High,Point(-118.255243813 34.13923198),,https://juniorhighlosangeles.com/,"multipurpose gallery and events space located in Glendale, California"
http://www.wikidata.org/entity/Q131433744,Corita Art Center,Point(-118.235415973 34.045266979),,,"art center in Los Angeles, California"
http://www.wikidata.org/entity/Q131735906,Bakers Bench,Point(-118.2469 34.0654),,,"bakery in Los Angeles, California, U.S"
http://www.wikidata.org/entity/Q131745293,Alto Beta,Point(-118.1499331 34.1894322),alto_beta,https://www.altobeta.com/,"art gallery in Atladena, California, United States"
http://www.wikidata.org/entity/Q131745357,Zorthian Ranch,Point(-118.1396501 34.2082758),zorthianranch,https://zorthianranch.com/,"creative residency in Altadena, California, United States"
http://www.wikidata.org/entity/Q132477495,Bulgarini Vino Cucina,Point(-118.132138888 34.190805555),,,"Italian restaurant in Altadena, California, U.S"
http://www.wikidata.org/entity/Q132477558,UEDF Fish & Chips,Point(-118.134527777 34.183555555),,,"fish and chip shop in Altadena, California, U.S"
http://www.wikidata.org/entity/Q133091711,Elf Cafe,Point(-118.264639 34.077613),,,"restaurant in California, United States"
http://www.wikidata.org/entity/Q133280582,Women's Twentieth Century Club of Eagle Rock,Point(-118.20788 34.13961),,,"historic building in Los Angeles, California, United States"
http://www.wikidata.org/entity/Q133285651,Woman's Club of Hollywood,Point(-118.34594 34.10286),,,"historic building in Los Angeles, California, United States"
http://www.wikidata.org/entity/Q133285875,Montebello Woman's Club,Point(-118.11649 34.00966),,,"historic building in Montebello, California, United States"
http://www.wikidata.org/entity/Q133456326,Antico Nuovo,Point(-118.31101 34.07665),,,"Italian restaurant in Los Angeles, California, U.S"
http://www.wikidata.org/entity/Q134369925,3-D SPACE,Point(-118.2628987 34.0781817),la3dspace,https://la3dspace.wixsite.com/3-dspace,American museum dedicated to Stereoscopic 3d
http://www.wikidata.org/entity/Q134376468,The American Military Museum,Point(-118.064 34.05),,,"armor & Artillery Museum in South El Monte, CA"
http://www.wikidata.org/entity/Q134981291,Follies Theater,Point(-118.2468 34.049),,,former theater in Los Angeles
http://www.wikidata.org/entity/Q135669427,Ramo Hall,Point(-118.2849751 34.0228995),,,academic facility of USC Thronton School of Music
http://www.wikidata.org/entity/Q135669436,Scene Dock (Theatre),Point(-118.2911776 34.0207382),,,theatre of USC School of Dramatic Arts
http://www.wikidata.org/entity/Q135672279,Town and Gown,Point(-118.2842484 34.0191157),,https://townandgownofusc.org/,campus event venue at University of Southern California
http://www.wikidata.org/entity/Q135672314,USC Dick Wolf Drama Center,Point(-118.28423049 34.023378293),,,"performing arts center at University of Southern California, former United University Church building"
http://www.wikidata.org/entity/Q135742189,Twohey's,Point(-118.15 34.1209),,,"diner in South Pasadena, California, US"
http://www.wikidata.org/entity/Q135900021,SUR Restaurant and Lounge,Point(-118.3854 34.0812),,https://www.surrestaurant.com/,New American restaurant
http://www.wikidata.org/entity/Q135900347,TomTom Restaurant & Bar,Point(-118.3848 34.084),,https://www.tomtombar.la/,American restaurant
http://www.wikidata.org/entity/Q136386955,Avenue of the Athletes,Point(-118.2584 34.077),,,"walk of Fame honoring athletes in Los Angeles, California"
http://www.wikidata.org/entity/Q136463639,Alta Adams,Point(-118.36 34.032777777),,,"restaurant in Los Angeles, California, U.S"
http://www.wikidata.org/entity/Q136463641,Animal,Point(-118.361666666 34.079166666),,,"defunct restaurant in Los Angeles, California, U.S"
http://www.wikidata.org/entity/Q136469320,Baroo,Point(-118.2347 34.0472),,,"korean restaurant in Los Angeles, California, U.S"
http://www.wikidata.org/entity/Q136534216,Century Park,Point(-118.414126 34.058794),,,"park in Los Angeles, United States"
http://www.wikidata.org/entity/Q140441836,Garry Marshall Theatre,Point(-118.345751 34.15202),,https://www.garrymarshalltheatre.org/,"Theatre building in Burbank, California, United States"
http://www.wikidata.org/entity/Q140460161,Brand Park Friendship Garden,Point(-118.278017 34.182904),,,"Japanese garden in Glendale, California, USA"
http://www.wikidata.org/entity/Q140460300,San Vicente Boulevard coral trees,Point(-118.463092 34.053883),,,"coral trees in the median of San Vicente Boulevard in Brentwood, Los Angeles"
http://www.wikidata.org/entity/Q140460567,Dahlia Motors Building,Point(-118.2019848 34.1397736),,,"Art Deco-style commercial building in Eagle Rock, Los Angeles"
http://www.wikidata.org/entity/Q140478270,Corridor 109,Point(-118.3096 34.083),,,"restaurant in Los Angeles, California, U.S"
http://www.wikidata.org/entity/Q140478274,Miura,Point(-118.4006 34.0674),,,"restaurant in Beverly Hills, California, U.S"
http://www.wikidata.org/entity/Q140478275,Seline,Point(-118.4797 33.9978),,,"restaurant in Santa Monica, California, U.S"
http://www.wikidata.org/entity/Q140478273,Lielle,Point(-118.3976 34.0554),,,"restaurant in Los Angeles, California, U.S"
http://www.wikidata.org/entity/Q140514637,Sculpture Garden at the Norton Simon Museum,Point(-118.160397 34.146242),,,"Sculpture Garden in Pasadena, California, United States"
http://www.wikidata.org/entity/Q140544832,Sona,Point(-118.3768 34.0787),,,"defunct restaurant in West Hollywood, California, U.S"
http://www.wikidata.org/entity/Q140591113,Beaux Arts Building,Point(-118.2736 34.0532),,,"studio building & auditorium in Los Angeles, California (est. 1927); converted into senior housing"
http://www.wikidata.org/entity/Q136547154,Pump Restaurant,Point(-118.3853 34.0837),,,"defunct restaurant in West Hollywood, California, U.S"
http://www.wikidata.org/entity/Q136592280,Fran and Ray Stark Sculpture Garden,Point(-118.475927 34.087692),,,"sculpture garden at Getty Center, Los Angeles, United States"
http://www.wikidata.org/entity/Q136652885,Kouraku,Point(-118.241403 34.048925),,https://kouraku.square.site/,"Ramen restaurant in Little Tokyo, Los Angeles, United States"
http://www.wikidata.org/entity/Q136667861,Restaurant Ki,Point(-118.241388888 34.05),,,"korean restaurant in Los Angeles, California, U.S"
http://www.wikidata.org/entity/Q137369844,Getty View Park,Point(-118.473509 34.098903),,,"City park in Los Angeles, California"
http://www.wikidata.org/entity/Q137785546,Palms Thai,Point(-118.318333333 34.101388888),,,"Thai restaurant in Los Angeles, California, U.S"
http://www.wikidata.org/entity/Q138413754,Cactus Garden,Point(-118.473022 34.075827),,,"Garden at the Getty Center, Los Angeles, California, United States"
http://www.wikidata.org/entity/Q138454328,The Colony Theatre Company,Point(-118.31224 34.18525),,https://www.colonytheatre.org/,"Theater in Burbank, California"
http://www.wikidata.org/entity/Q138589222,Cafe Knotted,Point(-118.2318 34.0399),cafeknotted,https://www.cafeknotted.com,"A Korean-inspired bakery café in Los Angeles, California, from the South Korean artisan dessert café chain founded in Seoul in 2017, known for fresh cream-filled donuts and specialty coffee."
http://www.wikidata.org/entity/Q138711541,Gordon R. Howard Museum,Point(-118.318197 34.172873),,,"Museum in Burbank, California, United States"
http://www.wikidata.org/entity/Q139494660,Mentzer House,Point(-118.318224 34.172252),,,"House and museum in Burbank, California, United States of America"
http://www.wikidata.org/entity/Q139504343,Burbank’s Centennial Park,Point(-118.309217 34.183511),,,"Park in Burbank, California, United States of America"
http://www.wikidata.org/entity/Q139744052,Pan-Pacific Park,Point(-118.354849 34.073246),,,"park in Los Angeles, California, United States"
http://www.wikidata.org/entity/Q24309,Troubadour,Point(-118.389 34.0814),,http://www.troubadour.com,"nightclub located in West Hollywood, California, United States"
http://www.wikidata.org/entity/Q29247,Getty Center,Point(-118.475 34.0775),,https://www.getty.edu/,campus of the Getty Museum and other programs of the Getty Trust in Los Angeles
http://www.wikidata.org/entity/Q49488470,Farnsworth Park,Point(-118.131666666 34.2),,,"park in Los Angeles County, California, United States of America"
http://www.wikidata.org/entity/Q49488711,Fehlhaberhouk Park,Point(-118.273888888 34.241111111),,,"park in Los Angeles County, California, United States of America"
http://www.wikidata.org/entity/Q49488880,Fernangeles Recreation Center,Point(-118.402777777 34.228888888),,,"park in Los Angeles County, California, United States of America"
http://www.wikidata.org/entity/Q49488912,Ferraro Soccer Field,Point(-118.2825 34.154166666),,,"park in Los Angeles County, California, United States of America"
http://www.wikidata.org/entity/Q49489901,Fletcher Park,Point(-118.047777777 34.071111111),,,"park in Los Angeles County, California, United States of America"
http://www.wikidata.org/entity/Q49489938,Flora Vista Park,Point(-118.109722222 33.879166666),,,"park in Los Angeles County, California, United States of America"
http://www.wikidata.org/entity/Q49490285,Forest Park,Point(-118.036666666 34.148888888),,,"park in Los Angeles County, California, United States of America"
http://www.wikidata.org/entity/Q49490852,Fortyeighth Street Park,Point(-118.286388888 33.999166666),,,"park in Los Angeles County, California, United States of America"
http://www.wikidata.org/entity/Q49490915,Founders Memorial Park,Point(-118.045833333 33.986666666),,,"park in Los Angeles County, California, United States of America"
http://www.wikidata.org/entity/Q49490917,Founders Park,Point(-118.285277777 34.021388888),,,"park in Los Angeles County, California, United States of America"
http://www.wikidata.org/entity/Q49491120,Fox Hills Park,Point(-118.386111111 33.983055555),,,"park in Los Angeles County, California, United States of America"
http://www.wikidata.org/entity/Q49491712,Frederick D Fagg Junior Park,Point(-118.282777777 34.020833333),,,"park in Los Angeles County, California, United States of America"
http://www.wikidata.org/entity/Q49491868,Freeman Park,Point(-118.315 33.890833333),,,"park in Los Angeles County, California, United States of America"
http://www.wikidata.org/entity/Q49491927,Fremont Park,Point(-118.267777777 34.156666666),,,"park in Los Angeles County, California, United States of America"
http://www.wikidata.org/entity/Q49492038,Friedman Field,Point(-118.181111111 34.194722222),,,"park in Los Angeles County, USA"
http://www.wikidata.org/entity/Q49492072,Friends Park,Point(-118.033888888 33.973611111),,,"park in Los Angeles County, California, United States of America"
http://www.wikidata.org/entity/Q49492098,Friendship Park,Point(-118.09 33.95),,,"park in Los Angeles County, California, United States of America; geonames ID = 5351049"
http://www.wikidata.org/entity/Q49492248,Frontier Park,Point(-118.036944444 33.910555555),,,"park in Los Angeles County, California, United States of America; geonames ID = 5351111"
http://www.wikidata.org/entity/Q49492488,Furman Park,Point(-118.137222222 33.953611111),,,"park in Los Angeles County, California, United States of America"
http://www.wikidata.org/entity/Q49492546,G W Carver Park,Point(-118.251111111 33.925555555),,,"park in Los Angeles County, California, United States of America"
http://www.wikidata.org/entity/Q49492665,Gallant Park,Point(-118.158055555 33.961111111),,,"park in Los Angeles County, California, United States of America"
http://www.wikidata.org/entity/Q49492734,Ganesha Park,Point(-118.126111111 34.189166666),,,"park in Los Angeles County, California, United States of America; geonames ID = 5351459"
http://www.wikidata.org/entity/Q49492881,Garfield Park,Point(-118.146388888 34.116944444),,,"park in Los Angeles County, California, United States of America; geonames ID = 5351605"
http://www.wikidata.org/entity/Q49492981,Garvanza Park,Point(-118.180833333 34.118888888),,,"park in Los Angeles County, California, United States of America"
http://www.wikidata.org/entity/Q140373951,Highland Park Ebell Club Building,Point(-118.192063 34.108854),,,"historic clubhouse in Highland Park, Los Angeles"
http://www.wikidata.org/entity/Q140392713,Highland Avenue palm trees,Point(-118.33859 34.07005),,,"historic group of trees in Hancock Park, Los Angeles, California"
http://www.wikidata.org/entity/Q140398864,Union Center for the Arts,Point(-118.240048 34.0507),,,"arts center and former church in Little Tokyo, Los Angeles"
http://www.wikidata.org/entity/Q140669874,"Amoeba Music, Los Angeles",Point(-118.325028 34.101454),,,"Music shop at Hollywood, Los Angeles"
http://www.wikidata.org/entity/Q141216029,Casa Adobe de San Rafael Park,Point(-118.263627 34.166003),,https://www.glendaleca.gov/Home/Components/FacilityDirectory/FacilityDirectory/119/59,"Park in Glendale, California, United States"
http://www.wikidata.org/entity/Q141410158,Q141410158,Point(-118.3578 34.0631),,,museum building in Los Angeles
http://www.wikidata.org/entity/Q141447575,Abraham Lincoln Park,Point(-118.330532 34.164625),,https://www.burbankca.gov/web/parks-recreation/abraham-lincoln-park,"Park in Burbank,  California, United States"
http://www.wikidata.org/entity/Q49492987,Garvey Ranch Park,Point(-118.114166666 34.053611111),,,"park in Los Angeles County, California, United States of America"
http://www.wikidata.org/entity/Q49492984,Garvey Park,Point(-118.096111111 34.067222222),,,"park in Los Angeles County, California, United States of America"
http://www.wikidata.org/entity/Q49493262,Genesee Avenue Park,Point(-118.368333333 34.036388888),,,"park in Los Angeles County, California, United States of America"
http://www.wikidata.org/entity/Q49493381,George E Elder Park,Point(-118.125277777 34.040833333),,,"park in Los Angeles County, California, United States of America"
http://www.wikidata.org/entity/Q49493401,George Izay Park,Point(-118.32 34.171666666),,https://www.burbankca.gov/web/parks-recreation/george-izay-park,"Park in Burbank, California, United States of America"
http://www.wikidata.org/entity/Q49493965,Glassell Park,Point(-118.228888888 34.116111111),,,"urban park in Los Angeles County, California, USA"
http://www.wikidata.org/entity/Q49493972,Glazier Park,Point(-118.103333333 33.895277777),,,"park in Los Angeles County, California, United States of America"
http://www.wikidata.org/entity/Q49493983,Glen Alla Park,Point(-118.431388888 33.984166666),,,"park in Los Angeles County, California, United States of America"
http://www.wikidata.org/entity/Q49493987,Glenn M. Anderson Park,Point(-118.371388888 33.882222222),,,"park in Los Angeles County, California, United States of America"
http://www.wikidata.org/entity/Q49494095,Glendale Central Park,Point(-118.253055555 34.143055555),,,"park in Los Angeles County, California, United States of America"
http://www.wikidata.org/entity/Q49494146,Glenhaven Park,Point(-118.219444444 34.209722222),,,"park in Los Angeles County, California, United States of America"
http://www.wikidata.org/entity/Q49494152,Glenhurst Park,Point(-118.253055555 34.109444444),,,"park in Los Angeles County, California, United States of America"
http://www.wikidata.org/entity/Q49494180,Glenoaks Park,Point(-118.209722222 34.151944444),,,"park in Los Angeles County, California, United States of America; geonames ID = 5352486"
http://www.wikidata.org/entity/Q49494261,Glorietta Park,Point(-118.226666666 34.188055555),,,"park in Los Angeles County, California, United States of America"
http://www.wikidata.org/entity/Q49494432,Golden Park,Point(-118.146666666 33.907222222),,,"park in Los Angeles County, California, United States of America; geonames ID = 5352895"
http://www.wikidata.org/entity/Q49494510,Gonzales Park,Point(-118.244444444 33.905),,,"park in Los Angeles County, California, United States of America"
http://www.wikidata.org/entity/Q49495014,Granada Park,Point(-118.145277777 34.067777777),,,"park in Los Angeles County, California, United States of America"
http://www.wikidata.org/entity/Q49495081,Grand Hope Park,Point(-118.26035 34.04473),,,"park in Los Angeles, United States of America"
http://www.wikidata.org/entity/Q49495177,Grandview Park,Point(-118.125833333 34.040833333),,,"park in Los Angeles County, California, United States of America"
http://www.wikidata.org/entity/Q49495312,Grant Park,Point(-118.125 34.141944444),,,"park in Los Angeles County, California, United States of America"
http://www.wikidata.org/entity/Q49495354,Grant Rea Park,Point(-118.090277777 34.016944444),,,"park in Los Angeles County, California, United States of America"
http://www.wikidata.org/entity/Q49495659,Greaver Oak Park,Point(-118.212222222 34.090555555),,,"park in Los Angeles County, California, United States of America"
http://www.wikidata.org/entity/Q49495780,Green Meadows Playground,Point(-118.266111111 33.955833333),,,"park in Los Angeles County, California, United States of America"
http://www.wikidata.org/entity/Q49496364,Greystone Park,Point(-118.400833333 34.0925),,,"park in Los Angeles County, California, United States of America"
http://www.wikidata.org/entity/Q49496417,Griffith Manor Park,Point(-118.292777777 34.164166666),,,"park in Los Angeles County, California, United States of America"
http://www.wikidata.org/entity/Q115801685,Providence,Point(-118.330083333 34.083611111),,,"restaurant in Hollywood, Los Angeles, California, U.S"
http://www.wikidata.org/entity/Q115802082,Hayato,Point(-118.241944444 34.033777777),,,"restaurant in Los Angeles, California, U.S"
http://www.wikidata.org/entity/Q115802716,Nozawa Bar,Point(-118.39829 34.06826),,,"restaurant in Beverly Hills, California, U.S"
http://www.wikidata.org/entity/Q115802786,Kali,Point(-118.324444444 34.083388888),,,"restaurant in Hollywood, California, U.S"
http://www.wikidata.org/entity/Q115802807,Shibumi,Point(-118.256277777 34.044222222),,,"restaurant in Los Angeles, California, U.S"
http://www.wikidata.org/entity/Q115803013,Camphor,Point(-118.23425 34.046638888),,,"restaurant in Los Angeles, California, U.S"
http://www.wikidata.org/entity/Q115803027,Phenakite,Point(-118.31062 34.09641),,,"restaurant in Los Angeles, California, U.S"
http://www.wikidata.org/entity/Q130223693,Snow White Cafe,Point(-118.338 34.102),,,"former restaurant and bar in Los Angeles, California, U.S"
http://www.wikidata.org/entity/Q130333077,Hijo De Su Madre,Point(-118.431732 34.044493),mihijodesumadre,https://www.mihijodesumadre.com/,vegan mexican restaurant in Los Angeles
http://www.wikidata.org/entity/Q130333497,Various Small Fires,Point(-118.338353726 34.085725856),,https://www.vsf.la/,art gallery
http://www.wikidata.org/entity/Q130349159,Idle Hour Café,Point(-118.3699 34.1585),,,"historic bar and restaurant in Los Angeles, California, U.S"
http://www.wikidata.org/entity/Q130372805,Azizam,Point(-118.2737 34.0837),,,"Restaurant in Los Angeles, California, U.S."
http://www.wikidata.org/entity/Q130453805,Frolic Room,Point(-118.326 34.101),,,"dive bar in Los Angeles, California, U.S"
http://www.wikidata.org/entity/Q130453818,Camélia,Point(-118.2326 34.0356),,,"restaurant in Los Angeles, California, U.S"
http://www.wikidata.org/entity/Q130611345,715,Point(-118.2368 34.0455),,,"Japanese restaurant in Los Angeles, California, U.S"
http://www.wikidata.org/entity/Q49496436,Griffith-Vermont Canyon Tennis Courts,Point(-118.293611111 34.121111111),,,"park in Los Angeles County, California, United States of America"
http://www.wikidata.org/entity/Q49496693,Guenser Park,Point(-118.314166666 33.868611111),,,"park in Los Angeles County, California, United States of America"
http://www.wikidata.org/entity/Q49496805,Gunn Avenue Park,Point(-118.034722222 33.9425),,,"park in Los Angeles County, California, United States of America"
http://www.wikidata.org/entity/Q49496886,Gwinn Park,Point(-118.088888888 34.157777777),,,"park in Los Angeles County, California, United States of America"
http://www.wikidata.org/entity/Q49497107,Hahn Plaza,Point(-118.285277777 34.020277777),,,"park in Los Angeles County, California, United States of America"
http://www.wikidata.org/entity/Q49497373,Hamilton Park,Point(-118.075277777 34.163055555),,,"park in Los Angeles County, California, United States of America; geonames ID = 5355095"
http://www.wikidata.org/entity/Q49497686,Hannon Field,Point(-118.417222222 33.968055555),,,"park in Los Angeles County, California, United States of America"
http://www.wikidata.org/entity/Q49498185,Harold A Henry Park,Point(-118.325277777 34.057777777),,,"park in Los Angeles County, California, United States of America"
http://www.wikidata.org/entity/Q49498543,Hartland Mini Park,Point(-118.430833333 34.194722222),,,"park in Los Angeles County, California, United States of America"
http://www.wikidata.org/entity/Q49498587,Harvard Playground,Point(-118.305277777 33.983611111),,,"park in Los Angeles County, California, United States of America"
http://www.wikidata.org/entity/Q49498977,Hawthorne Memorial Park,Point(-118.343055555 33.917222222),,,"park in Los Angeles County, California, United States of America"
http://www.wikidata.org/entity/Q49499655,Helen Keller Park,Point(-118.292222222 33.917777777),,,"park in Los Angeles County, California, United States of America"
http://www.wikidata.org/entity/Q49499953,Henry Alvarez Memorial Park,Point(-118.193888888 34.059722222),,,"park in Los Angeles County, California, United States of America"
http://www.wikidata.org/entity/Q49500229,Heritage Park,Point(-118.077222222 33.940833333),,,"park in Los Angeles County, California, United States of America; geonames ID = 5356480"
http://www.wikidata.org/entity/Q49500462,Hermosillo Park,Point(-118.077222222 33.885),,,"park in Los Angeles County, California, United States of America"
http://www.wikidata.org/entity/Q49501007,Highland Oaks Park,Point(-118.029166666 34.159722222),,,"park in Los Angeles County, California, United States of America"
http://www.wikidata.org/entity/Q49501018,Highland Park,Point(-118.184166666 34.114444444),,,"park in Los Angeles County, California, United States of America"
http://www.wikidata.org/entity/Q49501186,Highland Park Recreation Center,Point(-118.187777777 34.113055555),,,"park in Los Angeles County, California, United States of America"
http://www.wikidata.org/entity/Q49501255,Highlands Park,Point(-118.154444444 34.058333333),,,"park in Los Angeles County, California, United States of America"
http://www.wikidata.org/entity/Q49501751,Hilltop Park,Point(-118.4075 33.92),,,"park in Los Angeles County, California, United States of America"
http://www.wikidata.org/entity/Q49502277,Holifield Park,Point(-118.066666666 33.893055555),,,"park in Los Angeles County, California, United States of America"
http://www.wikidata.org/entity/Q49502388,Holly Avenue Park,Point(-118.043888888 34.126666666),,,"park in Los Angeles County, California, United States of America"
http://www.wikidata.org/entity/Q49502393,Holly Glen Park,Point(-118.3725 33.908611111),,,"park in Los Angeles County, California, United States of America"
http://www.wikidata.org/entity/Q49502403,Holly Park,Point(-118.315833333 33.923055555),,,"park in Los Angeles County, California, United States of America"
http://www.wikidata.org/entity/Q49502432,Holly Valley Park,Point(-118.4225 33.920277777),,,"park in Los Angeles County, California, United States of America"
http://www.wikidata.org/entity/Q49508370,John S Simms Park,Point(-118.131388888 33.883333333),,,"park in Los Angeles County, California, United States of America"
http://www.wikidata.org/entity/Q49508453,John Zimmerman Park,Point(-118.056944444 33.911944444),,,"park in Los Angeles County, California, United States of America"
http://www.wikidata.org/entity/Q49508456,Johnny Carson Park,Point(-118.33 34.154166666),,,"park in Los Angeles County, California, United States of America"
http://www.wikidata.org/entity/Q49508821,Jose San Martin Park,Point(-118.120833333 33.852222222),,,"park in Los Angeles County, California, United States of America"
http://www.wikidata.org/entity/Q49508887,Joslyn Adult Recreation Center,Point(-118.124444444 34.099444444),,,"park in Los Angeles County, California, United States of America"
http://www.wikidata.org/entity/Q49508890,Joslyn Park,Point(-118.480833333 34.008055555),,,"park in Los Angeles County, California, United States of America"
http://www.wikidata.org/entity/Q49508979,Julian Fisher Park,Point(-117.995277777 34.141666666),,,"park in Los Angeles County, California, United States of America"
http://www.wikidata.org/entity/Q49509325,Kansas Park,Point(-118.400555555 33.921111111),,,"park in Los Angeles County, California, United States of America"
http://www.wikidata.org/entity/Q49509878,Kelly Park,Point(-118.197222222 33.885555555),,,"park in Los Angeles County, California, United States of America"
http://www.wikidata.org/entity/Q49510083,Kennedy Park,Point(-118.034722222 33.96),,,"park in Los Angeles County, California, United States of America"
http://www.wikidata.org/entity/Q49511116,Kinney Plaza,Point(-118.471111111 33.988333333),,,"park in Los Angeles County, California, United States of America"
http://www.wikidata.org/entity/Q49511345,Kittridge Mini Park,Point(-118.426111111 34.19),,,"park in Los Angeles County, California, United States of America"
http://www.wikidata.org/entity/Q49511615,Klingerman Park,Point(-118.077777777 34.055),,,"park in Los Angeles County, California, United States of America"
http://www.wikidata.org/entity/Q49512370,La Carretera Park,Point(-118.314166666 33.861666666),,,"park in Los Angeles County, California, United States of America"
http://www.wikidata.org/entity/Q49512433,La Loma Park,Point(-118.116111111 34.041666666),,,"park in Los Angeles County, California, United States of America"
http://www.wikidata.org/entity/Q49512476,La Pintoresca Park,Point(-118.15 34.169444444),,,"park in Los Angeles County, California, United States of America"
http://www.wikidata.org/entity/Q49512513,La Romeria Park,Point(-118.361388888 33.853611111),,,"park in Los Angeles County, California, United States of America"
http://www.wikidata.org/entity/Q49512646,Ladera Park,Point(-118.359444444 33.986111111),,,"park in Los Angeles County, California, United States of America"
http://www.wikidata.org/entity/Q49512717,Lafayette Park,Point(-118.283611111 34.0625),,,"park in Los Angeles County, California, United States of America"
http://www.wikidata.org/entity/Q49513065,Lake Center Athletic Park,Point(-118.085277777 33.936944444),,,"park in Los Angeles County, California, United States of America"
http://www.wikidata.org/entity/Q49513953,Lakeside Park,Point(-118.098611111 33.926944444),,,"park in Los Angeles County, California, United States of America"
http://www.wikidata.org/entity/Q49514152,Lakeview Recreation Area,Point(-118.086944444 33.943333333),,,park in the United States of America
http://www.wikidata.org/entity/Q49514279,Lambert Park,Point(-118.018888888 34.085555555),,,"park in Los Angeles County, California, United States of America"
http://www.wikidata.org/entity/Q49514509,Langley Park,Point(-118.128055555 34.065555555),,,park in the United States of America
http://www.wikidata.org/entity/Q49514776,Las Palmas Playground,Point(-118.335833333 34.104722222),,,"park in Los Angeles County, California, United States of America"
http://www.wikidata.org/entity/Q49502443,Hollydale Park,Point(-118.173888888 33.918888888),,,"park in Los Angeles County, California, United States of America"
http://www.wikidata.org/entity/Q49502447,Hollywood Franklin Park,Point(-118.342777777 34.103888888),,,"park in Los Angeles County, California, United States of America"
http://www.wikidata.org/entity/Q49502455,Hollywood Park,Point(-118.335 33.949444444),,,"Park in Inglewood California, United States of America"
http://www.wikidata.org/entity/Q49502478,Hollywood Playground,Point(-118.329166666 34.091666666),,,"park in Los Angeles County, California, United States of America"
http://www.wikidata.org/entity/Q49502481,Hollywood Recreation Center,Point(-118.329166666 34.091388888),,,"park in Los Angeles County, California, United States of America"
http://www.wikidata.org/entity/Q49503307,Hostetter Playground,Point(-118.210555555 34.022222222),,,"park in Los Angeles County, California, United States of America"
http://www.wikidata.org/entity/Q49503322,Hotchkiss Park,Point(-118.483888888 34.005833333),,,"park in Los Angeles County, California, United States of America"
http://www.wikidata.org/entity/Q49503371,Houghton Park,Point(-118.183611111 33.869166666),,,"park in Los Angeles County, California, United States of America"
http://www.wikidata.org/entity/Q49503515,Howard Jones Field,Point(-118.288611111 34.022777777),,,"park in Los Angeles County, California, United States of America"
http://www.wikidata.org/entity/Q49503529,Howard Park,Point(-118.151388888 34.163888888),,,"park in Los Angeles County, California, United States of America"
http://www.wikidata.org/entity/Q49503857,Hugo Reid Park,Point(-118.067222222 34.138611111),,,"park in Los Angeles County, California, United States of America"
http://www.wikidata.org/entity/Q49504658,Independence Park,Point(-118.123888888 33.920277777),,,"park in Los Angeles County, California, United States of America"
http://www.wikidata.org/entity/Q49505511,Irving Schachter Park,Point(-118.398888888 34.040277777),,,"park in Los Angeles County, California, United States of America"
http://www.wikidata.org/entity/Q49506066,Jackie Robinson Park,Point(-118.150277777 34.163333333),,,"park in Los Angeles County, California, United States of America; geonames ID = 5360132"
http://www.wikidata.org/entity/Q49506178,Jackson Park,Point(-118.174444444 33.851666666),,,"park in Los Angeles County, California, United States of America; geonames ID = 5360217"
http://www.wikidata.org/entity/Q49506179,Jackson Park,Point(-118.034444444 33.967777777),,,"park in Los Angeles County, California, United States of America; geonames ID = 5360216"
http://www.wikidata.org/entity/Q49506742,Jane Addams Park,Point(-118.356666666 33.893888888),,,"park in Los Angeles County, California, United States of America"
http://www.wikidata.org/entity/Q49507326,Jefferson Recreation Center,Point(-118.119166666 34.155),,,"park in Los Angeles County, California, United States of America"
http://www.wikidata.org/entity/Q49507595,Jess Gonzales Sports Park,Point(-118.083333333 34.056388888),,,"park in Los Angeles County, California, United States of America"
http://www.wikidata.org/entity/Q49507608,Jesse Owens County Park,Point(-118.311388888 33.947222222),,,"park in Los Angeles County, California, United States of America"
http://www.wikidata.org/entity/Q49507620,Jesse Owens Track And Field,Point(-118.167222222 34.064166666),,,"park in Los Angeles County, California, United States of America"
http://www.wikidata.org/entity/Q49507743,Jim Gilliam Recreation Center,Point(-118.353611111 34.0125),,,"park in Los Angeles County, California, United States of America"
http://www.wikidata.org/entity/Q49507763,Jim Thorpe Park,Point(-118.342222222 33.903888888),,,"park in Los Angeles County, California, United States of America"
http://www.wikidata.org/entity/Q49507834,Joaquin Miller Park,Point(-118.296111111 34.183333333),,,"park in Los Angeles County, California, United States of America"
http://www.wikidata.org/entity/Q49507936,John A Ford Park,Point(-118.1525 33.957777777),,,"park in Los Angeles County, California, United States of America"
http://www.wikidata.org/entity/Q49514986,Laurel Canyon Park,Point(-118.378888888 34.121666666),,,"park in Los Angeles County, California, United States of America"
http://www.wikidata.org/entity/Q49515021,Laurel Park,Point(-118.028888888 33.956111111),,,"park in Los Angeles County, California, United States of America"
http://www.wikidata.org/entity/Q49515396,Leavey Field,Point(-118.419166666 33.968888888),,,"park in Los Angeles County, California, United States of America"
http://www.wikidata.org/entity/Q49515828,Lemon Grove Park,Point(-118.304166666 34.086388888),,,park in the United States of America
http://www.wikidata.org/entity/Q49515895,Lennox Park,Point(-118.358055555 33.9375),,,park in the United States of America
http://www.wikidata.org/entity/Q49515917,Lentz Field,Point(-118.166111111 33.954444444),,,"park in Los Angeles County, California, United States of America"
http://www.wikidata.org/entity/Q49516031,Leslie N Shaw Park,Point(-118.319722222 34.025833333),,,"park in Los Angeles County, California, United States of America"
http://www.wikidata.org/entity/Q49516551,Library Park,Point(-118.002222222 34.148611111),,,"park in Los Angeles County, California, United States of America; geonames ID = 5366179"
http://www.wikidata.org/entity/Q49516548,Library Park,Point(-118.416666666 33.924166666),,,"park in Los Angeles County, California, United States of America; geonames ID = 5366180"
http://www.wikidata.org/entity/Q49516855,Lincoln Heights Recreation Center,Point(-118.215 34.072222222),,,"park in Los Angeles County, California, United States of America"
http://www.wikidata.org/entity/Q49516902,Lincoln Park,Point(-118.495833333 34.0225),,,"park in Los Angeles County, California, United States of America; geonames ID = 5366463"
http://www.wikidata.org/entity/Q49516907,Lincoln Park,Point(-118.200277777 34.066666666),,,"park in Los Angeles County, California, United States of America; geonames ID = 5366465"
http://www.wikidata.org/entity/Q49517153,Lincoln Park Recreation Center,Point(-118.199166666 34.065833333),,,"park in Los Angeles County, California, United States of America"
http://www.wikidata.org/entity/Q49517239,Lindaraxa Park,Point(-118.120555555 34.100555555),,,park in the United States of America
http://www.wikidata.org/entity/Q49517259,Lindbergh Park,Point(-118.398333333 34.0025),,,"park in Los Angeles County, California, United States of America"
http://www.wikidata.org/entity/Q49517944,Little Bear Park,Point(-118.198611111 33.975833333),,,"park in Los Angeles County, California, United States of America"
http://www.wikidata.org/entity/Q49518074,Little Landers Park,Point(-118.287777777 34.252777777),,,"park in Los Angeles County, California, United States of America"
http://www.wikidata.org/entity/Q49518072,Little Lake Park,Point(-118.079444444 33.933055555),,,"park in Los Angeles County, California, United States of America"
http://www.wikidata.org/entity/Q49518323,Live Oak Park,Point(-118.410277777 33.890555555),,,"park in Los Angeles County, California, United States of America; geonames ID = 5367351"
http://www.wikidata.org/entity/Q49518326,Live Oak Park,Point(-118.047777777 34.1025),,,"park in Los Angeles County, California, United States of America; geonames ID = 5367352"
http://www.wikidata.org/entity/Q49518742,Loma Alta Park,Point(-118.158333333 34.202777777),,,"park in Los Angeles County, California, United States of America"
http://www.wikidata.org/entity/Q49519060,Longden Avenue Park,Point(-118.006388888 34.114722222),,,"park in Los Angeles County, California, United States of America"
http://www.wikidata.org/entity/Q49519278,Loren Miller Park,Point(-118.303333333 34.030555555),,,"park in Los Angeles County, California, United States of America"
http://www.wikidata.org/entity/Q49519345,Los Amigos Park,Point(-118.480555555 34.005555555),,,"park in Los Angeles County, California, United States of America"
http://www.wikidata.org/entity/Q49519347,Los Angeles State and County Arboretum,Point(-118.054166666 34.141666666),,,"arboretum in Los Angeles County, California, United States of America"
http://www.wikidata.org/entity/Q49519349,Los Angeles Equestrian Center,Point(-118.307777777 34.158888888),,,"park in Los Angeles County, California, United States of America"
http://www.wikidata.org/entity/Q49519352,Los Angeles High Memorial Park,Point(-118.331944444 34.056944444),,,"park in Los Angeles County, California, United States of America"
http://www.wikidata.org/entity/Q49519391,Los Nietos Park,Point(-118.082222222 33.956388888),,,"park in Los Angeles County, California, United States of America"
http://www.wikidata.org/entity/Q49519419,Los Robles County Park,Point(-117.986111111 34.009444444),,,"park in Los Angeles County, California, United States of America"
http://www.wikidata.org/entity/Q49519822,Lower Arroyo Park,Point(-118.167222222 34.140277777),,,"park in Los Angeles County, California, United States of America"
http://www.wikidata.org/entity/Q49520115,Lugo Park,Point(-118.182777777 33.918611111),,,"park in Los Angeles County, California, United States of America; geonames ID = 5369224"
http://www.wikidata.org/entity/Q49520117,Lugo Park,Point(-118.193611111 33.964444444),,,"park in Los Angeles County, California, United States of America; geonames ID = 5369225"
http://www.wikidata.org/entity/Q49520159,Lummis Park,Point(-118.206944444 34.093055555),,,"park in Los Angeles County, California, United States of America"
http://www.wikidata.org/entity/Q49520310,Lynwood Park,Point(-118.202777777 33.927777777),,,park in the United States of America
http://www.wikidata.org/entity/Q49521080,Malloy Park,Point(-118.258055555 33.885277777),,,"park in Los Angeles County, California, United States of America"
http://www.wikidata.org/entity/Q49521207,Manhattan Beach,Point(-118.414722222 33.8875),,,park in the United States of America
http://www.wikidata.org/entity/Q49521212,Manhattan Heights Park,Point(-118.383611111 33.886944444),,,"park in Los Angeles County, California, United States of America"
http://www.wikidata.org/entity/Q49521431,Maple Park,Point(-118.243888888 34.138611111),,,"park in Los Angeles County, California, United States of America"
http://www.wikidata.org/entity/Q49521528,Mar Vista Recreation Center,Point(-118.428333333 34.017777777),,,park in the United States of America
http://www.wikidata.org/entity/Q49521738,Marine Avenue Park,Point(-118.384166666 33.895277777),,,park in the United States of America
http://www.wikidata.org/entity/Q49521750,Marine Park,Point(-118.465277777 34.005833333),,,"park in Los Angeles County, California, United States of America; geonames ID = 5370552"
http://www.wikidata.org/entity/Q49521958,Marlow Park,Point(-118.166666666 33.972222222),,,park in the United States of America
http://www.wikidata.org/entity/Q49522219,Martin Luther King Junior Park,Point(-118.308333333 34.013888888),,,"park in Los Angeles County, California, United States of America; geonames ID = 5370836"
http://www.wikidata.org/entity/Q49522422,Mary Van Dyke Park,Point(-118.0475 34.049722222),,,"park in Los Angeles County, California, United States of America"
http://www.wikidata.org/entity/Q49522973,Mayfair Park,Point(-118.133333333 33.858055555),,,"park in Los Angeles County, California, United States of America"
http://www.wikidata.org/entity/Q49523055,Mayors Bicentennial Park,Point(-118.220833333 34.174166666),,,"park in Los Angeles County, California, United States of America"
http://www.wikidata.org/entity/Q49523088,Maywood Park,Point(-118.1775 33.988055555),,,"park in Los Angeles County, California, United States of America"
http://www.wikidata.org/entity/Q49523230,McCambridge Park,Point(-118.321111111 34.191944444),,,park in the United States of America
http://www.wikidata.org/entity/Q49523484,McDonald Park,Point(-118.127222222 34.1625),,,"park in Los Angeles County, California, United States of America"
http://www.wikidata.org/entity/Q49523643,McGroarty Park,Point(-118.296944444 34.251111111),,,"park in Los Angeles County, California, United States of America"
http://www.wikidata.org/entity/Q49523934,Syd Kronenthal Park,Point(-118.3775 34.027777777),,,park in the United States of America
http://www.wikidata.org/entity/Q49523936,McMaster Park,Point(-118.3375 33.871666666),,,park in the United States of America
http://www.wikidata.org/entity/Q49524015,McNees Park,Point(-118.053888888 33.982222222),,,"park in Los Angeles County, California, United States of America"
http://www.wikidata.org/entity/Q49524736,Memorial Open Air Theatre,Point(-118.4875 34.010555555),,,park in the United States of America
http://www.wikidata.org/entity/Q49524755,Memorial Park,Point(-118.480277777 34.021111111),,,"park in Los Angeles County, California, United States of America; geonames ID = 5372112"
http://www.wikidata.org/entity/Q49525839,Michelson Street Park,Point(-118.148611111 33.8575),,,"park in Los Angeles County, California, United States of America"
http://www.wikidata.org/entity/Q49525895,Michigan Park,Point(-118.021388888 33.964444444),,,"park in Los Angeles County, California, United States of America"
http://www.wikidata.org/entity/Q49525955,Michillinda Park,Point(-118.07 34.130833333),,,"park in Los Angeles County, California, United States of America"
http://www.wikidata.org/entity/Q49526063,Middleton Street Recreation Center,Point(-118.228333333 33.980555555),,,"park in Los Angeles County, California, United States of America"
http://www.wikidata.org/entity/Q49526234,Robert H. Keller Memorial Park,Point(-118.217777777 33.979722222),,,"park in Los Angeles County, California, United States of America"
http://www.wikidata.org/entity/Q49526259,Milford Mini Park,Point(-118.267222222 34.152777777),,,park in the United States of America
http://www.wikidata.org/entity/Q49527517,Mona Park,Point(-118.230555555 33.922222222),,,"park in Los Angeles County, California, United States of America"
http://www.wikidata.org/entity/Q49527774,Montebello Park,Point(-118.115277777 34.009722222),,,park in the United States of America
http://www.wikidata.org/entity/Q49527778,Montecito Park,Point(-118.194444444 34.091666666),,,park in the United States of America
http://www.wikidata.org/entity/Q49527781,Monteith Park,Point(-118.337222222 33.999166666),,,"park in Los Angeles County, California, United States of America"
http://www.wikidata.org/entity/Q49527908,Montrose Community Park,Point(-118.225277777 34.201388888),,,"park in Los Angeles County, California, United States of America"
http://www.wikidata.org/entity/Q49528086,Moor Field,Point(-118.130277777 34.081944444),,,park in the United States of America
http://www.wikidata.org/entity/Q49528167,Moorpark Park,Point(-118.395833333 34.150833333),,,"park in Los Angeles County, California, United States of America"
http://www.wikidata.org/entity/Q49528879,Mount Carmel Park,Point(-118.288888888 33.975833333),,,park in the United States of America
http://www.wikidata.org/entity/Q49529007,Mount Lowe Park,Point(-118.126666666 34.196944444),,,"park in Los Angeles County, California, United States of America"
http://www.wikidata.org/entity/Q49529225,Mount Wilson Trail Park,Point(-118.048055555 34.17),,,"park in Los Angeles County, California, United States of America"
http://www.wikidata.org/entity/Q49529315,Mountain View Park,Point(-118.021944444 34.055277777),,,"park in Los Angeles County, California, United States of America; geonames ID = 5375527"
http://www.wikidata.org/entity/Q49529319,Mountain View Park,Point(-118.316111111 34.158055555),,,"park in Los Angeles County, California, United States of America; geonames ID = 5375528"
http://www.wikidata.org/entity/Q49531232,New River Park,Point(-118.101666666 33.9075),,,park in the United States of America
http://www.wikidata.org/entity/Q49531253,New Temple Park,Point(-118.043333333 34.043055555),,,park in the United States of America
http://www.wikidata.org/entity/Q49531278,New York Park,Point(-118.253333333 34.233055555),,,"park in Los Angeles County, California, United States of America"
http://www.wikidata.org/entity/Q49531340,Newcastle Park,Point(-118.034722222 34.145833333),,,park in the United States of America
http://www.wikidata.org/entity/Q49531536,Nibley Park,Point(-118.238333333 34.163888888),,,park in the United States of America
http://www.wikidata.org/entity/Q49532027,Norman O Houston Park,Point(-118.357222222 33.998888888),,,"park in Los Angeles County, California, United States of America"
http://www.wikidata.org/entity/Q49532056,Normandie Playground,Point(-118.3 34.044444444),,,park in the United States of America
http://www.wikidata.org/entity/Q49532160,North Atwater Park,Point(-118.273333333 34.135),,,"park in Los Angeles County, California, United States of America"
http://www.wikidata.org/entity/Q49532502,North Hollywood Park,Point(-118.380555555 34.165),,https://www.laparks.org/reccenter/north-hollywood,park in the United States of America
http://www.wikidata.org/entity/Q49532548,North Lawn,Point(-118.276944444 34.030833333),,,park in the United States of America
http://www.wikidata.org/entity/Q49532669,North Park,Point(-118.347777777 33.979722222),,,"park in Los Angeles County, California, United States of America"
http://www.wikidata.org/entity/Q49533569,Norwalk Park,Point(-118.071111111 33.909722222),,,"park in Los Angeles County, California, United States of America"
http://www.wikidata.org/entity/Q49533867,Oak Avenue Playground,Point(-118.215555555 33.908888888),,,"park in Los Angeles County, California, United States of America"
http://www.wikidata.org/entity/Q49533934,Oak Grove Park,Point(-118.177222222 34.193333333),,,park in the United States of America
http://www.wikidata.org/entity/Q49534319,Oakhurst Park,Point(-118.390277777 34.066388888),,,"park in Los Angeles County, California, United States of America"
http://www.wikidata.org/entity/Q49534455,Oakwide Picnic Area,Point(-118.185277777 34.245555555),,,"park in Los Angeles County, California, United States of America"
http://www.wikidata.org/entity/Q49534514,Oakwood Playground,Point(-118.465555555 33.995833333),,,"park in Los Angeles County, California, United States of America"
http://www.wikidata.org/entity/Q49534517,Oakwood Recreation Center,Point(-118.463611111 33.994722222),,,park in the United States of America
http://www.wikidata.org/entity/Q49534585,Obregon Park,Point(-118.176944444 34.037777777),,,"park in Los Angeles County, California, United States of America"
http://www.wikidata.org/entity/Q49535467,Olive Avenue Recreation Center,Point(-118.321111111 34.171111111),,,"Community center in Burbank, California, United States of America"
http://www.wikidata.org/entity/Q49535488,Olive Park,Point(-118.010833333 34.144722222),,,park in the United States of America
http://www.wikidata.org/entity/Q49535667,One Hundred Ninth Street Recreation Center,Point(-118.248611111 33.936111111),,,"park in Los Angeles County, California, United States of America"
http://www.wikidata.org/entity/Q49535869,Orange Grove Park,Point(-118.052222222 34.156388888),,,park in the United States of America
http://www.wikidata.org/entity/Q49536154,Orr Park,Point(-118.083611111 33.920833333),,,park in the United States of America
http://www.wikidata.org/entity/Q49536890,Pacific Park,Point(-118.265277777 34.139722222),,,park in the United States of America
http://www.wikidata.org/entity/Q49536891,Larry L. Maxam Memorial Park,Point(-118.3525 34.188611111),,,"park in Los Angeles County, California, United States of America"
http://www.wikidata.org/entity/Q49537158,Palm Park,Point(-118.298055555 34.194444444),,,"park in Los Angeles County, California, United States of America; geonames ID = 5380656"
http://www.wikidata.org/entity/Q49537156,Palm Park,Point(-118.056111111 33.990833333),,,"park in Los Angeles County, California, United States of America; geonames ID = 5380657"
http://www.wikidata.org/entity/Q49537208,Palmer Park,Point(-118.247222222 34.131666666),,,"park in Los Angeles County, California, United States of America"
http://www.wikidata.org/entity/Q49537273,Palms Park,Point(-118.416666666 34.033611111),,,park in the United States of America
http://www.wikidata.org/entity/Q49537578,Paramount Park,Point(-118.158888888 33.901666666),,,"park in Los Angeles County, California, United States of America"
http://www.wikidata.org/entity/Q49539611,Parkview Playground,Point(-118.276388888 34.063333333),,,park in the United States of America
http://www.wikidata.org/entity/Q49540016,Pasadena Memorial Park,Point(-118.148055555 34.148611111),,,park in the United States of America
http://www.wikidata.org/entity/Q49540055,Pasko Park,Point(-118.299444444 34.248888888),,,"park in Los Angeles County, California, United States of America"
http://www.wikidata.org/entity/Q49540229,Patterson Field,Point(-118.213333333 34.127777777),,,"park in Los Angeles County, California, United States of America"
http://www.wikidata.org/entity/Q49540803,Pecan Playground,Point(-118.222222222 34.046666666),,,"park in Los Angeles County, California, United States of America"
http://www.wikidata.org/entity/Q49540806,Pecan Recreation Center,Point(-118.2225 34.047222222),,,"park in Los Angeles County, California, United States of America"
http://www.wikidata.org/entity/Q49540843,Peck Road Park,Point(-118.013333333 34.100555555),,,"park in Los Angeles County, California, United States of America"
http://www.wikidata.org/entity/Q49540933,Pelanconi Park,Point(-118.281388888 34.163888888),,,"park in Los Angeles County, California, United States of America"
http://www.wikidata.org/entity/Q49541144,Penmar Recreation Center,Point(-118.456388888 34.006111111),,,park in the United States of America
http://www.wikidata.org/entity/Q49541345,Pequino Park,Point(-118.150277777 33.905),,,"park in Los Angeles County, California, United States of America"
http://www.wikidata.org/entity/Q49541507,Perry Park,Point(-118.369722222 33.869722222),,,"park in Los Angeles County, California, United States of America"
http://www.wikidata.org/entity/Q49542344,Pickwick Recreation Center,Point(-118.311388888 34.160833333),,,"park in Los Angeles County, California, United States of America"
http://www.wikidata.org/entity/Q49542358,Pico Park,Point(-118.073055555 34.007222222),,,park in the United States of America
http://www.wikidata.org/entity/Q49542363,Pico Rivera Bicentennial Park,Point(-118.045 34.026944444),,,"park in Los Angeles County, California, United States of America"
http://www.wikidata.org/entity/Q49542376,Piedmont Park,Point(-118.240555555 34.152777777),,,"park in Los Angeles County, California, United States of America"
http://www.wikidata.org/entity/Q49542588,Pike Field,Point(-118.415555555 34.173888888),,,park in the United States of America
http://www.wikidata.org/entity/Q49543017,Pinetree Park,Point(-118.160555555 34.053055555),,,"park in Los Angeles County, California, United States of America"
http://www.wikidata.org/entity/Q49543251,Pioneer Park,Point(-118.043333333 34.074166666),,,"park in Los Angeles County, California, United States of America; geonames ID = 5383343"
http://www.wikidata.org/entity/Q49543714,Pixley Park,Point(-118.199444444 33.991111111),,,park in the United States of America
http://www.wikidata.org/entity/Q49544371,Plummer Park,Point(-118.351111111 34.092222222),,,park in the United States of America
http://www.wikidata.org/entity/Q49544538,Poinsettia Recreation Center,Point(-118.349444444 34.088055555),,,park in the United States of America
http://www.wikidata.org/entity/Q49544536,Poinsettia Playground,Point(-118.349444444 34.088055555),,,park in the United States of America
http://www.wikidata.org/entity/Q49544733,Polliwog Park,Point(-118.386111111 33.889166666),,,"park in Los Angeles County, California, United States of America"
http://www.wikidata.org/entity/Q49544744,Polo Field,Point(-118.511666666 34.053888888),,,"park in Los Angeles County, California, United States of America"
http://www.wikidata.org/entity/Q49545008,Poplar Recreation Center,Point(-118.225277777 34.089166666),,,park in the United States of America
http://www.wikidata.org/entity/Q49545416,Potrero Heights Park,Point(-118.093611111 34.044166666),,,park in the United States of America
http://www.wikidata.org/entity/Q49546104,Price Playground,Point(-118.358888888 34.056111111),,,"park in Los Angeles County, California, United States of America"
http://www.wikidata.org/entity/Q49546236,Pritchard Field,Point(-118.173333333 33.969166666),,,"park in Los Angeles County, California, United States of America"
http://www.wikidata.org/entity/Q49546290,Progress Park,Point(-118.149166666 33.891666666),,,"park in Los Angeles County, California, United States of America"
http://www.wikidata.org/entity/Q49546377,Prospect Park,Point(-118.2175 34.054166666),,,"park in Los Angeles County, California, United States of America"
http://www.wikidata.org/entity/Q49547010,Pío Pico State Historic,Point(-118.070555555 33.993611111),,,park in the United States of America
http://www.wikidata.org/entity/Q49547204,Queen Anne Recreation Center,Point(-118.332222222 34.050555555),,,"park in Los Angeles County, California, United States of America"
http://www.wikidata.org/entity/Q49547219,Queen Park,Point(-118.344722222 33.961944444),,,"park in Los Angeles County, California, United States of America"
http://www.wikidata.org/entity/Q49547796,Ralph Foy Park,Point(-118.346111111 34.185555555),,,"park in Los Angeles County, California, United States of America"
http://www.wikidata.org/entity/Q49547880,Ramon Garcia Recreation Center,Point(-118.205833333 34.026666666),,,"park in Los Angeles County, California, United States of America"
http://www.wikidata.org/entity/Q49547891,Ramona Gardens Park,Point(-118.196111111 34.056388888),,,"park in Los Angeles County, California, United States of America"
http://www.wikidata.org/entity/Q49547897,Ramona Park,Point(-118.154722222 33.873055555),,,"park in Los Angeles County, California, United States of America; geonames ID = 5385827"
http://www.wikidata.org/entity/Q49547900,Ramona Park,Point(-118.050277777 33.897222222),,,"park in Los Angeles County, California, United States of America; geonames ID = 5385828"
http://www.wikidata.org/entity/Q49547967,Rancho Cienega Recreation Center,Point(-118.351111111 34.022777777),,,park in the United States of America
http://www.wikidata.org/entity/Q49548467,Raymond Street Park,Point(-118.229722222 33.887777777),,,park in the United States of America
http://www.wikidata.org/entity/Q49548583,Recreation Park,Point(-118.299722222 33.886388888),,,park in the United States of America
http://www.wikidata.org/entity/Q49477973,Chet Holifield Park,Point(-118.119166666 33.993055555),,,
http://www.wikidata.org/entity/Q49480947,Crescent Park,Point(-118.39605 34.06791),,,
http://www.wikidata.org/entity/Q49487563,Estrella Park,Point(-118.27542 34.03363),,,
http://www.wikidata.org/entity/Q49502893,Hope and Peace Park,Point(-118.27666 34.05262),,,
http://www.wikidata.org/entity/Q49511140,Kins Road Park,Point(-118.37125 34.08871),,,
http://www.wikidata.org/entity/Q49520664,Madison West Park,Point(-118.28868 34.07954),,,
http://www.wikidata.org/entity/Q49521808,Marion Park,Point(-118.25186 34.06763),,,
http://www.wikidata.org/entity/Q49536330,Oso Park,Point(-118.22963 34.08529),,,
http://www.wikidata.org/entity/Q49547518,Radio Hill Gardens,Point(-118.23289 34.07189),,,
http://www.wikidata.org/entity/Q49549142,Reeves Park,Point(-118.39811 34.06592),,,
http://www.wikidata.org/entity/Q49549592,Rexford Mini Park,Point(-118.39833 34.07172),,,
http://www.wikidata.org/entity/Q49550693,River Garden Park,Point(-118.22555 34.08593),,,
http://www.wikidata.org/entity/Q49557031,San Julian Park,Point(-118.24546 34.04462),,,
http://www.wikidata.org/entity/Q49559501,Selma Park,Point(-118.33292 34.09972),,,
http://www.wikidata.org/entity/Q49560481,Shatto Recreation Center,Point(-118.28973 34.06707),,,
http://www.wikidata.org/entity/Q49566082,Steelhead Park,Point(-118.22898 34.08686),,,
http://www.wikidata.org/entity/Q49573771,Valencia Triangle,Point(-118.27053 34.05134),,,
http://www.wikidata.org/entity/Q49574900,Vetrean Park Playground,Point(-118.44561 34.05397),,,
http://www.wikidata.org/entity/Q49575731,Vista Hermosa Park,Point(-118.25684 34.06144),,,
http://www.wikidata.org/entity/Q49579486,Westside Park,Point(-118.371111111 34.029722222),,,
http://www.wikidata.org/entity/Q49579485,Westside Park,Point(-118.234166666 33.982777777),,,
http://www.wikidata.org/entity/Q54092382,Guinness World Records Museum,Point(-118.338 34.1012),,http://www.guinnessmuseumhollywood.com/,
http://www.wikidata.org/entity/Q55106502,Crystal Theatre,Point(-118.24547 34.05023),,,
http://www.wikidata.org/entity/Q63351237,The Hi Hat,Point(-118.205425 34.121358),,http://hihat.la/,
http://www.wikidata.org/entity/Q63354567,The Peppermint Club,Point(-118.380955 34.077168),,http://www.peppermintclub.com/,
http://www.wikidata.org/entity/Q64223568,Lucky Strike Live,Point(-118.339385 34.102431),,https://www.luckystrikesocial.com/locations/hollywood/,
http://www.wikidata.org/entity/Q92142825,Santa Monica Playhouse,Point(-118.49762 34.01899),,https://www.santamonicaplayhouse.com/,
http://www.wikidata.org/entity/Q5112439,Christopher Grimes Gallery,Point(-118.486551 34.017585),,,
http://www.wikidata.org/entity/Q5160367,Conga Room,Point(-118.2655 34.04523),,http://congaroom.com/,
http://www.wikidata.org/entity/Q7312396,Renaissance,Point(-118.318909 34.104641),,http://manor-scientology.org/restaurant.html,
http://www.wikidata.org/entity/Q16580816,Q16580816,Point(-118.11 34.127222),,,
http://www.wikidata.org/entity/Q17033855,Shrine Expo Hall,Point(-118.281392 34.0236),,,
http://www.wikidata.org/entity/Q21016322,Water Grill,Point(-118.254702777 34.049005555),watergrill,http://watergrill.com,
http://www.wikidata.org/entity/Q28873583,Vincent Lugo Park,Point(-118.10444444 34.08361111),,,
http://www.wikidata.org/entity/Q49471731,6th & Gladys Park,Point(-118.24255 34.04025),,,
http://www.wikidata.org/entity/Q49472923,Arnaz Park,Point(-118.38288 34.06816),,,
http://www.wikidata.org/entity/Q49474608,Beverly Park,Point(-118.2646 34.06372),,,
http://www.wikidata.org/entity/Q49549087,Reeder Field,Point(-118.166111111 34.065),,,"park in Los Angeles County, California, United States of America"
http://www.wikidata.org/entity/Q49549206,Reggie Rodriguez Park,Point(-118.106666666 34.001111111),,,"park in Los Angeles County, California, United States of America"
http://www.wikidata.org/entity/Q49549435,Reservoir Hill Park,Point(-118.101388888 33.878611111),,,"park in Los Angeles County, California, United States of America"
http://www.wikidata.org/entity/Q49549611,Reynier Park,Point(-118.386388888 34.035555555),,,"park in Los Angeles County, California, United States of America"
http://www.wikidata.org/entity/Q49550438,Rio Hondo Park,Point(-118.091944444 34.011388888),,,"park in Los Angeles County, California, United States of America"
http://www.wikidata.org/entity/Q49550455,Rio San Gabriel Park,Point(-118.108611111 33.931111111),,,park in the United States of America
http://www.wikidata.org/entity/Q49550887,Rivera Park,Point(-118.096666666 33.962777777),,,"park in Los Angeles County, California, United States of America"
http://www.wikidata.org/entity/Q49551928,Robert Burns Park,Point(-118.315833333 34.075555555),,,"park in Los Angeles County, California, United States of America"
http://www.wikidata.org/entity/Q49552031,Robert M McCurdy Nature Center,Point(-118.096666666 34.177777777),,,park in the United States of America
http://www.wikidata.org/entity/Q49552168,Roberts Recreation Center,Point(-118.243611111 34.001111111),,,park in the United States of America
http://www.wikidata.org/entity/Q49552199,Robertson Recreation Center,Point(-118.384722222 34.049444444),,,"park in Los Angeles County, California, United States of America"
http://www.wikidata.org/entity/Q49552197,Robertson Playground,Point(-118.384722222 34.049166666),,,park in the United States of America
http://www.wikidata.org/entity/Q49553094,Rogers Park,Point(-118.3575 33.970277777),,,"park in Los Angeles County, California, United States of America"
http://www.wikidata.org/entity/Q49553159,Rogers-Anderson Park,Point(-118.345833333 33.888888888),,,park in the United States of America
http://www.wikidata.org/entity/Q49553427,Roosevelt Park,Point(-118.241944444 33.97),,,"park in Los Angeles County, California, United States of America"
http://www.wikidata.org/entity/Q49553605,Rose Bowl Aquatic Center,Point(-118.164444444 34.151388888),,,park in the United States of America
http://www.wikidata.org/entity/Q49553633,Rose Hill Park,Point(-118.191666666 34.0875),,,"park in Los Angeles County, California, United States of America"
http://www.wikidata.org/entity/Q49553637,Rose Hill Playground,Point(-118.190555555 34.085555555),,,park in the United States of America
http://www.wikidata.org/entity/Q49553643,Rose Hill Recreation Center,Point(-118.190277777 34.085555555),,,"park in Los Angeles County, California, United States of America"
http://www.wikidata.org/entity/Q49553663,Rose Park,Point(-118.217777777 33.926111111),,,"park in Los Angeles County, California, United States of America; geonames ID = 5388808"
http://www.wikidata.org/entity/Q49553746,Rosecrans Recreation Center,Point(-118.290277777 33.895833333),,,park in the United States of America
http://www.wikidata.org/entity/Q49553822,Rosemead Park,Point(-118.068611111 34.084722222),,,park in the United States of America
http://www.wikidata.org/entity/Q49553887,Rosewood Park,Point(-118.155 34.002222222),,,"park in Los Angeles County, California, United States of America; geonames ID = 5388897"
http://www.wikidata.org/entity/Q49553890,Rosewood Park,Point(-118.360833333 34.080277777),,,"park in Los Angeles County, California, United States of America; geonames ID = 5388896"
http://www.wikidata.org/entity/Q49553978,Ross Snyder Recreation Center,Point(-118.2475 34.009166666),,,"park in Los Angeles County, California, United States of America"
http://www.wikidata.org/entity/Q49554506,Rowley Memorial Park,Point(-118.315833333 33.911111111),,,"park in Los Angeles County, California, United States of America"
http://www.wikidata.org/entity/Q49554510,Roxbury Park,Point(-118.406666666 34.058611111),,,"park in Los Angeles County, California, United States of America"
http://www.wikidata.org/entity/Q49554740,Rudolph Valentino Memorial,Point(-118.334722222 34.095555555),,,park in the United States of America
http://www.wikidata.org/entity/Q49555513,Saint Andrews Recreation Center,Point(-118.311944444 33.958055555),,,"park in Los Angeles County, California, United States of America"
http://www.wikidata.org/entity/Q49555777,Saint James Park,Point(-118.279722222 34.031388888),,,park in the United States of America
http://www.wikidata.org/entity/Q49556450,Sally Tanner Park,Point(-118.087222222 34.090277777),,,"park in Los Angeles County, California, United States of America"
http://www.wikidata.org/entity/Q49556549,Salt Lake Park,Point(-118.206388888 33.974166666),,,"park in Los Angeles County, California, United States of America"
http://www.wikidata.org/entity/Q49556824,San Angelo Park,Point(-118.002777777 34.050555555),,,"park in Los Angeles County, California, United States of America"
http://www.wikidata.org/entity/Q49557095,San Rafael Park,Point(-118.178611111 34.140555555),,,park in the United States of America
http://www.wikidata.org/entity/Q49557634,Santa Anita Park,Point(-118.044722222 34.1375),,,"park in Los Angeles County, California, United States of America; geonames ID = 5392941"
http://www.wikidata.org/entity/Q49557632,Santa Anita Park,Point(-118.028333333 34.117222222),,,"park in Los Angeles County, California, United States of America; geonames ID = 5392940"
http://www.wikidata.org/entity/Q49557745,Santa Fe Springs Park,Point(-118.095555555 33.946388888),,,park in the United States of America
http://www.wikidata.org/entity/Q49558006,Satellite Park,Point(-118.067777777 33.8825),,,"park in Los Angeles County, California, United States of America"
http://www.wikidata.org/entity/Q49558228,Saybrook Park,Point(-118.136388888 34.012777777),,,"park in Los Angeles County, California, United States of America"
http://www.wikidata.org/entity/Q49558313,Schader Park,Point(-118.475555555 34.03),,,"park in Santa Monica, California, United States of America"
http://www.wikidata.org/entity/Q49558379,Scherer Park,Point(-118.189166666 33.8425),,,park in the United States of America
http://www.wikidata.org/entity/Q49559304,Second Avenue Park,Point(-118.319444444 34.034722222),,,"park in Los Angeles County, California, United States of America"
http://www.wikidata.org/entity/Q49559672,Sentinel Field,Point(-118.363055555 33.957777777),,,"park in Los Angeles County, California, United States of America"
http://www.wikidata.org/entity/Q49559706,Sequoia Park,Point(-118.141666666 34.054444444),,,"park in Los Angeles County, California, United States of America"
http://www.wikidata.org/entity/Q49560152,Shady Grove Park,Point(-118.090555555 33.948333333),,,"park in Los Angeles County, California, United States of America"
http://www.wikidata.org/entity/Q49560872,Shepherd Field,Point(-118.052222222 34.014166666),,,"park in Los Angeles County, California, United States of America"
http://www.wikidata.org/entity/Q49561328,Shiveley Park,Point(-118.048333333 34.043611111),,,"park in Los Angeles County, California, United States of America"
http://www.wikidata.org/entity/Q49561548,Sibrie Park,Point(-118.245555555 33.915277777),,,park in the United States of America
http://www.wikidata.org/entity/Q49561621,Sierra Madre Park,Point(-118.057222222 34.161111111),,,park in the United States of America
http://www.wikidata.org/entity/Q49561638,Sierra Vista Park,Point(-118.114722222 34.066111111),,,"park in Los Angeles County, California, United States of America; geonames ID = 5395717"
http://www.wikidata.org/entity/Q49561639,Sierra Vista Park,Point(-118.040277777 34.164722222),,,"park in Los Angeles County, California, United States of America; geonames ID = 5395718"
http://www.wikidata.org/entity/Q49561752,Silver Lake Recreation Center,Point(-118.266944444 34.091944444),,,park in the United States of America
http://www.wikidata.org/entity/Q49561832,Siminski Park,Point(-118.362222222 33.948055555),,,"park in Los Angeles County, California, United States of America"
http://www.wikidata.org/entity/Q49561845,Simmons Playground,Point(-118.370555555 33.953888888),,,"park in Los Angeles County, California, United States of America"
http://www.wikidata.org/entity/Q49561858,Simon Bolivar Park,Point(-118.153055555 33.846388888),,,park in the United States of America
http://www.wikidata.org/entity/Q49561921,Singer Park,Point(-118.156111111 34.135277777),,,park in the United States of America
http://www.wikidata.org/entity/Q49562375,Slavin Park,Point(-118.406944444 34.215277777),,,park in the United States of America
http://www.wikidata.org/entity/Q49562373,Slauson Playground,Point(-118.246111111 33.993611111),,,park in the United States of America
http://www.wikidata.org/entity/Q49562552,Smith Park,Point(-118.102222222 34.098611111),,,"park in Los Angeles County, California, United States of America"
http://www.wikidata.org/entity/Q49562619,Smith Recreation Center,Point(-118.210833333 34.100833333),,,"park in Los Angeles County, California, United States of America"
http://www.wikidata.org/entity/Q49562821,Soaring Dreams Plaza,Point(-118.081388888 33.945),,,park in the United States of America
http://www.wikidata.org/entity/Q49563093,Sorensen Park,Point(-118.061111111 33.979166666),,,park in the United States of America
http://www.wikidata.org/entity/Q49563323,South Gardena Park,Point(-118.2925 33.874444444),,,"park in Los Angeles County, California, United States of America"
http://www.wikidata.org/entity/Q49563325,South Gate Park,Point(-118.185277777 33.945277777),,,park in the United States of America
http://www.wikidata.org/entity/Q49563397,South Lawn,Point(-118.277222222 34.030277777),,,park in the United States of America
http://www.wikidata.org/entity/Q49563475,South Park,Point(-118.213611111 33.883611111),,,"park in Los Angeles County, California, United States"
http://www.wikidata.org/entity/Q49564208,Spane Park,Point(-118.176111111 33.902777777),,,"park in Los Angeles County, California, United States of America"
http://www.wikidata.org/entity/Q49564278,Spaulding Field,Point(-118.446666666 34.068888888),,,"park in Los Angeles County, California, United States of America"
http://www.wikidata.org/entity/Q49565205,Stanford Avenue Park,Point(-118.221666666 33.951111111),,,park in the United States of America
http://www.wikidata.org/entity/Q49565994,State Street Recreation Center,Point(-118.2125 34.053333333),,,park in the United States of America
http://www.wikidata.org/entity/Q49565992,State Street Playground,Point(-118.2125 34.052777777),,,"park in Los Angeles County, California, United States of America"
http://www.wikidata.org/entity/Q49566026,Steam Engine Park,Point(-118.175 33.9),,,"park in Los Angeles County, California, United States of America"
http://www.wikidata.org/entity/Q49566143,Stengel Field,Point(-118.231111111 34.168611111),,,"park in Los Angeles County, California, United States of America"
http://www.wikidata.org/entity/Q49566314,Stevenson Park,Point(-118.257777777 33.871111111),,,"park in Los Angeles County, California, United States of America"
http://www.wikidata.org/entity/Q49566389,Gandara Park,Point(-118.465555555 34.026944444),,,"park in Los Angeles County, California, United States of America"
http://www.wikidata.org/entity/Q49566492,Stocker Plaza,Point(-118.325555555 34.007222222),,,"park in Los Angeles County, California, United States of America"
http://www.wikidata.org/entity/Q49566657,Stoner Recreation Center,Point(-118.453888888 34.038055555),,,park in the United States of America
http://www.wikidata.org/entity/Q49566747,Story Park,Point(-118.124722222 34.098611111),,,park in the United States of America
http://www.wikidata.org/entity/Q49566758,Stough Park,Point(-118.308055555 34.206111111),,,"Park in Burbank, California, United States of America"
http://www.wikidata.org/entity/Q49566811,Strathern Park West,Point(-118.408333333 34.212222222),,,park in the United States of America
http://www.wikidata.org/entity/Q49566812,Strathern Playground,Point(-118.405833333 34.216111111),,,park in the United States of America
http://www.wikidata.org/entity/Q49566860,Streamland Park,Point(-118.071944444 34.020277777),,,park in the United States of America
http://www.wikidata.org/entity/Q49566987,Studio City Park,Point(-118.408611111 34.152222222),,,park in the United States of America
http://www.wikidata.org/entity/Q49566989,Studio City Recreation Center,Point(-118.408333333 34.151666666),,,park in the United States of America
http://www.wikidata.org/entity/Q49567163,Sulivan Canyon Park,Point(-118.508055555 34.072777777),,,"park in Los Angeles County, California, United States of America"
http://www.wikidata.org/entity/Q49567172,Sullivan Field,Point(-118.416111111 33.966388888),,,"park in Los Angeles County, California, United States of America"
http://www.wikidata.org/entity/Q49567383,Sun Valley Park,Point(-118.372777777 34.218055555),,,"park in Los Angeles County, California, United States of America"
http://www.wikidata.org/entity/Q49567504,Sunland Park,Point(-118.321388888 34.261111111),,,"park in Los Angeles County, California, United States of America"
http://www.wikidata.org/entity/Q49567662,Sunnyslopes Park,Point(-118.151111111 34.046388888),,,"park in California, United States of America"
http://www.wikidata.org/entity/Q49568562,Sycamore Grove Park,Point(-118.202222222 34.100555555),,,"park in Los Angeles County, California, United States of America"
http://www.wikidata.org/entity/Q99979573,Santa Monica Visitor Center,Point(-118.497728 34.013592),,,
http://www.wikidata.org/entity/Q104470495,The Carole & Barry Kaye Museum of Miniatures,Point(-118.35865 34.06221),,,
http://www.wikidata.org/entity/Q106335940,Ray Charles Memorial Library,Point(-118.3063664 34.0403009),,,
http://www.wikidata.org/entity/Q112973416,South Park Commons,Point(-118.262108845 34.040972046),,,
http://www.wikidata.org/entity/Q134386420,Harvard-Westlake Center for the Arts,Point(-118.4111 34.141),,,
http://www.wikidata.org/entity/Q134498214,California Aerospace Museum,Point(-118.2839 34.0167),,,
http://www.wikidata.org/entity/Q141143624,Burbank YMCA,Point(-118.310530477 34.184551445),,https://www.ymcala.org/locations/burbank-ymca/,
http://www.wikidata.org/entity/Q44880458,Azteca Theatre,Point(-118.438268 34.2851209),,,"former movie theater in San Fernando, California, United States"
http://www.wikidata.org/entity/Q44880476,Centre Theater,Point(-118.4410577 34.2834786),,,"former movie theater in San Fernando, California, United States"
http://www.wikidata.org/entity/Q44880494,San Fernando Theater,Point(-118.4409002 34.2809468),,,"former movie theater in San Fernando, California, United States"
http://www.wikidata.org/entity/Q44838038,Laurel Drive-In,Point(-118.4400012 34.2662585),,,"former drive-in movie theater in Pacoima, Los Angeles, California, United States"
http://www.wikidata.org/entity/Q44839468,Van Nuys Drive-In,Point(-118.460907 34.221436),,,"former drive-in movie theater in Van Nuys, Los Angeles, California, United States"
http://www.wikidata.org/entity/Q44839486,Sepulveda Drive-In,Point(-118.466513 34.182741),,,"former drive-in movie theater in Van Nuys, Los Angeles, California, United States"
http://www.wikidata.org/entity/Q44886007,Regency Plant 16 Theatres,Point(-118.448744 34.2141273),,https://regencymovies.com/main.php?theaterId=32,"movie theater in Van Nuys, Los Angeles, California, United States"
http://www.wikidata.org/entity/Q38252162,Brand Park,Point(-118.45706 34.271941),,https://www.laparks.org/park/brand,"historic park and garden in Mission Hills, California"
http://www.wikidata.org/entity/Q768376,The Japanese Garden,Point(-118.481 34.1837),,http://thejapanesegarden.com/,"Japanese garden located on the Tillman Water Reclamation Plant in Van Nuys, California, USA"
http://www.wikidata.org/entity/Q44866679,Regency Granada Hills 9,Point(-118.498553 34.256503),,https://www.regencymovies.com/locations/granada-hills-9,"movie theater in Granada Hills, Los Angeles, California, United States"
http://www.wikidata.org/entity/Q44864332,Encino Theatre,Point(-118.489553 34.15647),,,"former movie theater in Encino, Los Angeles, California, United States"
http://www.wikidata.org/entity/Q8001334,Wildlife WayStation,Point(-118.344444 34.331389),,,"animal sanctuary in Los Angeles County, Calfiornia"
http://www.wikidata.org/entity/Q8033062,Woodley Park,Point(-118.47656 34.18063),,https://www.laparks.org/park/woodley,"park in Sepulveda Basin, Los Angeles, California, United States"
http://www.wikidata.org/entity/Q16370503,Ararat-Eskijian Museum,Point(-118.461941666 34.282622222),,http://ararat-eskijian-museum.com/,museum
http://www.wikidata.org/entity/Q7200318,Placerita Canyon State Park,Point(-118.446 34.3758),,https://www.parks.ca.gov/?page_id=622,"state park in Los Angeles County, California"
http://www.wikidata.org/entity/Q19877120,Nethercutt Collection,Point(-118.464 34.3067),,http://www.nethercuttcollection.org,"private car collection in Los Angeles, California"
http://www.wikidata.org/entity/Q23845394,Cadillac Jack's,Point(-118.39627 34.24138),,,former diner and current video recording set
http://www.wikidata.org/entity/Q49475136,Blythe Street Park,Point(-118.453888888 34.214722222),,,"park in Los Angeles County, California, United States of America"
http://www.wikidata.org/entity/Q49475600,Brand Park,Point(-118.459444444 34.272222222),,,"park in Los Angeles County, California, United States of America; geonames ID = 5330526"
http://www.wikidata.org/entity/Q49475626,Branford Park,Point(-118.423611111 34.231944444),,,"park in Los Angeles County, California, United States of America"
http://www.wikidata.org/entity/Q7487448,Shambala Preserve,Point(-118.252 34.4403),,http://www.shambala.org,"animal sactuary near Acton, California, United States"
http://www.wikidata.org/entity/Q49483041,Devonshire Arleta Park,Point(-118.443055555 34.258055555),,,"park in Los Angeles County, California, United States of America"
http://www.wikidata.org/entity/Q49483050,Devonwood Park,Point(-118.453611111 34.256388888),,,"park in Los Angeles County, California, United States of America"
http://www.wikidata.org/entity/Q47704503,Sepulveda Basin Recreation Area,Point(-118.502972 34.1735443),,https://www.laparks.org/reccenter/sepulveda-basin-area,"recreation area in Los Angeles, Califonia, USA"
http://www.wikidata.org/entity/Q49481566,Cypress Park,Point(-118.271111111 34.437777777),,,"park in Los Angeles County, California, United States of America; geonames ID = 5341291"
http://www.wikidata.org/entity/Q49482363,Dearborn Park,Point(-118.508055555 34.236666666),,,"park in Los Angeles County, California, United States of America"
http://www.wikidata.org/entity/Q6682711,Los Encinos State Historic Park,Point(-118.499 34.1606),,https://www.parks.ca.gov/?page_id=619,"state historic park in Los Angeles County, California, United States"
http://www.wikidata.org/entity/Q7017597,Newcomb's Ranch,Point(-118.002 34.3298),,http://www.newcombsranch.com/,"Roadhouse in the Angeles National Forest, California, USA"
http://www.wikidata.org/entity/Q49483108,Dexter Park,Point(-118.374166666 34.294444444),,https://parks.lacounty.gov/dexter-park/,"park in Los Angeles County, California, United States of America"
http://www.wikidata.org/entity/Q49494182,Glenoaks Park,Point(-118.431666666 34.295277777),,,"park in Los Angeles County, California, United States of America; geonames ID = 5352485"
http://www.wikidata.org/entity/Q49494796,Gothic Rinaldi Park,Point(-118.480833333 34.277777777),,,"park in Los Angeles County, California, United States of America"
http://www.wikidata.org/entity/Q49495008,Granada Hills Park,Point(-118.496666666 34.263055555),,,"park in Los Angeles County, California, United States of America"
http://www.wikidata.org/entity/Q49495044,Grand Avenue Park,Point(-117.991666666 34.158333333),,,"park in Los Angeles County, California, United States of America"
http://www.wikidata.org/entity/Q49473490,Balboa Sports Center,Point(-118.503611111 34.175555555),,,"park in Los Angeles County, California, United States of America"
http://www.wikidata.org/entity/Q49472575,Andreas Pico Adobe Park,Point(-118.465277777 34.268611111),,,"park in Los Angeles County, California, United States of America"
http://www.wikidata.org/entity/Q44871815,Crest Theatre,Point(-117.9986299 34.1513984),,,"former movie theater in Monrovia, California, United States"
http://www.wikidata.org/entity/Q44873067,Airport Theatre,Point(-118.4992433 34.220777),,,"former movie theater in North Hills, California, United States"
http://www.wikidata.org/entity/Q44875969,Panorama Theatre,Point(-118.449778 34.235841),,,"former movie theater in Panorama City, California, United States"
http://www.wikidata.org/entity/Q44875982,Americana 5,Point(-118.4498981 34.2272808),,,"former movie theater in Panorama City, Los Angeles, California, United States"
http://www.wikidata.org/entity/Q49519604,Louise Park,Point(-118.509166666 34.200555555),,,"Park in Lake Balboa, Los Angeles California, United States of America"
http://www.wikidata.org/entity/Q49497729,Hansen Dam Park,Point(-118.39537 34.27137),,,"park in Los Angeles County, California, United States of America"
http://www.wikidata.org/entity/Q49501954,Hjelte Sports Center,Point(-118.484722222 34.166388888),,,"park in Los Angeles County, California, United States of America"
http://www.wikidata.org/entity/Q49503725,Hubert H Humphrey Memorial Park,Point(-118.406388888 34.280833333),,,"park in Los Angeles County, California, United States of America"
http://www.wikidata.org/entity/Q49509112,Kagel Canyon Park,Point(-118.380833333 34.281111111),,,"park in Los Angeles County, California, United States of America"
http://www.wikidata.org/entity/Q49514159,Lakeview Terrace Recreation Center,Point(-118.372222222 34.275555555),,,"park in Los Angeles County, California, United States of America"
http://www.wikidata.org/entity/Q49514768,Las Palmas Park,Point(-118.449722222 34.285833333),,,"park in Los Angeles County, California, United States of America"
http://www.wikidata.org/entity/Q49515261,Layne Park,Point(-118.443611111 34.289166666),,,park in the United States of America
http://www.wikidata.org/entity/Q49527664,Monrovia Mountain Park,Point(-117.988333333 34.176388888),,,"park in Los Angeles County, California, United States of America"
http://www.wikidata.org/entity/Q49531976,Nordhoff Recreation Center,Point(-118.486944444 34.234722222),,,"park in Los Angeles County, California, United States of America"
http://www.wikidata.org/entity/Q49534069,Oak Park,Point(-117.993611111 34.171388888),,,"park in Los Angeles County, California, United States of America"
http://www.wikidata.org/entity/Q49548593,Recreation Park,Point(-118.433333333 34.279722222),,,"park in Los Angeles County, California, United States of America; geonames ID = 5386445"
http://www.wikidata.org/entity/Q49553047,Roger Jessup Recreation Center,Point(-118.409444444 34.260833333),,,park in the United States of America
http://www.wikidata.org/entity/Q49568629,Sylmar Park,Point(-118.445833333 34.308333333),,,"park in the Sylmar neighborhood of Los Angeles, California, United States of America"
http://www.wikidata.org/entity/Q56273180,Anheuser-Busch Brewery,Point(-118.47952 34.22002),,,"brewery complex in Los Angeles, California"
http://www.wikidata.org/entity/Q60741079,Valley Relics Museum,Point(-118.500061 34.213893),,https://valleyrelicsmuseum.org/,"history museum in Van Nuys, CA"
http://www.wikidata.org/entity/Q112228276,Wilson Canyon Park,Point(-118.441666666 34.331944444),,https://mrca.ca.gov/parks/park-listing/wilson-canyon-park/,"park in the city of Los Angeles, California, United States of America"
http://www.wikidata.org/entity/Q135651288,94th Aero Squadron (restaurant),Point(-118.4887 34.2177),,,"US restaurant chain headquartered in Van Nuys, California"
http://www.wikidata.org/entity/Q28714010,Q28714010,Point(-118.48425 34.15708333),,,
http://www.wikidata.org/entity/Q49559687,Sepulveda Dam Recreation Area,Point(-118.485277777 34.176388888),,,"park in Los Angeles County, California, United States of America"
http://www.wikidata.org/entity/Q49559689,Sepulveda Recreation Center,Point(-118.458333333 34.23),,,"park in Los Angeles County, California, United States of America"
http://www.wikidata.org/entity/Q49562995,Soledad Sands Park,Point(-118.197777777 34.44),,,park in the United States of America
http://www.wikidata.org/entity/Q49566240,Stetson Ranch Park,Point(-118.473611111 34.324722222),,,"park in Los Angeles County, California, United States of America"
http://www.wikidata.org/entity/Q49566645,Stonehurst Recreation Center,Point(-118.376388888 34.248611111),,,"park in Los Angeles County, California, United States of America"
http://www.wikidata.org/entity/Q49574538,Veterans Memorial Park,Point(-118.416666666 34.326944444),,https://parks.lacounty.gov/veterans-memorial-community-regional-park/,"park in Los Angeles County, California, United States of America; geonames ID = 5406107"
http://www.wikidata.org/entity/Q49535910,Orcas Park,Point(-118.368333333 34.270833333),,,"park in Los Angeles County, California, United States of America"
http://www.wikidata.org/entity/Q49536932,Pacoima Park,Point(-118.413055555 34.268611111),,,park in the United States of America
http://www.wikidata.org/entity/Q49537418,Panorama Recreation Center,Point(-118.440833333 34.2275),,,park in the United States of America
http://www.wikidata.org/entity/Q49540491,Paxton Park,Point(-118.439722222 34.265277777),,,park in the United States of America
http://www.wikidata.org/entity/Q121143543,Shin Sushi,Point(-118.494257 34.158745),shinsushicorp,https://shin-sushi.weeblyte.com/,"Japanese restaurant in Los Angeles, California, U.S"
http://www.wikidata.org/entity/Q924780,Los Angeles Maritime Museum,Point(-118.279 33.7387),,http://www.lamaritimemuseum.org,maritime museum
http://www.wikidata.org/entity/Q1207585,Knott's Berry Farm,Point(-118.000267 33.844178),knottsberryfarm,https://www.sixflags.com/knotts,"amusement park in Buena Park, California, United States"
http://www.wikidata.org/entity/Q3198045,Knott's Soak City,Point(-117.994888 33.840881),,https://www.sixflags.com/knotts/soak-city,"seasonal water park in Buena Park, California"
http://www.wikidata.org/entity/Q3258872,Lomita Railroad Museum,Point(-118.319 33.7983),,http://www.lomita-rr.org,"railroad museum in Lomita, California"
http://www.wikidata.org/entity/Q3363880,Pat Nixon Park,Point(-118.068333333 33.857777777),,,park in the United States of America
http://www.wikidata.org/entity/Q2376481,SS Lane Victory,Point(-118.274722 33.714444),,https://thelanevictory.org/,1945 Victory-class cargo ship
http://www.wikidata.org/entity/Q1717528,Lighthouse Café,Point(-118.401 33.8619),,https://www.thelighthousecafe.net/,"nightclub located at 30 Pier Avenue in Hermosa Beach, California, USA"
http://www.wikidata.org/entity/Q1757660,Long Beach Convention and Entertainment Center,Point(-118.188 33.7639),,,"convention center in Long Beach, California, United States"
http://www.wikidata.org/entity/Q562161,USS Iowa,Point(-118.277533333 33.741613888),,,1942 Iowa-class battleship
http://www.wikidata.org/entity/Q44867389,Bijou Theatre,Point(-118.4001668 33.862442),,,"former movie theater in Hermosa Beach, California, United States"
http://www.wikidata.org/entity/Q44836183,Buena Park Drive-In,Point(-118.012225 33.846302),,,"former drive-in movie theater in Buena Park, California, United States"
http://www.wikidata.org/entity/Q4782759,Aquarium of the Pacific,Point(-118.19692 33.76216),aquariumpacific,https://www.aquariumofpacific.org/,"public aquarium in Long Beach, California"
http://www.wikidata.org/entity/Q4874134,Bay Theater,Point(-118.103 33.7439),,,"movie theater in Seal Beach, California, United States"
http://www.wikidata.org/entity/Q44868577,AMC La Mirada 7,Point(-118.0061936 33.8986842),,https://www.amctheatres.com/movie-theatres/los-angeles/amc-classic-la-mirada-7,"movie theater in La Mirada, California, United States"
http://www.wikidata.org/entity/Q44868599,Edwards Gateway 5,Point(-118.025577 33.883195),,,"former movie theater in La Mirada, California, United States"
http://www.wikidata.org/entity/Q44883912,Stanton Theatre,Point(-117.99295 33.7988689),,,"former movie theater in Stanton, California, United States"
http://www.wikidata.org/entity/Q44884847,Pussycat Theatre,Point(-118.3152115 33.8321712),,,"former movie theater in Torrance, California, United States"
http://www.wikidata.org/entity/Q44884866,Torrance Community Theatre,Point(-118.3168092 33.8336745),,,"former movie theater in Torrance, California, United States"
http://www.wikidata.org/entity/Q44884974,United Artists Torrance,Point(-118.3341215 33.7928121),,,"former movie theater in Torrance, California, United States"
http://www.wikidata.org/entity/Q44884946,Rolling Hills Theatre,Point(-118.3304779 33.7902225),,,"former movie theater in Torrance, California, United States"
http://www.wikidata.org/entity/Q44884957,UA Del Amo 6,Point(-118.3508826 33.8284536),,,"former movie theater in Torrance, California, United States"
http://www.wikidata.org/entity/Q44884907,AMC Rolling Hills 20,Point(-118.329561 33.792456),,https://www.amctheatres.com/movie-theatres/los-angeles/amc-rolling-hills-20,"movie theater in Torrance, California, United States"
http://www.wikidata.org/entity/Q44884922,Mann 9 Theatres,Point(-118.3468735 33.8279099),,,"former movie theater in Torrance, California, United States"
http://www.wikidata.org/entity/Q44884883,Torrance Theater,Point(-118.314933 33.833918),,,"former movie theater in Torrance, California, United States"
http://www.wikidata.org/entity/Q44884895,AMC Del Amo 18,Point(-118.3480631 33.8330572),,,"movie theater in Torrance, California, United States"
http://www.wikidata.org/entity/Q33127623,Averill Park,Point(-118.310833333 33.732222222),,,"urban park in San Pedro, Los Angeles, California"
http://www.wikidata.org/entity/Q43489003,Avalon Theatre,Point(-118.2623472 33.7792037),,,"former movie theater in Wilmington, Los Angeles, California, United States"
http://www.wikidata.org/entity/Q43489019,Capitola Theater,Point(-118.2589394 33.7644862),,,"former movie theater in Wilmington, Los Angeles, California, United States"
http://www.wikidata.org/entity/Q20714245,Granada Theatre,Point(-118.26207 33.77804),,,"former movie theater in Wilmington, Los Angeles, California, United States"
http://www.wikidata.org/entity/Q44881621,Victoria Theatre,Point(-118.2807107 33.7387173),,,"former movie theater in San Pedro, Los Angeles, California, United States"
http://www.wikidata.org/entity/Q44883182,Mann Rossmoor Theatre,Point(-118.0721215 33.7831093),,,"former movie theater in Seal Beach, California, United States"
http://www.wikidata.org/entity/Q44883196,Super Saver 7,Point(-118.07454 33.782152),,,"former movie theater in Seal Beach, California, United States"
http://www.wikidata.org/entity/Q5015841,Cabrillo Marine Aquarium,Point(-118.285277777 33.711111111),,https://www.cabrillomarineaquarium.org/,"zoo in California, USA"
http://www.wikidata.org/entity/Q5045729,Carpenter Performing Arts Center,Point(-118.112 33.7881),,https://www.carpenterarts.org/,"theater in Long Beach, California, USA"
http://www.wikidata.org/entity/Q5064827,Cerritos Center for the Performing Arts,Point(-118.062 33.8676),,,"entertainment venue in California, U.S."
http://www.wikidata.org/entity/Q5094646,Chez Melange,Point(-118.389 33.8195),,http://www.chezmelange.com,"restaurant in California, United States"
http://www.wikidata.org/entity/Q44881583,Globe Theatre,Point(-118.2815614 33.7387475),,,"former movie theater in San Pedro, Los Angeles, California, United States"
http://www.wikidata.org/entity/Q44881601,Strand Theatre,Point(-118.2879548 33.7350071),,,"former movie theater in San Pedro, Los Angeles, California, United States"
http://www.wikidata.org/entity/Q44886987,Edwards Cinema West,Point(-118.010249 33.759233),,,"former movie theater in Westminster, California, United States"
http://www.wikidata.org/entity/Q44868615,La Mirada Theatre for the Performing Arts,Point(-118.009624 33.8967669),,http://www.cityoflamirada.org/theatrehome2002.htm,"movie theater in La Mirada, California, United States"
http://www.wikidata.org/entity/Q44868632,Pacific Theatres La Mirada 6,Point(-118.0091332 33.8952896),,,"former movie theater in La Mirada, California, United States"
http://www.wikidata.org/entity/Q44869519,Lomita Theatre,Point(-118.3199326 33.8039957),,http://www.lomita.com/cityhall/about/1927brochure,"former movie theater in Lomita, California, United States"
http://www.wikidata.org/entity/Q44869638,Fox Belmont Theatre,Point(-118.1370186 33.7610365),,,"former movie theater in Long Beach, California, United States"
http://www.wikidata.org/entity/Q44869693,Dale Theatre,Point(-118.156934 33.782875),,,"former movie theater in Long Beach, California, United States"
http://www.wikidata.org/entity/Q44869711,AMC Pine Square 16,Point(-118.1925119 33.7701031),,,"former movie theater in Long Beach, California, United States"
http://www.wikidata.org/entity/Q44869725,Cinemark at the Pike Outlets and XD,Point(-118.1923775 33.7658484),,http://www.cinemark.com,"movie theater in Long Beach, California, United States"
http://www.wikidata.org/entity/Q44869744,Ebell Theatre,Point(-118.177857 33.770002),,,"former movie theater in Long Beach, California, United States"
http://www.wikidata.org/entity/Q44869763,Egyptian Theatre,Point(-118.1903195 33.7716902),,,"former movie theater in Long Beach, California, United States"
http://www.wikidata.org/entity/Q44869779,Fox West Coast Theatre,Point(-118.188488 33.767032),,,"former movie theater in Long Beach, California, United States"
http://www.wikidata.org/entity/Q44869796,Imperial Theatre,Point(-118.1887309 33.7669021),,,"former movie theater in Long Beach, California, United States"
http://www.wikidata.org/entity/Q44869854,Palace Theatre,Point(-118.1923706 33.7676445),,,"former movie theater in Long Beach, California, United States"
http://www.wikidata.org/entity/Q44869876,Rialto Theatre,Point(-118.1937081 33.7669994),,,"former movie theater in Long Beach, California, United States"
http://www.wikidata.org/entity/Q44869894,Rivoli Theatre,Point(-118.1894729 33.7730595),,,"former movie theater in Long Beach, California, United States"
http://www.wikidata.org/entity/Q44869911,Roxy Theatre,Point(-118.193074 33.7671666),,,"former movie theater in Long Beach, California, United States"
http://www.wikidata.org/entity/Q44869817,Laughlin Theater,Point(-118.1923998 33.7714981),,,"former movie theater in Long Beach, California, United States"
http://www.wikidata.org/entity/Q44869835,Long Beach Theatre,Point(-118.1892608 33.767228),,,"former movie theater in Long Beach, California, United States"
http://www.wikidata.org/entity/Q44869930,Strand Theatre,Point(-118.1944323 33.7662342),,,"former movie theater in Long Beach, California, United States"
http://www.wikidata.org/entity/Q44869947,Tracy Theatre,Point(-118.1904746 33.765851),,,"former movie theater in Long Beach, California, United States"
http://www.wikidata.org/entity/Q44869968,United Artists Long Beach Theatre,Point(-118.1907429 33.7670597),,,"former movie theater in Long Beach, California, United States"
http://www.wikidata.org/entity/Q44869988,Victor Theatre,Point(-118.1907888 33.7658531),,,"former movie theater in Long Beach, California, United States"
http://www.wikidata.org/entity/Q44870005,Art Theatre,Point(-118.166995 33.771814),,http://www.arttheatrelongbeach.com,"movie theater in Long Beach, California, United States"
http://www.wikidata.org/entity/Q44870025,Cabart Theatre,Point(-118.1636072 33.7825875),,,"former movie theater in Long Beach, California, United States"
http://www.wikidata.org/entity/Q44870039,Ritz Theatre,Point(-118.1524409 33.7749881),,,"former movie theater in Long Beach, California, United States"
http://www.wikidata.org/entity/Q44870058,Long Beach Stadium 26 & IMAX,Point(-118.085049 33.826992),,http://www.regalcinemas.com,"movie theater in Long Beach, California, United States"
http://www.wikidata.org/entity/Q44870076,Lakewood Theatre,Point(-118.1424555 33.83885),,,"former movie theater in Long Beach, California, United States"
http://www.wikidata.org/entity/Q44870096,Paradise Theatre,Point(-118.1265945 33.8329225),,,"former movie theater in Long Beach, California, United States"
http://www.wikidata.org/entity/Q44870115,AMC Marina Pacifica 12,Point(-118.1130318 33.7600236),,https://www.amctheatres.com/movie-theatres/los-angeles/amc-marina-pacifica-12,"movie theater in Long Beach, California, United States"
http://www.wikidata.org/entity/Q44870134,UA Long Beach Marketplace 6,Point(-118.1104735 33.7573341),,http://www.REGmovies.com,"movie theater in Long Beach, California, United States"
http://www.wikidata.org/entity/Q44870220,Plaza Theatre,Point(-118.10865 33.811126),,,"former movie theater in Long Beach, California, United States"
http://www.wikidata.org/entity/Q44870237,Santa Fe Theatre,Point(-118.2153594 33.7963914),,,"former movie theater in Long Beach, California, United States"
http://www.wikidata.org/entity/Q44870257,Queen Mary 4D Theater,Point(-118.190253 33.752551),,http://www.queenmary.com,"movie theater in Long Beach, California, United States"
http://www.wikidata.org/entity/Q44870277,Queen's Salon,Point(-118.190253 33.752551),,http://www.queenmary.com,"movie theater in Long Beach, California, United States"
http://www.wikidata.org/entity/Q44870203,Brayton Theatre,Point(-118.1850373 33.7964059),,,"former movie theater in Long Beach, California, United States"
http://www.wikidata.org/entity/Q7287195,Ralph B. Clark Regional Park,Point(-117.979 33.8931),,,"regional park in Orange County, California"
http://www.wikidata.org/entity/Q7291079,Rancho Los Alamitos,Point(-118.106944 33.776667),,https://www.rancholosalamitos.com/,"rancho of California and its historic adobe ranch home and gardens in Long Beach, California, United States"
http://www.wikidata.org/entity/Q7304589,Red Men Hall,Point(-118.289 33.7067),,,"historic site in Los Angeles, California"
http://www.wikidata.org/entity/Q44870296,State Theatre,Point(-118.1923177 33.7669362),,,"former movie theater in Long Beach, California, United States"
http://www.wikidata.org/entity/Q18325653,Carolyn Campagna Kleefeld Contemporary Art Museum,Point(-118.114658 33.78345),,http://www.csulb.edu/org/uam/,"art museum at California State University, Long Beach in Long Beach, California"
http://www.wikidata.org/entity/Q6672317,Long Beach Museum of Art,Point(-118.165 33.7635),,http://lbma.org,"art museum in Long Beach, California"
http://www.wikidata.org/entity/Q6764319,Marineland of the Pacific,Point(-118.399 33.7386),,https://www.marinelandofthepacific.org/,"former tourist attraction on the Palos Verdes Peninsula, California, USA"
http://www.wikidata.org/entity/Q6783738,Masonic Temple,Point(-118.192 33.7697),,,"Masonic temple in Long Beach, California, USA"
http://www.wikidata.org/entity/Q44837434,Circle Drive-In,Point(-118.1413164 33.7862413),,,"former drive-in movie theater in Long Beach, California, United States"
http://www.wikidata.org/entity/Q44837465,Long Beach Drive-In,Point(-118.21522 33.828207),,,"former drive-in movie theater in Long Beach, California, United States"
http://www.wikidata.org/entity/Q44838897,San Pedro Drive-In,Point(-118.2924115 33.7278092),,,"former drive-in movie theater in San Pedro, Los Angeles, California, United States"
http://www.wikidata.org/entity/Q44839000,Sante Fe Springs Swap Meet & Drive-In,Point(-118.03456 33.889998),,,"former drive-in movie theater in Santa Fe Springs, California, United States"
http://www.wikidata.org/entity/Q44839340,Harbor Drive-In,Point(-118.290208 33.8125468),,,"former drive-in movie theater in Torrance, California, United States"
http://www.wikidata.org/entity/Q44839367,Torrance Drive-In,Point(-118.3733745 33.8381437),,,"former drive-in movie theater in Torrance, California, United States"
http://www.wikidata.org/entity/Q44887039,Westminster 10,Point(-118.0109396 33.7590062),,https://regencymovies.com/main.php?theaterId=37,"movie theater in Westminster, California, United States"
http://www.wikidata.org/entity/Q44887181,Whittwood Theatre,Point(-117.9995043 33.9443234),,,"former movie theater in Whittier, California, United States"
http://www.wikidata.org/entity/Q6158333,Japanese Village and Deer Park,Point(-118.01 33.8703),,,Japanese-themed theme park
http://www.wikidata.org/entity/Q6926890,Movieland Wax Museum,Point(-117.999 33.8512),,,"former tourist attraction in Buena Park, California"
http://www.wikidata.org/entity/Q7516624,"Silverado Park, Long Beach, California",Point(-118.213 33.8142),,,"park in Long Beach, California, United States"
http://www.wikidata.org/entity/Q7566849,South Coast Botanic Garden,Point(-118.345 33.783888888),,,"botanic garden in L.A. County, California"
http://www.wikidata.org/entity/Q7703192,Terrace Theater,Point(-118.189 33.7666),,,"theater in Long Beach, California, United States"
http://www.wikidata.org/entity/Q7415118,San Pedro Municipal Ferry Building,Point(-118.277778 33.738333),,,"California, United States"
http://www.wikidata.org/entity/Q7437946,Scottish Rite Cathedral,Point(-118.188 33.7775),,https://www.lbscottishrite.org/,"cathedral in Long Beach, California"
http://www.wikidata.org/entity/Q7757103,The Pike,Point(-118.189 33.7661),,,amusement park in California
http://www.wikidata.org/entity/Q44861008,United Artists Galaxy Stadium 11,Point(-118.0948365 33.862985),,,"former movie theater in Cerritos, California, United States"
http://www.wikidata.org/entity/Q44861485,AMC Plaza 10,Point(-118.298662 33.786594),,,"former movie theater in City of Industry, California, United States"
http://www.wikidata.org/entity/Q44861498,AMC Puente 4,Point(-118.298662 33.786594),,,"former movie theater in City of Industry, California, United States"
http://www.wikidata.org/entity/Q44861512,AMC Puente 6,Point(-118.298662 33.786594),,,"former movie theater in City of Industry, California, United States"
http://www.wikidata.org/entity/Q44878041,Fox Redondo Theatre,Point(-118.388852 33.843381),,,"former movie theater in Redondo Beach, California, United States"
http://www.wikidata.org/entity/Q44878059,Capitol Theater,Point(-118.368935 33.806609),,,"former movie theater in Redondo Beach, California, United States"
http://www.wikidata.org/entity/Q44877756,Fox Palos Verdes Theatre,Point(-118.36919 33.770337),,,"former movie theater in Rancho Palos Verdes, California, United States"
http://www.wikidata.org/entity/Q44877774,Terrace Cinemas,Point(-118.310174 33.755356),,http://www.starlightcinemas.com,"movie theater in Rancho Palos Verdes, California, United States"
http://www.wikidata.org/entity/Q44878027,Art Theatre,Point(-118.3836161 33.847814),,,"former movie theater in Redondo Beach, California, United States"
http://www.wikidata.org/entity/Q44878947,Krikorian Peninsula Cinema 9,Point(-118.3727332 33.7715819),,,"former movie theater in Rolling Hills Estates, California, United States"
http://www.wikidata.org/entity/Q44878960,Promenade Stadium 13,Point(-118.372737 33.7715841),,http://www.regalcinemas.com,"movie theater in Rolling Hills Estates, California, United States"
http://www.wikidata.org/entity/Q44881534,Alhambra Theater,Point(-118.2892506 33.7396681),,http://jpg1.lapl.org/00079/00079035.jpg,"former movie theater in San Pedro, Los Angeles, California, United States"
http://www.wikidata.org/entity/Q44881551,Barton Theater,Point(-118.2879093 33.7444859),,,"former movie theater in San Pedro, Los Angeles, California, United States"
http://www.wikidata.org/entity/Q44881568,Fox Cabrillo Theatre,Point(-118.2804633 33.7378),,,"former movie theater in San Pedro, Los Angeles, California, United States"
http://www.wikidata.org/entity/Q44878102,Strand Theater,Point(-118.387409 33.837963),,,"former movie theater in Redondo Beach, California, United States"
http://www.wikidata.org/entity/Q44859847,CGV Cinemas Buena Park,Point(-117.9979996 33.859057),,http://cgvcinemas.com,"movie theater in Buena Park, California, United States"
http://www.wikidata.org/entity/Q44859865,Grand Theater,Point(-117.9982976 33.8706843),,,"former movie theater in Buena Park, California, United States"
http://www.wikidata.org/entity/Q44859883,Krikorian Buena Park Metroplex 18,Point(-117.989345 33.843562),,https://www.kptmovies.com,"former movie theater in Buena Park, California, United States"
http://www.wikidata.org/entity/Q44859899,Studio Theatre,Point(-117.997256 33.848371),,,"former movie theater in Buena Park, California, United States"
http://www.wikidata.org/entity/Q44859916,UA 8 Movies,Point(-117.9872554 33.845473),,,"former movie theater in Buena Park, California, United States"
http://www.wikidata.org/entity/Q44860770,Carson Twin,Point(-118.2637951 33.8148982),,,"former movie theater in Carson, California, United States"
http://www.wikidata.org/entity/Q44860936,Cerritos Stadium 10,Point(-118.0625735 33.8704218),,http://www.regalcinemas.com,"movie theater in Cerritos, California, United States"
http://www.wikidata.org/entity/Q44860956,Harkins Cerritos 16,Point(-118.0948085 33.8629026),,http://www.harkinstheatres.com,"movie theater in Cerritos, California, United States"
http://www.wikidata.org/entity/Q44860971,UA Mall Cinemas 1-2-3-4,Point(-118.0945147 33.863623),,,"former movie theater in Cerritos, California, United States"
http://www.wikidata.org/entity/Q44860990,UA Twin Cinemas A & B,Point(-118.0953283 33.8582872),,,"former movie theater in Cerritos, California, United States"
http://www.wikidata.org/entity/Q49471905,Admiral Kidd Park,Point(-118.216388888 33.795555555),,,"park in Los Angeles County, California, United States of America"
http://www.wikidata.org/entity/Q49472039,Alamitos Bay State Park,Point(-118.120555555 33.746388888),,,"park in Los Angeles County, California, United States of America"
http://www.wikidata.org/entity/Q49472269,Alma Park,Point(-118.2975 33.725277777),,,"park in Los Angeles County, California, United States of America"
http://www.wikidata.org/entity/Q49472326,Alta Loma Park,Point(-118.331944444 33.784166666),,,"park in Los Angeles County, California, United States of America"
http://www.wikidata.org/entity/Q49472331,Alta Vista Park,Point(-118.378055555 33.830277777),,,"park in Los Angeles County, California, United States of America"
http://www.wikidata.org/entity/Q5252875,Del Cerro Park,Point(-118.369 33.7571),,,"park in California, United States of America, United States of America"
http://www.wikidata.org/entity/Q5309045,Drum Barracks,Point(-118.256667 33.784722),,,"former military barracks and museum in Wilmington, Los Angeles, California"
http://www.wikidata.org/entity/Q6940919,Museum of Latin American Art,Point(-118.179873 33.774397),,http://www.molaa.org/,"art museum in Long Beach, California"
http://www.wikidata.org/entity/Q44981596,Fischer's Theater,Point(-118.2806042 33.743242),,,"former movie theater in San Pedro, Los Angeles, California, United States"
http://www.wikidata.org/entity/Q7158723,Peck Park,Point(-118.305 33.75),,,"public park in Los Angeles, USA"
http://www.wikidata.org/entity/Q7969723,Warner Grand Theater,Point(-118.291389 33.738611),,http://www.warnergrand.org,"movie theater in San Pedro, Los Angeles, California, United States"
http://www.wikidata.org/entity/Q7988084,Western Museum of Flight,Point(-118.342398 33.801731),,https://www.wmof.com/,"aviation museum in Torrance, California"
http://www.wikidata.org/entity/Q8030634,Woman's Club of Redondo Beach,Point(-118.385 33.836667),,,"clubhouse in California, United States of America"
http://www.wikidata.org/entity/Q14681552,Auditorium (Torrance High School),Point(-118.31972222 33.83),,,"event venue in Torrance, United States of America"
http://www.wikidata.org/entity/Q15071923,USS Iowa Museum,Point(-118.277 33.7416),battleshipiowa,http://www.pacificbattleship.com,"maritime museum located at the Port of Los Angeles in San Pedro, Los Angeles, California, United States"
http://www.wikidata.org/entity/Q49472554,Anderson Memorial Playground,Point(-118.285277777 33.736388888),,,"park in Los Angeles County, California, United States of America"
http://www.wikidata.org/entity/Q49472608,Angels Gate Park,Point(-118.295277777 33.712777777),,,"park in Los Angeles County, California, United States of America"
http://www.wikidata.org/entity/Q49472998,Artesia Park,Point(-118.078888888 33.859444444),,,"park in Los Angeles County, California, United States of America"
http://www.wikidata.org/entity/Q49471759,Abalone Cove Ecological Reserve,Point(-118.378333333 33.741666666),,,"park in Los Angeles County, California, United States of America"
http://www.wikidata.org/entity/Q49473570,Bandini Park,Point(-118.298055555 33.746388888),,,"park in Los Angeles County, California, United States of America; geonames ID = 5325995"
http://www.wikidata.org/entity/Q49473592,Banning Park,Point(-118.258055555 33.790277777),,,"park in Los Angeles County, California, United States of America"
http://www.wikidata.org/entity/Q49473909,Bayshore Aquatic Playground Park,Point(-118.131388888 33.753611111),,,"park in Los Angeles County, California, United States of America"
http://www.wikidata.org/entity/Q49474059,Beat Park,Point(-118.016111111 33.820277777),,,"park in Orange County, California, United States of America"
http://www.wikidata.org/entity/Q49474195,Behringer Park,Point(-117.988888888 33.901388888),,,"park in Los Angeles County, California, United States of America"
http://www.wikidata.org/entity/Q49474278,Bellis Park,Point(-118.010277777 33.8675),,,"park in Orange County, California, United States of America"
http://www.wikidata.org/entity/Q49474576,Bettencourt Park,Point(-118.041111111 33.861111111),,,"park in Orange County, California, United States of America"
http://www.wikidata.org/entity/Q49476783,Candleverde Park,Point(-118.109166666 33.852777777),,,"park in Los Angeles County, California, United States of America"
http://www.wikidata.org/entity/Q49477007,Carmenita Park,Point(-118.041388888 33.881388888),,,"park in Los Angeles County, California, United States of America"
http://www.wikidata.org/entity/Q44862832,Cypress Twin Cinema,Point(-118.0368552 33.8197926),,,"former movie theater in Cypress, California, United States"
http://www.wikidata.org/entity/Q49478087,Chittick Field Park,Point(-118.170555555 33.791666666),,,"park in Los Angeles County, California, United States of America"
http://www.wikidata.org/entity/Q49478441,Clarkdale Park,Point(-118.079444444 33.828333333),,,"park in Los Angeles County, California, United States of America"
http://www.wikidata.org/entity/Q49478560,Clegg-Stacy Park,Point(-118.021666666 33.7475),,,"park in Orange County, California, United States of America"
http://www.wikidata.org/entity/Q49479062,College Park,Point(-118.098611111 33.776388888),,,"park in Orange County, California, United States of America; geonames ID = 5338623"
http://www.wikidata.org/entity/Q49480238,Coronel Plaza,Point(-118.391666666 33.784166666),,,"park in Los Angeles County, California, United States of America"
http://www.wikidata.org/entity/Q49481562,Cypress Park,Point(-118.395277777 33.861666666),,,"park in Los Angeles County, California, United States of America; geonames ID = 5341288"
http://www.wikidata.org/entity/Q49474884,Bixby Park,Point(-118.167222222 33.765833333),,http://www.longbeach.gov/park/park-and-facilities/directory/bixby-park/,"park in Long Beach, California, United States"
http://www.wikidata.org/entity/Q49475038,Bloomfield Park,Point(-118.080555555 33.835277777),,,"park in Los Angeles County, California, United States of America"
http://www.wikidata.org/entity/Q49475129,Bluff Park,Point(-118.158611111 33.761944444),,http://www.longbeach.gov/park/park-and-facilities/directory/bluff-park/,"park in the Bluff Park neighborhood of Long Beach, California, United States"
http://www.wikidata.org/entity/Q49475207,Boisseranc Park,Point(-117.982777777 33.853055555),,,"park in Orange County, California, United States of America"
http://www.wikidata.org/entity/Q49475227,Bolsa Chica Park,Point(-118.034977 33.764004),,,"park in Orange County, California, United States of America"
http://www.wikidata.org/entity/Q49475482,Boyar Park,Point(-118.100833333 33.845833333),,,"park in Los Angeles County, California, United States of America"
http://www.wikidata.org/entity/Q49475664,Brea Park,Point(-118.313333333 33.810555555),,,"park in Los Angeles County, California, United States of America"
http://www.wikidata.org/entity/Q49475696,Brenner Park,Point(-118.025833333 33.855277777),,,"park in Orange County, California, United States of America"
http://www.wikidata.org/entity/Q49475874,Brookhaven Park,Point(-118.051111111 33.866111111),,,"park in Los Angeles County, California, United States of America"
http://www.wikidata.org/entity/Q49476068,Buckingham Park,Point(-118.014166666 33.754166666),,,"park in Orange County, California, United States of America"
http://www.wikidata.org/entity/Q49476466,Cabrillo Beach Park,Point(-118.283611111 33.71),,,"park in Los Angeles County, California, United States of America"
http://www.wikidata.org/entity/Q49476532,Calas Park,Point(-118.255833333 33.827222222),,,"park in Los Angeles County, California, United States of America"
http://www.wikidata.org/entity/Q49476579,California Recreation Center,Point(-118.180555555 33.785833333),,,"park in Los Angeles County, California, United States of America"
http://www.wikidata.org/entity/Q49481567,Cypress Park,Point(-118.041111111 33.837777777),,,"park in Orange County, California, United States of America"
http://www.wikidata.org/entity/Q49481910,Dapplegray Park,Point(-118.327222222 33.773055555),,,"park in Los Angeles County, California, United States of America"
http://www.wikidata.org/entity/Q49481951,Darrell Essex Park,Point(-118.043055555 33.817222222),,,"park in Orange County, California, United States of America"
http://www.wikidata.org/entity/Q49482017,David Burcham Field,Point(-118.181388888 33.787222222),,,"park in Los Angeles County, California, United States of America"
http://www.wikidata.org/entity/Q49482263,De Portola Park,Point(-118.343055555 33.793055555),,,"park in Los Angeles County, California, United States of America"
http://www.wikidata.org/entity/Q49483969,Douglas MacArthur Park,Point(-118.174722222 33.783611111),,,"park in Los Angeles County, California, United States of America"
http://www.wikidata.org/entity/Q44866023,Four Star Cinema,Point(-118.029329 33.786673),,http://www.starlightcinemas.com,"movie theater in Garden Grove, California, United States"
http://www.wikidata.org/entity/Q49484217,Drake Park,Point(-118.201111111 33.778333333),,,"park in Long Beach, Los Angeles County, California, United States of America"
http://www.wikidata.org/entity/Q49485360,East Wilmington Park,Point(-118.2475 33.792777777),,,"park in Los Angeles County, California, United States of America"
http://www.wikidata.org/entity/Q49485408,Eastgate Park,Point(-118.034166666 33.788333333),,,"park in California, United States of America, United States of America"
http://www.wikidata.org/entity/Q49485490,Eastview Park,Point(-118.309722222 33.764166666),,,"park in Los Angeles County, California, United States of America"
http://www.wikidata.org/entity/Q49485689,Edgar Park,Point(-118.026666666 33.776944444),,,"park in Orange County, California, United States of America"
http://www.wikidata.org/entity/Q49485827,Edison Park,Point(-118.096388888 33.776666666),,,"park in Orange County, California, United States of America; geonames ID = 5345405"
http://www.wikidata.org/entity/Q49486088,Eisenhower Park,Point(-118.106111111 33.739444444),,,"park in Orange County, California, United States of America; geonames ID = 5345515"
http://www.wikidata.org/entity/Q49486161,El Dorado Park,Point(-118.086944444 33.815833333),,,"park in Los Angeles County, California, United States of America; geonames ID = 5345696"
http://www.wikidata.org/entity/Q49486225,El Prado Park,Point(-118.319166666 33.833055555),,,"park in Los Angeles County, California, United States of America"
http://www.wikidata.org/entity/Q49486242,El Rancho Verde Park,Point(-118.046944444 33.85),,,"park in Orange County, California, United States of America"
http://www.wikidata.org/entity/Q49486245,El Retiro Park,Point(-118.377777777 33.815277777),,,"park in Los Angeles County, California, United States of America"
http://www.wikidata.org/entity/Q49487221,Entradero Park,Point(-118.371666666 33.853055555),,,"park in Los Angeles County, California, United States of America"
http://www.wikidata.org/entity/Q49487333,Ernie J Howlett Park,Point(-118.351388888 33.793333333),,,"park in Los Angeles County, California, United States of America"
http://www.wikidata.org/entity/Q49487597,Eucalyptus Park,Point(-118.03 33.795),,,park in the United States of America
http://www.wikidata.org/entity/Q49487861,F E Hopkins Wilderness Park,Point(-118.374166666 33.829444444),,,"park in Los Angeles County, California, United States of America"
http://www.wikidata.org/entity/Q49491461,Franklin Park,Point(-118.028055555 33.753333333),,,"park in Orange County, California, United States of America"
http://www.wikidata.org/entity/Q49491972,French Park,Point(-118.066388888 33.724722222),,,"park in Orange County, California, United States of America; geonames ID = 5350883"
http://www.wikidata.org/entity/Q49492094,Friendship Park,Point(-118.322777777 33.732222222),,,"park in Los Angeles County, California, United States of America; geonames ID = 5351051"
http://www.wikidata.org/entity/Q49492096,Friendship Park,Point(-118.040833333 33.871111111),,,"park in Los Angeles County, California, United States of America; geonames ID = 5351050"
http://www.wikidata.org/entity/Q49492245,Frontier Park,Point(-118.059166666 33.877777777),,,"park in Los Angeles County, California, United States of America; geonames ID = 5351110"
http://www.wikidata.org/entity/Q49493384,George F Canyon Nature Preserve,Point(-118.330555555 33.769444444),,,"nature preserve and hiking area in Los Angeles County, California, United States of America"
http://www.wikidata.org/entity/Q49494431,Golden Park,Point(-118.203055555 33.771388888),,,"park in Los Angeles County, California, United States of America; geonames ID = 5352896"
http://www.wikidata.org/entity/Q49494453,Golden West Park,Point(-118.01 33.770833333),,,"park in Orange County, California, United States of America"
http://www.wikidata.org/entity/Q49496208,Greenwood Park,Point(-118.332777777 33.833888888),,,"park in Los Angeles County, California, United States of America"
http://www.wikidata.org/entity/Q49496369,Gridley Park,Point(-118.088055555 33.849722222),,,"park in Los Angeles County, California, United States of America"
http://www.wikidata.org/entity/Q49496786,Gum Grove Park,Point(-118.096944444 33.749444444),,,"park in Orange County, California, United States of America"
http://www.wikidata.org/entity/Q49496789,Gummere Park,Point(-118.061388888 33.775),,,"park in Orange County, California, United States of America"
http://www.wikidata.org/entity/Q49497742,Hansen Park,Point(-118.008055555 33.814166666),,,"park in Orange County, California, United States of America; geonames ID = 5355247"
http://www.wikidata.org/entity/Q49497855,Harbor Highlands Park,Point(-118.295277777 33.758333333),,,"park in Los Angeles County, California, United States of America"
http://www.wikidata.org/entity/Q49497853,Harbor City Recreation Center,Point(-118.300555555 33.799722222),,,"park in Los Angeles County, California, United States of America"
http://www.wikidata.org/entity/Q49497865,Harbor Park,Point(-118.286944444 33.7875),,,"park in Los Angeles County, California, United States of America"
http://www.wikidata.org/entity/Q49497892,Harbour View Park,Point(-118.053888888 33.721388888),,,"park in Orange County, California, United States of America"
http://www.wikidata.org/entity/Q49498741,Hathaway Park,Point(-118.325 33.791388888),,,"park in Los Angeles County, California, United States of America"
http://www.wikidata.org/entity/Q49498826,Haven View Park,Point(-118.044444444 33.729166666),,,"park in Orange County, California, United States of America"
http://www.wikidata.org/entity/Q49499366,Heartwell Park,Point(-118.113611111 33.831111111),,,"park in Los Angeles County, California, United States of America"
http://www.wikidata.org/entity/Q49499407,Heather Park,Point(-118.052222222 33.780555555),,,"park in Orange County, California, United States of America"
http://www.wikidata.org/entity/Q49500226,Heritage Park,Point(-118.061111111 33.863055555),,,"park in Cerritos, Los Angeles County, California, United States of America"
http://www.wikidata.org/entity/Q49500450,Hermosa City Beach,Point(-118.403611111 33.866388888),,,"park in Los Angeles County, California, United States of America"
http://www.wikidata.org/entity/Q49500529,Hesse Park,Point(-118.393888888 33.767222222),,,"park in Los Angeles County, California, United States of America"
http://www.wikidata.org/entity/Q49500698,Hickory Park,Point(-118.335555555 33.8175),,,"park in Los Angeles County, California, United States of America"
http://www.wikidata.org/entity/Q49500931,High Ridge Park,Point(-118.382222222 33.766944444),,,"park in Los Angeles County, California, United States of America"
http://www.wikidata.org/entity/Q49501522,Hillbrook Park,Point(-118.159166666 33.791388888),,,"park in Los Angeles County, California, United States of America"
http://www.wikidata.org/entity/Q49503761,Hudson Park,Point(-118.221111111 33.797777777),,,"park in Los Angeles County, California, United States of America"
http://www.wikidata.org/entity/Q49505031,Indian Village Park,Point(-118.023888888 33.761388888),,,"park in Orange County, California, United States of America"
http://www.wikidata.org/entity/Q49506369,Jacob Street Park,Point(-118.075 33.85),,,"park in Los Angeles County, California, United States of America"
http://www.wikidata.org/entity/Q49507906,Joe Rodgers Field,Point(-118.139444444 33.78),,,"park in Los Angeles County, California, United States of America"
http://www.wikidata.org/entity/Q49508359,"John S. Gibson, Jr. Park",Point(-118.279166666 33.739444444),,,"park in San Pedro, Los Angeles"
http://www.wikidata.org/entity/Q49508817,Jose del Valle Park,Point(-118.114722222 33.8425),,,"park in Los Angeles County, California, United States of America"
http://www.wikidata.org/entity/Q49509987,Ken Malloy Harbor Regional Park,Point(-118.296111111 33.784444444),,,"park in Los Angeles County, California, United States of America"
http://www.wikidata.org/entity/Q49512456,La Mirada Creek Park,Point(-117.998611111 33.920833333),,,"park in Los Angeles County, California, United States of America"
http://www.wikidata.org/entity/Q49512460,La Mirada Park,Point(-118.007777777 33.906666666),,,"park in Los Angeles County, California, United States of America"
http://www.wikidata.org/entity/Q49512819,Lago Seco Park,Point(-118.355277777 33.811944444),,,"park in Los Angeles County, California, United States of America"
http://www.wikidata.org/entity/Q49514169,Lakewood Equestrian Center,Point(-118.091388888 33.832777777),,,park in the United States of America
http://www.wikidata.org/entity/Q49514741,Larwin Park,Point(-118.025277777 33.815833333),,https://www.buenapark.com/city_departments/community_services/parks/larwin_park.php,park in the United States of America
http://www.wikidata.org/entity/Q49521705,Marina Community Park,Point(-118.110555555 33.745833333),,,park in the United States of America
http://www.wikidata.org/entity/Q49521749,Marine Park,Point(-118.119722222 33.757777777),,,"park in Los Angeles County, California, United States of America; geonames ID = 5370551"
http://www.wikidata.org/entity/Q49521761,Marine Vista Park,Point(-118.126944444 33.768888888),,,"park in Los Angeles County, California, United States of America"
http://www.wikidata.org/entity/Q49522215,Martin Luther King Junior Park,Point(-118.177222222 33.791944444),,,"park in Los Angeles County, California, United States of America; geonames ID = 5370837"
http://www.wikidata.org/entity/Q49522324,Martingale Trailhead Park,Point(-118.335277777 33.765277777),,,park in the United States of America
http://www.wikidata.org/entity/Q49522903,Maxwell Park,Point(-117.979166666 33.827222222),,,park in the United States of America
http://www.wikidata.org/entity/Q49515532,Lee Ware Park,Point(-118.065 33.826111111),,,"park in Los Angeles County, California, United States of America"
http://www.wikidata.org/entity/Q49515580,Leffingwell Ranch Park,Point(-117.994444444 33.939444444),,,"park in Los Angeles County, California, United States of America"
http://www.wikidata.org/entity/Q49515802,Leland Park,Point(-118.293611111 33.750555555),,,park in the United States of America
http://www.wikidata.org/entity/Q49516392,Leylandi Park,Point(-118.044444444 33.827222222),,,"park in Orange County, California, United States of America"
http://www.wikidata.org/entity/Q49516455,Liberty Park,Point(-118.100277777 33.855),,,"park in Los Angeles County, California, United States of America"
http://www.wikidata.org/entity/Q49516899,Lincoln Park,Point(-118.194444444 33.768333333),,,"park in Los Angeles County, California, United States of America; geonames ID = 5366466"
http://www.wikidata.org/entity/Q49517994,Little Cottonwood Park,Point(-118.062777777 33.798611111),,,park in the United States of America
http://www.wikidata.org/entity/Q49518760,Loma Park,Point(-118.068333333 33.872222222),,,"park in Los Angeles County, California, United States of America"
http://www.wikidata.org/entity/Q49518779,Lomita Park,Point(-118.313888888 33.803333333),,,"park in Los Angeles County, California, United States of America"
http://www.wikidata.org/entity/Q49518782,Lomita Recreation Center,Point(-118.314166666 33.803333333),,,"park in Los Angeles County, California, United States of America"
http://www.wikidata.org/entity/Q49518879,Long Beach City Beach,Point(-118.149722222 33.759166666),,,park in the United States of America
http://www.wikidata.org/entity/Q49519199,Lookout Point Park,Point(-118.291944444 33.712222222),,,"park in Los Angeles County, California, United States of America"
http://www.wikidata.org/entity/Q49527054,Miramar Park,Point(-118.39 33.815277777),,,park in the United States of America
http://www.wikidata.org/entity/Q49527805,Monteverde Park,Point(-118.098055555 33.842222222),,,park in the United States of America
http://www.wikidata.org/entity/Q49529681,Municipal Park,Point(-118.008611111 33.849166666),,,"park in Orange County, California, United States of America"
http://www.wikidata.org/entity/Q49530245,Nansen Field,Point(-118.3575 33.792222222),,,"park in Los Angeles County, California, United States of America"
http://www.wikidata.org/entity/Q49530282,Naples Plaza,Point(-118.123611111 33.754444444),,,"park in Los Angeles County, California, United States of America"
http://www.wikidata.org/entity/Q49530778,Neff Park,Point(-118.025555555 33.898055555),,,park in the United States of America
http://www.wikidata.org/entity/Q49532053,Normandale Playground,Point(-118.300555555 33.823055555),,,"park in Los Angeles County, California, United States of America"
http://www.wikidata.org/entity/Q49533862,Oak Academy Park,Point(-118.078611111 33.806111111),,,park in the United States of America
http://www.wikidata.org/entity/Q49534013,Oak Knoll Park,Point(-118.033611111 33.823611111),,,"park in Orange County, California, United States of America"
http://www.wikidata.org/entity/Q49535486,Olive Lawn Memorial Park,Point(-118.010555555 33.904444444),,,park in the United States of America
http://www.wikidata.org/entity/Q49536095,Orizaba Park,Point(-118.157222222 33.784722222),,,"park in Los Angeles County, California, United States of America"
http://www.wikidata.org/entity/Q49536208,Orville R Lewis Park,Point(-118.068055555 33.785277777),,,"park in Orange County, California, United States of America"
http://www.wikidata.org/entity/Q49537128,Palm Beach Park,Point(-118.199444444 33.764166666),,,"park in Los Angeles County, California, United States of America"
http://www.wikidata.org/entity/Q49537153,Palm Park,Point(-118.070277777 33.843333333),,,"park in Los Angeles County, California, United States of America; geonames ID = 5380655"
http://www.wikidata.org/entity/Q49537329,Palos Verdes Estates Shoreline Preserve,Point(-118.411666666 33.789722222),,,"park in Los Angeles County, California, United States of America"
http://www.wikidata.org/entity/Q49537335,Palos Verdes Peninsular Park,Point(-118.333333333 33.725),,,park in the United States of America
http://www.wikidata.org/entity/Q49537363,Pan American Park,Point(-118.131111111 33.841666666),,,park in the United States of America
http://www.wikidata.org/entity/Q49537527,Paradise Park,Point(-118.364444444 33.835555555),,,park in the United States of America
http://www.wikidata.org/entity/Q49539683,Parnell Park,Point(-118.001944444 33.936111111),,,"park in Los Angeles County, California, United States of America"
http://www.wikidata.org/entity/Q49541329,Peppertree Park,Point(-118.011666666 33.7925),,,"park in Orange County, California, United States of America"
http://www.wikidata.org/entity/Q49541699,Peter Marshall Park,Point(-117.977222222 33.841666666),,,"park in Orange County, California, United States of America"
http://www.wikidata.org/entity/Q49543036,Pinewood Park,Point(-118.024166666 33.821666666),,,park in the United States of America
http://www.wikidata.org/entity/Q49543250,Pioneer Park,Point(-118.081111111 33.826388888),,,"park in Los Angeles County, California, United States of America; geonames ID = 5383345"
http://www.wikidata.org/entity/Q49543905,Plaza Andres,Point(-118.406944444 33.773055555),,,park in the United States of America
http://www.wikidata.org/entity/Q49543918,Plaza Blanca,Point(-118.404722222 33.776944444),,,"park in Los Angeles County, California, United States of America"
http://www.wikidata.org/entity/Q49544560,Point Fermin Marine Life Refuge,Point(-118.289166666 33.704722222),,,park in the United States of America
http://www.wikidata.org/entity/Q49544564,Point Fermin Park,Point(-118.295555555 33.708333333),,,"park in Los Angeles County, California, United States of America"
http://www.wikidata.org/entity/Q49544631,Point Vicente County Park,Point(-118.404166666 33.741388888),,,"park in Los Angeles County, California, United States of America"
http://www.wikidata.org/entity/Q49544634,Point Vicente Park,Point(-118.405 33.744444444),,,"park in Los Angeles County, California, United States of America"
http://www.wikidata.org/entity/Q49547667,Rainbow Lagoon Park,Point(-118.188333333 33.763333333),,,"park in Los Angeles County, California, United States of America"
http://www.wikidata.org/entity/Q49547675,Rainbow Park,Point(-118.040277777 33.861944444),,,"park in Orange County, California, United States of America"
http://www.wikidata.org/entity/Q49548580,Recreation Park,Point(-118.134166666 33.778611111),,,"park in Los Angeles County, California, United States of America; geonames ID = 5386443"
http://www.wikidata.org/entity/Q49548953,Redondo Beach,Point(-118.390277777 33.829166666),,,"park in Los Angeles County, California, United States of America"
http://www.wikidata.org/entity/Q49549139,Reeves Field,Point(-118.2525 33.751111111),,,"park in Los Angeles County, California, United States of America"
http://www.wikidata.org/entity/Q49549229,Reid Park,Point(-117.998055555 33.823333333),,,"park in Orange County, California, United States of America"
http://www.wikidata.org/entity/Q49549305,Rena Park,Point(-118.297777777 33.748055555),,,park in the United States of America
http://www.wikidata.org/entity/Q49549440,Reservoir Park,Point(-118.174444444 33.818055555),,,"park in Los Angeles County, California, United States of America"
http://www.wikidata.org/entity/Q49552325,Robinwood Park,Point(-118.038611111 33.736666666),,,"park in Orange County, California, United States of America"
http://www.wikidata.org/entity/Q49552645,Rockbluff Park,Point(-118.358611111 33.788055555),,,park in the United States of America
http://www.wikidata.org/entity/Q49552947,Rodaway Park,Point(-118.386666666 33.858888888),,,park in the United States of America
http://www.wikidata.org/entity/Q49553662,Rose Park,Point(-118.156388888 33.776944444),,,"park in Los Angeles County, California, United States of America; geonames ID = 5388807"
http://www.wikidata.org/entity/Q49553907,Rosie the Riveter Park,Point(-118.134444444 33.824722222),,,"park in Los Angeles County, California, United States of America"
http://www.wikidata.org/entity/Q49553996,Rossmoor Park,Point(-118.076388888 33.799166666),,,"park in Orange County, California, United States of America"
http://www.wikidata.org/entity/Q49554632,Royal Palms Beach Park,Point(-118.327777777 33.719722222),,,park in the United States of America
http://www.wikidata.org/entity/Q49555200,Rynerson Park,Point(-118.095277777 33.841111111),,,"park in Los Angeles County, California, United States of America"
http://www.wikidata.org/entity/Q49555355,Saddleback Park,Point(-118.054166666 33.8725),,,"park in Los Angeles County, California, United States of America"
http://www.wikidata.org/entity/Q49556689,Sam Levi Park,Point(-118.323888888 33.831111111),,,park in the United States of America
http://www.wikidata.org/entity/Q49556840,San Antonio Park,Point(-118.014166666 33.835277777),,,"park in Orange County, California, United States of America"
http://www.wikidata.org/entity/Q49557056,San Marino Park,Point(-118.025 33.836111111),,,park in the United States of America
http://www.wikidata.org/entity/Q49557077,San Pedro Park,Point(-118.3175 33.732222222),,,"park in Los Angeles County, California, United States of America"
http://www.wikidata.org/entity/Q49557082,San Pedro Plaza Park,Point(-118.280277777 33.734166666),,,park in the United States of America
http://www.wikidata.org/entity/Q49557084,San Pedro Recreation Center,Point(-118.316111111 33.730277777),,,"park in Los Angeles County, California, United States of America"
http://www.wikidata.org/entity/Q49557682,Santa Cruz Park,Point(-118.202222222 33.766666666),,,"park in Los Angeles County, California, United States of America"
http://www.wikidata.org/entity/Q49558803,Schweitzer Park,Point(-117.988888888 33.828888888),,,park in the United States of America
http://www.wikidata.org/entity/Q49558909,Foisia Park,Point(-118.270555555 33.813888888),,,"park in Los Angeles County, California, United States of America"
http://www.wikidata.org/entity/Q49559083,Sea Bridge Park,Point(-118.071944444 33.726388888),,,park in the United States of America
http://www.wikidata.org/entity/Q49559104,Sea-Aire Park,Point(-118.366944444 33.820833333),,,park in the United States of America
http://www.wikidata.org/entity/Q49560397,Shapell Park,Point(-118.049722222 33.774722222),,,"park in Orange County, California, United States of America"
http://www.wikidata.org/entity/Q49477063,Carriage Crest Park,Point(-118.283888888 33.808333333),,,"park in Los Angeles County, California, United States of America"
http://www.wikidata.org/entity/Q49477075,Carroll Parks,Point(-118.164166666 33.770277777),,,"park in Los Angeles County, California, United States of America"
http://www.wikidata.org/entity/Q49477175,Casey Field,Point(-118.283333333 33.781944444),,,"park in Los Angeles County, California, United States of America"
http://www.wikidata.org/entity/Q49477327,Cedar Glen Park,Point(-118.046111111 33.813888888),,,"park in Orange County, California, United States of America"
http://www.wikidata.org/entity/Q49477533,Central Park,Point(-118.038888888 33.849444444),,,"park in Orange County, California, United States of America"
http://www.wikidata.org/entity/Q49477618,Cerritos Park East,Point(-118.050833333 33.878888888),,,"park in Los Angeles County, California, United States of America"
http://www.wikidata.org/entity/Q49477620,Cerritos Regional County Park,Point(-118.060277777 33.85),,,"park in Los Angeles County, California, United States of America"
http://www.wikidata.org/entity/Q49477704,Channel View Park,Point(-118.104166666 33.770555555),,,"park in Los Angeles County, California, United States of America"
http://www.wikidata.org/entity/Q49477734,Chapman Sports Park,Point(-118.01 33.789166666),,,"park in Orange County, California, United States of America"
http://www.wikidata.org/entity/Q49477763,Charles H Wilson Park,Point(-118.324722222 33.826111111),,,park in the United States of America
http://www.wikidata.org/entity/Q49515024,Laurel Park,Point(-118.0625 33.803611111),,,"park in Orange County, California, United States of America"
http://www.wikidata.org/entity/Q49519361,Los Arboles Park,Point(-118.370555555 33.808333333),,,park in the United States of America
http://www.wikidata.org/entity/Q49519374,Los Cerritos Park,Point(-118.199444444 33.825277777),,,"park in Los Angeles County, California, United States of America"
http://www.wikidata.org/entity/Q49519431,Los Verdes Park,Point(-118.394166666 33.750833333),,,park in the United States of America
http://www.wikidata.org/entity/Q49566042,Stearns Park,Point(-118.138333333 33.798055555),,,park in the United States of America
http://www.wikidata.org/entity/Q49567569,Sunnyglen Park,Point(-118.374444444 33.849444444),,,"park in Los Angeles County, California, United States of America"
http://www.wikidata.org/entity/Q49567779,Sunset Aquatic Regional Park,Point(-118.075833333 33.728055555),,,park in the United States of America
http://www.wikidata.org/entity/Q49567796,Sunset County Beach,Point(-118.0725 33.717222222),,,park in the United States of America
http://www.wikidata.org/entity/Q49568061,Sunshine Park,Point(-118.051944444 33.856111111),,,"park in Los Angeles County, California, United States of America; geonames ID = 5400289"
http://www.wikidata.org/entity/Q49571283,Torrance Park,Point(-118.3175 33.822222222),,,park in the United States of America
http://www.wikidata.org/entity/Q49561389,Shoreline Aquatic Park,Point(-118.193055555 33.762222222),,,park in the United States of America
http://www.wikidata.org/entity/Q49561663,Signal Hill Park,Point(-118.168333333 33.796388888),,,park in the United States of America
http://www.wikidata.org/entity/Q49561790,Silver Spur Park,Point(-118.363333333 33.791388888),,,"park in Los Angeles County, California, United States of America"
http://www.wikidata.org/entity/Q49561799,Silverado Park,Point(-118.213611111 33.814722222),,,park in the United States of America
http://www.wikidata.org/entity/Q49562637,Smith-Murphy Park,Point(-117.991944444 33.884444444),,,"park in Orange County, California, United States of America"
http://www.wikidata.org/entity/Q49563018,Somerset Park,Point(-118.173611111 33.831666666),,,park in the United States of America
http://www.wikidata.org/entity/Q49565255,Stanton Park,Point(-117.994722222 33.799444444),,,park in the United States of America
http://www.wikidata.org/entity/Q49581636,Wilmington Recreation Center,Point(-118.269444444 33.773611111),,,park in the United States of America
http://www.wikidata.org/entity/Q49581642,Wilmington Town Square Park,Point(-118.262222222 33.781111111),,,"park in Los Angeles County, California, United States of America"
http://www.wikidata.org/entity/Q49581707,Wilson Park,Point(-118.324166666 33.824166666),,,"park in Los Angeles County, California, United States of America; geonames ID = 8479284"
http://www.wikidata.org/entity/Q49581928,Windermere Park,Point(-118.006944444 33.891111111),,,"park in Los Angeles County, California, United States of America"
http://www.wikidata.org/entity/Q49584042,Zoeter Field,Point(-118.101388888 33.7425),,,park in the United States of America
http://www.wikidata.org/entity/Q54958472,Gardens Casino,Point(-118.078737 33.832334),,https://www.thegardenscasino.com/,cardroom casino in California
http://www.wikidata.org/entity/Q59396934,Seal Beach Historical and Cultural Society Red Car Museum,Point(-118.10665 33.7432325),,http://www.sbhs-redcarmuseum.com/,"museum in restored Pacific Electric rail car in Seal Beach, California"
http://www.wikidata.org/entity/Q118480073,Don Knabe Regional Park,Point(-118.060498 33.850185),,,"Urban park in Cerritos, California"
http://www.wikidata.org/entity/Q121143528,Heritage,Point(-118.166805555 33.775138888),,,"restaurant in Long Beach, California, U.S"
http://www.wikidata.org/entity/Q126164238,Carolyn Campanga Kleefeld Contemporary Art Museum,Point(-118.1147 33.7835),,,"art museum in Long Beach, California"
http://www.wikidata.org/entity/Q69175050,Long Beach Civic Auditorium,Point(-118.189627 33.766256),,,"concert venue in Long Beach, CA, USA"
http://www.wikidata.org/entity/Q113039946,Bored & Hungry,Point(-118.163090833 33.775719),,,fast food restaurant in Long Beach
http://www.wikidata.org/entity/Q137855700,San Pedro Fish Market,Point(-118.2792 33.7377),,,Restaurant in California
http://www.wikidata.org/entity/Q133837927,Compound,Point(-118.15375713 33.784364352),,https://www.compoundlb.com,"interdisciplinary cultural center in Long Beach, California"
http://www.wikidata.org/entity/Q135301115,Sushi Inaba,Point(-118.3531 33.8398),,,"Japanese restaurant in Torrance, California,"
http://www.wikidata.org/entity/Q140421859,Muller House,Point(-118.280327 33.7294246),,https://sanpedrobayhistoricalsociety.com/muller-house,"historic house museum in San Pedro, Los Angeles"
http://www.wikidata.org/entity/Q140451811,Cabrillo Beach Bathhouse,Point(-118.283672 33.709722),,https://recreation.parks.lacity.gov/reccenter/cabrillo-beach-bath-house,"bathhouse and recreation center in San Pedro, Los Angeles, California"
http://www.wikidata.org/entity/Q141272329,Morgan House,Point(-118.2865664 33.7357848),,,"YWCA building in San Pedro, Los Angeles"
http://www.wikidata.org/entity/Q44043,Adventure City,Point(-117.99234 33.815194),,http://www.adventurecity.com,amusement park
http://www.wikidata.org/entity/Q140507965,Wilmington Masonic Temple,Point(-118.262055516 33.77195842),,,
http://www.wikidata.org/entity/Q796229,Earl Burns Miller Japanese Garden,Point(-118.12 33.7852),,https://www.csulb.edu/earl-burns-miller-japanese-garden,
http://www.wikidata.org/entity/Q4549055,1321 Downtown Taproom Bistro,Point(-118.315 33.8342),,http://www.1321downtown.com,
http://www.wikidata.org/entity/Q6430480,Koo's Art Center,Point(-118.185823 33.769116),,,
http://www.wikidata.org/entity/Q49478319,Civic Center Park,Point(-118.39067 33.79966),,,
http://www.wikidata.org/entity/Q49512644,Ladera Linda Park,Point(-118.35131 33.74042),,,
http://www.wikidata.org/entity/Q49535546,Olmsted Place Park,Point(-118.38993 33.80018),,,
http://www.wikidata.org/entity/Q49574532,Veterans Memorial Park,Point(-118.1925 33.810277777),,,"park in Los Angeles County, California, United States of America; geonames ID = 5406110"
http://www.wikidata.org/entity/Q49574735,Veterans Park,Point(-118.3125 33.790277777),,,"park in Los Angeles County, California, United States of America; geonames ID = 5406120"
http://www.wikidata.org/entity/Q49574738,Veterans Park,Point(-118.389166666 33.837222222),,,"park in Los Angeles County, California, United States of America; geonames ID = 5406118"
http://www.wikidata.org/entity/Q49574736,Veterans Park,Point(-118.280555555 33.823611111),,,"park in Los Angeles County, California, United States of America; geonames ID = 5406119"
http://www.wikidata.org/entity/Q49574746,Veterans Park,Point(-118.053611111 33.817222222),,,"park in Orange County, California, United States of America"
http://www.wikidata.org/entity/Q49574960,Victor Park,Point(-118.363888888 33.842222222),,,park in the United States of America
http://www.wikidata.org/entity/Q49575032,Victory Park,Point(-118.185555555 33.765555555),,,"park in Los Angeles County, California, United States of America"
http://www.wikidata.org/entity/Q49575554,Vincent Park,Point(-118.383888888 33.844444444),,,"park in Los Angeles County, California, United States of America"
http://www.wikidata.org/entity/Q49576601,Walteria Park,Point(-118.353888888 33.805277777),,,park in the United States of America
http://www.wikidata.org/entity/Q49576744,Wardlow Park,Point(-118.128611111 33.820555555),,,park in the United States of America
http://www.wikidata.org/entity/Q49578675,West Gate Park,Point(-118.103333333 33.859722222),,,park in the United States of America
http://www.wikidata.org/entity/Q49579337,Westgrove Park,Point(-118.038333333 33.78),,,"park in Orange County, California, United States of America"
http://www.wikidata.org/entity/Q49579695,Whaley Park,Point(-118.121944444 33.788055555),,,"park in Los Angeles County, California, United States of America"
http://www.wikidata.org/entity/Q49580019,White Point Park,Point(-118.313888888 33.718055555),,,"park in Los Angeles County, California, United States of America"
http://www.wikidata.org/entity/Q49580412,Wieder Park,Point(-118.045277777 33.72),,,"park in Orange County, California, United States of America"
http://www.wikidata.org/entity/Q49580566,Wilder Annex Point Fermin Park,Point(-118.301666666 33.710833333),,,"park in Los Angeles County, California, United States of America"
http://www.wikidata.org/entity/Q49581102,William Peak Park,Point(-118.008611111 33.849166666),,,"park in Orange County, California, United States of America"
http://www.wikidata.org/entity/Q49581470,Willow Park,Point(-118.053333333 33.824444444),,,"park in Cypress, Orange County, California, United States"
http://www.wikidata.org/entity/Q44857624,Century 21 Theater,Point(-117.94123 33.84322),,,"former movie theater in Anaheim, California, United States"
http://www.wikidata.org/entity/Q44858215,Liberty Theatre,Point(-117.9060693 34.1266761),,,"former movie theater in Azusa, California, United States"
http://www.wikidata.org/entity/Q44858544,Baldwin Theater,Point(-117.960051 34.085917),,,"former movie theater in Baldwin Park, California, United States"
http://www.wikidata.org/entity/Q44858179,Edwards Village Theatre,Point(-117.9074722 34.1317872),,,"former movie theater in Azusa, California, United States"
http://www.wikidata.org/entity/Q44858196,Foothill Cinema Stadium 10,Point(-117.890085 34.128733),,http://www.regencymovies.com,"movie theater in Azusa, California, United States"
http://www.wikidata.org/entity/Q7283092,Raging Waters,Point(-117.811 34.0781),,http://www.ragingwaters.com/,water park chain
http://www.wikidata.org/entity/Q7419520,Santa Fe Dam Recreation Area,Point(-117.95054 34.11089),,,"county park located in Irwindale, California, US, in the San Gabriel Valley, inside the Santa Fe Dam"
http://www.wikidata.org/entity/Q7730657,The Donut Hole,Point(-117.952 34.0371),,,landmark bakery in California
http://www.wikidata.org/entity/Q44861468,AMC Puente Hills 20,Point(-117.926167 33.995114),,https://www.amctheatres.com/movie-theatres/los-angeles/amc-puente-hills-20,"movie theater in City of Industry, California, United States"
http://www.wikidata.org/entity/Q44862580,AMC Covina 17,Point(-117.905384 34.10515),,https://www.amctheatres.com/movie-theatres/los-angeles/amc-covina-17,"movie theater in Covina, California, United States"
http://www.wikidata.org/entity/Q44862596,Empress Theatre,Point(-117.8901762 34.087959),,,"former movie theater in Covina, California, United States"
http://www.wikidata.org/entity/Q44862610,Fox Covina Theater,Point(-117.9076429 34.0874329),,,"former movie theater in Covina, California, United States"
http://www.wikidata.org/entity/Q44862630,Star Theatre,Point(-117.8901756 34.0879293),,,"former movie theater in Covina, California, United States"
http://www.wikidata.org/entity/Q44863202,Cinema 8,Point(-117.837524 33.976037),,,"former movie theater in Diamond Bar, California, United States"
http://www.wikidata.org/entity/Q44859704,Brea Plaza 5,Point(-117.882164 33.912799),,http://www.tristonecinemas.com,"movie theater in Brea, California, United States"
http://www.wikidata.org/entity/Q44859723,Brea Stadium 22,Point(-117.90099 33.919036),,http://www.regalcinemas.com,"movie theater in Brea, California, United States"
http://www.wikidata.org/entity/Q44859737,Red Lantern Theatre,Point(-117.8986885 33.9192924),,,"former movie theater in Brea, California, United States"
http://www.wikidata.org/entity/Q44859755,UA Marketplace 8,Point(-117.8867455 33.9179176),,,"former movie theater in Brea, California, United States"
http://www.wikidata.org/entity/Q7963456,Wally Parks NHRA Motorsports Museum,Point(-117.767 34.0811),,http://www.1=museum.nhra.com,"automotive museum in California, United States"
http://www.wikidata.org/entity/Q44859771,United Artists Movies 4,Point(-117.89134 33.938265),,,"former movie theater in Brea, California, United States"
http://www.wikidata.org/entity/Q8035025,Workman and Temple Family Homestead Museum,Point(-117.964167 34.02),,https://www.homesteadmuseum.org/,"historic house in California, United States"
http://www.wikidata.org/entity/Q14682140,Haugh Performing Arts Center,Point(-117.88762 34.13516),,,"theater at Citrus College, Los Angeles, California"
http://www.wikidata.org/entity/Q14683007,La Puente Valley Woman's Club,Point(-117.95138889 34.02194444),,,"community center in La Puente, United States of America"
http://www.wikidata.org/entity/Q44863447,Duarte Garden Cinema,Point(-117.957627 34.141586),,,"former movie theater in Duarte, California, United States"
http://www.wikidata.org/entity/Q44865863,AMC Fullerton 20,Point(-117.9199035 33.8626948),,https://www.amctheatres.com/movie-theatres/los-angeles/amc-dine-in-fullerton-20,"movie theater in Fullerton, California, United States"
http://www.wikidata.org/entity/Q44865885,Plummer Auditorium,Point(-117.91988 33.87401),,,"movie theater in Fullerton, California, United States"
http://www.wikidata.org/entity/Q44865937,Wilshire Theatre,Point(-117.926917 33.872632),,,"former movie theater in Fullerton, California, United States"
http://www.wikidata.org/entity/Q44865954,Yorba Linda Cinema,Point(-117.86869 33.8885517),,,"former movie theater in Fullerton, California, United States"
http://www.wikidata.org/entity/Q44865902,Rialto Theater,Point(-117.9244626 33.8721368),,,"former movie theater in Fullerton, California, United States"
http://www.wikidata.org/entity/Q44865921,Titan Theatre,Point(-117.885112 33.876873),,,"former movie theater in Fullerton, California, United States"
http://www.wikidata.org/entity/Q44868339,AMC Fashion Square 4,Point(-117.9591558 33.9172515),,,"former movie theater in La Habra, California, United States"
http://www.wikidata.org/entity/Q44868358,La Habra Stadium 16,Point(-117.965258 33.917412),,http://www.regalcinemas.com,"movie theater in La Habra, California, United States"
http://www.wikidata.org/entity/Q44868372,La Habra Theater,Point(-117.9450247 33.9318814),,,"former movie theater in La Habra, California, United States"
http://www.wikidata.org/entity/Q44868387,La Habra Theatre,Point(-117.9476309 33.939134),,,"former movie theater in La Habra, California, United States"
http://www.wikidata.org/entity/Q44868648,Star Theatre,Point(-117.953036 34.021392),,,"former movie theater in La Puente, California, United States"
http://www.wikidata.org/entity/Q44871851,Mission Theatre,Point(-117.992898 34.144902),,,"former movie theater in Monrovia, California, United States"
http://www.wikidata.org/entity/Q44866500,AMC Glendora 12,Point(-117.8366738 34.1168152),,https://www.amctheatres.com/movie-theatres/los-angeles/amc-glendora-12,"movie theater in Glendora, California, United States"
http://www.wikidata.org/entity/Q44866516,Glendora Theatre,Point(-117.86576 34.1359691),,,"former movie theater in Glendora, California, United States"
http://www.wikidata.org/entity/Q44866535,Mann Glendora 6,Point(-117.8727387 34.1157861),,,"former movie theater in Glendora, California, United States"
http://www.wikidata.org/entity/Q44866556,Plaza Theater,Point(-117.867167 34.138165),,,"former movie theater in Glendora, California, United States"
http://www.wikidata.org/entity/Q44835854,Anaheim Drive-In,Point(-117.91706 33.85619),,,"former drive-in movie theater in Anaheim, California, United States"
http://www.wikidata.org/entity/Q44835909,Azusa Foothill Drive-In,Point(-117.897433 34.135057),,,"former drive-in movie theater in Azusa, California, United States"
http://www.wikidata.org/entity/Q44836529,Covina Twin Drive-In,Point(-117.8703816 34.1059859),,,"former drive-in movie theater in Covina, California, United States"
http://www.wikidata.org/entity/Q44836663,Big Sky Drive-In,Point(-117.9831926 34.1394983),,,"former drive-in movie theater in Duarte, California, United States"
http://www.wikidata.org/entity/Q44837221,La Habra Drive-In,Point(-117.9576 33.915961),,,"former drive-in movie theater in La Habra, California, United States"
http://www.wikidata.org/entity/Q44876902,Placentia Theatre,Point(-117.8755798 33.8699123),,,"former movie theater in Placentia, California, United States"
http://www.wikidata.org/entity/Q44876917,Valencia Theatre,Point(-117.8726192 33.8692064),,,"former movie theater in Placentia, California, United States"
http://www.wikidata.org/entity/Q44879125,Mann Puente Hills East,Point(-117.9207161 33.9945862),,,"former movie theater in Rowland Heights, California, United States"
http://www.wikidata.org/entity/Q44879140,Rowland Heights Theatre,Point(-117.9040592 33.9883844),,,"former movie theater in Rowland Heights, California, United States"
http://www.wikidata.org/entity/Q44880440,Canyon Theatre,Point(-117.7941429 34.1077493),,,"former movie theater in San Dimas, California, United States"
http://www.wikidata.org/entity/Q44886694,Capri Theatre,Point(-117.926678 34.066674),,,"former movie theater in West Covina, California, United States"
http://www.wikidata.org/entity/Q44886707,Eastland 5 Theatres,Point(-117.892344 34.074416),,,"former movie theater in West Covina, California, United States"
http://www.wikidata.org/entity/Q44886722,Edwards West Covina 18,Point(-117.922311 34.07152),,https://www.regmovies.com/theatres/regal-edwards-west-covina/1030,"movie theater in West Covina, California, United States"
http://www.wikidata.org/entity/Q44886738,Wescove Cinemas,Point(-117.9388829 34.0693302),,,"former movie theater in West Covina, California, United States"
http://www.wikidata.org/entity/Q49471812,Acacia Park,Point(-117.895277777 33.883333333),,,"park in Orange County, California, United States of America"
http://www.wikidata.org/entity/Q49471871,Adams Field,Point(-117.886944444 34.131666666),,,"park in Los Angeles County, California, United States of America"
http://www.wikidata.org/entity/Q49471903,Adlena Park,Point(-117.955555555 33.8725),,,"park in Orange County, California, United States of America"
http://www.wikidata.org/entity/Q49472229,Allen J Martin Park,Point(-117.962222222 34.039722222),,,"park in Los Angeles County, California, United States of America"
http://www.wikidata.org/entity/Q49472302,Aloysia Moore Park,Point(-117.981388888 34.131666666),,,"park in Los Angeles County, California, United States of America"
http://www.wikidata.org/entity/Q49500234,Heritage Park,Point(-117.775833333 34.128055555),,,"park in Los Angeles County, California, United States of America; geonames ID = 5356479"
http://www.wikidata.org/entity/Q49500458,Hermosa School Park,Point(-117.925833333 33.908888888),,,"park in Orange County, California, United States of America"
http://www.wikidata.org/entity/Q49501541,Hillcrest Park,Point(-117.921388888 33.8825),,,"park in Orange County, California, United States of America"
http://www.wikidata.org/entity/Q49501791,Hiltscher Park,Point(-117.934722222 33.885),,,"park in Orange County, California, United States of America"
http://www.wikidata.org/entity/Q49502320,Hollenbeck Park,Point(-117.898333333 34.101666666),,,"park in Los Angeles County, California, United States of America"
http://www.wikidata.org/entity/Q49504686,Independence Park of Fullerton,Point(-117.939166666 33.867222222),,,"park in Orange County, California, United States of America"
http://www.wikidata.org/entity/Q49505079,Industry Hills Recreation Center,Point(-117.939722222 34.025277777),,,"park in Los Angeles County, California, United States of America"
http://www.wikidata.org/entity/Q49505533,Irwindale Park,Point(-117.933611111 34.104722222),,,"park in Los Angeles County, California, United States of America"
http://www.wikidata.org/entity/Q49485306,East Shore Recreational Vehicle Park,Point(-117.795277777 34.086388888),,,"park in Los Angeles County, California, United States of America"
http://www.wikidata.org/entity/Q49508279,John Marshall Park,Point(-117.954444444 33.8475),,,park in the United States of America
http://www.wikidata.org/entity/Q49508989,Julianna Park,Point(-117.914444444 33.849166666),,,"park in Orange County, California, United States of America"
http://www.wikidata.org/entity/Q49509030,Junior High Park,Point(-117.893055555 33.926388888),,,"park in Orange County, California, United States of America"
http://www.wikidata.org/entity/Q49509739,Kelby Park,Point(-117.882222222 34.094444444),,,"park in Los Angeles County, California, United States of America"
http://www.wikidata.org/entity/Q49509822,Kellogg Park,Point(-117.785833333 34.0675),,,"park in Los Angeles County, California, United States of America; geonames ID = 5362671"
http://www.wikidata.org/entity/Q49509821,Kellogg Park,Point(-117.808611111 34.0575),,,"park in Los Angeles County, California, United States of America; geonames ID = 5362672"
http://www.wikidata.org/entity/Q49512034,Kraemer Memorial Park,Point(-117.871944444 33.873611111),,,"park in Orange County, California, United States of America"
http://www.wikidata.org/entity/Q49512212,Kuns Park,Point(-117.777777777 34.104166666),,,"park in Los Angeles County, California, United States of America"
http://www.wikidata.org/entity/Q49512364,La Bonita Park,Point(-117.961388888 33.9375),,,"park in Orange County, California, United States of America"
http://www.wikidata.org/entity/Q49485891,Edna Park,Point(-117.893055555 34.0925),,,"park in Los Angeles County, California, United States of America"
http://www.wikidata.org/entity/Q49485937,Edward White Park,Point(-117.951944444 33.888888888),,,"park in Orange County, California, United States of America"
http://www.wikidata.org/entity/Q49486142,El Centro Park,Point(-117.942777777 33.933333333),,,"park in Orange County, California, United States of America"
http://www.wikidata.org/entity/Q49486884,Emerald Park,Point(-117.770277777 34.120277777),,,"park in Los Angeles County, California, United States of America"
http://www.wikidata.org/entity/Q49486929,Emery Park,Point(-117.971944444 33.882777777),,,"park in Orange County, California, United States of America"
http://www.wikidata.org/entity/Q49487054,Encanto Park,Point(-117.937222222 34.144166666),,,"park in Los Angeles County, California, United States of America"
http://www.wikidata.org/entity/Q49487528,Estell Park,Point(-117.920555555 33.943888888),,,"park in Orange County, California, United States of America"
http://www.wikidata.org/entity/Q49472947,Arovista Park,Point(-117.907222222 33.915833333),,,"park in Orange County, California, United States of America"
http://www.wikidata.org/entity/Q49472977,Arroyo Park,Point(-117.871666666 34.021388888),,,"park in Los Angeles County, California, United States of America"
http://www.wikidata.org/entity/Q49473345,Azusa City Park,Point(-117.905555555 34.135277777),,,"park in Los Angeles County, California, United States of America"
http://www.wikidata.org/entity/Q49473682,Barranca Park,Point(-117.882222222 34.0775),,,"park in Los Angeles County, California, United States of America"
http://www.wikidata.org/entity/Q49474045,Beardslee Park,Point(-117.978611111 34.127222222),,,"park in Los Angeles County, California, United States of America"
http://www.wikidata.org/entity/Q49488852,Fern Drive Park,Point(-117.952777777 33.877777777),,,"park in Orange County, California, United States of America"
http://www.wikidata.org/entity/Q49489061,Finkbiner Park,Point(-117.861111111 34.1375),,,"park in Los Angeles County, California, United States of America"
http://www.wikidata.org/entity/Q49490203,Ford Park,Point(-117.932222222 33.873055555),,,"park in Orange County, California, United States of America"
http://www.wikidata.org/entity/Q49512468,La Palma Park,Point(-117.923333333 33.848055555),,,"park in Orange County, California, United States of America"
http://www.wikidata.org/entity/Q49512507,La Puente Park,Point(-117.953055555 34.028333333),,,"park in Los Angeles County, California, United States of America"
http://www.wikidata.org/entity/Q49512539,La Verne Recreation Park,Point(-117.781944444 34.101666666),,,"park in Los Angeles County, California, United States of America"
http://www.wikidata.org/entity/Q49512648,Ladera Serra Park,Point(-117.827222222 34.079166666),,,"park in Los Angeles County, California, United States of America"
http://www.wikidata.org/entity/Q49512848,Lagos De Moreno Park,Point(-117.896666666 33.917222222),,,"park in Orange County, California, United States of America"
http://www.wikidata.org/entity/Q49512874,Laguna Lake Park,Point(-117.939166666 33.903055555),,,"park in Orange County, California, United States of America"
http://www.wikidata.org/entity/Q49514757,Las Flores Park,Point(-117.764166666 34.105555555),,,park in the United States of America
http://www.wikidata.org/entity/Q49514761,Las Lomas Park,Point(-117.947222222 33.922222222),,,"park in Orange County, California, United States of America"
http://www.wikidata.org/entity/Q49515824,Lemon Creek Bicentennial Park,Point(-117.866111111 34.014444444),,,park in the United States of America
http://www.wikidata.org/entity/Q49515836,Lemon Park,Point(-117.920277777 33.863611111),,,"park in Orange County, California, United States of America"
http://www.wikidata.org/entity/Q49515956,Leonard Andrews Tennis Center,Point(-117.925833333 33.893055555),,,park in the United States of America
http://www.wikidata.org/entity/Q49492704,Galster Wilderness Park,Point(-117.900555555 34.043333333),,,"park in Los Angeles County, California, United States of America"
http://www.wikidata.org/entity/Q49492733,Ganesha Park,Point(-117.760833333 34.074722222),,,"park in Los Angeles County, California, United States of America; geonames ID = 5351460"
http://www.wikidata.org/entity/Q49493402,George J Koch Park,Point(-117.854166666 33.902777777),,,"park in Orange County, California, United States of America"
http://www.wikidata.org/entity/Q49493405,George Key Ranch Historic Park,Point(-117.875 33.8975),,,"park in Orange County, California, United States of America"
http://www.wikidata.org/entity/Q49493419,George Manooshian Park,Point(-117.846944444 34.149722222),,,"park in Los Angeles County, California, United States of America"
http://www.wikidata.org/entity/Q49493733,Gilbert Park,Point(-117.966666666 33.8575),,,"park in Orange County, California, United States of America"
http://www.wikidata.org/entity/Q49493867,Gingrich Park,Point(-117.908611111 34.024444444),,,"park in Los Angeles County, California, United States of America"
http://www.wikidata.org/entity/Q49493947,Gladstone Park,Point(-117.901666666 34.116111111),,,"park in Los Angeles County, California, United States of America; geonames ID = 5352297"
http://www.wikidata.org/entity/Q49493945,Gladstone Park,Point(-117.851388888 34.112777777),,,"park in Los Angeles County, California, United States of America; geonames ID = 5352296"
http://www.wikidata.org/entity/Q49494003,Louie Pompei Memorial Sports Park,Point(-117.832777777 34.118611111),,,"park in Los Angeles County, California, United States of America"
http://www.wikidata.org/entity/Q49494252,Gloria Heer Park,Point(-117.912777777 33.979166666),,,"park in Los Angeles County, California, United States of America"
http://www.wikidata.org/entity/Q49476363,Butterfield Park,Point(-117.872222222 34.016666666),,,"park in Los Angeles County, California, United States of America"
http://www.wikidata.org/entity/Q49476407,Byerrum Park,Point(-117.907777777 33.874444444),,,"park in Orange County, California, United States of America"
http://www.wikidata.org/entity/Q49476647,Cameron Park,Point(-117.9175 34.061944444),,,"park in Los Angeles County, California"
http://www.wikidata.org/entity/Q49476990,Carlton Peterson Park,Point(-117.795 34.028611111),,,"park in Los Angeles County, California, United States of America"
http://www.wikidata.org/entity/Q49516885,Lincoln Mini Park,Point(-117.762222222 34.101388888),,,"park in Los Angeles County, California, United States of America"
http://www.wikidata.org/entity/Q49518757,Loma Norte Park,Point(-117.923888888 33.944166666),,,"park in Orange County, California, United States of America"
http://www.wikidata.org/entity/Q49518765,Loma Verde Park,Point(-117.951666666 33.926944444),,,"park in Orange County, California, United States of America"
http://www.wikidata.org/entity/Q49518772,Loma Vista Park,Point(-117.831944444 34.087222222),,,"park in Los Angeles County, California, United States of America"
http://www.wikidata.org/entity/Q49518820,Lone Hill Park,Point(-117.834166666 34.111388888),,,"park in Los Angeles County, California, United States of America"
http://www.wikidata.org/entity/Q49519380,Los Encinos Park,Point(-117.784166666 34.125833333),,,park in the United States of America
http://www.wikidata.org/entity/Q49520333,Lyons Field,Point(-117.921111111 33.885833333),,,park in the United States of America
http://www.wikidata.org/entity/Q44833973,Covina Theater,Point(-117.890113 34.0863682),,,"former movie theater in Covina, California, United States"
http://www.wikidata.org/entity/Q49521367,Manzanita Park,Point(-117.928611111 33.853055555),,,"park in Orange County, California, United States of America"
http://www.wikidata.org/entity/Q5476998,Fox Fullerton Theatre,Point(-117.923889 33.874444),,https://www.foxfullerton.org/,"theater and movie theater in Fullerton, California, United States"
http://www.wikidata.org/entity/Q5486726,Frank G. Bonelli Regional Park,Point(-117.803611111 34.084722222),,http://www.lacountyparks.org/Parkinfo.asp?URL=cms1_033272.asp&Title=Frank%20G.%20Bonelli%20Regional%20Park,"Park in Los Angeles County, California"
http://www.wikidata.org/entity/Q49527932,Montwood Park,Point(-117.943888888 33.914444444),,,"park in Orange County, California, United States of America"
http://www.wikidata.org/entity/Q49528309,Morgan Park,Point(-117.963611111 34.086944444),,,"park in Los Angeles County, California, United States of America"
http://www.wikidata.org/entity/Q49529859,Murphy Ranch Park,Point(-117.984166666 33.957777777),,,"park in Los Angeles County, California, United States of America"
http://www.wikidata.org/entity/Q49531624,Nicolas Park,Point(-117.9425 33.862222222),,,"park in Orange County, California, United States of America"
http://www.wikidata.org/entity/Q49533320,Northside Park,Point(-117.913888888 34.142222222),,,"park in Los Angeles County, California, United States of America"
http://www.wikidata.org/entity/Q49533406,Northview Park,Point(-117.9675 34.136388888),,,"park in Los Angeles County, California, United States of America"
http://www.wikidata.org/entity/Q49534729,Oeste Park,Point(-117.971666666 33.923888888),,,"park in Orange County, California, United States of America"
http://www.wikidata.org/entity/Q49535198,Old Reservoir Park,Point(-117.937777777 33.9425),,,"park in Orange County, California, United States of America"
http://www.wikidata.org/entity/Q49535420,Ole Hammer Park,Point(-117.854444444 34.141111111),,,park in the United States of America
http://www.wikidata.org/entity/Q49535892,Orangethorpe School Park,Point(-117.9575 33.856388888),,,"park in Orange County, California, United States of America"
http://www.wikidata.org/entity/Q49535902,Orangewood Park,Point(-117.947777777 34.064444444),,,park in the United States of America
http://www.wikidata.org/entity/Q49536878,Pacific Drive Park,Point(-117.954722222 33.8675),,,"park in Orange County, California, United States of America"
http://www.wikidata.org/entity/Q49537176,Palm View Park,Point(-117.918055555 34.081666666),,,"park in Los Angeles County, California, United States of America"
http://www.wikidata.org/entity/Q49539976,Parque Xalapa,Point(-117.8625 34.071388888),,,park in the United States of America
http://www.wikidata.org/entity/Q49540330,Paul C Grow Park,Point(-117.810833333 33.994166666),,,"park in Los Angeles County, California, United States of America"
http://www.wikidata.org/entity/Q49540986,Pelota Park,Point(-117.776666666 34.11),,,park in the United States of America
http://www.wikidata.org/entity/Q49541318,Pepperbrook Park,Point(-117.9425 33.9925),,,"park in Los Angeles County, California, United States of America"
http://www.wikidata.org/entity/Q49542134,Phillips Ranch Park,Point(-117.770277777 34.034166666),,,park in the United States of America
http://www.wikidata.org/entity/Q49543254,Pioneer Park,Point(-117.904444444 34.145833333),,,"park in Los Angeles County, California, United States of America; geonames ID = 5383344"
http://www.wikidata.org/entity/Q49543253,Pioneer Park,Point(-117.812777777 34.105),,,"park in Los Angeles County, California, United States of America; geonames ID = 5383342"
http://www.wikidata.org/entity/Q49545267,Portola Park,Point(-117.946944444 33.928888888),,,park in the United States of America
http://www.wikidata.org/entity/Q49546625,Puddingstone Reservoir State Recreation Area,Point(-117.798888888 34.081944444),,,park in the United States of America
http://www.wikidata.org/entity/Q49521567,Marchant Park,Point(-117.798888888 34.111388888),,,"park in Los Angeles County, California, United States of America"
http://www.wikidata.org/entity/Q49524759,Memorial Park,Point(-117.911666666 34.126944444),,,"park in Los Angeles County, California, United States of America; geonames ID = 5372110"
http://www.wikidata.org/entity/Q49526724,Mills Park,Point(-117.776111111 34.134166666),,,park in the United States of America
http://www.wikidata.org/entity/Q49477729,Chapman Park,Point(-117.885555555 33.869444444),,,"park in Orange County, California, United States of America"
http://www.wikidata.org/entity/Q49477827,Charter Oak Park,Point(-117.858333333 34.100555555),,,"park in Los Angeles County, California, United States of America"
http://www.wikidata.org/entity/Q49478249,City Hall Park,Point(-117.902222222 33.914444444),,,"park in Orange County, California, United States of America"
http://www.wikidata.org/entity/Q49478283,City Park,Point(-117.889722222 34.089722222),,,"park in Los Angeles County, California, United States of America"
http://www.wikidata.org/entity/Q49478321,Civic Center Park,Point(-117.804166666 34.107777777),,,"park in Los Angeles County, California, United States of America"
http://www.wikidata.org/entity/Q49480219,Corona Park,Point(-117.956111111 33.929166666),,,"park in Orange County, California, United States of America"
http://www.wikidata.org/entity/Q49480267,Cortez Park,Point(-117.891944444 34.066111111),,,"park in Los Angeles County, California, United States of America"
http://www.wikidata.org/entity/Q49480458,Cougar Mall,Point(-117.888611111 34.130277777),,,"park in Los Angeles County, California, United States of America"
http://www.wikidata.org/entity/Q49480517,Country Hills Park,Point(-117.870277777 33.921666666),,,"park in Orange County, California, United States of America"
http://www.wikidata.org/entity/Q49480535,Country Wood Park,Point(-117.941388888 33.989444444),,,"park in Los Angeles County, California, United States of America"
http://www.wikidata.org/entity/Q49480686,Covina Park,Point(-117.895277777 34.088055555),,,"park in Los Angeles County, California, United States of America"
http://www.wikidata.org/entity/Q49480765,Coyote Hills Park,Point(-117.965 33.896666666),,,"park in Orange County, California, United States of America"
http://www.wikidata.org/entity/Q49480826,Craig Regional Park,Point(-117.884722222 33.906111111),,,"park in Orange County, California, United States of America"
http://www.wikidata.org/entity/Q49481564,Cypress Park,Point(-117.895555555 34.098888888),,,"park in Los Angeles County, California, United States of America; geonames ID = 5341289"
http://www.wikidata.org/entity/Q49482176,Dawson Park,Point(-117.866388888 34.118055555),,,"park in Los Angeles County, California, United States of America"
http://www.wikidata.org/entity/Q49482399,Dee Field,Point(-117.921666666 33.847777777),,,"park in Orange County, California, United States of America"
http://www.wikidata.org/entity/Q49482563,Del Norte Park,Point(-117.9375 34.078888888),,,"park in Los Angeles County, California, United States of America"
http://www.wikidata.org/entity/Q49482911,Descanso Park,Point(-117.928611111 33.933333333),,,"park in Orange County, California, United States of America; geonames ID = 5342669"
http://www.wikidata.org/entity/Q49483509,Doctor Martin Luther King Junior Memorial Park,Point(-117.757222222 34.036111111),,,"park in Los Angeles County, California, United States of America"
http://www.wikidata.org/entity/Q49484327,Duarte Park,Point(-117.975833333 34.136944444),,,"park in Los Angeles County, California, United States of America"
http://www.wikidata.org/entity/Q49484328,Duarte Sports Park,Point(-117.973611111 34.1375),,,"park in Los Angeles County, California, United States of America"
http://www.wikidata.org/entity/Q49494458,Goldenrod Park,Point(-117.86 33.879166666),,,"park in Orange County, California, United States of America"
http://www.wikidata.org/entity/Q49494722,Gordon Sports Park,Point(-117.954722222 34.136666666),,,"park in Los Angeles County, California, United States of America"
http://www.wikidata.org/entity/Q49492101,Friendship Park,Point(-117.879166666 34.009166666),,,"park in Los Angeles County, California, United States of America; geonames ID = 5351048"
http://www.wikidata.org/entity/Q49492403,Fullerton Greenbelt Park,Point(-117.891944444 33.886388888),,,"park in Orange County, California, United States of America"
http://www.wikidata.org/entity/Q49477035,Carolyn Rosas Park,Point(-117.902222222 33.979166666),,,"park in Los Angeles County, California, United States of America"
http://www.wikidata.org/entity/Q49477526,Central Park,Point(-117.756111111 34.057222222),,,"park in Los Angeles County, California, United States of America; geonames ID = 5335556"
http://www.wikidata.org/entity/Q49477573,Central Park West,Point(-117.952222222 34.085555555),,,park in the United States of America
http://www.wikidata.org/entity/Q49474177,Beechwood Park,Point(-117.914722222 33.902222222),,,"park in Orange County, California, United States of America"
http://www.wikidata.org/entity/Q49475549,Bradford Park,Point(-117.864444444 33.888611111),,,"park in Orange County, California, United States of America"
http://www.wikidata.org/entity/Q49475667,Brea Reservoir Park,Point(-117.925833333 33.888888888),,,"park in Orange County, California, United States of America"
http://www.wikidata.org/entity/Q25006932,Carbon Canyon Regional Park,Point(-117.837 33.92),,,"park in Orange County, California"
http://www.wikidata.org/entity/Q49521365,Manzanita Park,Point(-117.974166666 34.003055555),,,"park in Los Angeles County, California, United States of America"
http://www.wikidata.org/entity/Q49521413,Maple Hill Park,Point(-117.825833333 33.995833333),,,"park in Los Angeles County, California, United States of America"
http://www.wikidata.org/entity/Q5508289,Fullerton Arboretum,Point(-117.883 33.8872),fullertonarboretum,http://fullertonarboretum.org,"botanical garden in Fullerton, California"
http://www.wikidata.org/entity/Q5508296,Fullerton Odd Fellows Temple,Point(-117.923611 33.870278),,,"masonic temple in California, United States of America"
http://www.wikidata.org/entity/Q49548003,Rancho Park,Point(-117.84 34.094444444),,,"park in Los Angeles County, California, United States of America"
http://www.wikidata.org/entity/Q49548590,Recreation Park,Point(-117.988333333 34.145833333),,,"park in Los Angeles County, California, United States of America; geonames ID = 5386444"
http://www.wikidata.org/entity/Q49549657,Rhoads Park,Point(-117.809722222 34.106388888),,,"park in Los Angeles County, California, United States of America"
http://www.wikidata.org/entity/Q49549980,Richman Park,Point(-117.929444444 33.863611111),,,"park in Orange County, California, United States of America"
http://www.wikidata.org/entity/Q49550346,Rimgrove Drive Park,Point(-117.920833333 34.031111111),,,"park in Los Angeles County, California, United States of America"
http://www.wikidata.org/entity/Q49553045,Roger Chaffee Park,Point(-117.951388888 33.891944444),,,"park in Orange County, California, United States of America"
http://www.wikidata.org/entity/Q49553258,Rolling Hills Park,Point(-117.900277777 33.9),,,park in the United States of America
http://www.wikidata.org/entity/Q5179329,Covina Center for the Performing Arts,Point(-117.89 34.0864),,,"theater in Covina, California, United States"
http://www.wikidata.org/entity/Q5430689,Fairplex,Point(-117.768 34.0889),,,"fairgrounds in Pomona, California, United States"
http://www.wikidata.org/entity/Q49495913,Greenbriar Park,Point(-117.878055555 33.914444444),,,"park in Orange County, California, United States of America"
http://www.wikidata.org/entity/Q49496672,Guadalupe Park,Point(-117.960833333 33.928611111),,,"park in Orange County, California, United States of America"
http://www.wikidata.org/entity/Q49496991,Hacienda Park,Point(-117.958333333 33.956944444),,,"park in Los Angeles County, California, United States of America; geonames ID = 5354826"
http://www.wikidata.org/entity/Q49496995,Hacienda Park,Point(-117.943611111 34.143055555),,,"park in Los Angeles County, California, United States of America; geonames ID = 5354827"
http://www.wikidata.org/entity/Q49497371,Hamilton Park,Point(-117.763888888 34.060833333),,,"park in Los Angeles County, California, United States of America; geonames ID = 5355096"
http://www.wikidata.org/entity/Q49497744,Hansen Park,Point(-117.964166666 33.841388888),,,"park in Orange County, California, United States of America; geonames ID = 5355248"
http://www.wikidata.org/entity/Q49497839,Happy Town Park,Point(-117.803333333 34.056944444),,,"park in Los Angeles County, California, United States of America"
http://www.wikidata.org/entity/Q49500231,Heritage Park,Point(-117.843333333 33.973888888),,,"park in Los Angeles County, California, United States of America; geonames ID = 5356481"
http://www.wikidata.org/entity/Q49554498,Rowland Heights Park,Point(-117.879722222 33.989166666),,,park in the United States of America
http://www.wikidata.org/entity/Q49554622,Royal Oaks Park,Point(-117.947777777 34.143888888),,,"park in Los Angeles County, California, United States of America"
http://www.wikidata.org/entity/Q49556915,San Dimas Canyon Nature Center,Point(-117.793888888 34.128333333),,,park in the United States of America
http://www.wikidata.org/entity/Q49556917,San Dimas Canyon Park,Point(-117.796111111 34.133333333),,,"park in Los Angeles County, California, United States of America"
http://www.wikidata.org/entity/Q49557021,San Juan Park,Point(-117.927777777 33.904444444),,,"park in Orange County, California, United States of America"
http://www.wikidata.org/entity/Q49557064,San Miguel Park,Point(-117.947777777 33.941666666),,,"park in Orange County, California, United States of America"
http://www.wikidata.org/entity/Q49557705,Santa Fe Park,Point(-117.876666666 33.870277777),,,"park in Orange County, California, United States of America"
http://www.wikidata.org/entity/Q49558309,Schabarum Regional Park,Point(-117.928611111 33.98),,,"park in Los Angeles County, California, United States of America"
http://www.wikidata.org/entity/Q49560105,Shadow Oak Park,Point(-117.899444444 34.019166666),,,"park in Los Angeles County, California, United States of America"
http://www.wikidata.org/entity/Q49561874,Simpson Park,Point(-117.950277777 33.887222222),,,"park in Orange County, California, United States of America"
http://www.wikidata.org/entity/Q49562372,Slauson Park,Point(-117.901666666 34.130277777),,,"park in Los Angeles County, California, United States of America"
http://www.wikidata.org/entity/Q49562758,Snow Creek Park,Point(-117.838055555 34.033333333),,,park in the United States of America
http://www.wikidata.org/entity/Q49563356,South Hills Park,Point(-117.855 34.120833333),,,park in the United States of America
http://www.wikidata.org/entity/Q49566447,Stimson Park,Point(-117.961111111 34.003055555),,,park in the United States of America
http://www.wikidata.org/entity/Q49566749,Story Park,Point(-117.972777777 33.928611111),,,"park in Orange County, California, United States of America"
http://www.wikidata.org/entity/Q49567335,Summit Ridge Park,Point(-117.797777777 33.996666666),,,"park in Los Angeles County, California, United States of America"
http://www.wikidata.org/entity/Q49568062,Sunshine Park,Point(-117.901388888 34.008888888),,,"park in Los Angeles County, California, United States of America; geonames ID = 5400288"
http://www.wikidata.org/entity/Q49568234,Suzanne Park,Point(-117.850277777 34.026944444),,,park in the United States of America
http://www.wikidata.org/entity/Q49568546,Sycamore Canyon Park,Point(-117.8125 34.007777777),,,"park in Los Angeles County, California, United States of America"
http://www.wikidata.org/entity/Q49569030,Tamarack Park,Point(-117.899444444 33.925833333),,,"park in Brea, California, United States"
http://www.wikidata.org/entity/Q49570124,Third Street Park,Point(-117.971388888 34.140833333),,,park in the United States of America
http://www.wikidata.org/entity/Q6783723,Spring Field Banquet Center,Point(-117.923611 33.874167),,,"masonic temple in California, United States of America"
http://www.wikidata.org/entity/Q49581552,Willow Springs Park,Point(-117.8425 34.143611111),,,"park in Los Angeles County, California, United States"
http://www.wikidata.org/entity/Q49582077,Wingate Park,Point(-117.865555555 34.093055555),,,"park in Los Angeles County, California, United States of America"
http://www.wikidata.org/entity/Q49582631,Woodcrest Park,Point(-117.911944444 33.945833333),,,"park in Orange County, California, United States"
http://www.wikidata.org/entity/Q49582629,Woodcrest Park,Point(-117.931944444 33.858611111),,https://www.cityoffullerton.com/Home/Components/FacilityDirectory/FacilityDirectory/103/621,park in the United States of America
http://www.wikidata.org/entity/Q49582683,Woodgrove Park,Point(-117.916111111 34.038888888),,,park in the United States of America
http://www.wikidata.org/entity/Q136400108,Fullerton Train Museum,Point(-117.921736636 33.869069137),,https://fullertontrainmuseum.org,"railroad museum in Fullerton, California"
http://www.wikidata.org/entity/Q111187111,Hillcrest Park,Point(-117.920556 33.882778),,,"historic park in Fullerton, California"
http://www.wikidata.org/entity/Q135655595,Khan Saab Desi Craft Kitchen,Point(-117.92048 33.87056),,,"restaurant in Fullerton, California, US"
http://www.wikidata.org/entity/Q24693297,STAGEStheatre,Point(-117.91706 33.87007),,,
http://www.wikidata.org/entity/Q49570272,Thomas S Burton Park,Point(-117.951944444 33.990833333),,,park in the United States of America
http://www.wikidata.org/entity/Q49571707,Trailview Park,Point(-117.921666666 33.973055555),,,"park in Los Angeles County, California, United States of America"
http://www.wikidata.org/entity/Q49571899,Tri City Park,Point(-117.866111111 33.903888888),,,"park in Orange County, California, United States of America"
http://www.wikidata.org/entity/Q49572362,Tuffree Hill Park,Point(-117.868333333 33.900833333),,,park in the United States of America
http://www.wikidata.org/entity/Q49573760,Valencia Park,Point(-117.971666666 33.8675),,,"park in Orange County, California, United States of America"
http://www.wikidata.org/entity/Q49573964,Valley View Park,Point(-117.94 34.150555555),,,"park in Los Angeles County, California, United States of America"
http://www.wikidata.org/entity/Q49574002,Valleydale Park,Point(-117.918055555 34.112222222),,,"park in Los Angeles County, California, United States of America"
http://www.wikidata.org/entity/Q49574929,Via Verde Park,Point(-117.827222222 34.075),,,park in the United States of America
http://www.wikidata.org/entity/Q49575626,Virgil Grissom Park,Point(-117.951944444 33.894444444),,,park in the United States of America
http://www.wikidata.org/entity/Q49575727,Vista Grande Park,Point(-117.9575 33.922777777),,,"park in Orange County, California, United States of America"
http://www.wikidata.org/entity/Q49575746,Vista Park,Point(-117.8925 33.8975),,,"park in Orange County, California, United States of America"
http://www.wikidata.org/entity/Q49576089,Wagner Park,Point(-117.851666666 33.892777777),,,"park in Orange County, California, United States of America"
http://www.wikidata.org/entity/Q49576465,Walmerado Park,Point(-117.933055555 34.054722222),,,"park in Los Angeles County, California, United States of America"
http://www.wikidata.org/entity/Q49576480,Walnut Creek Park,Point(-117.837222222 34.088611111),,,"park in Los Angeles County, California, United States of America"
http://www.wikidata.org/entity/Q49576511,Walnut Hills Park,Point(-117.877777777 34.015277777),,,"park in Los Angeles County, California, United States of America"
http://www.wikidata.org/entity/Q49576530,Walnut Ranch Park,Point(-117.863055555 34.038611111),,,"park in Los Angeles County, California, United States of America"
http://www.wikidata.org/entity/Q49578003,Weber Street Park,Point(-117.771111111 34.067222222),,,park in the United States of America
http://www.wikidata.org/entity/Q49578171,Welch Park,Point(-117.766111111 34.050277777),,,park in the United States of America
http://www.wikidata.org/entity/Q49578571,West Coyote Hills Tree Park,Point(-117.953611111 33.897777777),,,park in the United States of America
http://www.wikidata.org/entity/Q49579395,Westmont Park,Point(-117.782222222 34.048611111),,,"park in Los Angeles County, California, United States of America"
http://www.wikidata.org/entity/Q49580599,Wilderness Park,Point(-117.852222222 34.081944444),,,"park in Los Angeles County, California, United States of America"
http://www.wikidata.org/entity/Q44884570,Corbin Theatre,Point(-118.5609485 34.1725851),,,"former movie theater in Tarzana, Los Angeles, California, United States"
http://www.wikidata.org/entity/Q44884584,Mann Tarzana West Valley 9,Point(-118.5397755 34.1702697),,,"former movie theater in Tarzana, Los Angeles, California, United States"
http://www.wikidata.org/entity/Q44886755,Holiday Theatre,Point(-118.607307 34.220808),,,"former movie theater in West Hills, California, United States"
http://www.wikidata.org/entity/Q44886770,Mann Fallbrook Twin Theatre,Point(-118.627358 34.192523),,,"former movie theater in West Hills, California, United States"
http://www.wikidata.org/entity/Q44886788,AMC Fallbrook 7,Point(-118.62517 34.192973),,https://www.amctheatres.com/movie-theatres/west-hills/amc-fallbrook-7,"movie theater in West Hills, California, United States"
http://www.wikidata.org/entity/Q44870624,Regal Malibu Cinemas,Point(-118.6854407 34.0361839),,http://www.regalcinemas.com,"movie theater in Malibu, California, United States"
http://www.wikidata.org/entity/Q44875661,Bay Theatre,Point(-118.524316 34.045627),,,"former movie theater in Pacific Palisades, Los Angeles, California, United States"
http://www.wikidata.org/entity/Q44866662,UA Granada Hills 7,Point(-118.5234444 34.2657553),,,"former movie theater in Granada Hills, Los Angeles, California, United States"
http://www.wikidata.org/entity/Q44873106,Fox Northridge Theatre,Point(-118.535262 34.255686),,,"former movie theater in Northridge, Los Angeles, California, United States"
http://www.wikidata.org/entity/Q44873123,Northridge Fashion Center 10,Point(-118.557431 34.24021),,https://www.amctheatres.com/movie-theatres/los-angeles/amc-northridge-10,"movie theater in Northridge, Los Angeles, California, United States"
http://www.wikidata.org/entity/Q44873141,Peppertree Cinemas,Point(-118.5360469 34.2551652),,,"former movie theater in Northridge, Los Angeles, California, United States"
http://www.wikidata.org/entity/Q44873159,Northridge Cinemas,Point(-118.5556811 34.228238),,,"former movie theater in Northridge, Los Angeles, California, United States"
http://www.wikidata.org/entity/Q44887292,former AMC Promenade 16,Point(-118.602503 34.18009),,https://www.amctheatres.com/movie-theatres/los-angeles/amc-promenade-16,"vacant movie theater in Woodland Hills, Los Angeles, California, United States"
http://www.wikidata.org/entity/Q44887311,Topanga Theatre,Point(-118.6057235 34.1866253),,,"former movie theater in Woodland Hills, Los Angeles, California, United States"
http://www.wikidata.org/entity/Q44887329,UA Warner Center,Point(-118.5973394 34.1792393),,,"former movie theater in Woodland Hills, Los Angeles, California, United States"
http://www.wikidata.org/entity/Q44887346,Woodland Hills Cinema I-III,Point(-118.6009026 34.1864778),,,"former movie theater in Woodland Hills, Los Angeles, California, United States"
http://www.wikidata.org/entity/Q44887364,Art Theatre,Point(-118.6050409 34.1691269),,,"former movie theater in Woodland Hills, Los Angeles, California, United States"
http://www.wikidata.org/entity/Q44887379,Valley Circle Theatre,Point(-118.6325631 34.1540694),,,"former movie theater in Woodland Hills, Los Angeles, California, United States"
http://www.wikidata.org/entity/Q49472191,Alizondo Drive Park,Point(-118.605555555 34.150555555),,,"park in Los Angeles County, California, United States of America"
http://www.wikidata.org/entity/Q49472283,Almar Plaza,Point(-118.5375 34.041388888),,,"park in Los Angeles County, California, United States of America"
http://www.wikidata.org/entity/Q49473082,Asilomar Park,Point(-118.537222222 34.039722222),,,"park in Los Angeles County, California, United States of America"
http://www.wikidata.org/entity/Q44860238,Edwards Grand Palace Stadium 6,Point(-118.6450162 34.1548348),,http://www.regalcinemas.com,"movie theater in Calabasas, California, United States"
http://www.wikidata.org/entity/Q44860519,Baronet Theatre,Point(-118.6063562 34.1967324),,,"former movie theater in Canoga Park, Los Angeles, California, United States"
http://www.wikidata.org/entity/Q44860540,Canoga Theater,Point(-118.6010958 34.2009582),,,"former movie theater in Canoga Park, Los Angeles, California, United States"
http://www.wikidata.org/entity/Q44861036,Pacific Winnetka 12 & XD,Point(-118.5744466 34.2382998),,http://www.pacifictheatres.com/winnetka/,"movie theater in Chatsworth, Los Angeles, California, United States"
http://www.wikidata.org/entity/Q49477207,Castle Peak Park,Point(-118.653888888 34.207222222),,,"park in Los Angeles County, California, United States of America"
http://www.wikidata.org/entity/Q49477838,Sean Brown Park,Point(-118.618333333 34.223055555),,,"park in Los Angeles County, California, United States of America"
http://www.wikidata.org/entity/Q5566363,Gladstones Malibu,Point(-118.556666666 34.038333333),,https://www.gladstones.com/,American seafood restaurant commonly referred to as Gladstones
http://www.wikidata.org/entity/Q49478910,Cold Creek Canyon Preserve,Point(-118.648611111 34.094444444),,,"park in Los Angeles County, California, United States of America"
http://www.wikidata.org/entity/Q7777576,Theatricum Botanicum,Point(-118.593 34.1113),,,"open-air theater in Topanga Canyon near Santa Monica, California, United States"
http://www.wikidata.org/entity/Q7912150,Valley Music Theater,Point(-118.582 34.1664),,,"former theater in Woodland Hills, Los Angeles, California"
http://www.wikidata.org/entity/Q15264258,Orcutt Ranch Horticulture Center,Point(-118.64055556 34.21861111),,,"historic site in California, USA"
http://www.wikidata.org/entity/Q49487087,Encino Park,Point(-118.502777777 34.160555555),,,"park in Los Angeles County, California, United States of America"
http://www.wikidata.org/entity/Q49491787,Freedom Park,Point(-118.613333333 34.143611111),,,"park in Los Angeles County, California, United States of America"
http://www.wikidata.org/entity/Q49493040,Gates Canyon Park,Point(-118.6925 34.161111111),,,"park in Los Angeles County, California, United States of America"
http://www.wikidata.org/entity/Q3364006,Bell Canyon Park,Point(-118.663 34.2014),,https://www.laparks.org/park/bell-canyon,park in the American state of California
http://www.wikidata.org/entity/Q5021110,California State University Northridge Botanic Garden,Point(-118.527 34.2389),,,"botanic garden in California, US"
http://www.wikidata.org/entity/Q180401,Getty Villa,Point(-118.565 34.045),,https://www.getty.edu/visit/villa/,"art museum in Los Angeles, California"
http://www.wikidata.org/entity/Q44836265,Canoga Park Drive-In,Point(-118.5980527 34.2147778),,,"former drive-in movie theater in Canoga Park, Los Angeles, California, United States"
http://www.wikidata.org/entity/Q44836360,Winnetka 6 Drive-In,Point(-118.573724 34.238166),,,"former drive-in movie theater in Chatsworth, Los Angeles, California, United States"
http://www.wikidata.org/entity/Q29641581,Cohasset Melba Park,Point(-118.6355 34.2058),,,"urban park in San Fernando Valley, Los Angeles, California"
http://www.wikidata.org/entity/Q17027746,Reseda Country Club,Point(-118.53454 34.201417),,,"former multipurpose indoor venue in Reseda, California"
http://www.wikidata.org/entity/Q49514848,Las Tunas Beach,Point(-118.597222222 34.039166666),,,"park in Los Angeles County, California, United States of America"
http://www.wikidata.org/entity/Q49515280,Lazy J Ranch Park,Point(-118.645277777 34.213055555),,,"park in Los Angeles County, California, USA"
http://www.wikidata.org/entity/Q49520685,Mae Boyar Recreation Center,Point(-118.646666666 34.195555555),,,park in the United States of America
http://www.wikidata.org/entity/Q49521034,Malibu Bluffs Park,Point(-118.706111111 34.0325),,,park in the United States of America
http://www.wikidata.org/entity/Q49507612,Jesse Owens Park,Point(-118.518055555 34.199444444),,,"park in Los Angeles County, California, United States of America"
http://www.wikidata.org/entity/Q49508325,John Quimby Park,Point(-118.587777777 34.198333333),,,"park in Los Angeles County, California, United States of America"
http://www.wikidata.org/entity/Q49509862,Kelly Field,Point(-118.571944444 34.183055555),,,"park in Los Angeles County, California, United States of America"
http://www.wikidata.org/entity/Q49511661,Knapp Ranch Park,Point(-118.663333333 34.188888888),,,"park in Los Angeles County, California, United States of America"
http://www.wikidata.org/entity/Q49514342,Lanark Park,Point(-118.604166666 34.216388888),,,park in the United States of America
http://www.wikidata.org/entity/Q14681908,El Escorpión Park,Point(-118.663333333 34.196388888),,,"park in Los Angeles County, California, United States of America"
http://www.wikidata.org/entity/Q8003058,Will Rogers State Beach,Point(-118.56 34.0397),,http://www.parks.ca.gov/?page_id=625,"state beach on Santa Monica Bay, Los Angeles, California, United States"
http://www.wikidata.org/entity/Q14684149,Topanga State Park,Point(-118.549 34.0953),,https://www.parks.ca.gov/?page_id=629,"state park in Los Angeles, California, United States"
http://www.wikidata.org/entity/Q49533287,Northridge Recreation Center,Point(-118.533333333 34.252777777),,,"park in Los Angeles County, California, United States of America"
http://www.wikidata.org/entity/Q49535967,Orcutt Ranch Horticultural Center Park,Point(-118.640555555 34.218611111),,,park in the United States of America
http://www.wikidata.org/entity/Q49540002,Parthenia Park,Point(-118.598888888 34.227777777),,,park in the United States of America
http://www.wikidata.org/entity/Q44838312,Reseda Drive-In,Point(-118.5349477 34.1940167),,,"former drive-in movie theater in Reseda, Los Angeles, California, United States"
http://www.wikidata.org/entity/Q6743398,Malibu Creek State Park,Point(-118.711 34.1008),,https://www.parks.ca.gov/?page_id=614,"state park of California, United States"
http://www.wikidata.org/entity/Q6743409,Malibu Lagoon State Beach,Point(-118.679 34.0333),,https://www.parks.ca.gov/?page_id=835,surfing beach in California
http://www.wikidata.org/entity/Q49549416,Reseda Park,Point(-118.533888888 34.188333333),,,"park in Los Angeles, USA"
http://www.wikidata.org/entity/Q49550604,Rivas Canyon Park,Point(-118.517222222 34.056388888),,,"park in Los Angeles County, California, United States of America"
http://www.wikidata.org/entity/Q49554853,Runnymede Recreation Center,Point(-118.5725 34.204722222),,,"park in Los Angeles County, California, United States of America"
http://www.wikidata.org/entity/Q49555050,Rustic Canyon Recreation Center,Point(-118.514722222 34.037777777),,,"recreation center and former clubhouse in Pacific Palisades, Los Angeles"
http://www.wikidata.org/entity/Q49555049,Rustic Canyon Park,Point(-118.515 34.038),,,"park in Los Angeles County, California, United States of America"
http://www.wikidata.org/entity/Q49557828,Santa Ynez Canyon Park,Point(-118.566111111 34.070277777),,,park in the United States of America
http://www.wikidata.org/entity/Q49579138,L.A.P.D. S.W.A.T. Officer Randal D. Simmons Park,Point(-118.545277777 34.193611111),,,"park in Los Angeles County, California, United States of America"
http://www.wikidata.org/entity/Q49582138,Winnetka Recreation Center,Point(-118.572222222 34.223333333),,,park in the United States of America
http://www.wikidata.org/entity/Q49582725,Woodland Hills Recreation Center,Point(-118.613611111 34.177222222),,,park in the United States of America
http://www.wikidata.org/entity/Q49569152,Tapia Park,Point(-118.706388888 34.084722222),,,"park in Los Angeles County, California, United States of America"
http://www.wikidata.org/entity/Q49569211,Tarzana Park,Point(-118.550833333 34.175),,,"park in Los Angeles County, California, United States of America"
http://www.wikidata.org/entity/Q49569268,Taxco Trails Park,Point(-118.638333333 34.2125),,,"park in Los Angeles County, California, United States of America"
http://www.wikidata.org/entity/Q49569496,Temescal Canyon Park,Point(-118.529722222 34.050555555),,,park in the United States of America
http://www.wikidata.org/entity/Q80954290,Laemmle Town Center 5,Point(-118.5077 34.15998),,https://www.laemmle.com/theater/town-center-5,"movie theater in Encino, California"
http://www.wikidata.org/entity/Q85790543,Old Trapper's Lodge,Point(-118.5834754 34.1850721),,,historic site in Los Angeles Pierce College
http://www.wikidata.org/entity/Q55603747,"Alumni Park, Pepperdine",Point(-118.70758056 34.03868333),,,"park in Malibu, California, USA"
http://www.wikidata.org/entity/Q78835091,Cinepolis Luxury Cinemas Pacific Palisades,Point(-118.52519 34.04845),,https://cinepolisusa.com/locations/cin%C3%A9polis-luxury-cinemas-pacific-palisades,"movie theater in Pacific Palisades, California"
http://www.wikidata.org/entity/Q108220332,UCLA Stunt Ranch Classroom and Nature Center,Point(-118.657543 34.090888),,,nature center building at the UCLA Stunt Ranch Santa Monica Mountains Reserve
http://www.wikidata.org/entity/Q116229097,Palisades Recreation Center,Point(-118.525025563 34.042056163),,https://www.laparks.org/reccenter/palisades,"Recreation center and park in Pacific Palisades, Los Angeles, United States of America"
http://www.wikidata.org/entity/Q116229235,Potrero Canyon Park,Point(-118.523952927 34.036337819),,,"park in Pacific Palisades, California, U.S.A"
http://www.wikidata.org/entity/Q122451898,Saddle Peak Lodge,Point(-118.693194444 34.078194444),,,"restaurant in Calabasas, California, U.S"
http://www.wikidata.org/entity/Q131741904,Saint Matthew's Episcopal church,Point(-118.5413 34.0538),,https://www.moorerubleyudell.com/project/st-matthews-parish-church/,"building in Pacific Palisades, Los Angeles (1983-)"
http://www.wikidata.org/entity/Q131926929,Topanga State Beach,Point(-118.5815 34.039),,,"public seashore, Los Angeles County, California"
http://www.wikidata.org/entity/Q132093138,Cholada Thai,Point(-118.584093 34.039106),,https://choladathailongbeach.com/,"Thai restaurant in Malibu, California"
http://www.wikidata.org/entity/Q132200518,Reel Inn,Point(-118.581666666 34.039722222),,,"seafood restaurant in Topanga, Calfornia, US"
http://www.wikidata.org/entity/Q132477483,Vittorio's,Point(-118.5446 34.0479),,,"Italian restaurant in Lost Angeles, California"
http://www.wikidata.org/entity/Q49559795,Serrania Avenue Park,Point(-118.586388888 34.155),,,park in the United States of America
http://www.wikidata.org/entity/Q49560106,Shadow Ranch Park,Point(-118.619722222 34.195),,,"park in Los Angeles County, California, United States of America"
http://www.wikidata.org/entity/Q49574146,Vanalden Park,Point(-118.548055555 34.232777777),,,park in the United States of America
http://www.wikidata.org/entity/Q49576808,Warner Ranch Park,Point(-118.604166666 34.176388888),,,"park in Los Angeles County, California, United States of America"
http://www.wikidata.org/entity/Q49578717,West Hills Recreation Center,Point(-118.656944444 34.1975),,,park in the United States of America
