item,itemLabel,coord,instagram,website,desc
http://www.wikidata.org/entity/Q42669166,Folly Theatre,Point(-90.0511548 29.9485695),,,"former movie theater in New Orleans, Louisiana, United States"
http://www.wikidata.org/entity/Q42669166,Folly Theatre,Point(-90.0511548 29.9485695),,,"former movie theater in New Orleans, Louisiana, United States"
http://www.wikidata.org/entity/Q42669166,Folly Theatre,Point(-90.0511548 29.9485695),,,"former movie theater in New Orleans, Louisiana, United States"
http://www.wikidata.org/entity/Q42669166,Folly Theatre,Point(-90.0511548 29.9485695),,,"former movie theater in New Orleans, Louisiana, United States"
http://www.wikidata.org/entity/Q42669166,Folly Theatre,Point(-90.0511548 29.9485695),,,"former movie theater in New Orleans, Louisiana, United States"
http://www.wikidata.org/entity/Q42669166,Folly Theatre,Point(-90.0511548 29.9485695),,,"former movie theater in New Orleans, Louisiana, United States"
http://www.wikidata.org/entity/Q42669166,Folly Theatre,Point(-90.0511548 29.9485695),,,"former movie theater in New Orleans, Louisiana, United States"
http://www.wikidata.org/entity/Q42669166,Folly Theatre,Point(-90.0511548 29.9485695),,,"former movie theater in New Orleans, Louisiana, United States"
http://www.wikidata.org/entity/Q42669166,Folly Theatre,Point(-90.0511548 29.9485695),,,"former movie theater in New Orleans, Louisiana, United States"
http://www.wikidata.org/entity/Q42669166,Folly Theatre,Point(-90.0511548 29.9485695),,,"former movie theater in New Orleans, Louisiana, United States"
http://www.wikidata.org/entity/Q42669166,Folly Theatre,Point(-90.0511548 29.9485695),,,"former movie theater in New Orleans, Louisiana, United States"
http://www.wikidata.org/entity/Q42669166,Folly Theatre,Point(-90.0511548 29.9485695),,,"former movie theater in New Orleans, Louisiana, United States"
http://www.wikidata.org/entity/Q42669176,Carrollton Theater,Point(-90.10087 29.973638),,,"former movie theater in New Orleans, Louisiana, United States"
http://www.wikidata.org/entity/Q42669176,Carrollton Theater,Point(-90.10087 29.973638),,,"former movie theater in New Orleans, Louisiana, United States"
http://www.wikidata.org/entity/Q42669176,Carrollton Theater,Point(-90.10087 29.973638),,,"former movie theater in New Orleans, Louisiana, United States"
http://www.wikidata.org/entity/Q42669176,Carrollton Theater,Point(-90.10087 29.973638),,,"former movie theater in New Orleans, Louisiana, United States"
http://www.wikidata.org/entity/Q42669176,Carrollton Theater,Point(-90.10087 29.973638),,,"former movie theater in New Orleans, Louisiana, United States"
http://www.wikidata.org/entity/Q42669176,Carrollton Theater,Point(-90.10087 29.973638),,,"former movie theater in New Orleans, Louisiana, United States"
http://www.wikidata.org/entity/Q42669176,Carrollton Theater,Point(-90.10087 29.973638),,,"former movie theater in New Orleans, Louisiana, United States"
http://www.wikidata.org/entity/Q42669176,Carrollton Theater,Point(-90.10087 29.973638),,,"former movie theater in New Orleans, Louisiana, United States"
http://www.wikidata.org/entity/Q42669176,Carrollton Theater,Point(-90.10087 29.973638),,,"former movie theater in New Orleans, Louisiana, United States"
http://www.wikidata.org/entity/Q42669176,Carrollton Theater,Point(-90.10087 29.973638),,,"former movie theater in New Orleans, Louisiana, United States"
http://www.wikidata.org/entity/Q42669176,Carrollton Theater,Point(-90.10087 29.973638),,,"former movie theater in New Orleans, Louisiana, United States"
http://www.wikidata.org/entity/Q42669176,Carrollton Theater,Point(-90.10087 29.973638),,,"former movie theater in New Orleans, Louisiana, United States"
http://www.wikidata.org/entity/Q42669176,Carrollton Theater,Point(-90.10087 29.973638),,,"former movie theater in New Orleans, Louisiana, United States"
http://www.wikidata.org/entity/Q42669176,Carrollton Theater,Point(-90.10087 29.973638),,,"former movie theater in New Orleans, Louisiana, United States"
http://www.wikidata.org/entity/Q42669176,Carrollton Theater,Point(-90.10087 29.973638),,,"former movie theater in New Orleans, Louisiana, United States"
http://www.wikidata.org/entity/Q42669176,Carrollton Theater,Point(-90.10087 29.973638),,,"former movie theater in New Orleans, Louisiana, United States"
http://www.wikidata.org/entity/Q42669176,Carrollton Theater,Point(-90.10087 29.973638),,,"former movie theater in New Orleans, Louisiana, United States"
http://www.wikidata.org/entity/Q42669176,Carrollton Theater,Point(-90.10087 29.973638),,,"former movie theater in New Orleans, Louisiana, United States"
http://www.wikidata.org/entity/Q42669176,Carrollton Theater,Point(-90.10087 29.973638),,,"former movie theater in New Orleans, Louisiana, United States"
http://www.wikidata.org/entity/Q42669176,Carrollton Theater,Point(-90.10087 29.973638),,,"former movie theater in New Orleans, Louisiana, United States"
http://www.wikidata.org/entity/Q42669176,Carrollton Theater,Point(-90.10087 29.973638),,,"former movie theater in New Orleans, Louisiana, United States"
http://www.wikidata.org/entity/Q42669176,Carrollton Theater,Point(-90.10087 29.973638),,,"former movie theater in New Orleans, Louisiana, United States"
http://www.wikidata.org/entity/Q42669176,Carrollton Theater,Point(-90.10087 29.973638),,,"former movie theater in New Orleans, Louisiana, United States"
http://www.wikidata.org/entity/Q42669176,Carrollton Theater,Point(-90.10087 29.973638),,,"former movie theater in New Orleans, Louisiana, United States"
http://www.wikidata.org/entity/Q42669176,Carrollton Theater,Point(-90.10087 29.973638),,,"former movie theater in New Orleans, Louisiana, United States"
http://www.wikidata.org/entity/Q42669176,Carrollton Theater,Point(-90.10087 29.973638),,,"former movie theater in New Orleans, Louisiana, United States"
http://www.wikidata.org/entity/Q42669187,Cortez Theatre,Point(-90.098735 29.971636),,,"former movie theater in New Orleans, Louisiana, United States"
http://www.wikidata.org/entity/Q42669187,Cortez Theatre,Point(-90.098735 29.971636),,,"former movie theater in New Orleans, Louisiana, United States"
http://www.wikidata.org/entity/Q42669187,Cortez Theatre,Point(-90.098735 29.971636),,,"former movie theater in New Orleans, Louisiana, United States"
http://www.wikidata.org/entity/Q42669187,Cortez Theatre,Point(-90.098735 29.971636),,,"former movie theater in New Orleans, Louisiana, United States"
http://www.wikidata.org/entity/Q42669187,Cortez Theatre,Point(-90.098735 29.971636),,,"former movie theater in New Orleans, Louisiana, United States"
http://www.wikidata.org/entity/Q42669187,Cortez Theatre,Point(-90.098735 29.971636),,,"former movie theater in New Orleans, Louisiana, United States"
http://www.wikidata.org/entity/Q42669187,Cortez Theatre,Point(-90.098735 29.971636),,,"former movie theater in New Orleans, Louisiana, United States"
http://www.wikidata.org/entity/Q42669187,Cortez Theatre,Point(-90.098735 29.971636),,,"former movie theater in New Orleans, Louisiana, United States"
http://www.wikidata.org/entity/Q42669187,Cortez Theatre,Point(-90.098735 29.971636),,,"former movie theater in New Orleans, Louisiana, United States"
http://www.wikidata.org/entity/Q42669187,Cortez Theatre,Point(-90.098735 29.971636),,,"former movie theater in New Orleans, Louisiana, United States"
http://www.wikidata.org/entity/Q42669187,Cortez Theatre,Point(-90.098735 29.971636),,,"former movie theater in New Orleans, Louisiana, United States"
http://www.wikidata.org/entity/Q42669187,Cortez Theatre,Point(-90.098735 29.971636),,,"former movie theater in New Orleans, Louisiana, United States"
http://www.wikidata.org/entity/Q42669187,Cortez Theatre,Point(-90.098735 29.971636),,,"former movie theater in New Orleans, Louisiana, United States"
http://www.wikidata.org/entity/Q42669187,Cortez Theatre,Point(-90.098735 29.971636),,,"former movie theater in New Orleans, Louisiana, United States"
http://www.wikidata.org/entity/Q42669187,Cortez Theatre,Point(-90.098735 29.971636),,,"former movie theater in New Orleans, Louisiana, United States"
http://www.wikidata.org/entity/Q42669187,Cortez Theatre,Point(-90.098735 29.971636),,,"former movie theater in New Orleans, Louisiana, United States"
http://www.wikidata.org/entity/Q42669187,Cortez Theatre,Point(-90.098735 29.971636),,,"former movie theater in New Orleans, Louisiana, United States"
http://www.wikidata.org/entity/Q42669187,Cortez Theatre,Point(-90.098735 29.971636),,,"former movie theater in New Orleans, Louisiana, United States"
http://www.wikidata.org/entity/Q42669187,Cortez Theatre,Point(-90.098735 29.971636),,,"former movie theater in New Orleans, Louisiana, United States"
http://www.wikidata.org/entity/Q42669187,Cortez Theatre,Point(-90.098735 29.971636),,,"former movie theater in New Orleans, Louisiana, United States"
http://www.wikidata.org/entity/Q42669187,Cortez Theatre,Point(-90.098735 29.971636),,,"former movie theater in New Orleans, Louisiana, United States"
http://www.wikidata.org/entity/Q42669187,Cortez Theatre,Point(-90.098735 29.971636),,,"former movie theater in New Orleans, Louisiana, United States"
http://www.wikidata.org/entity/Q42669187,Cortez Theatre,Point(-90.098735 29.971636),,,"former movie theater in New Orleans, Louisiana, United States"
http://www.wikidata.org/entity/Q42669187,Cortez Theatre,Point(-90.098735 29.971636),,,"former movie theater in New Orleans, Louisiana, United States"
http://www.wikidata.org/entity/Q42669187,Cortez Theatre,Point(-90.098735 29.971636),,,"former movie theater in New Orleans, Louisiana, United States"
http://www.wikidata.org/entity/Q42669187,Cortez Theatre,Point(-90.098735 29.971636),,,"former movie theater in New Orleans, Louisiana, United States"
http://www.wikidata.org/entity/Q42669198,Escorial Theater,Point(-90.09422 29.965542),,,"former movie theater in New Orleans, Louisiana, United States"
http://www.wikidata.org/entity/Q42669198,Escorial Theater,Point(-90.09422 29.965542),,,"former movie theater in New Orleans, Louisiana, United States"
http://www.wikidata.org/entity/Q42669198,Escorial Theater,Point(-90.09422 29.965542),,,"former movie theater in New Orleans, Louisiana, United States"
http://www.wikidata.org/entity/Q42669198,Escorial Theater,Point(-90.09422 29.965542),,,"former movie theater in New Orleans, Louisiana, United States"
http://www.wikidata.org/entity/Q42669198,Escorial Theater,Point(-90.09422 29.965542),,,"former movie theater in New Orleans, Louisiana, United States"
http://www.wikidata.org/entity/Q42669198,Escorial Theater,Point(-90.09422 29.965542),,,"former movie theater in New Orleans, Louisiana, United States"
http://www.wikidata.org/entity/Q42669198,Escorial Theater,Point(-90.09422 29.965542),,,"former movie theater in New Orleans, Louisiana, United States"
http://www.wikidata.org/entity/Q42669198,Escorial Theater,Point(-90.09422 29.965542),,,"former movie theater in New Orleans, Louisiana, United States"
http://www.wikidata.org/entity/Q42669198,Escorial Theater,Point(-90.09422 29.965542),,,"former movie theater in New Orleans, Louisiana, United States"
http://www.wikidata.org/entity/Q42669198,Escorial Theater,Point(-90.09422 29.965542),,,"former movie theater in New Orleans, Louisiana, United States"
http://www.wikidata.org/entity/Q42669198,Escorial Theater,Point(-90.09422 29.965542),,,"former movie theater in New Orleans, Louisiana, United States"
http://www.wikidata.org/entity/Q42669198,Escorial Theater,Point(-90.09422 29.965542),,,"former movie theater in New Orleans, Louisiana, United States"
http://www.wikidata.org/entity/Q42669198,Escorial Theater,Point(-90.09422 29.965542),,,"former movie theater in New Orleans, Louisiana, United States"
http://www.wikidata.org/entity/Q42669198,Escorial Theater,Point(-90.09422 29.965542),,,"former movie theater in New Orleans, Louisiana, United States"
http://www.wikidata.org/entity/Q42669198,Escorial Theater,Point(-90.09422 29.965542),,,"former movie theater in New Orleans, Louisiana, United States"
http://www.wikidata.org/entity/Q42669198,Escorial Theater,Point(-90.09422 29.965542),,,"former movie theater in New Orleans, Louisiana, United States"
http://www.wikidata.org/entity/Q42669198,Escorial Theater,Point(-90.09422 29.965542),,,"former movie theater in New Orleans, Louisiana, United States"
http://www.wikidata.org/entity/Q42669198,Escorial Theater,Point(-90.09422 29.965542),,,"former movie theater in New Orleans, Louisiana, United States"
http://www.wikidata.org/entity/Q42669198,Escorial Theater,Point(-90.09422 29.965542),,,"former movie theater in New Orleans, Louisiana, United States"
http://www.wikidata.org/entity/Q42669198,Escorial Theater,Point(-90.09422 29.965542),,,"former movie theater in New Orleans, Louisiana, United States"
http://www.wikidata.org/entity/Q42669198,Escorial Theater,Point(-90.09422 29.965542),,,"former movie theater in New Orleans, Louisiana, United States"
http://www.wikidata.org/entity/Q42669198,Escorial Theater,Point(-90.09422 29.965542),,,"former movie theater in New Orleans, Louisiana, United States"
http://www.wikidata.org/entity/Q42669198,Escorial Theater,Point(-90.09422 29.965542),,,"former movie theater in New Orleans, Louisiana, United States"
http://www.wikidata.org/entity/Q42669198,Escorial Theater,Point(-90.09422 29.965542),,,"former movie theater in New Orleans, Louisiana, United States"
http://www.wikidata.org/entity/Q42669198,Escorial Theater,Point(-90.09422 29.965542),,,"former movie theater in New Orleans, Louisiana, United States"
http://www.wikidata.org/entity/Q42669198,Escorial Theater,Point(-90.09422 29.965542),,,"former movie theater in New Orleans, Louisiana, United States"
http://www.wikidata.org/entity/Q42669204,Martin Cinerama,Point(-90.1009508 29.9665747),,,"former movie theater in New Orleans, Louisiana, United States"
http://www.wikidata.org/entity/Q42669204,Martin Cinerama,Point(-90.1009508 29.9665747),,,"former movie theater in New Orleans, Louisiana, United States"
http://www.wikidata.org/entity/Q42669204,Martin Cinerama,Point(-90.1009508 29.9665747),,,"former movie theater in New Orleans, Louisiana, United States"
http://www.wikidata.org/entity/Q42669204,Martin Cinerama,Point(-90.1009508 29.9665747),,,"former movie theater in New Orleans, Louisiana, United States"
http://www.wikidata.org/entity/Q42669204,Martin Cinerama,Point(-90.1009508 29.9665747),,,"former movie theater in New Orleans, Louisiana, United States"
http://www.wikidata.org/entity/Q42669204,Martin Cinerama,Point(-90.1009508 29.9665747),,,"former movie theater in New Orleans, Louisiana, United States"
http://www.wikidata.org/entity/Q42669204,Martin Cinerama,Point(-90.1009508 29.9665747),,,"former movie theater in New Orleans, Louisiana, United States"
http://www.wikidata.org/entity/Q42669204,Martin Cinerama,Point(-90.1009508 29.9665747),,,"former movie theater in New Orleans, Louisiana, United States"
http://www.wikidata.org/entity/Q42669204,Martin Cinerama,Point(-90.1009508 29.9665747),,,"former movie theater in New Orleans, Louisiana, United States"
http://www.wikidata.org/entity/Q42669204,Martin Cinerama,Point(-90.1009508 29.9665747),,,"former movie theater in New Orleans, Louisiana, United States"
http://www.wikidata.org/entity/Q42669123,Kenilworth Cinema,Point(-90.0111394 30.0300605),,,"former movie theater in New Orleans, Louisiana, United States"
http://www.wikidata.org/entity/Q42669123,Kenilworth Cinema,Point(-90.0111394 30.0300605),,,"former movie theater in New Orleans, Louisiana, United States"
http://www.wikidata.org/entity/Q42669123,Kenilworth Cinema,Point(-90.0111394 30.0300605),,,"former movie theater in New Orleans, Louisiana, United States"
http://www.wikidata.org/entity/Q42669123,Kenilworth Cinema,Point(-90.0111394 30.0300605),,,"former movie theater in New Orleans, Louisiana, United States"
http://www.wikidata.org/entity/Q42669123,Kenilworth Cinema,Point(-90.0111394 30.0300605),,,"former movie theater in New Orleans, Louisiana, United States"
http://www.wikidata.org/entity/Q42669123,Kenilworth Cinema,Point(-90.0111394 30.0300605),,,"former movie theater in New Orleans, Louisiana, United States"
http://www.wikidata.org/entity/Q42669123,Kenilworth Cinema,Point(-90.0111394 30.0300605),,,"former movie theater in New Orleans, Louisiana, United States"
http://www.wikidata.org/entity/Q42669123,Kenilworth Cinema,Point(-90.0111394 30.0300605),,,"former movie theater in New Orleans, Louisiana, United States"
http://www.wikidata.org/entity/Q42669133,Caffin Theatre,Point(-90.012761 29.971618),,,"former movie theater in New Orleans, Louisiana, United States"
http://www.wikidata.org/entity/Q42669133,Caffin Theatre,Point(-90.012761 29.971618),,,"former movie theater in New Orleans, Louisiana, United States"
http://www.wikidata.org/entity/Q42669133,Caffin Theatre,Point(-90.012761 29.971618),,,"former movie theater in New Orleans, Louisiana, United States"
http://www.wikidata.org/entity/Q42669133,Caffin Theatre,Point(-90.012761 29.971618),,,"former movie theater in New Orleans, Louisiana, United States"
http://www.wikidata.org/entity/Q42669133,Caffin Theatre,Point(-90.012761 29.971618),,,"former movie theater in New Orleans, Louisiana, United States"
http://www.wikidata.org/entity/Q42669133,Caffin Theatre,Point(-90.012761 29.971618),,,"former movie theater in New Orleans, Louisiana, United States"
http://www.wikidata.org/entity/Q42669133,Caffin Theatre,Point(-90.012761 29.971618),,,"former movie theater in New Orleans, Louisiana, United States"
http://www.wikidata.org/entity/Q42669133,Caffin Theatre,Point(-90.012761 29.971618),,,"former movie theater in New Orleans, Louisiana, United States"
http://www.wikidata.org/entity/Q42669133,Caffin Theatre,Point(-90.012761 29.971618),,,"former movie theater in New Orleans, Louisiana, United States"
http://www.wikidata.org/entity/Q42669133,Caffin Theatre,Point(-90.012761 29.971618),,,"former movie theater in New Orleans, Louisiana, United States"
http://www.wikidata.org/entity/Q42669133,Caffin Theatre,Point(-90.012761 29.971618),,,"former movie theater in New Orleans, Louisiana, United States"
http://www.wikidata.org/entity/Q42669133,Caffin Theatre,Point(-90.012761 29.971618),,,"former movie theater in New Orleans, Louisiana, United States"
http://www.wikidata.org/entity/Q42669133,Caffin Theatre,Point(-90.012761 29.971618),,,"former movie theater in New Orleans, Louisiana, United States"
http://www.wikidata.org/entity/Q42669133,Caffin Theatre,Point(-90.012761 29.971618),,,"former movie theater in New Orleans, Louisiana, United States"
http://www.wikidata.org/entity/Q42669133,Caffin Theatre,Point(-90.012761 29.971618),,,"former movie theater in New Orleans, Louisiana, United States"
http://www.wikidata.org/entity/Q42669133,Caffin Theatre,Point(-90.012761 29.971618),,,"former movie theater in New Orleans, Louisiana, United States"
http://www.wikidata.org/entity/Q42669133,Caffin Theatre,Point(-90.012761 29.971618),,,"former movie theater in New Orleans, Louisiana, United States"
http://www.wikidata.org/entity/Q42669133,Caffin Theatre,Point(-90.012761 29.971618),,,"former movie theater in New Orleans, Louisiana, United States"
http://www.wikidata.org/entity/Q42669133,Caffin Theatre,Point(-90.012761 29.971618),,,"former movie theater in New Orleans, Louisiana, United States"
http://www.wikidata.org/entity/Q42669133,Caffin Theatre,Point(-90.012761 29.971618),,,"former movie theater in New Orleans, Louisiana, United States"
http://www.wikidata.org/entity/Q42669133,Caffin Theatre,Point(-90.012761 29.971618),,,"former movie theater in New Orleans, Louisiana, United States"
http://www.wikidata.org/entity/Q42669133,Caffin Theatre,Point(-90.012761 29.971618),,,"former movie theater in New Orleans, Louisiana, United States"
http://www.wikidata.org/entity/Q42669133,Caffin Theatre,Point(-90.012761 29.971618),,,"former movie theater in New Orleans, Louisiana, United States"
http://www.wikidata.org/entity/Q42669133,Caffin Theatre,Point(-90.012761 29.971618),,,"former movie theater in New Orleans, Louisiana, United States"
http://www.wikidata.org/entity/Q42669133,Caffin Theatre,Point(-90.012761 29.971618),,,"former movie theater in New Orleans, Louisiana, United States"
http://www.wikidata.org/entity/Q42669133,Caffin Theatre,Point(-90.012761 29.971618),,,"former movie theater in New Orleans, Louisiana, United States"
http://www.wikidata.org/entity/Q42669147,Happy Hour Theatre,Point(-90.0750144 29.9307762),,,"former movie theater in New Orleans, Louisiana, United States"
http://www.wikidata.org/entity/Q42669147,Happy Hour Theatre,Point(-90.0750144 29.9307762),,,"former movie theater in New Orleans, Louisiana, United States"
http://www.wikidata.org/entity/Q42669147,Happy Hour Theatre,Point(-90.0750144 29.9307762),,,"former movie theater in New Orleans, Louisiana, United States"
http://www.wikidata.org/entity/Q42669147,Happy Hour Theatre,Point(-90.0750144 29.9307762),,,"former movie theater in New Orleans, Louisiana, United States"
http://www.wikidata.org/entity/Q42669147,Happy Hour Theatre,Point(-90.0750144 29.9307762),,,"former movie theater in New Orleans, Louisiana, United States"
http://www.wikidata.org/entity/Q42669147,Happy Hour Theatre,Point(-90.0750144 29.9307762),,,"former movie theater in New Orleans, Louisiana, United States"
http://www.wikidata.org/entity/Q42669147,Happy Hour Theatre,Point(-90.0750144 29.9307762),,,"former movie theater in New Orleans, Louisiana, United States"
http://www.wikidata.org/entity/Q42669147,Happy Hour Theatre,Point(-90.0750144 29.9307762),,,"former movie theater in New Orleans, Louisiana, United States"
http://www.wikidata.org/entity/Q42669147,Happy Hour Theatre,Point(-90.0750144 29.9307762),,,"former movie theater in New Orleans, Louisiana, United States"
http://www.wikidata.org/entity/Q42669147,Happy Hour Theatre,Point(-90.0750144 29.9307762),,,"former movie theater in New Orleans, Louisiana, United States"
http://www.wikidata.org/entity/Q42669147,Happy Hour Theatre,Point(-90.0750144 29.9307762),,,"former movie theater in New Orleans, Louisiana, United States"
http://www.wikidata.org/entity/Q42669147,Happy Hour Theatre,Point(-90.0750144 29.9307762),,,"former movie theater in New Orleans, Louisiana, United States"
http://www.wikidata.org/entity/Q42669147,Happy Hour Theatre,Point(-90.0750144 29.9307762),,,"former movie theater in New Orleans, Louisiana, United States"
http://www.wikidata.org/entity/Q42669147,Happy Hour Theatre,Point(-90.0750144 29.9307762),,,"former movie theater in New Orleans, Louisiana, United States"
http://www.wikidata.org/entity/Q42669147,Happy Hour Theatre,Point(-90.0750144 29.9307762),,,"former movie theater in New Orleans, Louisiana, United States"
http://www.wikidata.org/entity/Q42669147,Happy Hour Theatre,Point(-90.0750144 29.9307762),,,"former movie theater in New Orleans, Louisiana, United States"
http://www.wikidata.org/entity/Q42669147,Happy Hour Theatre,Point(-90.0750144 29.9307762),,,"former movie theater in New Orleans, Louisiana, United States"
http://www.wikidata.org/entity/Q42669147,Happy Hour Theatre,Point(-90.0750144 29.9307762),,,"former movie theater in New Orleans, Louisiana, United States"
http://www.wikidata.org/entity/Q42669147,Happy Hour Theatre,Point(-90.0750144 29.9307762),,,"former movie theater in New Orleans, Louisiana, United States"
http://www.wikidata.org/entity/Q42669147,Happy Hour Theatre,Point(-90.0750144 29.9307762),,,"former movie theater in New Orleans, Louisiana, United States"
http://www.wikidata.org/entity/Q42669147,Happy Hour Theatre,Point(-90.0750144 29.9307762),,,"former movie theater in New Orleans, Louisiana, United States"
http://www.wikidata.org/entity/Q42669147,Happy Hour Theatre,Point(-90.0750144 29.9307762),,,"former movie theater in New Orleans, Louisiana, United States"
http://www.wikidata.org/entity/Q42669147,Happy Hour Theatre,Point(-90.0750144 29.9307762),,,"former movie theater in New Orleans, Louisiana, United States"
http://www.wikidata.org/entity/Q42669147,Happy Hour Theatre,Point(-90.0750144 29.9307762),,,"former movie theater in New Orleans, Louisiana, United States"
http://www.wikidata.org/entity/Q42669147,Happy Hour Theatre,Point(-90.0750144 29.9307762),,,"former movie theater in New Orleans, Louisiana, United States"
http://www.wikidata.org/entity/Q42669147,Happy Hour Theatre,Point(-90.0750144 29.9307762),,,"former movie theater in New Orleans, Louisiana, United States"
http://www.wikidata.org/entity/Q42669157,Paris Theatre,Point(-90.057126 29.966689),,,"former movie theater in New Orleans, Louisiana, United States"
http://www.wikidata.org/entity/Q42669157,Paris Theatre,Point(-90.057126 29.966689),,,"former movie theater in New Orleans, Louisiana, United States"
http://www.wikidata.org/entity/Q42669157,Paris Theatre,Point(-90.057126 29.966689),,,"former movie theater in New Orleans, Louisiana, United States"
http://www.wikidata.org/entity/Q42669157,Paris Theatre,Point(-90.057126 29.966689),,,"former movie theater in New Orleans, Louisiana, United States"
http://www.wikidata.org/entity/Q42669157,Paris Theatre,Point(-90.057126 29.966689),,,"former movie theater in New Orleans, Louisiana, United States"
http://www.wikidata.org/entity/Q42669157,Paris Theatre,Point(-90.057126 29.966689),,,"former movie theater in New Orleans, Louisiana, United States"
http://www.wikidata.org/entity/Q42669157,Paris Theatre,Point(-90.057126 29.966689),,,"former movie theater in New Orleans, Louisiana, United States"
http://www.wikidata.org/entity/Q42669157,Paris Theatre,Point(-90.057126 29.966689),,,"former movie theater in New Orleans, Louisiana, United States"
http://www.wikidata.org/entity/Q42669157,Paris Theatre,Point(-90.057126 29.966689),,,"former movie theater in New Orleans, Louisiana, United States"
http://www.wikidata.org/entity/Q42669157,Paris Theatre,Point(-90.057126 29.966689),,,"former movie theater in New Orleans, Louisiana, United States"
http://www.wikidata.org/entity/Q42669157,Paris Theatre,Point(-90.057126 29.966689),,,"former movie theater in New Orleans, Louisiana, United States"
http://www.wikidata.org/entity/Q42669157,Paris Theatre,Point(-90.057126 29.966689),,,"former movie theater in New Orleans, Louisiana, United States"
http://www.wikidata.org/entity/Q42669157,Paris Theatre,Point(-90.057126 29.966689),,,"former movie theater in New Orleans, Louisiana, United States"
http://www.wikidata.org/entity/Q42669157,Paris Theatre,Point(-90.057126 29.966689),,,"former movie theater in New Orleans, Louisiana, United States"
http://www.wikidata.org/entity/Q42669157,Paris Theatre,Point(-90.057126 29.966689),,,"former movie theater in New Orleans, Louisiana, United States"
http://www.wikidata.org/entity/Q42669157,Paris Theatre,Point(-90.057126 29.966689),,,"former movie theater in New Orleans, Louisiana, United States"
http://www.wikidata.org/entity/Q42669157,Paris Theatre,Point(-90.057126 29.966689),,,"former movie theater in New Orleans, Louisiana, United States"
http://www.wikidata.org/entity/Q42669157,Paris Theatre,Point(-90.057126 29.966689),,,"former movie theater in New Orleans, Louisiana, United States"
http://www.wikidata.org/entity/Q42669157,Paris Theatre,Point(-90.057126 29.966689),,,"former movie theater in New Orleans, Louisiana, United States"
http://www.wikidata.org/entity/Q42669157,Paris Theatre,Point(-90.057126 29.966689),,,"former movie theater in New Orleans, Louisiana, United States"
http://www.wikidata.org/entity/Q42669157,Paris Theatre,Point(-90.057126 29.966689),,,"former movie theater in New Orleans, Louisiana, United States"
http://www.wikidata.org/entity/Q42669157,Paris Theatre,Point(-90.057126 29.966689),,,"former movie theater in New Orleans, Louisiana, United States"
http://www.wikidata.org/entity/Q42669157,Paris Theatre,Point(-90.057126 29.966689),,,"former movie theater in New Orleans, Louisiana, United States"
http://www.wikidata.org/entity/Q42669157,Paris Theatre,Point(-90.057126 29.966689),,,"former movie theater in New Orleans, Louisiana, United States"
http://www.wikidata.org/entity/Q42669157,Paris Theatre,Point(-90.057126 29.966689),,,"former movie theater in New Orleans, Louisiana, United States"
http://www.wikidata.org/entity/Q42669157,Paris Theatre,Point(-90.057126 29.966689),,,"former movie theater in New Orleans, Louisiana, United States"
http://www.wikidata.org/entity/Q42669166,Folly Theatre,Point(-90.0511548 29.9485695),,,"former movie theater in New Orleans, Louisiana, United States"
http://www.wikidata.org/entity/Q42669166,Folly Theatre,Point(-90.0511548 29.9485695),,,"former movie theater in New Orleans, Louisiana, United States"
http://www.wikidata.org/entity/Q42669166,Folly Theatre,Point(-90.0511548 29.9485695),,,"former movie theater in New Orleans, Louisiana, United States"
http://www.wikidata.org/entity/Q42669166,Folly Theatre,Point(-90.0511548 29.9485695),,,"former movie theater in New Orleans, Louisiana, United States"
http://www.wikidata.org/entity/Q42669166,Folly Theatre,Point(-90.0511548 29.9485695),,,"former movie theater in New Orleans, Louisiana, United States"
http://www.wikidata.org/entity/Q42669166,Folly Theatre,Point(-90.0511548 29.9485695),,,"former movie theater in New Orleans, Louisiana, United States"
http://www.wikidata.org/entity/Q42669166,Folly Theatre,Point(-90.0511548 29.9485695),,,"former movie theater in New Orleans, Louisiana, United States"
http://www.wikidata.org/entity/Q42669166,Folly Theatre,Point(-90.0511548 29.9485695),,,"former movie theater in New Orleans, Louisiana, United States"
http://www.wikidata.org/entity/Q42669166,Folly Theatre,Point(-90.0511548 29.9485695),,,"former movie theater in New Orleans, Louisiana, United States"
http://www.wikidata.org/entity/Q42669166,Folly Theatre,Point(-90.0511548 29.9485695),,,"former movie theater in New Orleans, Louisiana, United States"
http://www.wikidata.org/entity/Q42669166,Folly Theatre,Point(-90.0511548 29.9485695),,,"former movie theater in New Orleans, Louisiana, United States"
http://www.wikidata.org/entity/Q42669166,Folly Theatre,Point(-90.0511548 29.9485695),,,"former movie theater in New Orleans, Louisiana, United States"
http://www.wikidata.org/entity/Q42669166,Folly Theatre,Point(-90.0511548 29.9485695),,,"former movie theater in New Orleans, Louisiana, United States"
http://www.wikidata.org/entity/Q42669166,Folly Theatre,Point(-90.0511548 29.9485695),,,"former movie theater in New Orleans, Louisiana, United States"
http://www.wikidata.org/entity/Q42669048,Robert E. Lee Theatre,Point(-90.111714 30.021013),,,"former movie theater in New Orleans, Louisiana, United States"
http://www.wikidata.org/entity/Q42669048,Robert E. Lee Theatre,Point(-90.111714 30.021013),,,"former movie theater in New Orleans, Louisiana, United States"
http://www.wikidata.org/entity/Q42669048,Robert E. Lee Theatre,Point(-90.111714 30.021013),,,"former movie theater in New Orleans, Louisiana, United States"
http://www.wikidata.org/entity/Q42669048,Robert E. Lee Theatre,Point(-90.111714 30.021013),,,"former movie theater in New Orleans, Louisiana, United States"
http://www.wikidata.org/entity/Q42669048,Robert E. Lee Theatre,Point(-90.111714 30.021013),,,"former movie theater in New Orleans, Louisiana, United States"
http://www.wikidata.org/entity/Q42669048,Robert E. Lee Theatre,Point(-90.111714 30.021013),,,"former movie theater in New Orleans, Louisiana, United States"
http://www.wikidata.org/entity/Q42669048,Robert E. Lee Theatre,Point(-90.111714 30.021013),,,"former movie theater in New Orleans, Louisiana, United States"
http://www.wikidata.org/entity/Q42669048,Robert E. Lee Theatre,Point(-90.111714 30.021013),,,"former movie theater in New Orleans, Louisiana, United States"
http://www.wikidata.org/entity/Q42669048,Robert E. Lee Theatre,Point(-90.111714 30.021013),,,"former movie theater in New Orleans, Louisiana, United States"
http://www.wikidata.org/entity/Q42669048,Robert E. Lee Theatre,Point(-90.111714 30.021013),,,"former movie theater in New Orleans, Louisiana, United States"
http://www.wikidata.org/entity/Q42669048,Robert E. Lee Theatre,Point(-90.111714 30.021013),,,"former movie theater in New Orleans, Louisiana, United States"
http://www.wikidata.org/entity/Q42669048,Robert E. Lee Theatre,Point(-90.111714 30.021013),,,"former movie theater in New Orleans, Louisiana, United States"
http://www.wikidata.org/entity/Q42669048,Robert E. Lee Theatre,Point(-90.111714 30.021013),,,"former movie theater in New Orleans, Louisiana, United States"
http://www.wikidata.org/entity/Q42669048,Robert E. Lee Theatre,Point(-90.111714 30.021013),,,"former movie theater in New Orleans, Louisiana, United States"
http://www.wikidata.org/entity/Q42669048,Robert E. Lee Theatre,Point(-90.111714 30.021013),,,"former movie theater in New Orleans, Louisiana, United States"
http://www.wikidata.org/entity/Q42669048,Robert E. Lee Theatre,Point(-90.111714 30.021013),,,"former movie theater in New Orleans, Louisiana, United States"
http://www.wikidata.org/entity/Q42669048,Robert E. Lee Theatre,Point(-90.111714 30.021013),,,"former movie theater in New Orleans, Louisiana, United States"
http://www.wikidata.org/entity/Q42669048,Robert E. Lee Theatre,Point(-90.111714 30.021013),,,"former movie theater in New Orleans, Louisiana, United States"
http://www.wikidata.org/entity/Q42669048,Robert E. Lee Theatre,Point(-90.111714 30.021013),,,"former movie theater in New Orleans, Louisiana, United States"
http://www.wikidata.org/entity/Q42669048,Robert E. Lee Theatre,Point(-90.111714 30.021013),,,"former movie theater in New Orleans, Louisiana, United States"
http://www.wikidata.org/entity/Q42669048,Robert E. Lee Theatre,Point(-90.111714 30.021013),,,"former movie theater in New Orleans, Louisiana, United States"
http://www.wikidata.org/entity/Q42669048,Robert E. Lee Theatre,Point(-90.111714 30.021013),,,"former movie theater in New Orleans, Louisiana, United States"
http://www.wikidata.org/entity/Q42669048,Robert E. Lee Theatre,Point(-90.111714 30.021013),,,"former movie theater in New Orleans, Louisiana, United States"
http://www.wikidata.org/entity/Q42669048,Robert E. Lee Theatre,Point(-90.111714 30.021013),,,"former movie theater in New Orleans, Louisiana, United States"
http://www.wikidata.org/entity/Q42669048,Robert E. Lee Theatre,Point(-90.111714 30.021013),,,"former movie theater in New Orleans, Louisiana, United States"
http://www.wikidata.org/entity/Q42669048,Robert E. Lee Theatre,Point(-90.111714 30.021013),,,"former movie theater in New Orleans, Louisiana, United States"
http://www.wikidata.org/entity/Q42669060,Beacon Theatre,Point(-90.1043092 30.0045212),,,"former movie theater in New Orleans, Louisiana, United States"
http://www.wikidata.org/entity/Q42669060,Beacon Theatre,Point(-90.1043092 30.0045212),,,"former movie theater in New Orleans, Louisiana, United States"
http://www.wikidata.org/entity/Q42669060,Beacon Theatre,Point(-90.1043092 30.0045212),,,"former movie theater in New Orleans, Louisiana, United States"
http://www.wikidata.org/entity/Q42669060,Beacon Theatre,Point(-90.1043092 30.0045212),,,"former movie theater in New Orleans, Louisiana, United States"
http://www.wikidata.org/entity/Q42669060,Beacon Theatre,Point(-90.1043092 30.0045212),,,"former movie theater in New Orleans, Louisiana, United States"
http://www.wikidata.org/entity/Q42669060,Beacon Theatre,Point(-90.1043092 30.0045212),,,"former movie theater in New Orleans, Louisiana, United States"
http://www.wikidata.org/entity/Q42669060,Beacon Theatre,Point(-90.1043092 30.0045212),,,"former movie theater in New Orleans, Louisiana, United States"
http://www.wikidata.org/entity/Q42669060,Beacon Theatre,Point(-90.1043092 30.0045212),,,"former movie theater in New Orleans, Louisiana, United States"
http://www.wikidata.org/entity/Q42669060,Beacon Theatre,Point(-90.1043092 30.0045212),,,"former movie theater in New Orleans, Louisiana, United States"
http://www.wikidata.org/entity/Q42669060,Beacon Theatre,Point(-90.1043092 30.0045212),,,"former movie theater in New Orleans, Louisiana, United States"
http://www.wikidata.org/entity/Q42669060,Beacon Theatre,Point(-90.1043092 30.0045212),,,"former movie theater in New Orleans, Louisiana, United States"
http://www.wikidata.org/entity/Q42669060,Beacon Theatre,Point(-90.1043092 30.0045212),,,"former movie theater in New Orleans, Louisiana, United States"
http://www.wikidata.org/entity/Q42669060,Beacon Theatre,Point(-90.1043092 30.0045212),,,"former movie theater in New Orleans, Louisiana, United States"
http://www.wikidata.org/entity/Q42669060,Beacon Theatre,Point(-90.1043092 30.0045212),,,"former movie theater in New Orleans, Louisiana, United States"
http://www.wikidata.org/entity/Q42669060,Beacon Theatre,Point(-90.1043092 30.0045212),,,"former movie theater in New Orleans, Louisiana, United States"
http://www.wikidata.org/entity/Q42669060,Beacon Theatre,Point(-90.1043092 30.0045212),,,"former movie theater in New Orleans, Louisiana, United States"
http://www.wikidata.org/entity/Q42669060,Beacon Theatre,Point(-90.1043092 30.0045212),,,"former movie theater in New Orleans, Louisiana, United States"
http://www.wikidata.org/entity/Q42669060,Beacon Theatre,Point(-90.1043092 30.0045212),,,"former movie theater in New Orleans, Louisiana, United States"
http://www.wikidata.org/entity/Q42669060,Beacon Theatre,Point(-90.1043092 30.0045212),,,"former movie theater in New Orleans, Louisiana, United States"
http://www.wikidata.org/entity/Q42669060,Beacon Theatre,Point(-90.1043092 30.0045212),,,"former movie theater in New Orleans, Louisiana, United States"
http://www.wikidata.org/entity/Q42669060,Beacon Theatre,Point(-90.1043092 30.0045212),,,"former movie theater in New Orleans, Louisiana, United States"
http://www.wikidata.org/entity/Q42669060,Beacon Theatre,Point(-90.1043092 30.0045212),,,"former movie theater in New Orleans, Louisiana, United States"
http://www.wikidata.org/entity/Q42669060,Beacon Theatre,Point(-90.1043092 30.0045212),,,"former movie theater in New Orleans, Louisiana, United States"
http://www.wikidata.org/entity/Q42669060,Beacon Theatre,Point(-90.1043092 30.0045212),,,"former movie theater in New Orleans, Louisiana, United States"
http://www.wikidata.org/entity/Q42669060,Beacon Theatre,Point(-90.1043092 30.0045212),,,"former movie theater in New Orleans, Louisiana, United States"
http://www.wikidata.org/entity/Q42669060,Beacon Theatre,Point(-90.1043092 30.0045212),,,"former movie theater in New Orleans, Louisiana, United States"
http://www.wikidata.org/entity/Q42669070,Lakeview Theatre,Point(-90.1055843 30.0041916),,,"former movie theater in New Orleans, Louisiana, United States"
http://www.wikidata.org/entity/Q42669070,Lakeview Theatre,Point(-90.1055843 30.0041916),,,"former movie theater in New Orleans, Louisiana, United States"
http://www.wikidata.org/entity/Q42669070,Lakeview Theatre,Point(-90.1055843 30.0041916),,,"former movie theater in New Orleans, Louisiana, United States"
http://www.wikidata.org/entity/Q42669070,Lakeview Theatre,Point(-90.1055843 30.0041916),,,"former movie theater in New Orleans, Louisiana, United States"
http://www.wikidata.org/entity/Q42669070,Lakeview Theatre,Point(-90.1055843 30.0041916),,,"former movie theater in New Orleans, Louisiana, United States"
http://www.wikidata.org/entity/Q42669070,Lakeview Theatre,Point(-90.1055843 30.0041916),,,"former movie theater in New Orleans, Louisiana, United States"
http://www.wikidata.org/entity/Q42669070,Lakeview Theatre,Point(-90.1055843 30.0041916),,,"former movie theater in New Orleans, Louisiana, United States"
http://www.wikidata.org/entity/Q42669070,Lakeview Theatre,Point(-90.1055843 30.0041916),,,"former movie theater in New Orleans, Louisiana, United States"
http://www.wikidata.org/entity/Q42669070,Lakeview Theatre,Point(-90.1055843 30.0041916),,,"former movie theater in New Orleans, Louisiana, United States"
http://www.wikidata.org/entity/Q42669070,Lakeview Theatre,Point(-90.1055843 30.0041916),,,"former movie theater in New Orleans, Louisiana, United States"
http://www.wikidata.org/entity/Q42669070,Lakeview Theatre,Point(-90.1055843 30.0041916),,,"former movie theater in New Orleans, Louisiana, United States"
http://www.wikidata.org/entity/Q42669070,Lakeview Theatre,Point(-90.1055843 30.0041916),,,"former movie theater in New Orleans, Louisiana, United States"
http://www.wikidata.org/entity/Q42669070,Lakeview Theatre,Point(-90.1055843 30.0041916),,,"former movie theater in New Orleans, Louisiana, United States"
http://www.wikidata.org/entity/Q42669070,Lakeview Theatre,Point(-90.1055843 30.0041916),,,"former movie theater in New Orleans, Louisiana, United States"
http://www.wikidata.org/entity/Q42669070,Lakeview Theatre,Point(-90.1055843 30.0041916),,,"former movie theater in New Orleans, Louisiana, United States"
http://www.wikidata.org/entity/Q42669070,Lakeview Theatre,Point(-90.1055843 30.0041916),,,"former movie theater in New Orleans, Louisiana, United States"
http://www.wikidata.org/entity/Q42669070,Lakeview Theatre,Point(-90.1055843 30.0041916),,,"former movie theater in New Orleans, Louisiana, United States"
http://www.wikidata.org/entity/Q42669070,Lakeview Theatre,Point(-90.1055843 30.0041916),,,"former movie theater in New Orleans, Louisiana, United States"
http://www.wikidata.org/entity/Q42669070,Lakeview Theatre,Point(-90.1055843 30.0041916),,,"former movie theater in New Orleans, Louisiana, United States"
http://www.wikidata.org/entity/Q42669070,Lakeview Theatre,Point(-90.1055843 30.0041916),,,"former movie theater in New Orleans, Louisiana, United States"
http://www.wikidata.org/entity/Q42669070,Lakeview Theatre,Point(-90.1055843 30.0041916),,,"former movie theater in New Orleans, Louisiana, United States"
http://www.wikidata.org/entity/Q42669070,Lakeview Theatre,Point(-90.1055843 30.0041916),,,"former movie theater in New Orleans, Louisiana, United States"
http://www.wikidata.org/entity/Q42669070,Lakeview Theatre,Point(-90.1055843 30.0041916),,,"former movie theater in New Orleans, Louisiana, United States"
http://www.wikidata.org/entity/Q42669070,Lakeview Theatre,Point(-90.1055843 30.0041916),,,"former movie theater in New Orleans, Louisiana, United States"
http://www.wikidata.org/entity/Q42669070,Lakeview Theatre,Point(-90.1055843 30.0041916),,,"former movie theater in New Orleans, Louisiana, United States"
http://www.wikidata.org/entity/Q42669070,Lakeview Theatre,Point(-90.1055843 30.0041916),,,"former movie theater in New Orleans, Louisiana, United States"
http://www.wikidata.org/entity/Q42669081,Ashton Theater,Point(-90.12205 29.960281),,,"former movie theater in New Orleans, Louisiana, United States"
http://www.wikidata.org/entity/Q42669081,Ashton Theater,Point(-90.12205 29.960281),,,"former movie theater in New Orleans, Louisiana, United States"
http://www.wikidata.org/entity/Q42669081,Ashton Theater,Point(-90.12205 29.960281),,,"former movie theater in New Orleans, Louisiana, United States"
http://www.wikidata.org/entity/Q42669081,Ashton Theater,Point(-90.12205 29.960281),,,"former movie theater in New Orleans, Louisiana, United States"
http://www.wikidata.org/entity/Q42669081,Ashton Theater,Point(-90.12205 29.960281),,,"former movie theater in New Orleans, Louisiana, United States"
http://www.wikidata.org/entity/Q42669081,Ashton Theater,Point(-90.12205 29.960281),,,"former movie theater in New Orleans, Louisiana, United States"
http://www.wikidata.org/entity/Q42669081,Ashton Theater,Point(-90.12205 29.960281),,,"former movie theater in New Orleans, Louisiana, United States"
http://www.wikidata.org/entity/Q42669081,Ashton Theater,Point(-90.12205 29.960281),,,"former movie theater in New Orleans, Louisiana, United States"
http://www.wikidata.org/entity/Q42669081,Ashton Theater,Point(-90.12205 29.960281),,,"former movie theater in New Orleans, Louisiana, United States"
http://www.wikidata.org/entity/Q42669081,Ashton Theater,Point(-90.12205 29.960281),,,"former movie theater in New Orleans, Louisiana, United States"
http://www.wikidata.org/entity/Q42669081,Ashton Theater,Point(-90.12205 29.960281),,,"former movie theater in New Orleans, Louisiana, United States"
http://www.wikidata.org/entity/Q42669081,Ashton Theater,Point(-90.12205 29.960281),,,"former movie theater in New Orleans, Louisiana, United States"
http://www.wikidata.org/entity/Q42669081,Ashton Theater,Point(-90.12205 29.960281),,,"former movie theater in New Orleans, Louisiana, United States"
http://www.wikidata.org/entity/Q42669081,Ashton Theater,Point(-90.12205 29.960281),,,"former movie theater in New Orleans, Louisiana, United States"
http://www.wikidata.org/entity/Q42669081,Ashton Theater,Point(-90.12205 29.960281),,,"former movie theater in New Orleans, Louisiana, United States"
http://www.wikidata.org/entity/Q42669081,Ashton Theater,Point(-90.12205 29.960281),,,"former movie theater in New Orleans, Louisiana, United States"
http://www.wikidata.org/entity/Q42669081,Ashton Theater,Point(-90.12205 29.960281),,,"former movie theater in New Orleans, Louisiana, United States"
http://www.wikidata.org/entity/Q42669081,Ashton Theater,Point(-90.12205 29.960281),,,"former movie theater in New Orleans, Louisiana, United States"
http://www.wikidata.org/entity/Q42669081,Ashton Theater,Point(-90.12205 29.960281),,,"former movie theater in New Orleans, Louisiana, United States"
http://www.wikidata.org/entity/Q42669081,Ashton Theater,Point(-90.12205 29.960281),,,"former movie theater in New Orleans, Louisiana, United States"
http://www.wikidata.org/entity/Q42669081,Ashton Theater,Point(-90.12205 29.960281),,,"former movie theater in New Orleans, Louisiana, United States"
http://www.wikidata.org/entity/Q42669081,Ashton Theater,Point(-90.12205 29.960281),,,"former movie theater in New Orleans, Louisiana, United States"
http://www.wikidata.org/entity/Q42669081,Ashton Theater,Point(-90.12205 29.960281),,,"former movie theater in New Orleans, Louisiana, United States"
http://www.wikidata.org/entity/Q42669081,Ashton Theater,Point(-90.12205 29.960281),,,"former movie theater in New Orleans, Louisiana, United States"
http://www.wikidata.org/entity/Q42669081,Ashton Theater,Point(-90.12205 29.960281),,,"former movie theater in New Orleans, Louisiana, United States"
http://www.wikidata.org/entity/Q42669081,Ashton Theater,Point(-90.12205 29.960281),,,"former movie theater in New Orleans, Louisiana, United States"
http://www.wikidata.org/entity/Q42669093,Poplar Theatre,Point(-90.1286946 29.9490907),,,"former movie theater in New Orleans, Louisiana, United States"
http://www.wikidata.org/entity/Q42669093,Poplar Theatre,Point(-90.1286946 29.9490907),,,"former movie theater in New Orleans, Louisiana, United States"
http://www.wikidata.org/entity/Q42669093,Poplar Theatre,Point(-90.1286946 29.9490907),,,"former movie theater in New Orleans, Louisiana, United States"
http://www.wikidata.org/entity/Q42669093,Poplar Theatre,Point(-90.1286946 29.9490907),,,"former movie theater in New Orleans, Louisiana, United States"
http://www.wikidata.org/entity/Q42669093,Poplar Theatre,Point(-90.1286946 29.9490907),,,"former movie theater in New Orleans, Louisiana, United States"
http://www.wikidata.org/entity/Q42669093,Poplar Theatre,Point(-90.1286946 29.9490907),,,"former movie theater in New Orleans, Louisiana, United States"
http://www.wikidata.org/entity/Q42669093,Poplar Theatre,Point(-90.1286946 29.9490907),,,"former movie theater in New Orleans, Louisiana, United States"
http://www.wikidata.org/entity/Q42669093,Poplar Theatre,Point(-90.1286946 29.9490907),,,"former movie theater in New Orleans, Louisiana, United States"
http://www.wikidata.org/entity/Q42669093,Poplar Theatre,Point(-90.1286946 29.9490907),,,"former movie theater in New Orleans, Louisiana, United States"
http://www.wikidata.org/entity/Q42669093,Poplar Theatre,Point(-90.1286946 29.9490907),,,"former movie theater in New Orleans, Louisiana, United States"
http://www.wikidata.org/entity/Q42669093,Poplar Theatre,Point(-90.1286946 29.9490907),,,"former movie theater in New Orleans, Louisiana, United States"
http://www.wikidata.org/entity/Q42669093,Poplar Theatre,Point(-90.1286946 29.9490907),,,"former movie theater in New Orleans, Louisiana, United States"
http://www.wikidata.org/entity/Q42669093,Poplar Theatre,Point(-90.1286946 29.9490907),,,"former movie theater in New Orleans, Louisiana, United States"
http://www.wikidata.org/entity/Q42669093,Poplar Theatre,Point(-90.1286946 29.9490907),,,"former movie theater in New Orleans, Louisiana, United States"
http://www.wikidata.org/entity/Q42669093,Poplar Theatre,Point(-90.1286946 29.9490907),,,"former movie theater in New Orleans, Louisiana, United States"
http://www.wikidata.org/entity/Q42669093,Poplar Theatre,Point(-90.1286946 29.9490907),,,"former movie theater in New Orleans, Louisiana, United States"
http://www.wikidata.org/entity/Q42669093,Poplar Theatre,Point(-90.1286946 29.9490907),,,"former movie theater in New Orleans, Louisiana, United States"
http://www.wikidata.org/entity/Q42669093,Poplar Theatre,Point(-90.1286946 29.9490907),,,"former movie theater in New Orleans, Louisiana, United States"
http://www.wikidata.org/entity/Q42669093,Poplar Theatre,Point(-90.1286946 29.9490907),,,"former movie theater in New Orleans, Louisiana, United States"
http://www.wikidata.org/entity/Q42669093,Poplar Theatre,Point(-90.1286946 29.9490907),,,"former movie theater in New Orleans, Louisiana, United States"
http://www.wikidata.org/entity/Q42669093,Poplar Theatre,Point(-90.1286946 29.9490907),,,"former movie theater in New Orleans, Louisiana, United States"
http://www.wikidata.org/entity/Q42669093,Poplar Theatre,Point(-90.1286946 29.9490907),,,"former movie theater in New Orleans, Louisiana, United States"
http://www.wikidata.org/entity/Q42669093,Poplar Theatre,Point(-90.1286946 29.9490907),,,"former movie theater in New Orleans, Louisiana, United States"
http://www.wikidata.org/entity/Q42669093,Poplar Theatre,Point(-90.1286946 29.9490907),,,"former movie theater in New Orleans, Louisiana, United States"
http://www.wikidata.org/entity/Q42669093,Poplar Theatre,Point(-90.1286946 29.9490907),,,"former movie theater in New Orleans, Louisiana, United States"
http://www.wikidata.org/entity/Q42669093,Poplar Theatre,Point(-90.1286946 29.9490907),,,"former movie theater in New Orleans, Louisiana, United States"
http://www.wikidata.org/entity/Q42669101,Roxy Theatre,Point(-90.1322862 29.9533155),,,"former movie theater in New Orleans, Louisiana, United States"
http://www.wikidata.org/entity/Q42669101,Roxy Theatre,Point(-90.1322862 29.9533155),,,"former movie theater in New Orleans, Louisiana, United States"
http://www.wikidata.org/entity/Q42669101,Roxy Theatre,Point(-90.1322862 29.9533155),,,"former movie theater in New Orleans, Louisiana, United States"
http://www.wikidata.org/entity/Q42669101,Roxy Theatre,Point(-90.1322862 29.9533155),,,"former movie theater in New Orleans, Louisiana, United States"
http://www.wikidata.org/entity/Q42669101,Roxy Theatre,Point(-90.1322862 29.9533155),,,"former movie theater in New Orleans, Louisiana, United States"
http://www.wikidata.org/entity/Q42669101,Roxy Theatre,Point(-90.1322862 29.9533155),,,"former movie theater in New Orleans, Louisiana, United States"
http://www.wikidata.org/entity/Q42669101,Roxy Theatre,Point(-90.1322862 29.9533155),,,"former movie theater in New Orleans, Louisiana, United States"
http://www.wikidata.org/entity/Q42669101,Roxy Theatre,Point(-90.1322862 29.9533155),,,"former movie theater in New Orleans, Louisiana, United States"
http://www.wikidata.org/entity/Q42669101,Roxy Theatre,Point(-90.1322862 29.9533155),,,"former movie theater in New Orleans, Louisiana, United States"
http://www.wikidata.org/entity/Q42669101,Roxy Theatre,Point(-90.1322862 29.9533155),,,"former movie theater in New Orleans, Louisiana, United States"
http://www.wikidata.org/entity/Q42669101,Roxy Theatre,Point(-90.1322862 29.9533155),,,"former movie theater in New Orleans, Louisiana, United States"
http://www.wikidata.org/entity/Q42669101,Roxy Theatre,Point(-90.1322862 29.9533155),,,"former movie theater in New Orleans, Louisiana, United States"
http://www.wikidata.org/entity/Q42669101,Roxy Theatre,Point(-90.1322862 29.9533155),,,"former movie theater in New Orleans, Louisiana, United States"
http://www.wikidata.org/entity/Q42669101,Roxy Theatre,Point(-90.1322862 29.9533155),,,"former movie theater in New Orleans, Louisiana, United States"
http://www.wikidata.org/entity/Q42669101,Roxy Theatre,Point(-90.1322862 29.9533155),,,"former movie theater in New Orleans, Louisiana, United States"
http://www.wikidata.org/entity/Q42669101,Roxy Theatre,Point(-90.1322862 29.9533155),,,"former movie theater in New Orleans, Louisiana, United States"
http://www.wikidata.org/entity/Q42669101,Roxy Theatre,Point(-90.1322862 29.9533155),,,"former movie theater in New Orleans, Louisiana, United States"
http://www.wikidata.org/entity/Q42669101,Roxy Theatre,Point(-90.1322862 29.9533155),,,"former movie theater in New Orleans, Louisiana, United States"
http://www.wikidata.org/entity/Q42669101,Roxy Theatre,Point(-90.1322862 29.9533155),,,"former movie theater in New Orleans, Louisiana, United States"
http://www.wikidata.org/entity/Q42669101,Roxy Theatre,Point(-90.1322862 29.9533155),,,"former movie theater in New Orleans, Louisiana, United States"
http://www.wikidata.org/entity/Q42669101,Roxy Theatre,Point(-90.1322862 29.9533155),,,"former movie theater in New Orleans, Louisiana, United States"
http://www.wikidata.org/entity/Q42669101,Roxy Theatre,Point(-90.1322862 29.9533155),,,"former movie theater in New Orleans, Louisiana, United States"
http://www.wikidata.org/entity/Q42669101,Roxy Theatre,Point(-90.1322862 29.9533155),,,"former movie theater in New Orleans, Louisiana, United States"
http://www.wikidata.org/entity/Q42669101,Roxy Theatre,Point(-90.1322862 29.9533155),,,"former movie theater in New Orleans, Louisiana, United States"
http://www.wikidata.org/entity/Q42669101,Roxy Theatre,Point(-90.1322862 29.9533155),,,"former movie theater in New Orleans, Louisiana, United States"
http://www.wikidata.org/entity/Q42669101,Roxy Theatre,Point(-90.1322862 29.9533155),,,"former movie theater in New Orleans, Louisiana, United States"
http://www.wikidata.org/entity/Q42669112,Eastlake Plaza 8,Point(-89.9773675 30.0379341),,,"former movie theater in New Orleans, Louisiana, United States"
http://www.wikidata.org/entity/Q42669112,Eastlake Plaza 8,Point(-89.9773675 30.0379341),,,"former movie theater in New Orleans, Louisiana, United States"
http://www.wikidata.org/entity/Q42669112,Eastlake Plaza 8,Point(-89.9773675 30.0379341),,,"former movie theater in New Orleans, Louisiana, United States"
http://www.wikidata.org/entity/Q42669112,Eastlake Plaza 8,Point(-89.9773675 30.0379341),,,"former movie theater in New Orleans, Louisiana, United States"
http://www.wikidata.org/entity/Q42669112,Eastlake Plaza 8,Point(-89.9773675 30.0379341),,,"former movie theater in New Orleans, Louisiana, United States"
http://www.wikidata.org/entity/Q42669112,Eastlake Plaza 8,Point(-89.9773675 30.0379341),,,"former movie theater in New Orleans, Louisiana, United States"
http://www.wikidata.org/entity/Q42669112,Eastlake Plaza 8,Point(-89.9773675 30.0379341),,,"former movie theater in New Orleans, Louisiana, United States"
http://www.wikidata.org/entity/Q42669112,Eastlake Plaza 8,Point(-89.9773675 30.0379341),,,"former movie theater in New Orleans, Louisiana, United States"
http://www.wikidata.org/entity/Q42669112,Eastlake Plaza 8,Point(-89.9773675 30.0379341),,,"former movie theater in New Orleans, Louisiana, United States"
http://www.wikidata.org/entity/Q42669112,Eastlake Plaza 8,Point(-89.9773675 30.0379341),,,"former movie theater in New Orleans, Louisiana, United States"
http://www.wikidata.org/entity/Q42669112,Eastlake Plaza 8,Point(-89.9773675 30.0379341),,,"former movie theater in New Orleans, Louisiana, United States"
http://www.wikidata.org/entity/Q42669112,Eastlake Plaza 8,Point(-89.9773675 30.0379341),,,"former movie theater in New Orleans, Louisiana, United States"
http://www.wikidata.org/entity/Q42669112,Eastlake Plaza 8,Point(-89.9773675 30.0379341),,,"former movie theater in New Orleans, Louisiana, United States"
http://www.wikidata.org/entity/Q42669112,Eastlake Plaza 8,Point(-89.9773675 30.0379341),,,"former movie theater in New Orleans, Louisiana, United States"
http://www.wikidata.org/entity/Q42669112,Eastlake Plaza 8,Point(-89.9773675 30.0379341),,,"former movie theater in New Orleans, Louisiana, United States"
http://www.wikidata.org/entity/Q42669112,Eastlake Plaza 8,Point(-89.9773675 30.0379341),,,"former movie theater in New Orleans, Louisiana, United States"
http://www.wikidata.org/entity/Q42669112,Eastlake Plaza 8,Point(-89.9773675 30.0379341),,,"former movie theater in New Orleans, Louisiana, United States"
http://www.wikidata.org/entity/Q42669112,Eastlake Plaza 8,Point(-89.9773675 30.0379341),,,"former movie theater in New Orleans, Louisiana, United States"
http://www.wikidata.org/entity/Q42669112,Eastlake Plaza 8,Point(-89.9773675 30.0379341),,,"former movie theater in New Orleans, Louisiana, United States"
http://www.wikidata.org/entity/Q42669112,Eastlake Plaza 8,Point(-89.9773675 30.0379341),,,"former movie theater in New Orleans, Louisiana, United States"
http://www.wikidata.org/entity/Q42669112,Eastlake Plaza 8,Point(-89.9773675 30.0379341),,,"former movie theater in New Orleans, Louisiana, United States"
http://www.wikidata.org/entity/Q42669112,Eastlake Plaza 8,Point(-89.9773675 30.0379341),,,"former movie theater in New Orleans, Louisiana, United States"
http://www.wikidata.org/entity/Q42669112,Eastlake Plaza 8,Point(-89.9773675 30.0379341),,,"former movie theater in New Orleans, Louisiana, United States"
http://www.wikidata.org/entity/Q42669112,Eastlake Plaza 8,Point(-89.9773675 30.0379341),,,"former movie theater in New Orleans, Louisiana, United States"
http://www.wikidata.org/entity/Q42669112,Eastlake Plaza 8,Point(-89.9773675 30.0379341),,,"former movie theater in New Orleans, Louisiana, United States"
http://www.wikidata.org/entity/Q42669112,Eastlake Plaza 8,Point(-89.9773675 30.0379341),,,"former movie theater in New Orleans, Louisiana, United States"
http://www.wikidata.org/entity/Q42669123,Kenilworth Cinema,Point(-90.0111394 30.0300605),,,"former movie theater in New Orleans, Louisiana, United States"
http://www.wikidata.org/entity/Q42669123,Kenilworth Cinema,Point(-90.0111394 30.0300605),,,"former movie theater in New Orleans, Louisiana, United States"
http://www.wikidata.org/entity/Q42669123,Kenilworth Cinema,Point(-90.0111394 30.0300605),,,"former movie theater in New Orleans, Louisiana, United States"
http://www.wikidata.org/entity/Q42669123,Kenilworth Cinema,Point(-90.0111394 30.0300605),,,"former movie theater in New Orleans, Louisiana, United States"
http://www.wikidata.org/entity/Q42669123,Kenilworth Cinema,Point(-90.0111394 30.0300605),,,"former movie theater in New Orleans, Louisiana, United States"
http://www.wikidata.org/entity/Q42669123,Kenilworth Cinema,Point(-90.0111394 30.0300605),,,"former movie theater in New Orleans, Louisiana, United States"
http://www.wikidata.org/entity/Q42669123,Kenilworth Cinema,Point(-90.0111394 30.0300605),,,"former movie theater in New Orleans, Louisiana, United States"
http://www.wikidata.org/entity/Q42669123,Kenilworth Cinema,Point(-90.0111394 30.0300605),,,"former movie theater in New Orleans, Louisiana, United States"
http://www.wikidata.org/entity/Q42669123,Kenilworth Cinema,Point(-90.0111394 30.0300605),,,"former movie theater in New Orleans, Louisiana, United States"
http://www.wikidata.org/entity/Q42669123,Kenilworth Cinema,Point(-90.0111394 30.0300605),,,"former movie theater in New Orleans, Louisiana, United States"
http://www.wikidata.org/entity/Q42669123,Kenilworth Cinema,Point(-90.0111394 30.0300605),,,"former movie theater in New Orleans, Louisiana, United States"
http://www.wikidata.org/entity/Q42669123,Kenilworth Cinema,Point(-90.0111394 30.0300605),,,"former movie theater in New Orleans, Louisiana, United States"
http://www.wikidata.org/entity/Q42669123,Kenilworth Cinema,Point(-90.0111394 30.0300605),,,"former movie theater in New Orleans, Louisiana, United States"
http://www.wikidata.org/entity/Q42669123,Kenilworth Cinema,Point(-90.0111394 30.0300605),,,"former movie theater in New Orleans, Louisiana, United States"
http://www.wikidata.org/entity/Q42669123,Kenilworth Cinema,Point(-90.0111394 30.0300605),,,"former movie theater in New Orleans, Louisiana, United States"
http://www.wikidata.org/entity/Q42669123,Kenilworth Cinema,Point(-90.0111394 30.0300605),,,"former movie theater in New Orleans, Louisiana, United States"
http://www.wikidata.org/entity/Q42669123,Kenilworth Cinema,Point(-90.0111394 30.0300605),,,"former movie theater in New Orleans, Louisiana, United States"
http://www.wikidata.org/entity/Q42669123,Kenilworth Cinema,Point(-90.0111394 30.0300605),,,"former movie theater in New Orleans, Louisiana, United States"
http://www.wikidata.org/entity/Q42669215,Queen Theatre,Point(-90.1074719 29.9695653),,,"former movie theater in New Orleans, Louisiana, United States"
http://www.wikidata.org/entity/Q42669215,Queen Theatre,Point(-90.1074719 29.9695653),,,"former movie theater in New Orleans, Louisiana, United States"
http://www.wikidata.org/entity/Q42669215,Queen Theatre,Point(-90.1074719 29.9695653),,,"former movie theater in New Orleans, Louisiana, United States"
http://www.wikidata.org/entity/Q42669215,Queen Theatre,Point(-90.1074719 29.9695653),,,"former movie theater in New Orleans, Louisiana, United States"
http://www.wikidata.org/entity/Q42669226,Booker T Theatre,Point(-90.0976534 29.9289017),,,"former movie theater in New Orleans, Louisiana, United States"
http://www.wikidata.org/entity/Q42669226,Booker T Theatre,Point(-90.0976534 29.9289017),,,"former movie theater in New Orleans, Louisiana, United States"
http://www.wikidata.org/entity/Q42669226,Booker T Theatre,Point(-90.0976534 29.9289017),,,"former movie theater in New Orleans, Louisiana, United States"
http://www.wikidata.org/entity/Q42669226,Booker T Theatre,Point(-90.0976534 29.9289017),,,"former movie theater in New Orleans, Louisiana, United States"
http://www.wikidata.org/entity/Q42669226,Booker T Theatre,Point(-90.0976534 29.9289017),,,"former movie theater in New Orleans, Louisiana, United States"
http://www.wikidata.org/entity/Q42669226,Booker T Theatre,Point(-90.0976534 29.9289017),,,"former movie theater in New Orleans, Louisiana, United States"
http://www.wikidata.org/entity/Q42669226,Booker T Theatre,Point(-90.0976534 29.9289017),,,"former movie theater in New Orleans, Louisiana, United States"
http://www.wikidata.org/entity/Q42669226,Booker T Theatre,Point(-90.0976534 29.9289017),,,"former movie theater in New Orleans, Louisiana, United States"
http://www.wikidata.org/entity/Q42669226,Booker T Theatre,Point(-90.0976534 29.9289017),,,"former movie theater in New Orleans, Louisiana, United States"
http://www.wikidata.org/entity/Q42669226,Booker T Theatre,Point(-90.0976534 29.9289017),,,"former movie theater in New Orleans, Louisiana, United States"
http://www.wikidata.org/entity/Q42669226,Booker T Theatre,Point(-90.0976534 29.9289017),,,"former movie theater in New Orleans, Louisiana, United States"
http://www.wikidata.org/entity/Q42669226,Booker T Theatre,Point(-90.0976534 29.9289017),,,"former movie theater in New Orleans, Louisiana, United States"
http://www.wikidata.org/entity/Q42669226,Booker T Theatre,Point(-90.0976534 29.9289017),,,"former movie theater in New Orleans, Louisiana, United States"
http://www.wikidata.org/entity/Q42669226,Booker T Theatre,Point(-90.0976534 29.9289017),,,"former movie theater in New Orleans, Louisiana, United States"
http://www.wikidata.org/entity/Q42669226,Booker T Theatre,Point(-90.0976534 29.9289017),,,"former movie theater in New Orleans, Louisiana, United States"
http://www.wikidata.org/entity/Q42669226,Booker T Theatre,Point(-90.0976534 29.9289017),,,"former movie theater in New Orleans, Louisiana, United States"
http://www.wikidata.org/entity/Q42669226,Booker T Theatre,Point(-90.0976534 29.9289017),,,"former movie theater in New Orleans, Louisiana, United States"
http://www.wikidata.org/entity/Q42669226,Booker T Theatre,Point(-90.0976534 29.9289017),,,"former movie theater in New Orleans, Louisiana, United States"
http://www.wikidata.org/entity/Q42669226,Booker T Theatre,Point(-90.0976534 29.9289017),,,"former movie theater in New Orleans, Louisiana, United States"
http://www.wikidata.org/entity/Q42669226,Booker T Theatre,Point(-90.0976534 29.9289017),,,"former movie theater in New Orleans, Louisiana, United States"
http://www.wikidata.org/entity/Q42669226,Booker T Theatre,Point(-90.0976534 29.9289017),,,"former movie theater in New Orleans, Louisiana, United States"
http://www.wikidata.org/entity/Q42669226,Booker T Theatre,Point(-90.0976534 29.9289017),,,"former movie theater in New Orleans, Louisiana, United States"
http://www.wikidata.org/entity/Q42669226,Booker T Theatre,Point(-90.0976534 29.9289017),,,"former movie theater in New Orleans, Louisiana, United States"
http://www.wikidata.org/entity/Q42669226,Booker T Theatre,Point(-90.0976534 29.9289017),,,"former movie theater in New Orleans, Louisiana, United States"
http://www.wikidata.org/entity/Q42669226,Booker T Theatre,Point(-90.0976534 29.9289017),,,"former movie theater in New Orleans, Louisiana, United States"
http://www.wikidata.org/entity/Q42669226,Booker T Theatre,Point(-90.0976534 29.9289017),,,"former movie theater in New Orleans, Louisiana, United States"
http://www.wikidata.org/entity/Q42669235,Fine Arts Theatre,Point(-90.0976089 29.9287416),,,"former movie theater in New Orleans, Louisiana, United States, now a banquet facility"
http://www.wikidata.org/entity/Q42669235,Fine Arts Theatre,Point(-90.0976089 29.9287416),,,"former movie theater in New Orleans, Louisiana, United States, now a banquet facility"
http://www.wikidata.org/entity/Q42669235,Fine Arts Theatre,Point(-90.0976089 29.9287416),,,"former movie theater in New Orleans, Louisiana, United States, now a banquet facility"
http://www.wikidata.org/entity/Q42669235,Fine Arts Theatre,Point(-90.0976089 29.9287416),,,"former movie theater in New Orleans, Louisiana, United States, now a banquet facility"
http://www.wikidata.org/entity/Q42669235,Fine Arts Theatre,Point(-90.0976089 29.9287416),,,"former movie theater in New Orleans, Louisiana, United States, now a banquet facility"
http://www.wikidata.org/entity/Q42669235,Fine Arts Theatre,Point(-90.0976089 29.9287416),,,"former movie theater in New Orleans, Louisiana, United States, now a banquet facility"
http://www.wikidata.org/entity/Q42669235,Fine Arts Theatre,Point(-90.0976089 29.9287416),,,"former movie theater in New Orleans, Louisiana, United States, now a banquet facility"
http://www.wikidata.org/entity/Q42669235,Fine Arts Theatre,Point(-90.0976089 29.9287416),,,"former movie theater in New Orleans, Louisiana, United States, now a banquet facility"
http://www.wikidata.org/entity/Q42669235,Fine Arts Theatre,Point(-90.0976089 29.9287416),,,"former movie theater in New Orleans, Louisiana, United States, now a banquet facility"
http://www.wikidata.org/entity/Q42669235,Fine Arts Theatre,Point(-90.0976089 29.9287416),,,"former movie theater in New Orleans, Louisiana, United States, now a banquet facility"
http://www.wikidata.org/entity/Q42669235,Fine Arts Theatre,Point(-90.0976089 29.9287416),,,"former movie theater in New Orleans, Louisiana, United States, now a banquet facility"
http://www.wikidata.org/entity/Q42669235,Fine Arts Theatre,Point(-90.0976089 29.9287416),,,"former movie theater in New Orleans, Louisiana, United States, now a banquet facility"
http://www.wikidata.org/entity/Q42669235,Fine Arts Theatre,Point(-90.0976089 29.9287416),,,"former movie theater in New Orleans, Louisiana, United States, now a banquet facility"
http://www.wikidata.org/entity/Q42669235,Fine Arts Theatre,Point(-90.0976089 29.9287416),,,"former movie theater in New Orleans, Louisiana, United States, now a banquet facility"
http://www.wikidata.org/entity/Q42669235,Fine Arts Theatre,Point(-90.0976089 29.9287416),,,"former movie theater in New Orleans, Louisiana, United States, now a banquet facility"
http://www.wikidata.org/entity/Q42669235,Fine Arts Theatre,Point(-90.0976089 29.9287416),,,"former movie theater in New Orleans, Louisiana, United States, now a banquet facility"
http://www.wikidata.org/entity/Q42669235,Fine Arts Theatre,Point(-90.0976089 29.9287416),,,"former movie theater in New Orleans, Louisiana, United States, now a banquet facility"
http://www.wikidata.org/entity/Q42669235,Fine Arts Theatre,Point(-90.0976089 29.9287416),,,"former movie theater in New Orleans, Louisiana, United States, now a banquet facility"
http://www.wikidata.org/entity/Q42669235,Fine Arts Theatre,Point(-90.0976089 29.9287416),,,"former movie theater in New Orleans, Louisiana, United States, now a banquet facility"
http://www.wikidata.org/entity/Q42669235,Fine Arts Theatre,Point(-90.0976089 29.9287416),,,"former movie theater in New Orleans, Louisiana, United States, now a banquet facility"
http://www.wikidata.org/entity/Q42669235,Fine Arts Theatre,Point(-90.0976089 29.9287416),,,"former movie theater in New Orleans, Louisiana, United States, now a banquet facility"
http://www.wikidata.org/entity/Q42669235,Fine Arts Theatre,Point(-90.0976089 29.9287416),,,"former movie theater in New Orleans, Louisiana, United States, now a banquet facility"
http://www.wikidata.org/entity/Q42669235,Fine Arts Theatre,Point(-90.0976089 29.9287416),,,"former movie theater in New Orleans, Louisiana, United States, now a banquet facility"
http://www.wikidata.org/entity/Q42669235,Fine Arts Theatre,Point(-90.0976089 29.9287416),,,"former movie theater in New Orleans, Louisiana, United States, now a banquet facility"
http://www.wikidata.org/entity/Q42669235,Fine Arts Theatre,Point(-90.0976089 29.9287416),,,"former movie theater in New Orleans, Louisiana, United States, now a banquet facility"
http://www.wikidata.org/entity/Q42669235,Fine Arts Theatre,Point(-90.0976089 29.9287416),,,"former movie theater in New Orleans, Louisiana, United States, now a banquet facility"
http://www.wikidata.org/entity/Q42669242,Pitt Theatre,Point(-90.0606484 30.0226204),,,"former movie theater in New Orleans, Louisiana, United States"
http://www.wikidata.org/entity/Q42669242,Pitt Theatre,Point(-90.0606484 30.0226204),,,"former movie theater in New Orleans, Louisiana, United States"
http://www.wikidata.org/entity/Q42669242,Pitt Theatre,Point(-90.0606484 30.0226204),,,"former movie theater in New Orleans, Louisiana, United States"
http://www.wikidata.org/entity/Q42669242,Pitt Theatre,Point(-90.0606484 30.0226204),,,"former movie theater in New Orleans, Louisiana, United States"
http://www.wikidata.org/entity/Q42669242,Pitt Theatre,Point(-90.0606484 30.0226204),,,"former movie theater in New Orleans, Louisiana, United States"
http://www.wikidata.org/entity/Q42669242,Pitt Theatre,Point(-90.0606484 30.0226204),,,"former movie theater in New Orleans, Louisiana, United States"
http://www.wikidata.org/entity/Q42669242,Pitt Theatre,Point(-90.0606484 30.0226204),,,"former movie theater in New Orleans, Louisiana, United States"
http://www.wikidata.org/entity/Q42669242,Pitt Theatre,Point(-90.0606484 30.0226204),,,"former movie theater in New Orleans, Louisiana, United States"
http://www.wikidata.org/entity/Q42669242,Pitt Theatre,Point(-90.0606484 30.0226204),,,"former movie theater in New Orleans, Louisiana, United States"
http://www.wikidata.org/entity/Q42669242,Pitt Theatre,Point(-90.0606484 30.0226204),,,"former movie theater in New Orleans, Louisiana, United States"
http://www.wikidata.org/entity/Q42669242,Pitt Theatre,Point(-90.0606484 30.0226204),,,"former movie theater in New Orleans, Louisiana, United States"
http://www.wikidata.org/entity/Q42669242,Pitt Theatre,Point(-90.0606484 30.0226204),,,"former movie theater in New Orleans, Louisiana, United States"
http://www.wikidata.org/entity/Q42669242,Pitt Theatre,Point(-90.0606484 30.0226204),,,"former movie theater in New Orleans, Louisiana, United States"
http://www.wikidata.org/entity/Q42669242,Pitt Theatre,Point(-90.0606484 30.0226204),,,"former movie theater in New Orleans, Louisiana, United States"
http://www.wikidata.org/entity/Q42669242,Pitt Theatre,Point(-90.0606484 30.0226204),,,"former movie theater in New Orleans, Louisiana, United States"
http://www.wikidata.org/entity/Q42669242,Pitt Theatre,Point(-90.0606484 30.0226204),,,"former movie theater in New Orleans, Louisiana, United States"
http://www.wikidata.org/entity/Q42669242,Pitt Theatre,Point(-90.0606484 30.0226204),,,"former movie theater in New Orleans, Louisiana, United States"
http://www.wikidata.org/entity/Q42669242,Pitt Theatre,Point(-90.0606484 30.0226204),,,"former movie theater in New Orleans, Louisiana, United States"
http://www.wikidata.org/entity/Q42669242,Pitt Theatre,Point(-90.0606484 30.0226204),,,"former movie theater in New Orleans, Louisiana, United States"
http://www.wikidata.org/entity/Q42669242,Pitt Theatre,Point(-90.0606484 30.0226204),,,"former movie theater in New Orleans, Louisiana, United States"
http://www.wikidata.org/entity/Q42669242,Pitt Theatre,Point(-90.0606484 30.0226204),,,"former movie theater in New Orleans, Louisiana, United States"
http://www.wikidata.org/entity/Q42669242,Pitt Theatre,Point(-90.0606484 30.0226204),,,"former movie theater in New Orleans, Louisiana, United States"
http://www.wikidata.org/entity/Q42669242,Pitt Theatre,Point(-90.0606484 30.0226204),,,"former movie theater in New Orleans, Louisiana, United States"
http://www.wikidata.org/entity/Q42669242,Pitt Theatre,Point(-90.0606484 30.0226204),,,"former movie theater in New Orleans, Louisiana, United States"
http://www.wikidata.org/entity/Q42669242,Pitt Theatre,Point(-90.0606484 30.0226204),,,"former movie theater in New Orleans, Louisiana, United States"
http://www.wikidata.org/entity/Q42669242,Pitt Theatre,Point(-90.0606484 30.0226204),,,"former movie theater in New Orleans, Louisiana, United States"
http://www.wikidata.org/entity/Q42665908,Airline Drive-In,Point(-90.1458741 29.9735301),,,"former drive-in movie theater in Metairie, Louisiana, United States"
http://www.wikidata.org/entity/Q42665908,Airline Drive-In,Point(-90.1458741 29.9735301),,,"former drive-in movie theater in Metairie, Louisiana, United States"
http://www.wikidata.org/entity/Q42665908,Airline Drive-In,Point(-90.1458741 29.9735301),,,"former drive-in movie theater in Metairie, Louisiana, United States"
http://www.wikidata.org/entity/Q42665908,Airline Drive-In,Point(-90.1458741 29.9735301),,,"former drive-in movie theater in Metairie, Louisiana, United States"
http://www.wikidata.org/entity/Q42665908,Airline Drive-In,Point(-90.1458741 29.9735301),,,"former drive-in movie theater in Metairie, Louisiana, United States"
http://www.wikidata.org/entity/Q42665908,Airline Drive-In,Point(-90.1458741 29.9735301),,,"former drive-in movie theater in Metairie, Louisiana, United States"
http://www.wikidata.org/entity/Q42665908,Airline Drive-In,Point(-90.1458741 29.9735301),,,"former drive-in movie theater in Metairie, Louisiana, United States"
http://www.wikidata.org/entity/Q42665908,Airline Drive-In,Point(-90.1458741 29.9735301),,,"former drive-in movie theater in Metairie, Louisiana, United States"
http://www.wikidata.org/entity/Q42665908,Airline Drive-In,Point(-90.1458741 29.9735301),,,"former drive-in movie theater in Metairie, Louisiana, United States"
http://www.wikidata.org/entity/Q42665908,Airline Drive-In,Point(-90.1458741 29.9735301),,,"former drive-in movie theater in Metairie, Louisiana, United States"
http://www.wikidata.org/entity/Q42665908,Airline Drive-In,Point(-90.1458741 29.9735301),,,"former drive-in movie theater in Metairie, Louisiana, United States"
http://www.wikidata.org/entity/Q42665908,Airline Drive-In,Point(-90.1458741 29.9735301),,,"former drive-in movie theater in Metairie, Louisiana, United States"
http://www.wikidata.org/entity/Q42665908,Airline Drive-In,Point(-90.1458741 29.9735301),,,"former drive-in movie theater in Metairie, Louisiana, United States"
http://www.wikidata.org/entity/Q42665908,Airline Drive-In,Point(-90.1458741 29.9735301),,,"former drive-in movie theater in Metairie, Louisiana, United States"
http://www.wikidata.org/entity/Q42665908,Airline Drive-In,Point(-90.1458741 29.9735301),,,"former drive-in movie theater in Metairie, Louisiana, United States"
http://www.wikidata.org/entity/Q42665908,Airline Drive-In,Point(-90.1458741 29.9735301),,,"former drive-in movie theater in Metairie, Louisiana, United States"
http://www.wikidata.org/entity/Q42665908,Airline Drive-In,Point(-90.1458741 29.9735301),,,"former drive-in movie theater in Metairie, Louisiana, United States"
http://www.wikidata.org/entity/Q42665908,Airline Drive-In,Point(-90.1458741 29.9735301),,,"former drive-in movie theater in Metairie, Louisiana, United States"
http://www.wikidata.org/entity/Q42665908,Airline Drive-In,Point(-90.1458741 29.9735301),,,"former drive-in movie theater in Metairie, Louisiana, United States"
http://www.wikidata.org/entity/Q42665908,Airline Drive-In,Point(-90.1458741 29.9735301),,,"former drive-in movie theater in Metairie, Louisiana, United States"
http://www.wikidata.org/entity/Q42665908,Airline Drive-In,Point(-90.1458741 29.9735301),,,"former drive-in movie theater in Metairie, Louisiana, United States"
http://www.wikidata.org/entity/Q42665908,Airline Drive-In,Point(-90.1458741 29.9735301),,,"former drive-in movie theater in Metairie, Louisiana, United States"
http://www.wikidata.org/entity/Q42665908,Airline Drive-In,Point(-90.1458741 29.9735301),,,"former drive-in movie theater in Metairie, Louisiana, United States"
http://www.wikidata.org/entity/Q42665908,Airline Drive-In,Point(-90.1458741 29.9735301),,,"former drive-in movie theater in Metairie, Louisiana, United States"
http://www.wikidata.org/entity/Q42665908,Airline Drive-In,Point(-90.1458741 29.9735301),,,"former drive-in movie theater in Metairie, Louisiana, United States"
http://www.wikidata.org/entity/Q42665908,Airline Drive-In,Point(-90.1458741 29.9735301),,,"former drive-in movie theater in Metairie, Louisiana, United States"
http://www.wikidata.org/entity/Q42665908,Airline Drive-In,Point(-90.1458741 29.9735301),,,"former drive-in movie theater in Metairie, Louisiana, United States"
http://www.wikidata.org/entity/Q42665908,Airline Drive-In,Point(-90.1458741 29.9735301),,,"former drive-in movie theater in Metairie, Louisiana, United States"
http://www.wikidata.org/entity/Q42665908,Airline Drive-In,Point(-90.1458741 29.9735301),,,"former drive-in movie theater in Metairie, Louisiana, United States"
http://www.wikidata.org/entity/Q42665908,Airline Drive-In,Point(-90.1458741 29.9735301),,,"former drive-in movie theater in Metairie, Louisiana, United States"
http://www.wikidata.org/entity/Q42665908,Airline Drive-In,Point(-90.1458741 29.9735301),,,"former drive-in movie theater in Metairie, Louisiana, United States"
http://www.wikidata.org/entity/Q42665908,Airline Drive-In,Point(-90.1458741 29.9735301),,,"former drive-in movie theater in Metairie, Louisiana, United States"
http://www.wikidata.org/entity/Q42665908,Airline Drive-In,Point(-90.1458741 29.9735301),,,"former drive-in movie theater in Metairie, Louisiana, United States"
http://www.wikidata.org/entity/Q42665908,Airline Drive-In,Point(-90.1458741 29.9735301),,,"former drive-in movie theater in Metairie, Louisiana, United States"
http://www.wikidata.org/entity/Q42665908,Airline Drive-In,Point(-90.1458741 29.9735301),,,"former drive-in movie theater in Metairie, Louisiana, United States"
http://www.wikidata.org/entity/Q42665908,Airline Drive-In,Point(-90.1458741 29.9735301),,,"former drive-in movie theater in Metairie, Louisiana, United States"
http://www.wikidata.org/entity/Q42665908,Airline Drive-In,Point(-90.1458741 29.9735301),,,"former drive-in movie theater in Metairie, Louisiana, United States"
http://www.wikidata.org/entity/Q42665908,Airline Drive-In,Point(-90.1458741 29.9735301),,,"former drive-in movie theater in Metairie, Louisiana, United States"
http://www.wikidata.org/entity/Q42665908,Airline Drive-In,Point(-90.1458741 29.9735301),,,"former drive-in movie theater in Metairie, Louisiana, United States"
http://www.wikidata.org/entity/Q42665908,Airline Drive-In,Point(-90.1458741 29.9735301),,,"former drive-in movie theater in Metairie, Louisiana, United States"
http://www.wikidata.org/entity/Q42665908,Airline Drive-In,Point(-90.1458741 29.9735301),,,"former drive-in movie theater in Metairie, Louisiana, United States"
http://www.wikidata.org/entity/Q42665908,Airline Drive-In,Point(-90.1458741 29.9735301),,,"former drive-in movie theater in Metairie, Louisiana, United States"
http://www.wikidata.org/entity/Q42665908,Airline Drive-In,Point(-90.1458741 29.9735301),,,"former drive-in movie theater in Metairie, Louisiana, United States"
http://www.wikidata.org/entity/Q42665908,Airline Drive-In,Point(-90.1458741 29.9735301),,,"former drive-in movie theater in Metairie, Louisiana, United States"
http://www.wikidata.org/entity/Q42665915,Do Twin Drive-In,Point(-90.1317363 29.9886271),,,"former drive-in movie theater in Metairie, Louisiana, United States"
http://www.wikidata.org/entity/Q42665915,Do Twin Drive-In,Point(-90.1317363 29.9886271),,,"former drive-in movie theater in Metairie, Louisiana, United States"
http://www.wikidata.org/entity/Q42665915,Do Twin Drive-In,Point(-90.1317363 29.9886271),,,"former drive-in movie theater in Metairie, Louisiana, United States"
http://www.wikidata.org/entity/Q42665915,Do Twin Drive-In,Point(-90.1317363 29.9886271),,,"former drive-in movie theater in Metairie, Louisiana, United States"
http://www.wikidata.org/entity/Q42665915,Do Twin Drive-In,Point(-90.1317363 29.9886271),,,"former drive-in movie theater in Metairie, Louisiana, United States"
http://www.wikidata.org/entity/Q42665915,Do Twin Drive-In,Point(-90.1317363 29.9886271),,,"former drive-in movie theater in Metairie, Louisiana, United States"
http://www.wikidata.org/entity/Q42665915,Do Twin Drive-In,Point(-90.1317363 29.9886271),,,"former drive-in movie theater in Metairie, Louisiana, United States"
http://www.wikidata.org/entity/Q42665915,Do Twin Drive-In,Point(-90.1317363 29.9886271),,,"former drive-in movie theater in Metairie, Louisiana, United States"
http://www.wikidata.org/entity/Q42665915,Do Twin Drive-In,Point(-90.1317363 29.9886271),,,"former drive-in movie theater in Metairie, Louisiana, United States"
http://www.wikidata.org/entity/Q42665915,Do Twin Drive-In,Point(-90.1317363 29.9886271),,,"former drive-in movie theater in Metairie, Louisiana, United States"
http://www.wikidata.org/entity/Q42665915,Do Twin Drive-In,Point(-90.1317363 29.9886271),,,"former drive-in movie theater in Metairie, Louisiana, United States"
http://www.wikidata.org/entity/Q42665915,Do Twin Drive-In,Point(-90.1317363 29.9886271),,,"former drive-in movie theater in Metairie, Louisiana, United States"
http://www.wikidata.org/entity/Q42665915,Do Twin Drive-In,Point(-90.1317363 29.9886271),,,"former drive-in movie theater in Metairie, Louisiana, United States"
http://www.wikidata.org/entity/Q42665915,Do Twin Drive-In,Point(-90.1317363 29.9886271),,,"former drive-in movie theater in Metairie, Louisiana, United States"
http://www.wikidata.org/entity/Q42665915,Do Twin Drive-In,Point(-90.1317363 29.9886271),,,"former drive-in movie theater in Metairie, Louisiana, United States"
http://www.wikidata.org/entity/Q42665915,Do Twin Drive-In,Point(-90.1317363 29.9886271),,,"former drive-in movie theater in Metairie, Louisiana, United States"
http://www.wikidata.org/entity/Q42665915,Do Twin Drive-In,Point(-90.1317363 29.9886271),,,"former drive-in movie theater in Metairie, Louisiana, United States"
http://www.wikidata.org/entity/Q42665915,Do Twin Drive-In,Point(-90.1317363 29.9886271),,,"former drive-in movie theater in Metairie, Louisiana, United States"
http://www.wikidata.org/entity/Q42665915,Do Twin Drive-In,Point(-90.1317363 29.9886271),,,"former drive-in movie theater in Metairie, Louisiana, United States"
http://www.wikidata.org/entity/Q42665915,Do Twin Drive-In,Point(-90.1317363 29.9886271),,,"former drive-in movie theater in Metairie, Louisiana, United States"
http://www.wikidata.org/entity/Q42665915,Do Twin Drive-In,Point(-90.1317363 29.9886271),,,"former drive-in movie theater in Metairie, Louisiana, United States"
http://www.wikidata.org/entity/Q42665915,Do Twin Drive-In,Point(-90.1317363 29.9886271),,,"former drive-in movie theater in Metairie, Louisiana, United States"
http://www.wikidata.org/entity/Q42665915,Do Twin Drive-In,Point(-90.1317363 29.9886271),,,"former drive-in movie theater in Metairie, Louisiana, United States"
http://www.wikidata.org/entity/Q42665915,Do Twin Drive-In,Point(-90.1317363 29.9886271),,,"former drive-in movie theater in Metairie, Louisiana, United States"
http://www.wikidata.org/entity/Q42665915,Do Twin Drive-In,Point(-90.1317363 29.9886271),,,"former drive-in movie theater in Metairie, Louisiana, United States"
http://www.wikidata.org/entity/Q42665915,Do Twin Drive-In,Point(-90.1317363 29.9886271),,,"former drive-in movie theater in Metairie, Louisiana, United States"
http://www.wikidata.org/entity/Q42665915,Do Twin Drive-In,Point(-90.1317363 29.9886271),,,"former drive-in movie theater in Metairie, Louisiana, United States"
http://www.wikidata.org/entity/Q42665915,Do Twin Drive-In,Point(-90.1317363 29.9886271),,,"former drive-in movie theater in Metairie, Louisiana, United States"
http://www.wikidata.org/entity/Q42665915,Do Twin Drive-In,Point(-90.1317363 29.9886271),,,"former drive-in movie theater in Metairie, Louisiana, United States"
http://www.wikidata.org/entity/Q42665915,Do Twin Drive-In,Point(-90.1317363 29.9886271),,,"former drive-in movie theater in Metairie, Louisiana, United States"
http://www.wikidata.org/entity/Q42665915,Do Twin Drive-In,Point(-90.1317363 29.9886271),,,"former drive-in movie theater in Metairie, Louisiana, United States"
http://www.wikidata.org/entity/Q42665915,Do Twin Drive-In,Point(-90.1317363 29.9886271),,,"former drive-in movie theater in Metairie, Louisiana, United States"
http://www.wikidata.org/entity/Q42665915,Do Twin Drive-In,Point(-90.1317363 29.9886271),,,"former drive-in movie theater in Metairie, Louisiana, United States"
http://www.wikidata.org/entity/Q42665915,Do Twin Drive-In,Point(-90.1317363 29.9886271),,,"former drive-in movie theater in Metairie, Louisiana, United States"
http://www.wikidata.org/entity/Q42665915,Do Twin Drive-In,Point(-90.1317363 29.9886271),,,"former drive-in movie theater in Metairie, Louisiana, United States"
http://www.wikidata.org/entity/Q42665915,Do Twin Drive-In,Point(-90.1317363 29.9886271),,,"former drive-in movie theater in Metairie, Louisiana, United States"
http://www.wikidata.org/entity/Q42665915,Do Twin Drive-In,Point(-90.1317363 29.9886271),,,"former drive-in movie theater in Metairie, Louisiana, United States"
http://www.wikidata.org/entity/Q42665915,Do Twin Drive-In,Point(-90.1317363 29.9886271),,,"former drive-in movie theater in Metairie, Louisiana, United States"
http://www.wikidata.org/entity/Q42665915,Do Twin Drive-In,Point(-90.1317363 29.9886271),,,"former drive-in movie theater in Metairie, Louisiana, United States"
http://www.wikidata.org/entity/Q42665915,Do Twin Drive-In,Point(-90.1317363 29.9886271),,,"former drive-in movie theater in Metairie, Louisiana, United States"
http://www.wikidata.org/entity/Q42665915,Do Twin Drive-In,Point(-90.1317363 29.9886271),,,"former drive-in movie theater in Metairie, Louisiana, United States"
http://www.wikidata.org/entity/Q42665915,Do Twin Drive-In,Point(-90.1317363 29.9886271),,,"former drive-in movie theater in Metairie, Louisiana, United States"
http://www.wikidata.org/entity/Q42665915,Do Twin Drive-In,Point(-90.1317363 29.9886271),,,"former drive-in movie theater in Metairie, Louisiana, United States"
http://www.wikidata.org/entity/Q42665915,Do Twin Drive-In,Point(-90.1317363 29.9886271),,,"former drive-in movie theater in Metairie, Louisiana, United States"
http://www.wikidata.org/entity/Q42665931,Jeff Drive-In,Point(-90.1689011 29.9608702),,,"former drive-in movie theater in Metairie, Louisiana, United States"
http://www.wikidata.org/entity/Q42665931,Jeff Drive-In,Point(-90.1689011 29.9608702),,,"former drive-in movie theater in Metairie, Louisiana, United States"
http://www.wikidata.org/entity/Q42665931,Jeff Drive-In,Point(-90.1689011 29.9608702),,,"former drive-in movie theater in Metairie, Louisiana, United States"
http://www.wikidata.org/entity/Q42665931,Jeff Drive-In,Point(-90.1689011 29.9608702),,,"former drive-in movie theater in Metairie, Louisiana, United States"
http://www.wikidata.org/entity/Q42665931,Jeff Drive-In,Point(-90.1689011 29.9608702),,,"former drive-in movie theater in Metairie, Louisiana, United States"
http://www.wikidata.org/entity/Q42665931,Jeff Drive-In,Point(-90.1689011 29.9608702),,,"former drive-in movie theater in Metairie, Louisiana, United States"
http://www.wikidata.org/entity/Q42665931,Jeff Drive-In,Point(-90.1689011 29.9608702),,,"former drive-in movie theater in Metairie, Louisiana, United States"
http://www.wikidata.org/entity/Q42665931,Jeff Drive-In,Point(-90.1689011 29.9608702),,,"former drive-in movie theater in Metairie, Louisiana, United States"
http://www.wikidata.org/entity/Q42665931,Jeff Drive-In,Point(-90.1689011 29.9608702),,,"former drive-in movie theater in Metairie, Louisiana, United States"
http://www.wikidata.org/entity/Q42665931,Jeff Drive-In,Point(-90.1689011 29.9608702),,,"former drive-in movie theater in Metairie, Louisiana, United States"
http://www.wikidata.org/entity/Q42665931,Jeff Drive-In,Point(-90.1689011 29.9608702),,,"former drive-in movie theater in Metairie, Louisiana, United States"
http://www.wikidata.org/entity/Q42665931,Jeff Drive-In,Point(-90.1689011 29.9608702),,,"former drive-in movie theater in Metairie, Louisiana, United States"
http://www.wikidata.org/entity/Q42665931,Jeff Drive-In,Point(-90.1689011 29.9608702),,,"former drive-in movie theater in Metairie, Louisiana, United States"
http://www.wikidata.org/entity/Q42665931,Jeff Drive-In,Point(-90.1689011 29.9608702),,,"former drive-in movie theater in Metairie, Louisiana, United States"
http://www.wikidata.org/entity/Q42665931,Jeff Drive-In,Point(-90.1689011 29.9608702),,,"former drive-in movie theater in Metairie, Louisiana, United States"
http://www.wikidata.org/entity/Q42665931,Jeff Drive-In,Point(-90.1689011 29.9608702),,,"former drive-in movie theater in Metairie, Louisiana, United States"
http://www.wikidata.org/entity/Q42665931,Jeff Drive-In,Point(-90.1689011 29.9608702),,,"former drive-in movie theater in Metairie, Louisiana, United States"
http://www.wikidata.org/entity/Q42665931,Jeff Drive-In,Point(-90.1689011 29.9608702),,,"former drive-in movie theater in Metairie, Louisiana, United States"
http://www.wikidata.org/entity/Q42665931,Jeff Drive-In,Point(-90.1689011 29.9608702),,,"former drive-in movie theater in Metairie, Louisiana, United States"
http://www.wikidata.org/entity/Q42665931,Jeff Drive-In,Point(-90.1689011 29.9608702),,,"former drive-in movie theater in Metairie, Louisiana, United States"
http://www.wikidata.org/entity/Q42665931,Jeff Drive-In,Point(-90.1689011 29.9608702),,,"former drive-in movie theater in Metairie, Louisiana, United States"
http://www.wikidata.org/entity/Q42665931,Jeff Drive-In,Point(-90.1689011 29.9608702),,,"former drive-in movie theater in Metairie, Louisiana, United States"
http://www.wikidata.org/entity/Q42665931,Jeff Drive-In,Point(-90.1689011 29.9608702),,,"former drive-in movie theater in Metairie, Louisiana, United States"
http://www.wikidata.org/entity/Q42665931,Jeff Drive-In,Point(-90.1689011 29.9608702),,,"former drive-in movie theater in Metairie, Louisiana, United States"
http://www.wikidata.org/entity/Q42665931,Jeff Drive-In,Point(-90.1689011 29.9608702),,,"former drive-in movie theater in Metairie, Louisiana, United States"
http://www.wikidata.org/entity/Q42665931,Jeff Drive-In,Point(-90.1689011 29.9608702),,,"former drive-in movie theater in Metairie, Louisiana, United States"
http://www.wikidata.org/entity/Q42665931,Jeff Drive-In,Point(-90.1689011 29.9608702),,,"former drive-in movie theater in Metairie, Louisiana, United States"
http://www.wikidata.org/entity/Q42665931,Jeff Drive-In,Point(-90.1689011 29.9608702),,,"former drive-in movie theater in Metairie, Louisiana, United States"
http://www.wikidata.org/entity/Q42665931,Jeff Drive-In,Point(-90.1689011 29.9608702),,,"former drive-in movie theater in Metairie, Louisiana, United States"
http://www.wikidata.org/entity/Q42665931,Jeff Drive-In,Point(-90.1689011 29.9608702),,,"former drive-in movie theater in Metairie, Louisiana, United States"
http://www.wikidata.org/entity/Q42665931,Jeff Drive-In,Point(-90.1689011 29.9608702),,,"former drive-in movie theater in Metairie, Louisiana, United States"
http://www.wikidata.org/entity/Q42665931,Jeff Drive-In,Point(-90.1689011 29.9608702),,,"former drive-in movie theater in Metairie, Louisiana, United States"
http://www.wikidata.org/entity/Q42665931,Jeff Drive-In,Point(-90.1689011 29.9608702),,,"former drive-in movie theater in Metairie, Louisiana, United States"
http://www.wikidata.org/entity/Q42665931,Jeff Drive-In,Point(-90.1689011 29.9608702),,,"former drive-in movie theater in Metairie, Louisiana, United States"
http://www.wikidata.org/entity/Q42665931,Jeff Drive-In,Point(-90.1689011 29.9608702),,,"former drive-in movie theater in Metairie, Louisiana, United States"
http://www.wikidata.org/entity/Q42665931,Jeff Drive-In,Point(-90.1689011 29.9608702),,,"former drive-in movie theater in Metairie, Louisiana, United States"
http://www.wikidata.org/entity/Q42665931,Jeff Drive-In,Point(-90.1689011 29.9608702),,,"former drive-in movie theater in Metairie, Louisiana, United States"
http://www.wikidata.org/entity/Q42665931,Jeff Drive-In,Point(-90.1689011 29.9608702),,,"former drive-in movie theater in Metairie, Louisiana, United States"
http://www.wikidata.org/entity/Q42665931,Jeff Drive-In,Point(-90.1689011 29.9608702),,,"former drive-in movie theater in Metairie, Louisiana, United States"
http://www.wikidata.org/entity/Q42665931,Jeff Drive-In,Point(-90.1689011 29.9608702),,,"former drive-in movie theater in Metairie, Louisiana, United States"
http://www.wikidata.org/entity/Q42665931,Jeff Drive-In,Point(-90.1689011 29.9608702),,,"former drive-in movie theater in Metairie, Louisiana, United States"
http://www.wikidata.org/entity/Q42665931,Jeff Drive-In,Point(-90.1689011 29.9608702),,,"former drive-in movie theater in Metairie, Louisiana, United States"
http://www.wikidata.org/entity/Q42665931,Jeff Drive-In,Point(-90.1689011 29.9608702),,,"former drive-in movie theater in Metairie, Louisiana, United States"
http://www.wikidata.org/entity/Q42665931,Jeff Drive-In,Point(-90.1689011 29.9608702),,,"former drive-in movie theater in Metairie, Louisiana, United States"
http://www.wikidata.org/entity/Q42665944,Westgate Drive-In,Point(-90.2251288 30.0071145),,,"former drive-in movie theater in Metairie, Louisiana, United States"
http://www.wikidata.org/entity/Q42665944,Westgate Drive-In,Point(-90.2251288 30.0071145),,,"former drive-in movie theater in Metairie, Louisiana, United States"
http://www.wikidata.org/entity/Q42665944,Westgate Drive-In,Point(-90.2251288 30.0071145),,,"former drive-in movie theater in Metairie, Louisiana, United States"
http://www.wikidata.org/entity/Q42665944,Westgate Drive-In,Point(-90.2251288 30.0071145),,,"former drive-in movie theater in Metairie, Louisiana, United States"
http://www.wikidata.org/entity/Q42665944,Westgate Drive-In,Point(-90.2251288 30.0071145),,,"former drive-in movie theater in Metairie, Louisiana, United States"
http://www.wikidata.org/entity/Q42665944,Westgate Drive-In,Point(-90.2251288 30.0071145),,,"former drive-in movie theater in Metairie, Louisiana, United States"
http://www.wikidata.org/entity/Q42665944,Westgate Drive-In,Point(-90.2251288 30.0071145),,,"former drive-in movie theater in Metairie, Louisiana, United States"
http://www.wikidata.org/entity/Q42665944,Westgate Drive-In,Point(-90.2251288 30.0071145),,,"former drive-in movie theater in Metairie, Louisiana, United States"
http://www.wikidata.org/entity/Q42665944,Westgate Drive-In,Point(-90.2251288 30.0071145),,,"former drive-in movie theater in Metairie, Louisiana, United States"
http://www.wikidata.org/entity/Q42665944,Westgate Drive-In,Point(-90.2251288 30.0071145),,,"former drive-in movie theater in Metairie, Louisiana, United States"
http://www.wikidata.org/entity/Q42665944,Westgate Drive-In,Point(-90.2251288 30.0071145),,,"former drive-in movie theater in Metairie, Louisiana, United States"
http://www.wikidata.org/entity/Q42665944,Westgate Drive-In,Point(-90.2251288 30.0071145),,,"former drive-in movie theater in Metairie, Louisiana, United States"
http://www.wikidata.org/entity/Q42665944,Westgate Drive-In,Point(-90.2251288 30.0071145),,,"former drive-in movie theater in Metairie, Louisiana, United States"
http://www.wikidata.org/entity/Q42665944,Westgate Drive-In,Point(-90.2251288 30.0071145),,,"former drive-in movie theater in Metairie, Louisiana, United States"
http://www.wikidata.org/entity/Q42665944,Westgate Drive-In,Point(-90.2251288 30.0071145),,,"former drive-in movie theater in Metairie, Louisiana, United States"
http://www.wikidata.org/entity/Q42665944,Westgate Drive-In,Point(-90.2251288 30.0071145),,,"former drive-in movie theater in Metairie, Louisiana, United States"
http://www.wikidata.org/entity/Q42665944,Westgate Drive-In,Point(-90.2251288 30.0071145),,,"former drive-in movie theater in Metairie, Louisiana, United States"
http://www.wikidata.org/entity/Q42665944,Westgate Drive-In,Point(-90.2251288 30.0071145),,,"former drive-in movie theater in Metairie, Louisiana, United States"
http://www.wikidata.org/entity/Q42665944,Westgate Drive-In,Point(-90.2251288 30.0071145),,,"former drive-in movie theater in Metairie, Louisiana, United States"
http://www.wikidata.org/entity/Q42665944,Westgate Drive-In,Point(-90.2251288 30.0071145),,,"former drive-in movie theater in Metairie, Louisiana, United States"
http://www.wikidata.org/entity/Q42665944,Westgate Drive-In,Point(-90.2251288 30.0071145),,,"former drive-in movie theater in Metairie, Louisiana, United States"
http://www.wikidata.org/entity/Q42665944,Westgate Drive-In,Point(-90.2251288 30.0071145),,,"former drive-in movie theater in Metairie, Louisiana, United States"
http://www.wikidata.org/entity/Q42665944,Westgate Drive-In,Point(-90.2251288 30.0071145),,,"former drive-in movie theater in Metairie, Louisiana, United States"
http://www.wikidata.org/entity/Q42665944,Westgate Drive-In,Point(-90.2251288 30.0071145),,,"former drive-in movie theater in Metairie, Louisiana, United States"
http://www.wikidata.org/entity/Q42665944,Westgate Drive-In,Point(-90.2251288 30.0071145),,,"former drive-in movie theater in Metairie, Louisiana, United States"
http://www.wikidata.org/entity/Q42665944,Westgate Drive-In,Point(-90.2251288 30.0071145),,,"former drive-in movie theater in Metairie, Louisiana, United States"
http://www.wikidata.org/entity/Q42665944,Westgate Drive-In,Point(-90.2251288 30.0071145),,,"former drive-in movie theater in Metairie, Louisiana, United States"
http://www.wikidata.org/entity/Q42665944,Westgate Drive-In,Point(-90.2251288 30.0071145),,,"former drive-in movie theater in Metairie, Louisiana, United States"
http://www.wikidata.org/entity/Q42665944,Westgate Drive-In,Point(-90.2251288 30.0071145),,,"former drive-in movie theater in Metairie, Louisiana, United States"
http://www.wikidata.org/entity/Q42665944,Westgate Drive-In,Point(-90.2251288 30.0071145),,,"former drive-in movie theater in Metairie, Louisiana, United States"
http://www.wikidata.org/entity/Q42665944,Westgate Drive-In,Point(-90.2251288 30.0071145),,,"former drive-in movie theater in Metairie, Louisiana, United States"
http://www.wikidata.org/entity/Q42665944,Westgate Drive-In,Point(-90.2251288 30.0071145),,,"former drive-in movie theater in Metairie, Louisiana, United States"
http://www.wikidata.org/entity/Q42665944,Westgate Drive-In,Point(-90.2251288 30.0071145),,,"former drive-in movie theater in Metairie, Louisiana, United States"
http://www.wikidata.org/entity/Q42665944,Westgate Drive-In,Point(-90.2251288 30.0071145),,,"former drive-in movie theater in Metairie, Louisiana, United States"
http://www.wikidata.org/entity/Q42665944,Westgate Drive-In,Point(-90.2251288 30.0071145),,,"former drive-in movie theater in Metairie, Louisiana, United States"
http://www.wikidata.org/entity/Q42665944,Westgate Drive-In,Point(-90.2251288 30.0071145),,,"former drive-in movie theater in Metairie, Louisiana, United States"
http://www.wikidata.org/entity/Q42665944,Westgate Drive-In,Point(-90.2251288 30.0071145),,,"former drive-in movie theater in Metairie, Louisiana, United States"
http://www.wikidata.org/entity/Q42665944,Westgate Drive-In,Point(-90.2251288 30.0071145),,,"former drive-in movie theater in Metairie, Louisiana, United States"
http://www.wikidata.org/entity/Q42665944,Westgate Drive-In,Point(-90.2251288 30.0071145),,,"former drive-in movie theater in Metairie, Louisiana, United States"
http://www.wikidata.org/entity/Q42665944,Westgate Drive-In,Point(-90.2251288 30.0071145),,,"former drive-in movie theater in Metairie, Louisiana, United States"
http://www.wikidata.org/entity/Q42665944,Westgate Drive-In,Point(-90.2251288 30.0071145),,,"former drive-in movie theater in Metairie, Louisiana, United States"
http://www.wikidata.org/entity/Q42665944,Westgate Drive-In,Point(-90.2251288 30.0071145),,,"former drive-in movie theater in Metairie, Louisiana, United States"
http://www.wikidata.org/entity/Q42665944,Westgate Drive-In,Point(-90.2251288 30.0071145),,,"former drive-in movie theater in Metairie, Louisiana, United States"
http://www.wikidata.org/entity/Q42665944,Westgate Drive-In,Point(-90.2251288 30.0071145),,,"former drive-in movie theater in Metairie, Louisiana, United States"
http://www.wikidata.org/entity/Q42666041,Crescent Drive-In,Point(-90.1157465 29.9715277),,,"former drive-in movie theater in New Orleans, Louisiana, United States"
http://www.wikidata.org/entity/Q42666041,Crescent Drive-In,Point(-90.1157465 29.9715277),,,"former drive-in movie theater in New Orleans, Louisiana, United States"
http://www.wikidata.org/entity/Q42666041,Crescent Drive-In,Point(-90.1157465 29.9715277),,,"former drive-in movie theater in New Orleans, Louisiana, United States"
http://www.wikidata.org/entity/Q42666041,Crescent Drive-In,Point(-90.1157465 29.9715277),,,"former drive-in movie theater in New Orleans, Louisiana, United States"
http://www.wikidata.org/entity/Q42666041,Crescent Drive-In,Point(-90.1157465 29.9715277),,,"former drive-in movie theater in New Orleans, Louisiana, United States"
http://www.wikidata.org/entity/Q42666041,Crescent Drive-In,Point(-90.1157465 29.9715277),,,"former drive-in movie theater in New Orleans, Louisiana, United States"
http://www.wikidata.org/entity/Q42666041,Crescent Drive-In,Point(-90.1157465 29.9715277),,,"former drive-in movie theater in New Orleans, Louisiana, United States"
http://www.wikidata.org/entity/Q42666041,Crescent Drive-In,Point(-90.1157465 29.9715277),,,"former drive-in movie theater in New Orleans, Louisiana, United States"
http://www.wikidata.org/entity/Q42666041,Crescent Drive-In,Point(-90.1157465 29.9715277),,,"former drive-in movie theater in New Orleans, Louisiana, United States"
http://www.wikidata.org/entity/Q42666041,Crescent Drive-In,Point(-90.1157465 29.9715277),,,"former drive-in movie theater in New Orleans, Louisiana, United States"
http://www.wikidata.org/entity/Q42666041,Crescent Drive-In,Point(-90.1157465 29.9715277),,,"former drive-in movie theater in New Orleans, Louisiana, United States"
http://www.wikidata.org/entity/Q42666041,Crescent Drive-In,Point(-90.1157465 29.9715277),,,"former drive-in movie theater in New Orleans, Louisiana, United States"
http://www.wikidata.org/entity/Q42666041,Crescent Drive-In,Point(-90.1157465 29.9715277),,,"former drive-in movie theater in New Orleans, Louisiana, United States"
http://www.wikidata.org/entity/Q42666041,Crescent Drive-In,Point(-90.1157465 29.9715277),,,"former drive-in movie theater in New Orleans, Louisiana, United States"
http://www.wikidata.org/entity/Q42666041,Crescent Drive-In,Point(-90.1157465 29.9715277),,,"former drive-in movie theater in New Orleans, Louisiana, United States"
http://www.wikidata.org/entity/Q42666041,Crescent Drive-In,Point(-90.1157465 29.9715277),,,"former drive-in movie theater in New Orleans, Louisiana, United States"
http://www.wikidata.org/entity/Q42666041,Crescent Drive-In,Point(-90.1157465 29.9715277),,,"former drive-in movie theater in New Orleans, Louisiana, United States"
http://www.wikidata.org/entity/Q42666041,Crescent Drive-In,Point(-90.1157465 29.9715277),,,"former drive-in movie theater in New Orleans, Louisiana, United States"
http://www.wikidata.org/entity/Q42666041,Crescent Drive-In,Point(-90.1157465 29.9715277),,,"former drive-in movie theater in New Orleans, Louisiana, United States"
http://www.wikidata.org/entity/Q42666041,Crescent Drive-In,Point(-90.1157465 29.9715277),,,"former drive-in movie theater in New Orleans, Louisiana, United States"
http://www.wikidata.org/entity/Q42666041,Crescent Drive-In,Point(-90.1157465 29.9715277),,,"former drive-in movie theater in New Orleans, Louisiana, United States"
http://www.wikidata.org/entity/Q42666041,Crescent Drive-In,Point(-90.1157465 29.9715277),,,"former drive-in movie theater in New Orleans, Louisiana, United States"
http://www.wikidata.org/entity/Q42666041,Crescent Drive-In,Point(-90.1157465 29.9715277),,,"former drive-in movie theater in New Orleans, Louisiana, United States"
http://www.wikidata.org/entity/Q42666041,Crescent Drive-In,Point(-90.1157465 29.9715277),,,"former drive-in movie theater in New Orleans, Louisiana, United States"
http://www.wikidata.org/entity/Q42666041,Crescent Drive-In,Point(-90.1157465 29.9715277),,,"former drive-in movie theater in New Orleans, Louisiana, United States"
http://www.wikidata.org/entity/Q42666041,Crescent Drive-In,Point(-90.1157465 29.9715277),,,"former drive-in movie theater in New Orleans, Louisiana, United States"
http://www.wikidata.org/entity/Q42666041,Crescent Drive-In,Point(-90.1157465 29.9715277),,,"former drive-in movie theater in New Orleans, Louisiana, United States"
http://www.wikidata.org/entity/Q42666041,Crescent Drive-In,Point(-90.1157465 29.9715277),,,"former drive-in movie theater in New Orleans, Louisiana, United States"
http://www.wikidata.org/entity/Q42666041,Crescent Drive-In,Point(-90.1157465 29.9715277),,,"former drive-in movie theater in New Orleans, Louisiana, United States"
http://www.wikidata.org/entity/Q42666041,Crescent Drive-In,Point(-90.1157465 29.9715277),,,"former drive-in movie theater in New Orleans, Louisiana, United States"
http://www.wikidata.org/entity/Q42666041,Crescent Drive-In,Point(-90.1157465 29.9715277),,,"former drive-in movie theater in New Orleans, Louisiana, United States"
http://www.wikidata.org/entity/Q42666041,Crescent Drive-In,Point(-90.1157465 29.9715277),,,"former drive-in movie theater in New Orleans, Louisiana, United States"
http://www.wikidata.org/entity/Q42666041,Crescent Drive-In,Point(-90.1157465 29.9715277),,,"former drive-in movie theater in New Orleans, Louisiana, United States"
http://www.wikidata.org/entity/Q42666041,Crescent Drive-In,Point(-90.1157465 29.9715277),,,"former drive-in movie theater in New Orleans, Louisiana, United States"
http://www.wikidata.org/entity/Q42666041,Crescent Drive-In,Point(-90.1157465 29.9715277),,,"former drive-in movie theater in New Orleans, Louisiana, United States"
http://www.wikidata.org/entity/Q42666041,Crescent Drive-In,Point(-90.1157465 29.9715277),,,"former drive-in movie theater in New Orleans, Louisiana, United States"
http://www.wikidata.org/entity/Q42666041,Crescent Drive-In,Point(-90.1157465 29.9715277),,,"former drive-in movie theater in New Orleans, Louisiana, United States"
http://www.wikidata.org/entity/Q42666041,Crescent Drive-In,Point(-90.1157465 29.9715277),,,"former drive-in movie theater in New Orleans, Louisiana, United States"
http://www.wikidata.org/entity/Q42666041,Crescent Drive-In,Point(-90.1157465 29.9715277),,,"former drive-in movie theater in New Orleans, Louisiana, United States"
http://www.wikidata.org/entity/Q42666041,Crescent Drive-In,Point(-90.1157465 29.9715277),,,"former drive-in movie theater in New Orleans, Louisiana, United States"
http://www.wikidata.org/entity/Q42666041,Crescent Drive-In,Point(-90.1157465 29.9715277),,,"former drive-in movie theater in New Orleans, Louisiana, United States"
http://www.wikidata.org/entity/Q42666041,Crescent Drive-In,Point(-90.1157465 29.9715277),,,"former drive-in movie theater in New Orleans, Louisiana, United States"
http://www.wikidata.org/entity/Q42666041,Crescent Drive-In,Point(-90.1157465 29.9715277),,,"former drive-in movie theater in New Orleans, Louisiana, United States"
http://www.wikidata.org/entity/Q42666041,Crescent Drive-In,Point(-90.1157465 29.9715277),,,"former drive-in movie theater in New Orleans, Louisiana, United States"
http://www.wikidata.org/entity/Q42666053,Skyvue Drive-In,Point(-90.017915 30.0101655),,,"former drive-in movie theater in New Orleans, Louisiana, United States"
http://www.wikidata.org/entity/Q42666053,Skyvue Drive-In,Point(-90.017915 30.0101655),,,"former drive-in movie theater in New Orleans, Louisiana, United States"
http://www.wikidata.org/entity/Q42666053,Skyvue Drive-In,Point(-90.017915 30.0101655),,,"former drive-in movie theater in New Orleans, Louisiana, United States"
http://www.wikidata.org/entity/Q42666053,Skyvue Drive-In,Point(-90.017915 30.0101655),,,"former drive-in movie theater in New Orleans, Louisiana, United States"
http://www.wikidata.org/entity/Q42666053,Skyvue Drive-In,Point(-90.017915 30.0101655),,,"former drive-in movie theater in New Orleans, Louisiana, United States"
http://www.wikidata.org/entity/Q42666053,Skyvue Drive-In,Point(-90.017915 30.0101655),,,"former drive-in movie theater in New Orleans, Louisiana, United States"
http://www.wikidata.org/entity/Q42666053,Skyvue Drive-In,Point(-90.017915 30.0101655),,,"former drive-in movie theater in New Orleans, Louisiana, United States"
http://www.wikidata.org/entity/Q42666053,Skyvue Drive-In,Point(-90.017915 30.0101655),,,"former drive-in movie theater in New Orleans, Louisiana, United States"
http://www.wikidata.org/entity/Q42666053,Skyvue Drive-In,Point(-90.017915 30.0101655),,,"former drive-in movie theater in New Orleans, Louisiana, United States"
http://www.wikidata.org/entity/Q42666053,Skyvue Drive-In,Point(-90.017915 30.0101655),,,"former drive-in movie theater in New Orleans, Louisiana, United States"
http://www.wikidata.org/entity/Q42666053,Skyvue Drive-In,Point(-90.017915 30.0101655),,,"former drive-in movie theater in New Orleans, Louisiana, United States"
http://www.wikidata.org/entity/Q42666053,Skyvue Drive-In,Point(-90.017915 30.0101655),,,"former drive-in movie theater in New Orleans, Louisiana, United States"
http://www.wikidata.org/entity/Q42666053,Skyvue Drive-In,Point(-90.017915 30.0101655),,,"former drive-in movie theater in New Orleans, Louisiana, United States"
http://www.wikidata.org/entity/Q42666053,Skyvue Drive-In,Point(-90.017915 30.0101655),,,"former drive-in movie theater in New Orleans, Louisiana, United States"
http://www.wikidata.org/entity/Q42666053,Skyvue Drive-In,Point(-90.017915 30.0101655),,,"former drive-in movie theater in New Orleans, Louisiana, United States"
http://www.wikidata.org/entity/Q42666053,Skyvue Drive-In,Point(-90.017915 30.0101655),,,"former drive-in movie theater in New Orleans, Louisiana, United States"
http://www.wikidata.org/entity/Q42666053,Skyvue Drive-In,Point(-90.017915 30.0101655),,,"former drive-in movie theater in New Orleans, Louisiana, United States"
http://www.wikidata.org/entity/Q42666053,Skyvue Drive-In,Point(-90.017915 30.0101655),,,"former drive-in movie theater in New Orleans, Louisiana, United States"
http://www.wikidata.org/entity/Q42666053,Skyvue Drive-In,Point(-90.017915 30.0101655),,,"former drive-in movie theater in New Orleans, Louisiana, United States"
http://www.wikidata.org/entity/Q42666053,Skyvue Drive-In,Point(-90.017915 30.0101655),,,"former drive-in movie theater in New Orleans, Louisiana, United States"
http://www.wikidata.org/entity/Q42666053,Skyvue Drive-In,Point(-90.017915 30.0101655),,,"former drive-in movie theater in New Orleans, Louisiana, United States"
http://www.wikidata.org/entity/Q42666053,Skyvue Drive-In,Point(-90.017915 30.0101655),,,"former drive-in movie theater in New Orleans, Louisiana, United States"
http://www.wikidata.org/entity/Q42666053,Skyvue Drive-In,Point(-90.017915 30.0101655),,,"former drive-in movie theater in New Orleans, Louisiana, United States"
http://www.wikidata.org/entity/Q42666053,Skyvue Drive-In,Point(-90.017915 30.0101655),,,"former drive-in movie theater in New Orleans, Louisiana, United States"
http://www.wikidata.org/entity/Q42666053,Skyvue Drive-In,Point(-90.017915 30.0101655),,,"former drive-in movie theater in New Orleans, Louisiana, United States"
http://www.wikidata.org/entity/Q42666053,Skyvue Drive-In,Point(-90.017915 30.0101655),,,"former drive-in movie theater in New Orleans, Louisiana, United States"
http://www.wikidata.org/entity/Q42666053,Skyvue Drive-In,Point(-90.017915 30.0101655),,,"former drive-in movie theater in New Orleans, Louisiana, United States"
http://www.wikidata.org/entity/Q42666053,Skyvue Drive-In,Point(-90.017915 30.0101655),,,"former drive-in movie theater in New Orleans, Louisiana, United States"
http://www.wikidata.org/entity/Q42666053,Skyvue Drive-In,Point(-90.017915 30.0101655),,,"former drive-in movie theater in New Orleans, Louisiana, United States"
http://www.wikidata.org/entity/Q42666053,Skyvue Drive-In,Point(-90.017915 30.0101655),,,"former drive-in movie theater in New Orleans, Louisiana, United States"
http://www.wikidata.org/entity/Q42666053,Skyvue Drive-In,Point(-90.017915 30.0101655),,,"former drive-in movie theater in New Orleans, Louisiana, United States"
http://www.wikidata.org/entity/Q42666053,Skyvue Drive-In,Point(-90.017915 30.0101655),,,"former drive-in movie theater in New Orleans, Louisiana, United States"
http://www.wikidata.org/entity/Q42666053,Skyvue Drive-In,Point(-90.017915 30.0101655),,,"former drive-in movie theater in New Orleans, Louisiana, United States"
http://www.wikidata.org/entity/Q42666053,Skyvue Drive-In,Point(-90.017915 30.0101655),,,"former drive-in movie theater in New Orleans, Louisiana, United States"
http://www.wikidata.org/entity/Q42666053,Skyvue Drive-In,Point(-90.017915 30.0101655),,,"former drive-in movie theater in New Orleans, Louisiana, United States"
http://www.wikidata.org/entity/Q42666053,Skyvue Drive-In,Point(-90.017915 30.0101655),,,"former drive-in movie theater in New Orleans, Louisiana, United States"
http://www.wikidata.org/entity/Q42666053,Skyvue Drive-In,Point(-90.017915 30.0101655),,,"former drive-in movie theater in New Orleans, Louisiana, United States"
http://www.wikidata.org/entity/Q42666053,Skyvue Drive-In,Point(-90.017915 30.0101655),,,"former drive-in movie theater in New Orleans, Louisiana, United States"
http://www.wikidata.org/entity/Q42666053,Skyvue Drive-In,Point(-90.017915 30.0101655),,,"former drive-in movie theater in New Orleans, Louisiana, United States"
http://www.wikidata.org/entity/Q42666053,Skyvue Drive-In,Point(-90.017915 30.0101655),,,"former drive-in movie theater in New Orleans, Louisiana, United States"
http://www.wikidata.org/entity/Q42666053,Skyvue Drive-In,Point(-90.017915 30.0101655),,,"former drive-in movie theater in New Orleans, Louisiana, United States"
http://www.wikidata.org/entity/Q42666053,Skyvue Drive-In,Point(-90.017915 30.0101655),,,"former drive-in movie theater in New Orleans, Louisiana, United States"
http://www.wikidata.org/entity/Q42666053,Skyvue Drive-In,Point(-90.017915 30.0101655),,,"former drive-in movie theater in New Orleans, Louisiana, United States"
http://www.wikidata.org/entity/Q42666053,Skyvue Drive-In,Point(-90.017915 30.0101655),,,"former drive-in movie theater in New Orleans, Louisiana, United States"
http://www.wikidata.org/entity/Q42666502,Arabi Theatre,Point(-90.0053826 29.958018),,,"former movie theater in Arabi, Louisiana, United States"
http://www.wikidata.org/entity/Q42666502,Arabi Theatre,Point(-90.0053826 29.958018),,,"former movie theater in Arabi, Louisiana, United States"
http://www.wikidata.org/entity/Q42666502,Arabi Theatre,Point(-90.0053826 29.958018),,,"former movie theater in Arabi, Louisiana, United States"
http://www.wikidata.org/entity/Q42666502,Arabi Theatre,Point(-90.0053826 29.958018),,,"former movie theater in Arabi, Louisiana, United States"
http://www.wikidata.org/entity/Q42666502,Arabi Theatre,Point(-90.0053826 29.958018),,,"former movie theater in Arabi, Louisiana, United States"
http://www.wikidata.org/entity/Q42666502,Arabi Theatre,Point(-90.0053826 29.958018),,,"former movie theater in Arabi, Louisiana, United States"
http://www.wikidata.org/entity/Q42666502,Arabi Theatre,Point(-90.0053826 29.958018),,,"former movie theater in Arabi, Louisiana, United States"
http://www.wikidata.org/entity/Q42666502,Arabi Theatre,Point(-90.0053826 29.958018),,,"former movie theater in Arabi, Louisiana, United States"
http://www.wikidata.org/entity/Q42666502,Arabi Theatre,Point(-90.0053826 29.958018),,,"former movie theater in Arabi, Louisiana, United States"
http://www.wikidata.org/entity/Q42666502,Arabi Theatre,Point(-90.0053826 29.958018),,,"former movie theater in Arabi, Louisiana, United States"
http://www.wikidata.org/entity/Q42666502,Arabi Theatre,Point(-90.0053826 29.958018),,,"former movie theater in Arabi, Louisiana, United States"
http://www.wikidata.org/entity/Q42666502,Arabi Theatre,Point(-90.0053826 29.958018),,,"former movie theater in Arabi, Louisiana, United States"
http://www.wikidata.org/entity/Q42666502,Arabi Theatre,Point(-90.0053826 29.958018),,,"former movie theater in Arabi, Louisiana, United States"
http://www.wikidata.org/entity/Q42666502,Arabi Theatre,Point(-90.0053826 29.958018),,,"former movie theater in Arabi, Louisiana, United States"
http://www.wikidata.org/entity/Q42666502,Arabi Theatre,Point(-90.0053826 29.958018),,,"former movie theater in Arabi, Louisiana, United States"
http://www.wikidata.org/entity/Q42666502,Arabi Theatre,Point(-90.0053826 29.958018),,,"former movie theater in Arabi, Louisiana, United States"
http://www.wikidata.org/entity/Q42666502,Arabi Theatre,Point(-90.0053826 29.958018),,,"former movie theater in Arabi, Louisiana, United States"
http://www.wikidata.org/entity/Q42666502,Arabi Theatre,Point(-90.0053826 29.958018),,,"former movie theater in Arabi, Louisiana, United States"
http://www.wikidata.org/entity/Q42666502,Arabi Theatre,Point(-90.0053826 29.958018),,,"former movie theater in Arabi, Louisiana, United States"
http://www.wikidata.org/entity/Q42666502,Arabi Theatre,Point(-90.0053826 29.958018),,,"former movie theater in Arabi, Louisiana, United States"
http://www.wikidata.org/entity/Q42666502,Arabi Theatre,Point(-90.0053826 29.958018),,,"former movie theater in Arabi, Louisiana, United States"
http://www.wikidata.org/entity/Q42666502,Arabi Theatre,Point(-90.0053826 29.958018),,,"former movie theater in Arabi, Louisiana, United States"
http://www.wikidata.org/entity/Q42666502,Arabi Theatre,Point(-90.0053826 29.958018),,,"former movie theater in Arabi, Louisiana, United States"
http://www.wikidata.org/entity/Q42666502,Arabi Theatre,Point(-90.0053826 29.958018),,,"former movie theater in Arabi, Louisiana, United States"
http://www.wikidata.org/entity/Q42666502,Arabi Theatre,Point(-90.0053826 29.958018),,,"former movie theater in Arabi, Louisiana, United States"
http://www.wikidata.org/entity/Q42666502,Arabi Theatre,Point(-90.0053826 29.958018),,,"former movie theater in Arabi, Louisiana, United States"
http://www.wikidata.org/entity/Q42667115,Chalmette Cinema,Point(-89.9758643 29.9519945),,,"movie theater in Chalmette, Louisiana, United States"
http://www.wikidata.org/entity/Q42667115,Chalmette Cinema,Point(-89.9758643 29.9519945),,,"movie theater in Chalmette, Louisiana, United States"
http://www.wikidata.org/entity/Q42667115,Chalmette Cinema,Point(-89.9758643 29.9519945),,,"movie theater in Chalmette, Louisiana, United States"
http://www.wikidata.org/entity/Q42667115,Chalmette Cinema,Point(-89.9758643 29.9519945),,,"movie theater in Chalmette, Louisiana, United States"
http://www.wikidata.org/entity/Q42667115,Chalmette Cinema,Point(-89.9758643 29.9519945),,,"movie theater in Chalmette, Louisiana, United States"
http://www.wikidata.org/entity/Q42667115,Chalmette Cinema,Point(-89.9758643 29.9519945),,,"movie theater in Chalmette, Louisiana, United States"
http://www.wikidata.org/entity/Q42667115,Chalmette Cinema,Point(-89.9758643 29.9519945),,,"movie theater in Chalmette, Louisiana, United States"
http://www.wikidata.org/entity/Q42667115,Chalmette Cinema,Point(-89.9758643 29.9519945),,,"movie theater in Chalmette, Louisiana, United States"
http://www.wikidata.org/entity/Q42667115,Chalmette Cinema,Point(-89.9758643 29.9519945),,,"movie theater in Chalmette, Louisiana, United States"
http://www.wikidata.org/entity/Q42667115,Chalmette Cinema,Point(-89.9758643 29.9519945),,,"movie theater in Chalmette, Louisiana, United States"
http://www.wikidata.org/entity/Q42667115,Chalmette Cinema,Point(-89.9758643 29.9519945),,,"movie theater in Chalmette, Louisiana, United States"
http://www.wikidata.org/entity/Q42667115,Chalmette Cinema,Point(-89.9758643 29.9519945),,,"movie theater in Chalmette, Louisiana, United States"
http://www.wikidata.org/entity/Q42667115,Chalmette Cinema,Point(-89.9758643 29.9519945),,,"movie theater in Chalmette, Louisiana, United States"
http://www.wikidata.org/entity/Q42667115,Chalmette Cinema,Point(-89.9758643 29.9519945),,,"movie theater in Chalmette, Louisiana, United States"
http://www.wikidata.org/entity/Q42667115,Chalmette Cinema,Point(-89.9758643 29.9519945),,,"movie theater in Chalmette, Louisiana, United States"
http://www.wikidata.org/entity/Q42667115,Chalmette Cinema,Point(-89.9758643 29.9519945),,,"movie theater in Chalmette, Louisiana, United States"
http://www.wikidata.org/entity/Q42667115,Chalmette Cinema,Point(-89.9758643 29.9519945),,,"movie theater in Chalmette, Louisiana, United States"
http://www.wikidata.org/entity/Q42667115,Chalmette Cinema,Point(-89.9758643 29.9519945),,,"movie theater in Chalmette, Louisiana, United States"
http://www.wikidata.org/entity/Q42667115,Chalmette Cinema,Point(-89.9758643 29.9519945),,,"movie theater in Chalmette, Louisiana, United States"
http://www.wikidata.org/entity/Q42667115,Chalmette Cinema,Point(-89.9758643 29.9519945),,,"movie theater in Chalmette, Louisiana, United States"
http://www.wikidata.org/entity/Q42667115,Chalmette Cinema,Point(-89.9758643 29.9519945),,,"movie theater in Chalmette, Louisiana, United States"
http://www.wikidata.org/entity/Q42667115,Chalmette Cinema,Point(-89.9758643 29.9519945),,,"movie theater in Chalmette, Louisiana, United States"
http://www.wikidata.org/entity/Q42667115,Chalmette Cinema,Point(-89.9758643 29.9519945),,,"movie theater in Chalmette, Louisiana, United States"
http://www.wikidata.org/entity/Q42667115,Chalmette Cinema,Point(-89.9758643 29.9519945),,,"movie theater in Chalmette, Louisiana, United States"
http://www.wikidata.org/entity/Q42667115,Chalmette Cinema,Point(-89.9758643 29.9519945),,,"movie theater in Chalmette, Louisiana, United States"
http://www.wikidata.org/entity/Q42667115,Chalmette Cinema,Point(-89.9758643 29.9519945),,,"movie theater in Chalmette, Louisiana, United States"
http://www.wikidata.org/entity/Q42667461,Beverly Theatre,Point(-90.0492783 29.9220325),,,"former movie theater in Gretna, Louisiana, United States"
http://www.wikidata.org/entity/Q42667461,Beverly Theatre,Point(-90.0492783 29.9220325),,,"former movie theater in Gretna, Louisiana, United States"
http://www.wikidata.org/entity/Q42667461,Beverly Theatre,Point(-90.0492783 29.9220325),,,"former movie theater in Gretna, Louisiana, United States"
http://www.wikidata.org/entity/Q42667461,Beverly Theatre,Point(-90.0492783 29.9220325),,,"former movie theater in Gretna, Louisiana, United States"
http://www.wikidata.org/entity/Q42667461,Beverly Theatre,Point(-90.0492783 29.9220325),,,"former movie theater in Gretna, Louisiana, United States"
http://www.wikidata.org/entity/Q42667461,Beverly Theatre,Point(-90.0492783 29.9220325),,,"former movie theater in Gretna, Louisiana, United States"
http://www.wikidata.org/entity/Q42667461,Beverly Theatre,Point(-90.0492783 29.9220325),,,"former movie theater in Gretna, Louisiana, United States"
http://www.wikidata.org/entity/Q42667461,Beverly Theatre,Point(-90.0492783 29.9220325),,,"former movie theater in Gretna, Louisiana, United States"
http://www.wikidata.org/entity/Q42667461,Beverly Theatre,Point(-90.0492783 29.9220325),,,"former movie theater in Gretna, Louisiana, United States"
http://www.wikidata.org/entity/Q42667461,Beverly Theatre,Point(-90.0492783 29.9220325),,,"former movie theater in Gretna, Louisiana, United States"
http://www.wikidata.org/entity/Q42667461,Beverly Theatre,Point(-90.0492783 29.9220325),,,"former movie theater in Gretna, Louisiana, United States"
http://www.wikidata.org/entity/Q42667461,Beverly Theatre,Point(-90.0492783 29.9220325),,,"former movie theater in Gretna, Louisiana, United States"
http://www.wikidata.org/entity/Q42667461,Beverly Theatre,Point(-90.0492783 29.9220325),,,"former movie theater in Gretna, Louisiana, United States"
http://www.wikidata.org/entity/Q42667461,Beverly Theatre,Point(-90.0492783 29.9220325),,,"former movie theater in Gretna, Louisiana, United States"
http://www.wikidata.org/entity/Q42667461,Beverly Theatre,Point(-90.0492783 29.9220325),,,"former movie theater in Gretna, Louisiana, United States"
http://www.wikidata.org/entity/Q42667461,Beverly Theatre,Point(-90.0492783 29.9220325),,,"former movie theater in Gretna, Louisiana, United States"
http://www.wikidata.org/entity/Q42667461,Beverly Theatre,Point(-90.0492783 29.9220325),,,"former movie theater in Gretna, Louisiana, United States"
http://www.wikidata.org/entity/Q42667461,Beverly Theatre,Point(-90.0492783 29.9220325),,,"former movie theater in Gretna, Louisiana, United States"
http://www.wikidata.org/entity/Q42667461,Beverly Theatre,Point(-90.0492783 29.9220325),,,"former movie theater in Gretna, Louisiana, United States"
http://www.wikidata.org/entity/Q42667461,Beverly Theatre,Point(-90.0492783 29.9220325),,,"former movie theater in Gretna, Louisiana, United States"
http://www.wikidata.org/entity/Q42667461,Beverly Theatre,Point(-90.0492783 29.9220325),,,"former movie theater in Gretna, Louisiana, United States"
http://www.wikidata.org/entity/Q42667461,Beverly Theatre,Point(-90.0492783 29.9220325),,,"former movie theater in Gretna, Louisiana, United States"
http://www.wikidata.org/entity/Q42667461,Beverly Theatre,Point(-90.0492783 29.9220325),,,"former movie theater in Gretna, Louisiana, United States"
http://www.wikidata.org/entity/Q42667461,Beverly Theatre,Point(-90.0492783 29.9220325),,,"former movie theater in Gretna, Louisiana, United States"
http://www.wikidata.org/entity/Q42667461,Beverly Theatre,Point(-90.0492783 29.9220325),,,"former movie theater in Gretna, Louisiana, United States"
http://www.wikidata.org/entity/Q42667461,Beverly Theatre,Point(-90.0492783 29.9220325),,,"former movie theater in Gretna, Louisiana, United States"
http://www.wikidata.org/entity/Q42667470,Hollywood Theatre,Point(-90.0648437 29.9175272),,,"former movie theater in Gretna, Louisiana, United States"
http://www.wikidata.org/entity/Q42667470,Hollywood Theatre,Point(-90.0648437 29.9175272),,,"former movie theater in Gretna, Louisiana, United States"
http://www.wikidata.org/entity/Q42667470,Hollywood Theatre,Point(-90.0648437 29.9175272),,,"former movie theater in Gretna, Louisiana, United States"
http://www.wikidata.org/entity/Q42667470,Hollywood Theatre,Point(-90.0648437 29.9175272),,,"former movie theater in Gretna, Louisiana, United States"
http://www.wikidata.org/entity/Q42667470,Hollywood Theatre,Point(-90.0648437 29.9175272),,,"former movie theater in Gretna, Louisiana, United States"
http://www.wikidata.org/entity/Q42667470,Hollywood Theatre,Point(-90.0648437 29.9175272),,,"former movie theater in Gretna, Louisiana, United States"
http://www.wikidata.org/entity/Q42667470,Hollywood Theatre,Point(-90.0648437 29.9175272),,,"former movie theater in Gretna, Louisiana, United States"
http://www.wikidata.org/entity/Q42667470,Hollywood Theatre,Point(-90.0648437 29.9175272),,,"former movie theater in Gretna, Louisiana, United States"
http://www.wikidata.org/entity/Q42667470,Hollywood Theatre,Point(-90.0648437 29.9175272),,,"former movie theater in Gretna, Louisiana, United States"
http://www.wikidata.org/entity/Q42667470,Hollywood Theatre,Point(-90.0648437 29.9175272),,,"former movie theater in Gretna, Louisiana, United States"
http://www.wikidata.org/entity/Q42667470,Hollywood Theatre,Point(-90.0648437 29.9175272),,,"former movie theater in Gretna, Louisiana, United States"
http://www.wikidata.org/entity/Q42667470,Hollywood Theatre,Point(-90.0648437 29.9175272),,,"former movie theater in Gretna, Louisiana, United States"
http://www.wikidata.org/entity/Q42667470,Hollywood Theatre,Point(-90.0648437 29.9175272),,,"former movie theater in Gretna, Louisiana, United States"
http://www.wikidata.org/entity/Q42667470,Hollywood Theatre,Point(-90.0648437 29.9175272),,,"former movie theater in Gretna, Louisiana, United States"
http://www.wikidata.org/entity/Q42667470,Hollywood Theatre,Point(-90.0648437 29.9175272),,,"former movie theater in Gretna, Louisiana, United States"
http://www.wikidata.org/entity/Q42667470,Hollywood Theatre,Point(-90.0648437 29.9175272),,,"former movie theater in Gretna, Louisiana, United States"
http://www.wikidata.org/entity/Q42667470,Hollywood Theatre,Point(-90.0648437 29.9175272),,,"former movie theater in Gretna, Louisiana, United States"
http://www.wikidata.org/entity/Q42667470,Hollywood Theatre,Point(-90.0648437 29.9175272),,,"former movie theater in Gretna, Louisiana, United States"
http://www.wikidata.org/entity/Q42667470,Hollywood Theatre,Point(-90.0648437 29.9175272),,,"former movie theater in Gretna, Louisiana, United States"
http://www.wikidata.org/entity/Q42667470,Hollywood Theatre,Point(-90.0648437 29.9175272),,,"former movie theater in Gretna, Louisiana, United States"
http://www.wikidata.org/entity/Q42667470,Hollywood Theatre,Point(-90.0648437 29.9175272),,,"former movie theater in Gretna, Louisiana, United States"
http://www.wikidata.org/entity/Q42667470,Hollywood Theatre,Point(-90.0648437 29.9175272),,,"former movie theater in Gretna, Louisiana, United States"
http://www.wikidata.org/entity/Q42667470,Hollywood Theatre,Point(-90.0648437 29.9175272),,,"former movie theater in Gretna, Louisiana, United States"
http://www.wikidata.org/entity/Q42667470,Hollywood Theatre,Point(-90.0648437 29.9175272),,,"former movie theater in Gretna, Louisiana, United States"
http://www.wikidata.org/entity/Q42667470,Hollywood Theatre,Point(-90.0648437 29.9175272),,,"former movie theater in Gretna, Louisiana, United States"
http://www.wikidata.org/entity/Q42667470,Hollywood Theatre,Point(-90.0648437 29.9175272),,,"former movie theater in Gretna, Louisiana, United States"
http://www.wikidata.org/entity/Q42667479,Oakwood Cinema,Point(-90.0418459 29.9213275),,,"former movie theater in Gretna, Louisiana, United States"
http://www.wikidata.org/entity/Q42667479,Oakwood Cinema,Point(-90.0418459 29.9213275),,,"former movie theater in Gretna, Louisiana, United States"
http://www.wikidata.org/entity/Q42667479,Oakwood Cinema,Point(-90.0418459 29.9213275),,,"former movie theater in Gretna, Louisiana, United States"
http://www.wikidata.org/entity/Q42667479,Oakwood Cinema,Point(-90.0418459 29.9213275),,,"former movie theater in Gretna, Louisiana, United States"
http://www.wikidata.org/entity/Q42667479,Oakwood Cinema,Point(-90.0418459 29.9213275),,,"former movie theater in Gretna, Louisiana, United States"
http://www.wikidata.org/entity/Q42667479,Oakwood Cinema,Point(-90.0418459 29.9213275),,,"former movie theater in Gretna, Louisiana, United States"
http://www.wikidata.org/entity/Q42667479,Oakwood Cinema,Point(-90.0418459 29.9213275),,,"former movie theater in Gretna, Louisiana, United States"
http://www.wikidata.org/entity/Q42667479,Oakwood Cinema,Point(-90.0418459 29.9213275),,,"former movie theater in Gretna, Louisiana, United States"
http://www.wikidata.org/entity/Q42667479,Oakwood Cinema,Point(-90.0418459 29.9213275),,,"former movie theater in Gretna, Louisiana, United States"
http://www.wikidata.org/entity/Q42667479,Oakwood Cinema,Point(-90.0418459 29.9213275),,,"former movie theater in Gretna, Louisiana, United States"
http://www.wikidata.org/entity/Q42667479,Oakwood Cinema,Point(-90.0418459 29.9213275),,,"former movie theater in Gretna, Louisiana, United States"
http://www.wikidata.org/entity/Q42667479,Oakwood Cinema,Point(-90.0418459 29.9213275),,,"former movie theater in Gretna, Louisiana, United States"
http://www.wikidata.org/entity/Q42667479,Oakwood Cinema,Point(-90.0418459 29.9213275),,,"former movie theater in Gretna, Louisiana, United States"
http://www.wikidata.org/entity/Q42667479,Oakwood Cinema,Point(-90.0418459 29.9213275),,,"former movie theater in Gretna, Louisiana, United States"
http://www.wikidata.org/entity/Q42667490,Oakwood Cinema IV,Point(-90.0407963 29.9237218),,,"former movie theater in Gretna, Louisiana, United States"
http://www.wikidata.org/entity/Q42667490,Oakwood Cinema IV,Point(-90.0407963 29.9237218),,,"former movie theater in Gretna, Louisiana, United States"
http://www.wikidata.org/entity/Q42667490,Oakwood Cinema IV,Point(-90.0407963 29.9237218),,,"former movie theater in Gretna, Louisiana, United States"
http://www.wikidata.org/entity/Q42667490,Oakwood Cinema IV,Point(-90.0407963 29.9237218),,,"former movie theater in Gretna, Louisiana, United States"
http://www.wikidata.org/entity/Q42667490,Oakwood Cinema IV,Point(-90.0407963 29.9237218),,,"former movie theater in Gretna, Louisiana, United States"
http://www.wikidata.org/entity/Q42667490,Oakwood Cinema IV,Point(-90.0407963 29.9237218),,,"former movie theater in Gretna, Louisiana, United States"
http://www.wikidata.org/entity/Q42667490,Oakwood Cinema IV,Point(-90.0407963 29.9237218),,,"former movie theater in Gretna, Louisiana, United States"
http://www.wikidata.org/entity/Q42667490,Oakwood Cinema IV,Point(-90.0407963 29.9237218),,,"former movie theater in Gretna, Louisiana, United States"
http://www.wikidata.org/entity/Q42667490,Oakwood Cinema IV,Point(-90.0407963 29.9237218),,,"former movie theater in Gretna, Louisiana, United States"
http://www.wikidata.org/entity/Q42667490,Oakwood Cinema IV,Point(-90.0407963 29.9237218),,,"former movie theater in Gretna, Louisiana, United States"
http://www.wikidata.org/entity/Q42667490,Oakwood Cinema IV,Point(-90.0407963 29.9237218),,,"former movie theater in Gretna, Louisiana, United States"
http://www.wikidata.org/entity/Q42667490,Oakwood Cinema IV,Point(-90.0407963 29.9237218),,,"former movie theater in Gretna, Louisiana, United States"
http://www.wikidata.org/entity/Q42667490,Oakwood Cinema IV,Point(-90.0407963 29.9237218),,,"former movie theater in Gretna, Louisiana, United States"
http://www.wikidata.org/entity/Q42667490,Oakwood Cinema IV,Point(-90.0407963 29.9237218),,,"former movie theater in Gretna, Louisiana, United States"
http://www.wikidata.org/entity/Q42667490,Oakwood Cinema IV,Point(-90.0407963 29.9237218),,,"former movie theater in Gretna, Louisiana, United States"
http://www.wikidata.org/entity/Q42667490,Oakwood Cinema IV,Point(-90.0407963 29.9237218),,,"former movie theater in Gretna, Louisiana, United States"
http://www.wikidata.org/entity/Q42667490,Oakwood Cinema IV,Point(-90.0407963 29.9237218),,,"former movie theater in Gretna, Louisiana, United States"
http://www.wikidata.org/entity/Q42667490,Oakwood Cinema IV,Point(-90.0407963 29.9237218),,,"former movie theater in Gretna, Louisiana, United States"
http://www.wikidata.org/entity/Q42667490,Oakwood Cinema IV,Point(-90.0407963 29.9237218),,,"former movie theater in Gretna, Louisiana, United States"
http://www.wikidata.org/entity/Q42667490,Oakwood Cinema IV,Point(-90.0407963 29.9237218),,,"former movie theater in Gretna, Louisiana, United States"
http://www.wikidata.org/entity/Q42667490,Oakwood Cinema IV,Point(-90.0407963 29.9237218),,,"former movie theater in Gretna, Louisiana, United States"
http://www.wikidata.org/entity/Q42667490,Oakwood Cinema IV,Point(-90.0407963 29.9237218),,,"former movie theater in Gretna, Louisiana, United States"
http://www.wikidata.org/entity/Q42667490,Oakwood Cinema IV,Point(-90.0407963 29.9237218),,,"former movie theater in Gretna, Louisiana, United States"
http://www.wikidata.org/entity/Q42667490,Oakwood Cinema IV,Point(-90.0407963 29.9237218),,,"former movie theater in Gretna, Louisiana, United States"
http://www.wikidata.org/entity/Q42667490,Oakwood Cinema IV,Point(-90.0407963 29.9237218),,,"former movie theater in Gretna, Louisiana, United States"
http://www.wikidata.org/entity/Q42667490,Oakwood Cinema IV,Point(-90.0407963 29.9237218),,,"former movie theater in Gretna, Louisiana, United States"
http://www.wikidata.org/entity/Q42667497,Tower Theater,Point(-90.0560041 29.9043056),,,"former movie theater in Gretna, Louisiana, United States"
http://www.wikidata.org/entity/Q42667497,Tower Theater,Point(-90.0560041 29.9043056),,,"former movie theater in Gretna, Louisiana, United States"
http://www.wikidata.org/entity/Q42667497,Tower Theater,Point(-90.0560041 29.9043056),,,"former movie theater in Gretna, Louisiana, United States"
http://www.wikidata.org/entity/Q42667497,Tower Theater,Point(-90.0560041 29.9043056),,,"former movie theater in Gretna, Louisiana, United States"
http://www.wikidata.org/entity/Q42667497,Tower Theater,Point(-90.0560041 29.9043056),,,"former movie theater in Gretna, Louisiana, United States"
http://www.wikidata.org/entity/Q42667497,Tower Theater,Point(-90.0560041 29.9043056),,,"former movie theater in Gretna, Louisiana, United States"
http://www.wikidata.org/entity/Q42667497,Tower Theater,Point(-90.0560041 29.9043056),,,"former movie theater in Gretna, Louisiana, United States"
http://www.wikidata.org/entity/Q42667497,Tower Theater,Point(-90.0560041 29.9043056),,,"former movie theater in Gretna, Louisiana, United States"
http://www.wikidata.org/entity/Q42667497,Tower Theater,Point(-90.0560041 29.9043056),,,"former movie theater in Gretna, Louisiana, United States"
http://www.wikidata.org/entity/Q42667497,Tower Theater,Point(-90.0560041 29.9043056),,,"former movie theater in Gretna, Louisiana, United States"
http://www.wikidata.org/entity/Q42667497,Tower Theater,Point(-90.0560041 29.9043056),,,"former movie theater in Gretna, Louisiana, United States"
http://www.wikidata.org/entity/Q42667497,Tower Theater,Point(-90.0560041 29.9043056),,,"former movie theater in Gretna, Louisiana, United States"
http://www.wikidata.org/entity/Q42667497,Tower Theater,Point(-90.0560041 29.9043056),,,"former movie theater in Gretna, Louisiana, United States"
http://www.wikidata.org/entity/Q42667497,Tower Theater,Point(-90.0560041 29.9043056),,,"former movie theater in Gretna, Louisiana, United States"
http://www.wikidata.org/entity/Q42667497,Tower Theater,Point(-90.0560041 29.9043056),,,"former movie theater in Gretna, Louisiana, United States"
http://www.wikidata.org/entity/Q42667497,Tower Theater,Point(-90.0560041 29.9043056),,,"former movie theater in Gretna, Louisiana, United States"
http://www.wikidata.org/entity/Q42667497,Tower Theater,Point(-90.0560041 29.9043056),,,"former movie theater in Gretna, Louisiana, United States"
http://www.wikidata.org/entity/Q42667497,Tower Theater,Point(-90.0560041 29.9043056),,,"former movie theater in Gretna, Louisiana, United States"
http://www.wikidata.org/entity/Q42667497,Tower Theater,Point(-90.0560041 29.9043056),,,"former movie theater in Gretna, Louisiana, United States"
http://www.wikidata.org/entity/Q42667497,Tower Theater,Point(-90.0560041 29.9043056),,,"former movie theater in Gretna, Louisiana, United States"
http://www.wikidata.org/entity/Q42667497,Tower Theater,Point(-90.0560041 29.9043056),,,"former movie theater in Gretna, Louisiana, United States"
http://www.wikidata.org/entity/Q42667497,Tower Theater,Point(-90.0560041 29.9043056),,,"former movie theater in Gretna, Louisiana, United States"
http://www.wikidata.org/entity/Q42667497,Tower Theater,Point(-90.0560041 29.9043056),,,"former movie theater in Gretna, Louisiana, United States"
http://www.wikidata.org/entity/Q42667497,Tower Theater,Point(-90.0560041 29.9043056),,,"former movie theater in Gretna, Louisiana, United States"
http://www.wikidata.org/entity/Q42667497,Tower Theater,Point(-90.0560041 29.9043056),,,"former movie theater in Gretna, Louisiana, United States"
http://www.wikidata.org/entity/Q42667497,Tower Theater,Point(-90.0560041 29.9043056),,,"former movie theater in Gretna, Louisiana, United States"
http://www.wikidata.org/entity/Q42667512,Westside Theatre,Point(-90.0457572 29.9176357),,,"former movie theater in Gretna, Louisiana, United States"
http://www.wikidata.org/entity/Q42667512,Westside Theatre,Point(-90.0457572 29.9176357),,,"former movie theater in Gretna, Louisiana, United States"
http://www.wikidata.org/entity/Q42667512,Westside Theatre,Point(-90.0457572 29.9176357),,,"former movie theater in Gretna, Louisiana, United States"
http://www.wikidata.org/entity/Q42667512,Westside Theatre,Point(-90.0457572 29.9176357),,,"former movie theater in Gretna, Louisiana, United States"
http://www.wikidata.org/entity/Q42667512,Westside Theatre,Point(-90.0457572 29.9176357),,,"former movie theater in Gretna, Louisiana, United States"
http://www.wikidata.org/entity/Q42667512,Westside Theatre,Point(-90.0457572 29.9176357),,,"former movie theater in Gretna, Louisiana, United States"
http://www.wikidata.org/entity/Q42667512,Westside Theatre,Point(-90.0457572 29.9176357),,,"former movie theater in Gretna, Louisiana, United States"
http://www.wikidata.org/entity/Q42667512,Westside Theatre,Point(-90.0457572 29.9176357),,,"former movie theater in Gretna, Louisiana, United States"
http://www.wikidata.org/entity/Q42667512,Westside Theatre,Point(-90.0457572 29.9176357),,,"former movie theater in Gretna, Louisiana, United States"
http://www.wikidata.org/entity/Q42667512,Westside Theatre,Point(-90.0457572 29.9176357),,,"former movie theater in Gretna, Louisiana, United States"
http://www.wikidata.org/entity/Q42667512,Westside Theatre,Point(-90.0457572 29.9176357),,,"former movie theater in Gretna, Louisiana, United States"
http://www.wikidata.org/entity/Q42667512,Westside Theatre,Point(-90.0457572 29.9176357),,,"former movie theater in Gretna, Louisiana, United States"
http://www.wikidata.org/entity/Q42667512,Westside Theatre,Point(-90.0457572 29.9176357),,,"former movie theater in Gretna, Louisiana, United States"
http://www.wikidata.org/entity/Q42667512,Westside Theatre,Point(-90.0457572 29.9176357),,,"former movie theater in Gretna, Louisiana, United States"
http://www.wikidata.org/entity/Q42667512,Westside Theatre,Point(-90.0457572 29.9176357),,,"former movie theater in Gretna, Louisiana, United States"
http://www.wikidata.org/entity/Q42667512,Westside Theatre,Point(-90.0457572 29.9176357),,,"former movie theater in Gretna, Louisiana, United States"
http://www.wikidata.org/entity/Q42667512,Westside Theatre,Point(-90.0457572 29.9176357),,,"former movie theater in Gretna, Louisiana, United States"
http://www.wikidata.org/entity/Q42667512,Westside Theatre,Point(-90.0457572 29.9176357),,,"former movie theater in Gretna, Louisiana, United States"
http://www.wikidata.org/entity/Q42667512,Westside Theatre,Point(-90.0457572 29.9176357),,,"former movie theater in Gretna, Louisiana, United States"
http://www.wikidata.org/entity/Q42667512,Westside Theatre,Point(-90.0457572 29.9176357),,,"former movie theater in Gretna, Louisiana, United States"
http://www.wikidata.org/entity/Q42667512,Westside Theatre,Point(-90.0457572 29.9176357),,,"former movie theater in Gretna, Louisiana, United States"
http://www.wikidata.org/entity/Q42667512,Westside Theatre,Point(-90.0457572 29.9176357),,,"former movie theater in Gretna, Louisiana, United States"
http://www.wikidata.org/entity/Q42667512,Westside Theatre,Point(-90.0457572 29.9176357),,,"former movie theater in Gretna, Louisiana, United States"
http://www.wikidata.org/entity/Q42667512,Westside Theatre,Point(-90.0457572 29.9176357),,,"former movie theater in Gretna, Louisiana, United States"
http://www.wikidata.org/entity/Q42667512,Westside Theatre,Point(-90.0457572 29.9176357),,,"former movie theater in Gretna, Louisiana, United States"
http://www.wikidata.org/entity/Q42667512,Westside Theatre,Point(-90.0457572 29.9176357),,,"former movie theater in Gretna, Louisiana, United States"
http://www.wikidata.org/entity/Q42667568,AMC Westbank Palace 16,Point(-90.0621808 29.8977372),,https://www.amctheatres.com/movie-theatres/new-orleans/amc-westbank-palace-16,"movie theater in Harvey, Louisiana, United States"
http://www.wikidata.org/entity/Q42667568,AMC Westbank Palace 16,Point(-90.0621808 29.8977372),,https://www.amctheatres.com/movie-theatres/new-orleans/amc-westbank-palace-16,"movie theater in Harvey, Louisiana, United States"
http://www.wikidata.org/entity/Q42667568,AMC Westbank Palace 16,Point(-90.0621808 29.8977372),,https://www.amctheatres.com/movie-theatres/new-orleans/amc-westbank-palace-16,"movie theater in Harvey, Louisiana, United States"
http://www.wikidata.org/entity/Q42667568,AMC Westbank Palace 16,Point(-90.0621808 29.8977372),,https://www.amctheatres.com/movie-theatres/new-orleans/amc-westbank-palace-16,"movie theater in Harvey, Louisiana, United States"
http://www.wikidata.org/entity/Q42667568,AMC Westbank Palace 16,Point(-90.0621808 29.8977372),,https://www.amctheatres.com/movie-theatres/new-orleans/amc-westbank-palace-16,"movie theater in Harvey, Louisiana, United States"
http://www.wikidata.org/entity/Q42667568,AMC Westbank Palace 16,Point(-90.0621808 29.8977372),,https://www.amctheatres.com/movie-theatres/new-orleans/amc-westbank-palace-16,"movie theater in Harvey, Louisiana, United States"
http://www.wikidata.org/entity/Q42667568,AMC Westbank Palace 16,Point(-90.0621808 29.8977372),,https://www.amctheatres.com/movie-theatres/new-orleans/amc-westbank-palace-16,"movie theater in Harvey, Louisiana, United States"
http://www.wikidata.org/entity/Q42667568,AMC Westbank Palace 16,Point(-90.0621808 29.8977372),,https://www.amctheatres.com/movie-theatres/new-orleans/amc-westbank-palace-16,"movie theater in Harvey, Louisiana, United States"
http://www.wikidata.org/entity/Q42667568,AMC Westbank Palace 16,Point(-90.0621808 29.8977372),,https://www.amctheatres.com/movie-theatres/new-orleans/amc-westbank-palace-16,"movie theater in Harvey, Louisiana, United States"
http://www.wikidata.org/entity/Q42667568,AMC Westbank Palace 16,Point(-90.0621808 29.8977372),,https://www.amctheatres.com/movie-theatres/new-orleans/amc-westbank-palace-16,"movie theater in Harvey, Louisiana, United States"
http://www.wikidata.org/entity/Q42667568,AMC Westbank Palace 16,Point(-90.0621808 29.8977372),,https://www.amctheatres.com/movie-theatres/new-orleans/amc-westbank-palace-16,"movie theater in Harvey, Louisiana, United States"
http://www.wikidata.org/entity/Q42667568,AMC Westbank Palace 16,Point(-90.0621808 29.8977372),,https://www.amctheatres.com/movie-theatres/new-orleans/amc-westbank-palace-16,"movie theater in Harvey, Louisiana, United States"
http://www.wikidata.org/entity/Q42667568,AMC Westbank Palace 16,Point(-90.0621808 29.8977372),,https://www.amctheatres.com/movie-theatres/new-orleans/amc-westbank-palace-16,"movie theater in Harvey, Louisiana, United States"
http://www.wikidata.org/entity/Q42667568,AMC Westbank Palace 16,Point(-90.0621808 29.8977372),,https://www.amctheatres.com/movie-theatres/new-orleans/amc-westbank-palace-16,"movie theater in Harvey, Louisiana, United States"
http://www.wikidata.org/entity/Q42667568,AMC Westbank Palace 16,Point(-90.0621808 29.8977372),,https://www.amctheatres.com/movie-theatres/new-orleans/amc-westbank-palace-16,"movie theater in Harvey, Louisiana, United States"
http://www.wikidata.org/entity/Q42667568,AMC Westbank Palace 16,Point(-90.0621808 29.8977372),,https://www.amctheatres.com/movie-theatres/new-orleans/amc-westbank-palace-16,"movie theater in Harvey, Louisiana, United States"
http://www.wikidata.org/entity/Q42667568,AMC Westbank Palace 16,Point(-90.0621808 29.8977372),,https://www.amctheatres.com/movie-theatres/new-orleans/amc-westbank-palace-16,"movie theater in Harvey, Louisiana, United States"
http://www.wikidata.org/entity/Q42667568,AMC Westbank Palace 16,Point(-90.0621808 29.8977372),,https://www.amctheatres.com/movie-theatres/new-orleans/amc-westbank-palace-16,"movie theater in Harvey, Louisiana, United States"
http://www.wikidata.org/entity/Q42667568,AMC Westbank Palace 16,Point(-90.0621808 29.8977372),,https://www.amctheatres.com/movie-theatres/new-orleans/amc-westbank-palace-16,"movie theater in Harvey, Louisiana, United States"
http://www.wikidata.org/entity/Q42667568,AMC Westbank Palace 16,Point(-90.0621808 29.8977372),,https://www.amctheatres.com/movie-theatres/new-orleans/amc-westbank-palace-16,"movie theater in Harvey, Louisiana, United States"
http://www.wikidata.org/entity/Q42667568,AMC Westbank Palace 16,Point(-90.0621808 29.8977372),,https://www.amctheatres.com/movie-theatres/new-orleans/amc-westbank-palace-16,"movie theater in Harvey, Louisiana, United States"
http://www.wikidata.org/entity/Q42667568,AMC Westbank Palace 16,Point(-90.0621808 29.8977372),,https://www.amctheatres.com/movie-theatres/new-orleans/amc-westbank-palace-16,"movie theater in Harvey, Louisiana, United States"
http://www.wikidata.org/entity/Q42667568,AMC Westbank Palace 16,Point(-90.0621808 29.8977372),,https://www.amctheatres.com/movie-theatres/new-orleans/amc-westbank-palace-16,"movie theater in Harvey, Louisiana, United States"
http://www.wikidata.org/entity/Q42667568,AMC Westbank Palace 16,Point(-90.0621808 29.8977372),,https://www.amctheatres.com/movie-theatres/new-orleans/amc-westbank-palace-16,"movie theater in Harvey, Louisiana, United States"
http://www.wikidata.org/entity/Q42667568,AMC Westbank Palace 16,Point(-90.0621808 29.8977372),,https://www.amctheatres.com/movie-theatres/new-orleans/amc-westbank-palace-16,"movie theater in Harvey, Louisiana, United States"
http://www.wikidata.org/entity/Q42667568,AMC Westbank Palace 16,Point(-90.0621808 29.8977372),,https://www.amctheatres.com/movie-theatres/new-orleans/amc-westbank-palace-16,"movie theater in Harvey, Louisiana, United States"
http://www.wikidata.org/entity/Q42667709,Cinema City 8,Point(-90.2340369 30.0062813),,,"former movie theater in Kenner, Louisiana, United States"
http://www.wikidata.org/entity/Q42667709,Cinema City 8,Point(-90.2340369 30.0062813),,,"former movie theater in Kenner, Louisiana, United States"
http://www.wikidata.org/entity/Q42667709,Cinema City 8,Point(-90.2340369 30.0062813),,,"former movie theater in Kenner, Louisiana, United States"
http://www.wikidata.org/entity/Q42667709,Cinema City 8,Point(-90.2340369 30.0062813),,,"former movie theater in Kenner, Louisiana, United States"
http://www.wikidata.org/entity/Q42667709,Cinema City 8,Point(-90.2340369 30.0062813),,,"former movie theater in Kenner, Louisiana, United States"
http://www.wikidata.org/entity/Q42667709,Cinema City 8,Point(-90.2340369 30.0062813),,,"former movie theater in Kenner, Louisiana, United States"
http://www.wikidata.org/entity/Q42667709,Cinema City 8,Point(-90.2340369 30.0062813),,,"former movie theater in Kenner, Louisiana, United States"
http://www.wikidata.org/entity/Q42667709,Cinema City 8,Point(-90.2340369 30.0062813),,,"former movie theater in Kenner, Louisiana, United States"
http://www.wikidata.org/entity/Q42667709,Cinema City 8,Point(-90.2340369 30.0062813),,,"former movie theater in Kenner, Louisiana, United States"
http://www.wikidata.org/entity/Q42667709,Cinema City 8,Point(-90.2340369 30.0062813),,,"former movie theater in Kenner, Louisiana, United States"
http://www.wikidata.org/entity/Q42667709,Cinema City 8,Point(-90.2340369 30.0062813),,,"former movie theater in Kenner, Louisiana, United States"
http://www.wikidata.org/entity/Q42667709,Cinema City 8,Point(-90.2340369 30.0062813),,,"former movie theater in Kenner, Louisiana, United States"
http://www.wikidata.org/entity/Q42667709,Cinema City 8,Point(-90.2340369 30.0062813),,,"former movie theater in Kenner, Louisiana, United States"
http://www.wikidata.org/entity/Q42667709,Cinema City 8,Point(-90.2340369 30.0062813),,,"former movie theater in Kenner, Louisiana, United States"
http://www.wikidata.org/entity/Q42667709,Cinema City 8,Point(-90.2340369 30.0062813),,,"former movie theater in Kenner, Louisiana, United States"
http://www.wikidata.org/entity/Q42667709,Cinema City 8,Point(-90.2340369 30.0062813),,,"former movie theater in Kenner, Louisiana, United States"
http://www.wikidata.org/entity/Q42667709,Cinema City 8,Point(-90.2340369 30.0062813),,,"former movie theater in Kenner, Louisiana, United States"
http://www.wikidata.org/entity/Q42667709,Cinema City 8,Point(-90.2340369 30.0062813),,,"former movie theater in Kenner, Louisiana, United States"
http://www.wikidata.org/entity/Q42667709,Cinema City 8,Point(-90.2340369 30.0062813),,,"former movie theater in Kenner, Louisiana, United States"
http://www.wikidata.org/entity/Q42667709,Cinema City 8,Point(-90.2340369 30.0062813),,,"former movie theater in Kenner, Louisiana, United States"
http://www.wikidata.org/entity/Q42667709,Cinema City 8,Point(-90.2340369 30.0062813),,,"former movie theater in Kenner, Louisiana, United States"
http://www.wikidata.org/entity/Q42667709,Cinema City 8,Point(-90.2340369 30.0062813),,,"former movie theater in Kenner, Louisiana, United States"
http://www.wikidata.org/entity/Q42667709,Cinema City 8,Point(-90.2340369 30.0062813),,,"former movie theater in Kenner, Louisiana, United States"
http://www.wikidata.org/entity/Q42667709,Cinema City 8,Point(-90.2340369 30.0062813),,,"former movie theater in Kenner, Louisiana, United States"
http://www.wikidata.org/entity/Q42667709,Cinema City 8,Point(-90.2340369 30.0062813),,,"former movie theater in Kenner, Louisiana, United States"
http://www.wikidata.org/entity/Q42667709,Cinema City 8,Point(-90.2340369 30.0062813),,,"former movie theater in Kenner, Louisiana, United States"
http://www.wikidata.org/entity/Q42667718,Hollywood Cinemas 9,Point(-90.2488734 30.0200127),,,"former movie theater in Kenner, Louisiana, United States"
http://www.wikidata.org/entity/Q42667718,Hollywood Cinemas 9,Point(-90.2488734 30.0200127),,,"former movie theater in Kenner, Louisiana, United States"
http://www.wikidata.org/entity/Q42667718,Hollywood Cinemas 9,Point(-90.2488734 30.0200127),,,"former movie theater in Kenner, Louisiana, United States"
http://www.wikidata.org/entity/Q42667718,Hollywood Cinemas 9,Point(-90.2488734 30.0200127),,,"former movie theater in Kenner, Louisiana, United States"
http://www.wikidata.org/entity/Q42667718,Hollywood Cinemas 9,Point(-90.2488734 30.0200127),,,"former movie theater in Kenner, Louisiana, United States"
http://www.wikidata.org/entity/Q42667718,Hollywood Cinemas 9,Point(-90.2488734 30.0200127),,,"former movie theater in Kenner, Louisiana, United States"
http://www.wikidata.org/entity/Q42667718,Hollywood Cinemas 9,Point(-90.2488734 30.0200127),,,"former movie theater in Kenner, Louisiana, United States"
http://www.wikidata.org/entity/Q42667718,Hollywood Cinemas 9,Point(-90.2488734 30.0200127),,,"former movie theater in Kenner, Louisiana, United States"
http://www.wikidata.org/entity/Q42667718,Hollywood Cinemas 9,Point(-90.2488734 30.0200127),,,"former movie theater in Kenner, Louisiana, United States"
http://www.wikidata.org/entity/Q42667718,Hollywood Cinemas 9,Point(-90.2488734 30.0200127),,,"former movie theater in Kenner, Louisiana, United States"
http://www.wikidata.org/entity/Q42667718,Hollywood Cinemas 9,Point(-90.2488734 30.0200127),,,"former movie theater in Kenner, Louisiana, United States"
http://www.wikidata.org/entity/Q42667718,Hollywood Cinemas 9,Point(-90.2488734 30.0200127),,,"former movie theater in Kenner, Louisiana, United States"
http://www.wikidata.org/entity/Q42667718,Hollywood Cinemas 9,Point(-90.2488734 30.0200127),,,"former movie theater in Kenner, Louisiana, United States"
http://www.wikidata.org/entity/Q42667718,Hollywood Cinemas 9,Point(-90.2488734 30.0200127),,,"former movie theater in Kenner, Louisiana, United States"
http://www.wikidata.org/entity/Q42667718,Hollywood Cinemas 9,Point(-90.2488734 30.0200127),,,"former movie theater in Kenner, Louisiana, United States"
http://www.wikidata.org/entity/Q42667718,Hollywood Cinemas 9,Point(-90.2488734 30.0200127),,,"former movie theater in Kenner, Louisiana, United States"
http://www.wikidata.org/entity/Q42667718,Hollywood Cinemas 9,Point(-90.2488734 30.0200127),,,"former movie theater in Kenner, Louisiana, United States"
http://www.wikidata.org/entity/Q42667718,Hollywood Cinemas 9,Point(-90.2488734 30.0200127),,,"former movie theater in Kenner, Louisiana, United States"
http://www.wikidata.org/entity/Q42667718,Hollywood Cinemas 9,Point(-90.2488734 30.0200127),,,"former movie theater in Kenner, Louisiana, United States"
http://www.wikidata.org/entity/Q42667718,Hollywood Cinemas 9,Point(-90.2488734 30.0200127),,,"former movie theater in Kenner, Louisiana, United States"
http://www.wikidata.org/entity/Q42667718,Hollywood Cinemas 9,Point(-90.2488734 30.0200127),,,"former movie theater in Kenner, Louisiana, United States"
http://www.wikidata.org/entity/Q42667718,Hollywood Cinemas 9,Point(-90.2488734 30.0200127),,,"former movie theater in Kenner, Louisiana, United States"
http://www.wikidata.org/entity/Q42667718,Hollywood Cinemas 9,Point(-90.2488734 30.0200127),,,"former movie theater in Kenner, Louisiana, United States"
http://www.wikidata.org/entity/Q42667718,Hollywood Cinemas 9,Point(-90.2488734 30.0200127),,,"former movie theater in Kenner, Louisiana, United States"
http://www.wikidata.org/entity/Q42667718,Hollywood Cinemas 9,Point(-90.2488734 30.0200127),,,"former movie theater in Kenner, Louisiana, United States"
http://www.wikidata.org/entity/Q42667718,Hollywood Cinemas 9,Point(-90.2488734 30.0200127),,,"former movie theater in Kenner, Louisiana, United States"
http://www.wikidata.org/entity/Q42667727,Kenner Cinema,Point(-90.2456162 29.9730978),,,"former movie theater in Kenner, Louisiana, United States"
http://www.wikidata.org/entity/Q42667727,Kenner Cinema,Point(-90.2456162 29.9730978),,,"former movie theater in Kenner, Louisiana, United States"
http://www.wikidata.org/entity/Q42667727,Kenner Cinema,Point(-90.2456162 29.9730978),,,"former movie theater in Kenner, Louisiana, United States"
http://www.wikidata.org/entity/Q42667727,Kenner Cinema,Point(-90.2456162 29.9730978),,,"former movie theater in Kenner, Louisiana, United States"
http://www.wikidata.org/entity/Q42667727,Kenner Cinema,Point(-90.2456162 29.9730978),,,"former movie theater in Kenner, Louisiana, United States"
http://www.wikidata.org/entity/Q42667727,Kenner Cinema,Point(-90.2456162 29.9730978),,,"former movie theater in Kenner, Louisiana, United States"
http://www.wikidata.org/entity/Q42667727,Kenner Cinema,Point(-90.2456162 29.9730978),,,"former movie theater in Kenner, Louisiana, United States"
http://www.wikidata.org/entity/Q42667727,Kenner Cinema,Point(-90.2456162 29.9730978),,,"former movie theater in Kenner, Louisiana, United States"
http://www.wikidata.org/entity/Q42667727,Kenner Cinema,Point(-90.2456162 29.9730978),,,"former movie theater in Kenner, Louisiana, United States"
http://www.wikidata.org/entity/Q42667727,Kenner Cinema,Point(-90.2456162 29.9730978),,,"former movie theater in Kenner, Louisiana, United States"
http://www.wikidata.org/entity/Q42667727,Kenner Cinema,Point(-90.2456162 29.9730978),,,"former movie theater in Kenner, Louisiana, United States"
http://www.wikidata.org/entity/Q42667727,Kenner Cinema,Point(-90.2456162 29.9730978),,,"former movie theater in Kenner, Louisiana, United States"
http://www.wikidata.org/entity/Q42667727,Kenner Cinema,Point(-90.2456162 29.9730978),,,"former movie theater in Kenner, Louisiana, United States"
http://www.wikidata.org/entity/Q42667727,Kenner Cinema,Point(-90.2456162 29.9730978),,,"former movie theater in Kenner, Louisiana, United States"
http://www.wikidata.org/entity/Q42667727,Kenner Cinema,Point(-90.2456162 29.9730978),,,"former movie theater in Kenner, Louisiana, United States"
http://www.wikidata.org/entity/Q42667727,Kenner Cinema,Point(-90.2456162 29.9730978),,,"former movie theater in Kenner, Louisiana, United States"
http://www.wikidata.org/entity/Q42667727,Kenner Cinema,Point(-90.2456162 29.9730978),,,"former movie theater in Kenner, Louisiana, United States"
http://www.wikidata.org/entity/Q42667727,Kenner Cinema,Point(-90.2456162 29.9730978),,,"former movie theater in Kenner, Louisiana, United States"
http://www.wikidata.org/entity/Q42667727,Kenner Cinema,Point(-90.2456162 29.9730978),,,"former movie theater in Kenner, Louisiana, United States"
http://www.wikidata.org/entity/Q42667727,Kenner Cinema,Point(-90.2456162 29.9730978),,,"former movie theater in Kenner, Louisiana, United States"
http://www.wikidata.org/entity/Q42667727,Kenner Cinema,Point(-90.2456162 29.9730978),,,"former movie theater in Kenner, Louisiana, United States"
http://www.wikidata.org/entity/Q42667727,Kenner Cinema,Point(-90.2456162 29.9730978),,,"former movie theater in Kenner, Louisiana, United States"
http://www.wikidata.org/entity/Q42667727,Kenner Cinema,Point(-90.2456162 29.9730978),,,"former movie theater in Kenner, Louisiana, United States"
http://www.wikidata.org/entity/Q42667727,Kenner Cinema,Point(-90.2456162 29.9730978),,,"former movie theater in Kenner, Louisiana, United States"
http://www.wikidata.org/entity/Q42667727,Kenner Cinema,Point(-90.2456162 29.9730978),,,"former movie theater in Kenner, Louisiana, United States"
http://www.wikidata.org/entity/Q42667727,Kenner Cinema,Point(-90.2456162 29.9730978),,,"former movie theater in Kenner, Louisiana, United States"
http://www.wikidata.org/entity/Q42667738,West Esplanade 8 Cinema,Point(-90.2534688 30.0221905),,,"former movie theater in Kenner, Louisiana, United States"
http://www.wikidata.org/entity/Q42667738,West Esplanade 8 Cinema,Point(-90.2534688 30.0221905),,,"former movie theater in Kenner, Louisiana, United States"
http://www.wikidata.org/entity/Q42667738,West Esplanade 8 Cinema,Point(-90.2534688 30.0221905),,,"former movie theater in Kenner, Louisiana, United States"
http://www.wikidata.org/entity/Q42667738,West Esplanade 8 Cinema,Point(-90.2534688 30.0221905),,,"former movie theater in Kenner, Louisiana, United States"
http://www.wikidata.org/entity/Q42667738,West Esplanade 8 Cinema,Point(-90.2534688 30.0221905),,,"former movie theater in Kenner, Louisiana, United States"
http://www.wikidata.org/entity/Q42667738,West Esplanade 8 Cinema,Point(-90.2534688 30.0221905),,,"former movie theater in Kenner, Louisiana, United States"
http://www.wikidata.org/entity/Q42667738,West Esplanade 8 Cinema,Point(-90.2534688 30.0221905),,,"former movie theater in Kenner, Louisiana, United States"
http://www.wikidata.org/entity/Q42667738,West Esplanade 8 Cinema,Point(-90.2534688 30.0221905),,,"former movie theater in Kenner, Louisiana, United States"
http://www.wikidata.org/entity/Q42667738,West Esplanade 8 Cinema,Point(-90.2534688 30.0221905),,,"former movie theater in Kenner, Louisiana, United States"
http://www.wikidata.org/entity/Q42667738,West Esplanade 8 Cinema,Point(-90.2534688 30.0221905),,,"former movie theater in Kenner, Louisiana, United States"
http://www.wikidata.org/entity/Q42667738,West Esplanade 8 Cinema,Point(-90.2534688 30.0221905),,,"former movie theater in Kenner, Louisiana, United States"
http://www.wikidata.org/entity/Q42667738,West Esplanade 8 Cinema,Point(-90.2534688 30.0221905),,,"former movie theater in Kenner, Louisiana, United States"
http://www.wikidata.org/entity/Q42667738,West Esplanade 8 Cinema,Point(-90.2534688 30.0221905),,,"former movie theater in Kenner, Louisiana, United States"
http://www.wikidata.org/entity/Q42667738,West Esplanade 8 Cinema,Point(-90.2534688 30.0221905),,,"former movie theater in Kenner, Louisiana, United States"
http://www.wikidata.org/entity/Q42668190,Royal Theatre,Point(-90.100682 29.898948),,,"former movie theater in Marrero, Louisiana, United States"
http://www.wikidata.org/entity/Q42668190,Royal Theatre,Point(-90.100682 29.898948),,,"former movie theater in Marrero, Louisiana, United States"
http://www.wikidata.org/entity/Q42668190,Royal Theatre,Point(-90.100682 29.898948),,,"former movie theater in Marrero, Louisiana, United States"
http://www.wikidata.org/entity/Q42668190,Royal Theatre,Point(-90.100682 29.898948),,,"former movie theater in Marrero, Louisiana, United States"
http://www.wikidata.org/entity/Q42668190,Royal Theatre,Point(-90.100682 29.898948),,,"former movie theater in Marrero, Louisiana, United States"
http://www.wikidata.org/entity/Q42668190,Royal Theatre,Point(-90.100682 29.898948),,,"former movie theater in Marrero, Louisiana, United States"
http://www.wikidata.org/entity/Q42668190,Royal Theatre,Point(-90.100682 29.898948),,,"former movie theater in Marrero, Louisiana, United States"
http://www.wikidata.org/entity/Q42668190,Royal Theatre,Point(-90.100682 29.898948),,,"former movie theater in Marrero, Louisiana, United States"
http://www.wikidata.org/entity/Q42668190,Royal Theatre,Point(-90.100682 29.898948),,,"former movie theater in Marrero, Louisiana, United States"
http://www.wikidata.org/entity/Q42668258,Aereon Theatre,Point(-90.1584796 29.9758358),,,"former movie theater in Metairie, Louisiana, United States"
http://www.wikidata.org/entity/Q42668258,Aereon Theatre,Point(-90.1584796 29.9758358),,,"former movie theater in Metairie, Louisiana, United States"
http://www.wikidata.org/entity/Q42668258,Aereon Theatre,Point(-90.1584796 29.9758358),,,"former movie theater in Metairie, Louisiana, United States"
http://www.wikidata.org/entity/Q42668258,Aereon Theatre,Point(-90.1584796 29.9758358),,,"former movie theater in Metairie, Louisiana, United States"
http://www.wikidata.org/entity/Q42668258,Aereon Theatre,Point(-90.1584796 29.9758358),,,"former movie theater in Metairie, Louisiana, United States"
http://www.wikidata.org/entity/Q42668258,Aereon Theatre,Point(-90.1584796 29.9758358),,,"former movie theater in Metairie, Louisiana, United States"
http://www.wikidata.org/entity/Q42668258,Aereon Theatre,Point(-90.1584796 29.9758358),,,"former movie theater in Metairie, Louisiana, United States"
http://www.wikidata.org/entity/Q42668258,Aereon Theatre,Point(-90.1584796 29.9758358),,,"former movie theater in Metairie, Louisiana, United States"
http://www.wikidata.org/entity/Q42668258,Aereon Theatre,Point(-90.1584796 29.9758358),,,"former movie theater in Metairie, Louisiana, United States"
http://www.wikidata.org/entity/Q42668258,Aereon Theatre,Point(-90.1584796 29.9758358),,,"former movie theater in Metairie, Louisiana, United States"
http://www.wikidata.org/entity/Q42668258,Aereon Theatre,Point(-90.1584796 29.9758358),,,"former movie theater in Metairie, Louisiana, United States"
http://www.wikidata.org/entity/Q42668258,Aereon Theatre,Point(-90.1584796 29.9758358),,,"former movie theater in Metairie, Louisiana, United States"
http://www.wikidata.org/entity/Q42668258,Aereon Theatre,Point(-90.1584796 29.9758358),,,"former movie theater in Metairie, Louisiana, United States"
http://www.wikidata.org/entity/Q42668258,Aereon Theatre,Point(-90.1584796 29.9758358),,,"former movie theater in Metairie, Louisiana, United States"
http://www.wikidata.org/entity/Q42668258,Aereon Theatre,Point(-90.1584796 29.9758358),,,"former movie theater in Metairie, Louisiana, United States"
http://www.wikidata.org/entity/Q42668258,Aereon Theatre,Point(-90.1584796 29.9758358),,,"former movie theater in Metairie, Louisiana, United States"
http://www.wikidata.org/entity/Q42668258,Aereon Theatre,Point(-90.1584796 29.9758358),,,"former movie theater in Metairie, Louisiana, United States"
http://www.wikidata.org/entity/Q42668258,Aereon Theatre,Point(-90.1584796 29.9758358),,,"former movie theater in Metairie, Louisiana, United States"
http://www.wikidata.org/entity/Q42668258,Aereon Theatre,Point(-90.1584796 29.9758358),,,"former movie theater in Metairie, Louisiana, United States"
http://www.wikidata.org/entity/Q42668258,Aereon Theatre,Point(-90.1584796 29.9758358),,,"former movie theater in Metairie, Louisiana, United States"
http://www.wikidata.org/entity/Q42668258,Aereon Theatre,Point(-90.1584796 29.9758358),,,"former movie theater in Metairie, Louisiana, United States"
http://www.wikidata.org/entity/Q42668258,Aereon Theatre,Point(-90.1584796 29.9758358),,,"former movie theater in Metairie, Louisiana, United States"
http://www.wikidata.org/entity/Q42668258,Aereon Theatre,Point(-90.1584796 29.9758358),,,"former movie theater in Metairie, Louisiana, United States"
http://www.wikidata.org/entity/Q42668258,Aereon Theatre,Point(-90.1584796 29.9758358),,,"former movie theater in Metairie, Louisiana, United States"
http://www.wikidata.org/entity/Q42668258,Aereon Theatre,Point(-90.1584796 29.9758358),,,"former movie theater in Metairie, Louisiana, United States"
http://www.wikidata.org/entity/Q42668258,Aereon Theatre,Point(-90.1584796 29.9758358),,,"former movie theater in Metairie, Louisiana, United States"
http://www.wikidata.org/entity/Q42668265,AMC Palace 12,Point(-90.181525 29.9937),,https://www.amctheatres.com/movie-theatres/new-orleans/amc-clearview-palace-12,"movie theater in Metairie, Louisiana, United States"
http://www.wikidata.org/entity/Q42668265,AMC Palace 12,Point(-90.181525 29.9937),,https://www.amctheatres.com/movie-theatres/new-orleans/amc-clearview-palace-12,"movie theater in Metairie, Louisiana, United States"
http://www.wikidata.org/entity/Q42668265,AMC Palace 12,Point(-90.181525 29.9937),,https://www.amctheatres.com/movie-theatres/new-orleans/amc-clearview-palace-12,"movie theater in Metairie, Louisiana, United States"
http://www.wikidata.org/entity/Q42668265,AMC Palace 12,Point(-90.181525 29.9937),,https://www.amctheatres.com/movie-theatres/new-orleans/amc-clearview-palace-12,"movie theater in Metairie, Louisiana, United States"
http://www.wikidata.org/entity/Q42668265,AMC Palace 12,Point(-90.181525 29.9937),,https://www.amctheatres.com/movie-theatres/new-orleans/amc-clearview-palace-12,"movie theater in Metairie, Louisiana, United States"
http://www.wikidata.org/entity/Q42668265,AMC Palace 12,Point(-90.181525 29.9937),,https://www.amctheatres.com/movie-theatres/new-orleans/amc-clearview-palace-12,"movie theater in Metairie, Louisiana, United States"
http://www.wikidata.org/entity/Q42668265,AMC Palace 12,Point(-90.181525 29.9937),,https://www.amctheatres.com/movie-theatres/new-orleans/amc-clearview-palace-12,"movie theater in Metairie, Louisiana, United States"
http://www.wikidata.org/entity/Q42668265,AMC Palace 12,Point(-90.181525 29.9937),,https://www.amctheatres.com/movie-theatres/new-orleans/amc-clearview-palace-12,"movie theater in Metairie, Louisiana, United States"
http://www.wikidata.org/entity/Q42668265,AMC Palace 12,Point(-90.181525 29.9937),,https://www.amctheatres.com/movie-theatres/new-orleans/amc-clearview-palace-12,"movie theater in Metairie, Louisiana, United States"
http://www.wikidata.org/entity/Q42668265,AMC Palace 12,Point(-90.181525 29.9937),,https://www.amctheatres.com/movie-theatres/new-orleans/amc-clearview-palace-12,"movie theater in Metairie, Louisiana, United States"
http://www.wikidata.org/entity/Q42668265,AMC Palace 12,Point(-90.181525 29.9937),,https://www.amctheatres.com/movie-theatres/new-orleans/amc-clearview-palace-12,"movie theater in Metairie, Louisiana, United States"
http://www.wikidata.org/entity/Q42668265,AMC Palace 12,Point(-90.181525 29.9937),,https://www.amctheatres.com/movie-theatres/new-orleans/amc-clearview-palace-12,"movie theater in Metairie, Louisiana, United States"
http://www.wikidata.org/entity/Q42668265,AMC Palace 12,Point(-90.181525 29.9937),,https://www.amctheatres.com/movie-theatres/new-orleans/amc-clearview-palace-12,"movie theater in Metairie, Louisiana, United States"
http://www.wikidata.org/entity/Q42668265,AMC Palace 12,Point(-90.181525 29.9937),,https://www.amctheatres.com/movie-theatres/new-orleans/amc-clearview-palace-12,"movie theater in Metairie, Louisiana, United States"
http://www.wikidata.org/entity/Q42668265,AMC Palace 12,Point(-90.181525 29.9937),,https://www.amctheatres.com/movie-theatres/new-orleans/amc-clearview-palace-12,"movie theater in Metairie, Louisiana, United States"
http://www.wikidata.org/entity/Q42668265,AMC Palace 12,Point(-90.181525 29.9937),,https://www.amctheatres.com/movie-theatres/new-orleans/amc-clearview-palace-12,"movie theater in Metairie, Louisiana, United States"
http://www.wikidata.org/entity/Q42668265,AMC Palace 12,Point(-90.181525 29.9937),,https://www.amctheatres.com/movie-theatres/new-orleans/amc-clearview-palace-12,"movie theater in Metairie, Louisiana, United States"
http://www.wikidata.org/entity/Q42668265,AMC Palace 12,Point(-90.181525 29.9937),,https://www.amctheatres.com/movie-theatres/new-orleans/amc-clearview-palace-12,"movie theater in Metairie, Louisiana, United States"
http://www.wikidata.org/entity/Q42668265,AMC Palace 12,Point(-90.181525 29.9937),,https://www.amctheatres.com/movie-theatres/new-orleans/amc-clearview-palace-12,"movie theater in Metairie, Louisiana, United States"
http://www.wikidata.org/entity/Q42668265,AMC Palace 12,Point(-90.181525 29.9937),,https://www.amctheatres.com/movie-theatres/new-orleans/amc-clearview-palace-12,"movie theater in Metairie, Louisiana, United States"
http://www.wikidata.org/entity/Q42668265,AMC Palace 12,Point(-90.181525 29.9937),,https://www.amctheatres.com/movie-theatres/new-orleans/amc-clearview-palace-12,"movie theater in Metairie, Louisiana, United States"
http://www.wikidata.org/entity/Q42668265,AMC Palace 12,Point(-90.181525 29.9937),,https://www.amctheatres.com/movie-theatres/new-orleans/amc-clearview-palace-12,"movie theater in Metairie, Louisiana, United States"
http://www.wikidata.org/entity/Q42668265,AMC Palace 12,Point(-90.181525 29.9937),,https://www.amctheatres.com/movie-theatres/new-orleans/amc-clearview-palace-12,"movie theater in Metairie, Louisiana, United States"
http://www.wikidata.org/entity/Q42668265,AMC Palace 12,Point(-90.181525 29.9937),,https://www.amctheatres.com/movie-theatres/new-orleans/amc-clearview-palace-12,"movie theater in Metairie, Louisiana, United States"
http://www.wikidata.org/entity/Q42668265,AMC Palace 12,Point(-90.181525 29.9937),,https://www.amctheatres.com/movie-theatres/new-orleans/amc-clearview-palace-12,"movie theater in Metairie, Louisiana, United States"
http://www.wikidata.org/entity/Q42668265,AMC Palace 12,Point(-90.181525 29.9937),,https://www.amctheatres.com/movie-theatres/new-orleans/amc-clearview-palace-12,"movie theater in Metairie, Louisiana, United States"
http://www.wikidata.org/entity/Q42668277,Galleria 8,Point(-90.1526647 29.9947274),,,"former movie theater in Metairie, Louisiana, United States"
http://www.wikidata.org/entity/Q42668277,Galleria 8,Point(-90.1526647 29.9947274),,,"former movie theater in Metairie, Louisiana, United States"
http://www.wikidata.org/entity/Q42668277,Galleria 8,Point(-90.1526647 29.9947274),,,"former movie theater in Metairie, Louisiana, United States"
http://www.wikidata.org/entity/Q42668277,Galleria 8,Point(-90.1526647 29.9947274),,,"former movie theater in Metairie, Louisiana, United States"
http://www.wikidata.org/entity/Q42668277,Galleria 8,Point(-90.1526647 29.9947274),,,"former movie theater in Metairie, Louisiana, United States"
http://www.wikidata.org/entity/Q42668277,Galleria 8,Point(-90.1526647 29.9947274),,,"former movie theater in Metairie, Louisiana, United States"
http://www.wikidata.org/entity/Q42668277,Galleria 8,Point(-90.1526647 29.9947274),,,"former movie theater in Metairie, Louisiana, United States"
http://www.wikidata.org/entity/Q42668277,Galleria 8,Point(-90.1526647 29.9947274),,,"former movie theater in Metairie, Louisiana, United States"
http://www.wikidata.org/entity/Q42668277,Galleria 8,Point(-90.1526647 29.9947274),,,"former movie theater in Metairie, Louisiana, United States"
http://www.wikidata.org/entity/Q42668277,Galleria 8,Point(-90.1526647 29.9947274),,,"former movie theater in Metairie, Louisiana, United States"
http://www.wikidata.org/entity/Q42668277,Galleria 8,Point(-90.1526647 29.9947274),,,"former movie theater in Metairie, Louisiana, United States"
http://www.wikidata.org/entity/Q42668277,Galleria 8,Point(-90.1526647 29.9947274),,,"former movie theater in Metairie, Louisiana, United States"
http://www.wikidata.org/entity/Q42668277,Galleria 8,Point(-90.1526647 29.9947274),,,"former movie theater in Metairie, Louisiana, United States"
http://www.wikidata.org/entity/Q42668277,Galleria 8,Point(-90.1526647 29.9947274),,,"former movie theater in Metairie, Louisiana, United States"
http://www.wikidata.org/entity/Q42668277,Galleria 8,Point(-90.1526647 29.9947274),,,"former movie theater in Metairie, Louisiana, United States"
http://www.wikidata.org/entity/Q42668277,Galleria 8,Point(-90.1526647 29.9947274),,,"former movie theater in Metairie, Louisiana, United States"
http://www.wikidata.org/entity/Q42668277,Galleria 8,Point(-90.1526647 29.9947274),,,"former movie theater in Metairie, Louisiana, United States"
http://www.wikidata.org/entity/Q42668277,Galleria 8,Point(-90.1526647 29.9947274),,,"former movie theater in Metairie, Louisiana, United States"
http://www.wikidata.org/entity/Q42668277,Galleria 8,Point(-90.1526647 29.9947274),,,"former movie theater in Metairie, Louisiana, United States"
http://www.wikidata.org/entity/Q42668277,Galleria 8,Point(-90.1526647 29.9947274),,,"former movie theater in Metairie, Louisiana, United States"
http://www.wikidata.org/entity/Q42668277,Galleria 8,Point(-90.1526647 29.9947274),,,"former movie theater in Metairie, Louisiana, United States"
http://www.wikidata.org/entity/Q42668277,Galleria 8,Point(-90.1526647 29.9947274),,,"former movie theater in Metairie, Louisiana, United States"
http://www.wikidata.org/entity/Q42668277,Galleria 8,Point(-90.1526647 29.9947274),,,"former movie theater in Metairie, Louisiana, United States"
http://www.wikidata.org/entity/Q42668277,Galleria 8,Point(-90.1526647 29.9947274),,,"former movie theater in Metairie, Louisiana, United States"
http://www.wikidata.org/entity/Q42668277,Galleria 8,Point(-90.1526647 29.9947274),,,"former movie theater in Metairie, Louisiana, United States"
http://www.wikidata.org/entity/Q42668277,Galleria 8,Point(-90.1526647 29.9947274),,,"former movie theater in Metairie, Louisiana, United States"
http://www.wikidata.org/entity/Q42668284,Grand Theater,Point(-90.1460702 29.9858178),,,"former movie theater in Metairie, Louisiana, United States"
http://www.wikidata.org/entity/Q42668284,Grand Theater,Point(-90.1460702 29.9858178),,,"former movie theater in Metairie, Louisiana, United States"
http://www.wikidata.org/entity/Q42668284,Grand Theater,Point(-90.1460702 29.9858178),,,"former movie theater in Metairie, Louisiana, United States"
http://www.wikidata.org/entity/Q42668284,Grand Theater,Point(-90.1460702 29.9858178),,,"former movie theater in Metairie, Louisiana, United States"
http://www.wikidata.org/entity/Q42668284,Grand Theater,Point(-90.1460702 29.9858178),,,"former movie theater in Metairie, Louisiana, United States"
http://www.wikidata.org/entity/Q42668284,Grand Theater,Point(-90.1460702 29.9858178),,,"former movie theater in Metairie, Louisiana, United States"
http://www.wikidata.org/entity/Q42668284,Grand Theater,Point(-90.1460702 29.9858178),,,"former movie theater in Metairie, Louisiana, United States"
http://www.wikidata.org/entity/Q42668284,Grand Theater,Point(-90.1460702 29.9858178),,,"former movie theater in Metairie, Louisiana, United States"
http://www.wikidata.org/entity/Q42668284,Grand Theater,Point(-90.1460702 29.9858178),,,"former movie theater in Metairie, Louisiana, United States"
http://www.wikidata.org/entity/Q42668284,Grand Theater,Point(-90.1460702 29.9858178),,,"former movie theater in Metairie, Louisiana, United States"
http://www.wikidata.org/entity/Q42668284,Grand Theater,Point(-90.1460702 29.9858178),,,"former movie theater in Metairie, Louisiana, United States"
http://www.wikidata.org/entity/Q42668284,Grand Theater,Point(-90.1460702 29.9858178),,,"former movie theater in Metairie, Louisiana, United States"
http://www.wikidata.org/entity/Q42668284,Grand Theater,Point(-90.1460702 29.9858178),,,"former movie theater in Metairie, Louisiana, United States"
http://www.wikidata.org/entity/Q42668095,Causeway Place Cinema 4,Point(-90.0901787 30.3850731),,,"former movie theater in Mandeville, Louisiana, United States"
http://www.wikidata.org/entity/Q42668095,Causeway Place Cinema 4,Point(-90.0901787 30.3850731),,,"former movie theater in Mandeville, Louisiana, United States"
http://www.wikidata.org/entity/Q42668095,Causeway Place Cinema 4,Point(-90.0901787 30.3850731),,,"former movie theater in Mandeville, Louisiana, United States"
http://www.wikidata.org/entity/Q42668095,Causeway Place Cinema 4,Point(-90.0901787 30.3850731),,,"former movie theater in Mandeville, Louisiana, United States"
http://www.wikidata.org/entity/Q42668095,Causeway Place Cinema 4,Point(-90.0901787 30.3850731),,,"former movie theater in Mandeville, Louisiana, United States"
http://www.wikidata.org/entity/Q42668166,Belle Promenade 14,Point(-90.0984708 29.8790709),,,"former movie theater in Marrero, Louisiana, United States"
http://www.wikidata.org/entity/Q42668166,Belle Promenade 14,Point(-90.0984708 29.8790709),,,"former movie theater in Marrero, Louisiana, United States"
http://www.wikidata.org/entity/Q42668166,Belle Promenade 14,Point(-90.0984708 29.8790709),,,"former movie theater in Marrero, Louisiana, United States"
http://www.wikidata.org/entity/Q42668166,Belle Promenade 14,Point(-90.0984708 29.8790709),,,"former movie theater in Marrero, Louisiana, United States"
http://www.wikidata.org/entity/Q42668166,Belle Promenade 14,Point(-90.0984708 29.8790709),,,"former movie theater in Marrero, Louisiana, United States"
http://www.wikidata.org/entity/Q42668166,Belle Promenade 14,Point(-90.0984708 29.8790709),,,"former movie theater in Marrero, Louisiana, United States"
http://www.wikidata.org/entity/Q42668166,Belle Promenade 14,Point(-90.0984708 29.8790709),,,"former movie theater in Marrero, Louisiana, United States"
http://www.wikidata.org/entity/Q42668166,Belle Promenade 14,Point(-90.0984708 29.8790709),,,"former movie theater in Marrero, Louisiana, United States"
http://www.wikidata.org/entity/Q42668166,Belle Promenade 14,Point(-90.0984708 29.8790709),,,"former movie theater in Marrero, Louisiana, United States"
http://www.wikidata.org/entity/Q42668166,Belle Promenade 14,Point(-90.0984708 29.8790709),,,"former movie theater in Marrero, Louisiana, United States"
http://www.wikidata.org/entity/Q42668166,Belle Promenade 14,Point(-90.0984708 29.8790709),,,"former movie theater in Marrero, Louisiana, United States"
http://www.wikidata.org/entity/Q42668166,Belle Promenade 14,Point(-90.0984708 29.8790709),,,"former movie theater in Marrero, Louisiana, United States"
http://www.wikidata.org/entity/Q42668166,Belle Promenade 14,Point(-90.0984708 29.8790709),,,"former movie theater in Marrero, Louisiana, United States"
http://www.wikidata.org/entity/Q42668166,Belle Promenade 14,Point(-90.0984708 29.8790709),,,"former movie theater in Marrero, Louisiana, United States"
http://www.wikidata.org/entity/Q42668166,Belle Promenade 14,Point(-90.0984708 29.8790709),,,"former movie theater in Marrero, Louisiana, United States"
http://www.wikidata.org/entity/Q42668166,Belle Promenade 14,Point(-90.0984708 29.8790709),,,"former movie theater in Marrero, Louisiana, United States"
http://www.wikidata.org/entity/Q42668166,Belle Promenade 14,Point(-90.0984708 29.8790709),,,"former movie theater in Marrero, Louisiana, United States"
http://www.wikidata.org/entity/Q42668166,Belle Promenade 14,Point(-90.0984708 29.8790709),,,"former movie theater in Marrero, Louisiana, United States"
http://www.wikidata.org/entity/Q42668166,Belle Promenade 14,Point(-90.0984708 29.8790709),,,"former movie theater in Marrero, Louisiana, United States"
http://www.wikidata.org/entity/Q42668166,Belle Promenade 14,Point(-90.0984708 29.8790709),,,"former movie theater in Marrero, Louisiana, United States"
http://www.wikidata.org/entity/Q42668166,Belle Promenade 14,Point(-90.0984708 29.8790709),,,"former movie theater in Marrero, Louisiana, United States"
http://www.wikidata.org/entity/Q42668166,Belle Promenade 14,Point(-90.0984708 29.8790709),,,"former movie theater in Marrero, Louisiana, United States"
http://www.wikidata.org/entity/Q42668166,Belle Promenade 14,Point(-90.0984708 29.8790709),,,"former movie theater in Marrero, Louisiana, United States"
http://www.wikidata.org/entity/Q42668166,Belle Promenade 14,Point(-90.0984708 29.8790709),,,"former movie theater in Marrero, Louisiana, United States"
http://www.wikidata.org/entity/Q42668166,Belle Promenade 14,Point(-90.0984708 29.8790709),,,"former movie theater in Marrero, Louisiana, United States"
http://www.wikidata.org/entity/Q42668166,Belle Promenade 14,Point(-90.0984708 29.8790709),,,"former movie theater in Marrero, Louisiana, United States"
http://www.wikidata.org/entity/Q42668175,Hut Theatre,Point(-90.0934521 29.8975765),,,"former movie theater in Marrero, Louisiana, United States"
http://www.wikidata.org/entity/Q42668175,Hut Theatre,Point(-90.0934521 29.8975765),,,"former movie theater in Marrero, Louisiana, United States"
http://www.wikidata.org/entity/Q42668175,Hut Theatre,Point(-90.0934521 29.8975765),,,"former movie theater in Marrero, Louisiana, United States"
http://www.wikidata.org/entity/Q42668175,Hut Theatre,Point(-90.0934521 29.8975765),,,"former movie theater in Marrero, Louisiana, United States"
http://www.wikidata.org/entity/Q42668175,Hut Theatre,Point(-90.0934521 29.8975765),,,"former movie theater in Marrero, Louisiana, United States"
http://www.wikidata.org/entity/Q42668175,Hut Theatre,Point(-90.0934521 29.8975765),,,"former movie theater in Marrero, Louisiana, United States"
http://www.wikidata.org/entity/Q42668175,Hut Theatre,Point(-90.0934521 29.8975765),,,"former movie theater in Marrero, Louisiana, United States"
http://www.wikidata.org/entity/Q42668175,Hut Theatre,Point(-90.0934521 29.8975765),,,"former movie theater in Marrero, Louisiana, United States"
http://www.wikidata.org/entity/Q42668175,Hut Theatre,Point(-90.0934521 29.8975765),,,"former movie theater in Marrero, Louisiana, United States"
http://www.wikidata.org/entity/Q42668175,Hut Theatre,Point(-90.0934521 29.8975765),,,"former movie theater in Marrero, Louisiana, United States"
http://www.wikidata.org/entity/Q42668175,Hut Theatre,Point(-90.0934521 29.8975765),,,"former movie theater in Marrero, Louisiana, United States"
http://www.wikidata.org/entity/Q42668175,Hut Theatre,Point(-90.0934521 29.8975765),,,"former movie theater in Marrero, Louisiana, United States"
http://www.wikidata.org/entity/Q42668175,Hut Theatre,Point(-90.0934521 29.8975765),,,"former movie theater in Marrero, Louisiana, United States"
http://www.wikidata.org/entity/Q42668175,Hut Theatre,Point(-90.0934521 29.8975765),,,"former movie theater in Marrero, Louisiana, United States"
http://www.wikidata.org/entity/Q42668175,Hut Theatre,Point(-90.0934521 29.8975765),,,"former movie theater in Marrero, Louisiana, United States"
http://www.wikidata.org/entity/Q42668175,Hut Theatre,Point(-90.0934521 29.8975765),,,"former movie theater in Marrero, Louisiana, United States"
http://www.wikidata.org/entity/Q42668175,Hut Theatre,Point(-90.0934521 29.8975765),,,"former movie theater in Marrero, Louisiana, United States"
http://www.wikidata.org/entity/Q42668175,Hut Theatre,Point(-90.0934521 29.8975765),,,"former movie theater in Marrero, Louisiana, United States"
http://www.wikidata.org/entity/Q42668175,Hut Theatre,Point(-90.0934521 29.8975765),,,"former movie theater in Marrero, Louisiana, United States"
http://www.wikidata.org/entity/Q42668175,Hut Theatre,Point(-90.0934521 29.8975765),,,"former movie theater in Marrero, Louisiana, United States"
http://www.wikidata.org/entity/Q42668175,Hut Theatre,Point(-90.0934521 29.8975765),,,"former movie theater in Marrero, Louisiana, United States"
http://www.wikidata.org/entity/Q42668175,Hut Theatre,Point(-90.0934521 29.8975765),,,"former movie theater in Marrero, Louisiana, United States"
http://www.wikidata.org/entity/Q42668175,Hut Theatre,Point(-90.0934521 29.8975765),,,"former movie theater in Marrero, Louisiana, United States"
http://www.wikidata.org/entity/Q42668175,Hut Theatre,Point(-90.0934521 29.8975765),,,"former movie theater in Marrero, Louisiana, United States"
http://www.wikidata.org/entity/Q42668175,Hut Theatre,Point(-90.0934521 29.8975765),,,"former movie theater in Marrero, Louisiana, United States"
http://www.wikidata.org/entity/Q42668175,Hut Theatre,Point(-90.0934521 29.8975765),,,"former movie theater in Marrero, Louisiana, United States"
http://www.wikidata.org/entity/Q42668183,Oak Ridge Cinema 5,Point(-90.0981061 29.8753319),,,"former movie theater in Marrero, Louisiana, United States"
http://www.wikidata.org/entity/Q42668183,Oak Ridge Cinema 5,Point(-90.0981061 29.8753319),,,"former movie theater in Marrero, Louisiana, United States"
http://www.wikidata.org/entity/Q42668183,Oak Ridge Cinema 5,Point(-90.0981061 29.8753319),,,"former movie theater in Marrero, Louisiana, United States"
http://www.wikidata.org/entity/Q42668183,Oak Ridge Cinema 5,Point(-90.0981061 29.8753319),,,"former movie theater in Marrero, Louisiana, United States"
http://www.wikidata.org/entity/Q42668183,Oak Ridge Cinema 5,Point(-90.0981061 29.8753319),,,"former movie theater in Marrero, Louisiana, United States"
http://www.wikidata.org/entity/Q42668183,Oak Ridge Cinema 5,Point(-90.0981061 29.8753319),,,"former movie theater in Marrero, Louisiana, United States"
http://www.wikidata.org/entity/Q42668183,Oak Ridge Cinema 5,Point(-90.0981061 29.8753319),,,"former movie theater in Marrero, Louisiana, United States"
http://www.wikidata.org/entity/Q42668183,Oak Ridge Cinema 5,Point(-90.0981061 29.8753319),,,"former movie theater in Marrero, Louisiana, United States"
http://www.wikidata.org/entity/Q42668183,Oak Ridge Cinema 5,Point(-90.0981061 29.8753319),,,"former movie theater in Marrero, Louisiana, United States"
http://www.wikidata.org/entity/Q42668183,Oak Ridge Cinema 5,Point(-90.0981061 29.8753319),,,"former movie theater in Marrero, Louisiana, United States"
http://www.wikidata.org/entity/Q42668183,Oak Ridge Cinema 5,Point(-90.0981061 29.8753319),,,"former movie theater in Marrero, Louisiana, United States"
http://www.wikidata.org/entity/Q42668183,Oak Ridge Cinema 5,Point(-90.0981061 29.8753319),,,"former movie theater in Marrero, Louisiana, United States"
http://www.wikidata.org/entity/Q42668183,Oak Ridge Cinema 5,Point(-90.0981061 29.8753319),,,"former movie theater in Marrero, Louisiana, United States"
http://www.wikidata.org/entity/Q42668183,Oak Ridge Cinema 5,Point(-90.0981061 29.8753319),,,"former movie theater in Marrero, Louisiana, United States"
http://www.wikidata.org/entity/Q42668183,Oak Ridge Cinema 5,Point(-90.0981061 29.8753319),,,"former movie theater in Marrero, Louisiana, United States"
http://www.wikidata.org/entity/Q42668183,Oak Ridge Cinema 5,Point(-90.0981061 29.8753319),,,"former movie theater in Marrero, Louisiana, United States"
http://www.wikidata.org/entity/Q42668183,Oak Ridge Cinema 5,Point(-90.0981061 29.8753319),,,"former movie theater in Marrero, Louisiana, United States"
http://www.wikidata.org/entity/Q42668183,Oak Ridge Cinema 5,Point(-90.0981061 29.8753319),,,"former movie theater in Marrero, Louisiana, United States"
http://www.wikidata.org/entity/Q42668183,Oak Ridge Cinema 5,Point(-90.0981061 29.8753319),,,"former movie theater in Marrero, Louisiana, United States"
http://www.wikidata.org/entity/Q42668183,Oak Ridge Cinema 5,Point(-90.0981061 29.8753319),,,"former movie theater in Marrero, Louisiana, United States"
http://www.wikidata.org/entity/Q42668183,Oak Ridge Cinema 5,Point(-90.0981061 29.8753319),,,"former movie theater in Marrero, Louisiana, United States"
http://www.wikidata.org/entity/Q42668183,Oak Ridge Cinema 5,Point(-90.0981061 29.8753319),,,"former movie theater in Marrero, Louisiana, United States"
http://www.wikidata.org/entity/Q42668183,Oak Ridge Cinema 5,Point(-90.0981061 29.8753319),,,"former movie theater in Marrero, Louisiana, United States"
http://www.wikidata.org/entity/Q42668183,Oak Ridge Cinema 5,Point(-90.0981061 29.8753319),,,"former movie theater in Marrero, Louisiana, United States"
http://www.wikidata.org/entity/Q42668183,Oak Ridge Cinema 5,Point(-90.0981061 29.8753319),,,"former movie theater in Marrero, Louisiana, United States"
http://www.wikidata.org/entity/Q42668183,Oak Ridge Cinema 5,Point(-90.0981061 29.8753319),,,"former movie theater in Marrero, Louisiana, United States"
http://www.wikidata.org/entity/Q42668190,Royal Theatre,Point(-90.100682 29.898948),,,"former movie theater in Marrero, Louisiana, United States"
http://www.wikidata.org/entity/Q42668190,Royal Theatre,Point(-90.100682 29.898948),,,"former movie theater in Marrero, Louisiana, United States"
http://www.wikidata.org/entity/Q42668190,Royal Theatre,Point(-90.100682 29.898948),,,"former movie theater in Marrero, Louisiana, United States"
http://www.wikidata.org/entity/Q42668190,Royal Theatre,Point(-90.100682 29.898948),,,"former movie theater in Marrero, Louisiana, United States"
http://www.wikidata.org/entity/Q42668190,Royal Theatre,Point(-90.100682 29.898948),,,"former movie theater in Marrero, Louisiana, United States"
http://www.wikidata.org/entity/Q42668190,Royal Theatre,Point(-90.100682 29.898948),,,"former movie theater in Marrero, Louisiana, United States"
http://www.wikidata.org/entity/Q42668190,Royal Theatre,Point(-90.100682 29.898948),,,"former movie theater in Marrero, Louisiana, United States"
http://www.wikidata.org/entity/Q42668190,Royal Theatre,Point(-90.100682 29.898948),,,"former movie theater in Marrero, Louisiana, United States"
http://www.wikidata.org/entity/Q42668190,Royal Theatre,Point(-90.100682 29.898948),,,"former movie theater in Marrero, Louisiana, United States"
http://www.wikidata.org/entity/Q42668190,Royal Theatre,Point(-90.100682 29.898948),,,"former movie theater in Marrero, Louisiana, United States"
http://www.wikidata.org/entity/Q42668190,Royal Theatre,Point(-90.100682 29.898948),,,"former movie theater in Marrero, Louisiana, United States"
http://www.wikidata.org/entity/Q42668190,Royal Theatre,Point(-90.100682 29.898948),,,"former movie theater in Marrero, Louisiana, United States"
http://www.wikidata.org/entity/Q42668190,Royal Theatre,Point(-90.100682 29.898948),,,"former movie theater in Marrero, Louisiana, United States"
http://www.wikidata.org/entity/Q42668190,Royal Theatre,Point(-90.100682 29.898948),,,"former movie theater in Marrero, Louisiana, United States"
http://www.wikidata.org/entity/Q42668190,Royal Theatre,Point(-90.100682 29.898948),,,"former movie theater in Marrero, Louisiana, United States"
http://www.wikidata.org/entity/Q42668190,Royal Theatre,Point(-90.100682 29.898948),,,"former movie theater in Marrero, Louisiana, United States"
http://www.wikidata.org/entity/Q42668190,Royal Theatre,Point(-90.100682 29.898948),,,"former movie theater in Marrero, Louisiana, United States"
http://www.wikidata.org/entity/Q49479017,Coliseum Square,Point(-90.073611111 29.936388888),,,"park in Orleans Parish, Louisiana, United States of America"
http://www.wikidata.org/entity/Q49479855,Conrad Playground,Point(-90.121111111 29.970555555),,,"park in Orleans Parish, Louisiana, United States of America"
http://www.wikidata.org/entity/Q49481273,Cuccia-Byrnes Playground,Point(-90.114722222 29.964166666),,,"park in Orleans Parish, Louisiana, United States of America"
http://www.wikidata.org/entity/Q49481401,Curley Playground,Point(-89.983611111 30.023888888),,,"park in Orleans Parish, Louisiana, United States of America"
http://www.wikidata.org/entity/Q49481887,Danneel Playground,Point(-90.113888888 29.93),,,"park in Orleans Parish, Louisiana, United States of America"
http://www.wikidata.org/entity/Q49482648,Delgado Playground,Point(-90.106388888 29.988888888),,,"park in Orleans Parish, Louisiana, United States of America"
http://www.wikidata.org/entity/Q49482699,Delta Park,Point(-90.2225 29.988333333),,,"park in Jefferson Parish, Louisiana, United States of America"
http://www.wikidata.org/entity/Q49482956,Desmare Playground,Point(-90.088333333 29.982222222),,,"park in Orleans Parish, Louisiana, United States of America"
http://www.wikidata.org/entity/Q49483746,Donnelly Playground,Point(-90.0675 30.019444444),,,"park in Orleans Parish, Louisiana, United States of America"
http://www.wikidata.org/entity/Q49484805,Eads Plaza,Point(-90.064166666 29.950277777),,,"park in Orleans Parish, Louisiana, United States of America"
http://www.wikidata.org/entity/Q49485435,Easton Park,Point(-90.088611111 29.973333333),,,"park in Orleans Parish, Louisiana, United States of America"
http://www.wikidata.org/entity/Q49485867,Edith Sampson Playground,Point(-90.035277777 29.989444444),,,"park in Orleans Parish, Louisiana, United States of America"
http://www.wikidata.org/entity/Q49487694,Evans Playground,Point(-90.109722222 29.933611111),,,"park in Orleans Parish, Louisiana, United States of America"
http://www.wikidata.org/entity/Q49489022,Filmore Playground,Point(-90.067222222 30.014722222),,,"park in Orleans Parish, Louisiana, United States of America"
http://www.wikidata.org/entity/Q49489944,Floral Park,Point(-90.086666666 30.023055555),,,"park in Orleans Parish, Louisiana, United States of America"
http://www.wikidata.org/entity/Q49490064,Foilage Park,Point(-90.094166666 30.021388888),,,"park in Orleans Parish, Louisiana, United States of America"
http://www.wikidata.org/entity/Q49490619,Fort Macomb State Historic Site,Point(-89.804166666 30.064722222),,https://www.lastateparks.com/historic-sites/fort-pike-state-historic-site,"park in Orleans Parish, Louisiana, United States of America"
http://www.wikidata.org/entity/Q49490619,Fort Macomb State Historic Site,Point(-89.804166666 30.064722222),,https://www.lastateparks.com/historic-sites/fort-pike-state-historic-site,"park in Orleans Parish, Louisiana, United States of America"
http://www.wikidata.org/entity/Q49490619,Fort Macomb State Historic Site,Point(-89.804166666 30.064722222),,https://www.lastateparks.com/historic-sites/fort-pike-state-historic-site,"park in Orleans Parish, Louisiana, United States of America"
http://www.wikidata.org/entity/Q49490619,Fort Macomb State Historic Site,Point(-89.804166666 30.064722222),,https://www.lastateparks.com/historic-sites/fort-pike-state-historic-site,"park in Orleans Parish, Louisiana, United States of America"
http://www.wikidata.org/entity/Q49490688,Fort Pike State Historic Site,Point(-89.736666666 30.167222222),,,"park in Orleans Parish, Louisiana, United States of America"
http://www.wikidata.org/entity/Q49491145,Fox Plaground,Point(-90.040555555 29.941388888),,,"park in Orleans Parish, Louisiana, United States of America"
http://www.wikidata.org/entity/Q49491731,Frederick Square,Point(-90.121111111 29.970555555),,,"park in Orleans Parish, Louisiana, United States of America"
http://www.wikidata.org/entity/Q49491979,French Quarter Visitor Center,Point(-90.061111111 29.9575),,,"park in Orleans Parish, Louisiana, United States of America"
http://www.wikidata.org/entity/Q49493094,Gatto Park,Point(-90.067222222 30.010277777),,,"park in Orleans Parish, Louisiana, United States of America"
http://www.wikidata.org/entity/Q49493097,Gatto Playground,Point(-90.067222222 30.01),,,"park in Orleans Parish, Louisiana, United States of America"
http://www.wikidata.org/entity/Q49493881,Girard Playground,Point(-90.205555555 30.019166666),,,"park in Jefferson Parish, Louisiana, United States of America"
http://www.wikidata.org/entity/Q42668033,LaPlace Theatre,Point(-90.4654684 30.0759185),,,"former movie theater in LaPlace, Louisiana, United States"
http://www.wikidata.org/entity/Q42668033,LaPlace Theatre,Point(-90.4654684 30.0759185),,,"former movie theater in LaPlace, Louisiana, United States"
http://www.wikidata.org/entity/Q42668033,LaPlace Theatre,Point(-90.4654684 30.0759185),,,"former movie theater in LaPlace, Louisiana, United States"
http://www.wikidata.org/entity/Q42668033,LaPlace Theatre,Point(-90.4654684 30.0759185),,,"former movie theater in LaPlace, Louisiana, United States"
http://www.wikidata.org/entity/Q42668033,LaPlace Theatre,Point(-90.4654684 30.0759185),,,"former movie theater in LaPlace, Louisiana, United States"
http://www.wikidata.org/entity/Q42668033,LaPlace Theatre,Point(-90.4654684 30.0759185),,,"former movie theater in LaPlace, Louisiana, United States"
http://www.wikidata.org/entity/Q42668033,LaPlace Theatre,Point(-90.4654684 30.0759185),,,"former movie theater in LaPlace, Louisiana, United States"
http://www.wikidata.org/entity/Q42668033,LaPlace Theatre,Point(-90.4654684 30.0759185),,,"former movie theater in LaPlace, Louisiana, United States"
http://www.wikidata.org/entity/Q42668033,LaPlace Theatre,Point(-90.4654684 30.0759185),,,"former movie theater in LaPlace, Louisiana, United States"
http://www.wikidata.org/entity/Q42668033,LaPlace Theatre,Point(-90.4654684 30.0759185),,,"former movie theater in LaPlace, Louisiana, United States"
http://www.wikidata.org/entity/Q42668033,LaPlace Theatre,Point(-90.4654684 30.0759185),,,"former movie theater in LaPlace, Louisiana, United States"
http://www.wikidata.org/entity/Q42668033,LaPlace Theatre,Point(-90.4654684 30.0759185),,,"former movie theater in LaPlace, Louisiana, United States"
http://www.wikidata.org/entity/Q42668033,LaPlace Theatre,Point(-90.4654684 30.0759185),,,"former movie theater in LaPlace, Louisiana, United States"
http://www.wikidata.org/entity/Q42668033,LaPlace Theatre,Point(-90.4654684 30.0759185),,,"former movie theater in LaPlace, Louisiana, United States"
http://www.wikidata.org/entity/Q42668033,LaPlace Theatre,Point(-90.4654684 30.0759185),,,"former movie theater in LaPlace, Louisiana, United States"
http://www.wikidata.org/entity/Q42668033,LaPlace Theatre,Point(-90.4654684 30.0759185),,,"former movie theater in LaPlace, Louisiana, United States"
http://www.wikidata.org/entity/Q42668033,LaPlace Theatre,Point(-90.4654684 30.0759185),,,"former movie theater in LaPlace, Louisiana, United States"
http://www.wikidata.org/entity/Q42668033,LaPlace Theatre,Point(-90.4654684 30.0759185),,,"former movie theater in LaPlace, Louisiana, United States"
http://www.wikidata.org/entity/Q42668033,LaPlace Theatre,Point(-90.4654684 30.0759185),,,"former movie theater in LaPlace, Louisiana, United States"
http://www.wikidata.org/entity/Q42668033,LaPlace Theatre,Point(-90.4654684 30.0759185),,,"former movie theater in LaPlace, Louisiana, United States"
http://www.wikidata.org/entity/Q42668033,LaPlace Theatre,Point(-90.4654684 30.0759185),,,"former movie theater in LaPlace, Louisiana, United States"
http://www.wikidata.org/entity/Q42668033,LaPlace Theatre,Point(-90.4654684 30.0759185),,,"former movie theater in LaPlace, Louisiana, United States"
http://www.wikidata.org/entity/Q42668033,LaPlace Theatre,Point(-90.4654684 30.0759185),,,"former movie theater in LaPlace, Louisiana, United States"
http://www.wikidata.org/entity/Q42668033,LaPlace Theatre,Point(-90.4654684 30.0759185),,,"former movie theater in LaPlace, Louisiana, United States"
http://www.wikidata.org/entity/Q42668033,LaPlace Theatre,Point(-90.4654684 30.0759185),,,"former movie theater in LaPlace, Louisiana, United States"
http://www.wikidata.org/entity/Q42668033,LaPlace Theatre,Point(-90.4654684 30.0759185),,,"former movie theater in LaPlace, Louisiana, United States"
http://www.wikidata.org/entity/Q42668042,LaPlace Twin Cinema,Point(-90.4615172 30.0540542),,,"former movie theater in LaPlace, Louisiana, United States"
http://www.wikidata.org/entity/Q42668042,LaPlace Twin Cinema,Point(-90.4615172 30.0540542),,,"former movie theater in LaPlace, Louisiana, United States"
http://www.wikidata.org/entity/Q42668042,LaPlace Twin Cinema,Point(-90.4615172 30.0540542),,,"former movie theater in LaPlace, Louisiana, United States"
http://www.wikidata.org/entity/Q42668042,LaPlace Twin Cinema,Point(-90.4615172 30.0540542),,,"former movie theater in LaPlace, Louisiana, United States"
http://www.wikidata.org/entity/Q42668042,LaPlace Twin Cinema,Point(-90.4615172 30.0540542),,,"former movie theater in LaPlace, Louisiana, United States"
http://www.wikidata.org/entity/Q42668042,LaPlace Twin Cinema,Point(-90.4615172 30.0540542),,,"former movie theater in LaPlace, Louisiana, United States"
http://www.wikidata.org/entity/Q42668042,LaPlace Twin Cinema,Point(-90.4615172 30.0540542),,,"former movie theater in LaPlace, Louisiana, United States"
http://www.wikidata.org/entity/Q42668042,LaPlace Twin Cinema,Point(-90.4615172 30.0540542),,,"former movie theater in LaPlace, Louisiana, United States"
http://www.wikidata.org/entity/Q42668042,LaPlace Twin Cinema,Point(-90.4615172 30.0540542),,,"former movie theater in LaPlace, Louisiana, United States"
http://www.wikidata.org/entity/Q42668042,LaPlace Twin Cinema,Point(-90.4615172 30.0540542),,,"former movie theater in LaPlace, Louisiana, United States"
http://www.wikidata.org/entity/Q42668042,LaPlace Twin Cinema,Point(-90.4615172 30.0540542),,,"former movie theater in LaPlace, Louisiana, United States"
http://www.wikidata.org/entity/Q42668042,LaPlace Twin Cinema,Point(-90.4615172 30.0540542),,,"former movie theater in LaPlace, Louisiana, United States"
http://www.wikidata.org/entity/Q42668042,LaPlace Twin Cinema,Point(-90.4615172 30.0540542),,,"former movie theater in LaPlace, Louisiana, United States"
http://www.wikidata.org/entity/Q42668042,LaPlace Twin Cinema,Point(-90.4615172 30.0540542),,,"former movie theater in LaPlace, Louisiana, United States"
http://www.wikidata.org/entity/Q42668042,LaPlace Twin Cinema,Point(-90.4615172 30.0540542),,,"former movie theater in LaPlace, Louisiana, United States"
http://www.wikidata.org/entity/Q42668042,LaPlace Twin Cinema,Point(-90.4615172 30.0540542),,,"former movie theater in LaPlace, Louisiana, United States"
http://www.wikidata.org/entity/Q42668042,LaPlace Twin Cinema,Point(-90.4615172 30.0540542),,,"former movie theater in LaPlace, Louisiana, United States"
http://www.wikidata.org/entity/Q42668042,LaPlace Twin Cinema,Point(-90.4615172 30.0540542),,,"former movie theater in LaPlace, Louisiana, United States"
http://www.wikidata.org/entity/Q42668042,LaPlace Twin Cinema,Point(-90.4615172 30.0540542),,,"former movie theater in LaPlace, Louisiana, United States"
http://www.wikidata.org/entity/Q42668042,LaPlace Twin Cinema,Point(-90.4615172 30.0540542),,,"former movie theater in LaPlace, Louisiana, United States"
http://www.wikidata.org/entity/Q42668042,LaPlace Twin Cinema,Point(-90.4615172 30.0540542),,,"former movie theater in LaPlace, Louisiana, United States"
http://www.wikidata.org/entity/Q42668042,LaPlace Twin Cinema,Point(-90.4615172 30.0540542),,,"former movie theater in LaPlace, Louisiana, United States"
http://www.wikidata.org/entity/Q42668042,LaPlace Twin Cinema,Point(-90.4615172 30.0540542),,,"former movie theater in LaPlace, Louisiana, United States"
http://www.wikidata.org/entity/Q42668042,LaPlace Twin Cinema,Point(-90.4615172 30.0540542),,,"former movie theater in LaPlace, Louisiana, United States"
http://www.wikidata.org/entity/Q42668042,LaPlace Twin Cinema,Point(-90.4615172 30.0540542),,,"former movie theater in LaPlace, Louisiana, United States"
http://www.wikidata.org/entity/Q42668042,LaPlace Twin Cinema,Point(-90.4615172 30.0540542),,,"former movie theater in LaPlace, Louisiana, United States"
http://www.wikidata.org/entity/Q42668095,Causeway Place Cinema 4,Point(-90.0901787 30.3850731),,,"former movie theater in Mandeville, Louisiana, United States"
http://www.wikidata.org/entity/Q42668095,Causeway Place Cinema 4,Point(-90.0901787 30.3850731),,,"former movie theater in Mandeville, Louisiana, United States"
http://www.wikidata.org/entity/Q42668095,Causeway Place Cinema 4,Point(-90.0901787 30.3850731),,,"former movie theater in Mandeville, Louisiana, United States"
http://www.wikidata.org/entity/Q42668095,Causeway Place Cinema 4,Point(-90.0901787 30.3850731),,,"former movie theater in Mandeville, Louisiana, United States"
http://www.wikidata.org/entity/Q42668095,Causeway Place Cinema 4,Point(-90.0901787 30.3850731),,,"former movie theater in Mandeville, Louisiana, United States"
http://www.wikidata.org/entity/Q42668095,Causeway Place Cinema 4,Point(-90.0901787 30.3850731),,,"former movie theater in Mandeville, Louisiana, United States"
http://www.wikidata.org/entity/Q42668095,Causeway Place Cinema 4,Point(-90.0901787 30.3850731),,,"former movie theater in Mandeville, Louisiana, United States"
http://www.wikidata.org/entity/Q42668095,Causeway Place Cinema 4,Point(-90.0901787 30.3850731),,,"former movie theater in Mandeville, Louisiana, United States"
http://www.wikidata.org/entity/Q42668095,Causeway Place Cinema 4,Point(-90.0901787 30.3850731),,,"former movie theater in Mandeville, Louisiana, United States"
http://www.wikidata.org/entity/Q42668095,Causeway Place Cinema 4,Point(-90.0901787 30.3850731),,,"former movie theater in Mandeville, Louisiana, United States"
http://www.wikidata.org/entity/Q42668095,Causeway Place Cinema 4,Point(-90.0901787 30.3850731),,,"former movie theater in Mandeville, Louisiana, United States"
http://www.wikidata.org/entity/Q42668095,Causeway Place Cinema 4,Point(-90.0901787 30.3850731),,,"former movie theater in Mandeville, Louisiana, United States"
http://www.wikidata.org/entity/Q42668095,Causeway Place Cinema 4,Point(-90.0901787 30.3850731),,,"former movie theater in Mandeville, Louisiana, United States"
http://www.wikidata.org/entity/Q42668095,Causeway Place Cinema 4,Point(-90.0901787 30.3850731),,,"former movie theater in Mandeville, Louisiana, United States"
http://www.wikidata.org/entity/Q42668095,Causeway Place Cinema 4,Point(-90.0901787 30.3850731),,,"former movie theater in Mandeville, Louisiana, United States"
http://www.wikidata.org/entity/Q42668095,Causeway Place Cinema 4,Point(-90.0901787 30.3850731),,,"former movie theater in Mandeville, Louisiana, United States"
http://www.wikidata.org/entity/Q42668095,Causeway Place Cinema 4,Point(-90.0901787 30.3850731),,,"former movie theater in Mandeville, Louisiana, United States"
http://www.wikidata.org/entity/Q42668095,Causeway Place Cinema 4,Point(-90.0901787 30.3850731),,,"former movie theater in Mandeville, Louisiana, United States"
http://www.wikidata.org/entity/Q42668095,Causeway Place Cinema 4,Point(-90.0901787 30.3850731),,,"former movie theater in Mandeville, Louisiana, United States"
http://www.wikidata.org/entity/Q42668095,Causeway Place Cinema 4,Point(-90.0901787 30.3850731),,,"former movie theater in Mandeville, Louisiana, United States"
http://www.wikidata.org/entity/Q42668095,Causeway Place Cinema 4,Point(-90.0901787 30.3850731),,,"former movie theater in Mandeville, Louisiana, United States"
http://www.wikidata.org/entity/Q42669204,Martin Cinerama,Point(-90.1009508 29.9665747),,,"former movie theater in New Orleans, Louisiana, United States"
http://www.wikidata.org/entity/Q42669204,Martin Cinerama,Point(-90.1009508 29.9665747),,,"former movie theater in New Orleans, Louisiana, United States"
http://www.wikidata.org/entity/Q42669204,Martin Cinerama,Point(-90.1009508 29.9665747),,,"former movie theater in New Orleans, Louisiana, United States"
http://www.wikidata.org/entity/Q42669204,Martin Cinerama,Point(-90.1009508 29.9665747),,,"former movie theater in New Orleans, Louisiana, United States"
http://www.wikidata.org/entity/Q42669204,Martin Cinerama,Point(-90.1009508 29.9665747),,,"former movie theater in New Orleans, Louisiana, United States"
http://www.wikidata.org/entity/Q42669204,Martin Cinerama,Point(-90.1009508 29.9665747),,,"former movie theater in New Orleans, Louisiana, United States"
http://www.wikidata.org/entity/Q42669204,Martin Cinerama,Point(-90.1009508 29.9665747),,,"former movie theater in New Orleans, Louisiana, United States"
http://www.wikidata.org/entity/Q42669204,Martin Cinerama,Point(-90.1009508 29.9665747),,,"former movie theater in New Orleans, Louisiana, United States"
http://www.wikidata.org/entity/Q42669204,Martin Cinerama,Point(-90.1009508 29.9665747),,,"former movie theater in New Orleans, Louisiana, United States"
http://www.wikidata.org/entity/Q42669204,Martin Cinerama,Point(-90.1009508 29.9665747),,,"former movie theater in New Orleans, Louisiana, United States"
http://www.wikidata.org/entity/Q42669204,Martin Cinerama,Point(-90.1009508 29.9665747),,,"former movie theater in New Orleans, Louisiana, United States"
http://www.wikidata.org/entity/Q42669204,Martin Cinerama,Point(-90.1009508 29.9665747),,,"former movie theater in New Orleans, Louisiana, United States"
http://www.wikidata.org/entity/Q42669204,Martin Cinerama,Point(-90.1009508 29.9665747),,,"former movie theater in New Orleans, Louisiana, United States"
http://www.wikidata.org/entity/Q42669204,Martin Cinerama,Point(-90.1009508 29.9665747),,,"former movie theater in New Orleans, Louisiana, United States"
http://www.wikidata.org/entity/Q42669204,Martin Cinerama,Point(-90.1009508 29.9665747),,,"former movie theater in New Orleans, Louisiana, United States"
http://www.wikidata.org/entity/Q42669204,Martin Cinerama,Point(-90.1009508 29.9665747),,,"former movie theater in New Orleans, Louisiana, United States"
http://www.wikidata.org/entity/Q42669215,Queen Theatre,Point(-90.1074719 29.9695653),,,"former movie theater in New Orleans, Louisiana, United States"
http://www.wikidata.org/entity/Q42669215,Queen Theatre,Point(-90.1074719 29.9695653),,,"former movie theater in New Orleans, Louisiana, United States"
http://www.wikidata.org/entity/Q42669215,Queen Theatre,Point(-90.1074719 29.9695653),,,"former movie theater in New Orleans, Louisiana, United States"
http://www.wikidata.org/entity/Q42669215,Queen Theatre,Point(-90.1074719 29.9695653),,,"former movie theater in New Orleans, Louisiana, United States"
http://www.wikidata.org/entity/Q42669215,Queen Theatre,Point(-90.1074719 29.9695653),,,"former movie theater in New Orleans, Louisiana, United States"
http://www.wikidata.org/entity/Q42669215,Queen Theatre,Point(-90.1074719 29.9695653),,,"former movie theater in New Orleans, Louisiana, United States"
http://www.wikidata.org/entity/Q42669215,Queen Theatre,Point(-90.1074719 29.9695653),,,"former movie theater in New Orleans, Louisiana, United States"
http://www.wikidata.org/entity/Q42669215,Queen Theatre,Point(-90.1074719 29.9695653),,,"former movie theater in New Orleans, Louisiana, United States"
http://www.wikidata.org/entity/Q42669215,Queen Theatre,Point(-90.1074719 29.9695653),,,"former movie theater in New Orleans, Louisiana, United States"
http://www.wikidata.org/entity/Q42669215,Queen Theatre,Point(-90.1074719 29.9695653),,,"former movie theater in New Orleans, Louisiana, United States"
http://www.wikidata.org/entity/Q42667738,West Esplanade 8 Cinema,Point(-90.2534688 30.0221905),,,"former movie theater in Kenner, Louisiana, United States"
http://www.wikidata.org/entity/Q42667738,West Esplanade 8 Cinema,Point(-90.2534688 30.0221905),,,"former movie theater in Kenner, Louisiana, United States"
http://www.wikidata.org/entity/Q42667738,West Esplanade 8 Cinema,Point(-90.2534688 30.0221905),,,"former movie theater in Kenner, Louisiana, United States"
http://www.wikidata.org/entity/Q42667738,West Esplanade 8 Cinema,Point(-90.2534688 30.0221905),,,"former movie theater in Kenner, Louisiana, United States"
http://www.wikidata.org/entity/Q42667738,West Esplanade 8 Cinema,Point(-90.2534688 30.0221905),,,"former movie theater in Kenner, Louisiana, United States"
http://www.wikidata.org/entity/Q42667738,West Esplanade 8 Cinema,Point(-90.2534688 30.0221905),,,"former movie theater in Kenner, Louisiana, United States"
http://www.wikidata.org/entity/Q42667738,West Esplanade 8 Cinema,Point(-90.2534688 30.0221905),,,"former movie theater in Kenner, Louisiana, United States"
http://www.wikidata.org/entity/Q42667738,West Esplanade 8 Cinema,Point(-90.2534688 30.0221905),,,"former movie theater in Kenner, Louisiana, United States"
http://www.wikidata.org/entity/Q42667738,West Esplanade 8 Cinema,Point(-90.2534688 30.0221905),,,"former movie theater in Kenner, Louisiana, United States"
http://www.wikidata.org/entity/Q42667738,West Esplanade 8 Cinema,Point(-90.2534688 30.0221905),,,"former movie theater in Kenner, Louisiana, United States"
http://www.wikidata.org/entity/Q42667738,West Esplanade 8 Cinema,Point(-90.2534688 30.0221905),,,"former movie theater in Kenner, Louisiana, United States"
http://www.wikidata.org/entity/Q42667738,West Esplanade 8 Cinema,Point(-90.2534688 30.0221905),,,"former movie theater in Kenner, Louisiana, United States"
http://www.wikidata.org/entity/Q42668021,LaPlace Cinema 5,Point(-90.4926871 30.0719173),,http://www.hollywoodcinemas7.com,"movie theater in LaPlace, Louisiana, United States"
http://www.wikidata.org/entity/Q42668021,LaPlace Cinema 5,Point(-90.4926871 30.0719173),,http://www.hollywoodcinemas7.com,"movie theater in LaPlace, Louisiana, United States"
http://www.wikidata.org/entity/Q42668021,LaPlace Cinema 5,Point(-90.4926871 30.0719173),,http://www.hollywoodcinemas7.com,"movie theater in LaPlace, Louisiana, United States"
http://www.wikidata.org/entity/Q42668021,LaPlace Cinema 5,Point(-90.4926871 30.0719173),,http://www.hollywoodcinemas7.com,"movie theater in LaPlace, Louisiana, United States"
http://www.wikidata.org/entity/Q42668021,LaPlace Cinema 5,Point(-90.4926871 30.0719173),,http://www.hollywoodcinemas7.com,"movie theater in LaPlace, Louisiana, United States"
http://www.wikidata.org/entity/Q42668021,LaPlace Cinema 5,Point(-90.4926871 30.0719173),,http://www.hollywoodcinemas7.com,"movie theater in LaPlace, Louisiana, United States"
http://www.wikidata.org/entity/Q42668021,LaPlace Cinema 5,Point(-90.4926871 30.0719173),,http://www.hollywoodcinemas7.com,"movie theater in LaPlace, Louisiana, United States"
http://www.wikidata.org/entity/Q42668021,LaPlace Cinema 5,Point(-90.4926871 30.0719173),,http://www.hollywoodcinemas7.com,"movie theater in LaPlace, Louisiana, United States"
http://www.wikidata.org/entity/Q42668021,LaPlace Cinema 5,Point(-90.4926871 30.0719173),,http://www.hollywoodcinemas7.com,"movie theater in LaPlace, Louisiana, United States"
http://www.wikidata.org/entity/Q42668021,LaPlace Cinema 5,Point(-90.4926871 30.0719173),,http://www.hollywoodcinemas7.com,"movie theater in LaPlace, Louisiana, United States"
http://www.wikidata.org/entity/Q42668021,LaPlace Cinema 5,Point(-90.4926871 30.0719173),,http://www.hollywoodcinemas7.com,"movie theater in LaPlace, Louisiana, United States"
http://www.wikidata.org/entity/Q42668021,LaPlace Cinema 5,Point(-90.4926871 30.0719173),,http://www.hollywoodcinemas7.com,"movie theater in LaPlace, Louisiana, United States"
http://www.wikidata.org/entity/Q42668021,LaPlace Cinema 5,Point(-90.4926871 30.0719173),,http://www.hollywoodcinemas7.com,"movie theater in LaPlace, Louisiana, United States"
http://www.wikidata.org/entity/Q42668021,LaPlace Cinema 5,Point(-90.4926871 30.0719173),,http://www.hollywoodcinemas7.com,"movie theater in LaPlace, Louisiana, United States"
http://www.wikidata.org/entity/Q42668021,LaPlace Cinema 5,Point(-90.4926871 30.0719173),,http://www.hollywoodcinemas7.com,"movie theater in LaPlace, Louisiana, United States"
http://www.wikidata.org/entity/Q42668021,LaPlace Cinema 5,Point(-90.4926871 30.0719173),,http://www.hollywoodcinemas7.com,"movie theater in LaPlace, Louisiana, United States"
http://www.wikidata.org/entity/Q42668021,LaPlace Cinema 5,Point(-90.4926871 30.0719173),,http://www.hollywoodcinemas7.com,"movie theater in LaPlace, Louisiana, United States"
http://www.wikidata.org/entity/Q42668021,LaPlace Cinema 5,Point(-90.4926871 30.0719173),,http://www.hollywoodcinemas7.com,"movie theater in LaPlace, Louisiana, United States"
http://www.wikidata.org/entity/Q42668021,LaPlace Cinema 5,Point(-90.4926871 30.0719173),,http://www.hollywoodcinemas7.com,"movie theater in LaPlace, Louisiana, United States"
http://www.wikidata.org/entity/Q42668021,LaPlace Cinema 5,Point(-90.4926871 30.0719173),,http://www.hollywoodcinemas7.com,"movie theater in LaPlace, Louisiana, United States"
http://www.wikidata.org/entity/Q42668021,LaPlace Cinema 5,Point(-90.4926871 30.0719173),,http://www.hollywoodcinemas7.com,"movie theater in LaPlace, Louisiana, United States"
http://www.wikidata.org/entity/Q42668021,LaPlace Cinema 5,Point(-90.4926871 30.0719173),,http://www.hollywoodcinemas7.com,"movie theater in LaPlace, Louisiana, United States"
http://www.wikidata.org/entity/Q42668021,LaPlace Cinema 5,Point(-90.4926871 30.0719173),,http://www.hollywoodcinemas7.com,"movie theater in LaPlace, Louisiana, United States"
http://www.wikidata.org/entity/Q42668021,LaPlace Cinema 5,Point(-90.4926871 30.0719173),,http://www.hollywoodcinemas7.com,"movie theater in LaPlace, Louisiana, United States"
http://www.wikidata.org/entity/Q42668021,LaPlace Cinema 5,Point(-90.4926871 30.0719173),,http://www.hollywoodcinemas7.com,"movie theater in LaPlace, Louisiana, United States"
http://www.wikidata.org/entity/Q42668021,LaPlace Cinema 5,Point(-90.4926871 30.0719173),,http://www.hollywoodcinemas7.com,"movie theater in LaPlace, Louisiana, United States"
http://www.wikidata.org/entity/Q49495695,Green Acres Park,Point(-90.193611111 29.993888888),,,"park in Jefferson Parish, Louisiana, United States of America"
http://www.wikidata.org/entity/Q49496345,Gretha Park,Point(-90.048611111 29.895555555),,,"park in Jefferson Parish, Louisiana, United States of America"
http://www.wikidata.org/entity/Q49497913,Hardin Playground,Point(-90.065555555 29.982777777),,,"park in Orleans Parish, Louisiana, United States of America"
http://www.wikidata.org/entity/Q49498005,Harlequin Park,Point(-90.108888888 30.022777777),,,"park in Orleans Parish, Louisiana, United States of America"
http://www.wikidata.org/entity/Q49498333,Harris Playground,Point(-90.083333333 29.996111111),,,"park in Orleans Parish, Louisiana, United States of America"
http://www.wikidata.org/entity/Q49498627,Harvey Park,Point(-90.063611111 29.875833333),,,"park in Jefferson Parish, Louisiana, United States of America"
http://www.wikidata.org/entity/Q49499601,Heinemann Park,Point(-90.106388888 29.968333333),,,"park in Orleans Parish, Louisiana, United States of America"
http://www.wikidata.org/entity/Q49501356,Highway Park,Point(-90.231111111 30.016388888),,,"park in Jefferson Parish, Louisiana, United States of America"
http://www.wikidata.org/entity/Q49503790,Huey P Long Park,Point(-90.060555555 29.910833333),,,"park in Jefferson Parish, Louisiana, United States of America"
http://www.wikidata.org/entity/Q49504630,Imtt Field,Point(-90.299166666 29.964444444),,,"park in St. Charles Parish, Louisiana, United States of America"
http://www.wikidata.org/entity/Q49505355,Irish Channel Area Architectural District,Point(-90.080555555 29.923888888),,,"park in Orleans Parish, Louisiana, United States of America"
http://www.wikidata.org/entity/Q49506260,Jackson Square,Point(-90.063888888 29.9575),,,"park in Orleans Parish, Louisiana, United States of America"
http://www.wikidata.org/entity/Q49507210,Jefferson Downs Racetrack,Point(-90.250833333 30.042222222),,,"park in Jefferson Parish, Louisiana, United States of America"
http://www.wikidata.org/entity/Q49507273,Jefferson Park,Point(-90.165555555 29.956111111),,,"park in Jefferson Parish, Louisiana, United States of America"
http://www.wikidata.org/entity/Q49507640,Jessie Owens Park,Point(-90.2325 29.972777777),,,"park in Jefferson Parish, Louisiana, United States of America"
http://www.wikidata.org/entity/Q49508312,John P Lyons Memorial Center,Point(-90.087222222 29.918888888),,,"park in Orleans Parish, Louisiana, United States of America"
http://www.wikidata.org/entity/Q49509387,Kark Park,Point(-90.216944444 29.919722222),,,"park in Jefferson Parish, Louisiana, United States of America"
http://www.wikidata.org/entity/Q49509763,Keller Square,Point(-90.085 29.9425),,,"park in Orleans Parish, Louisiana, United States of America"
http://www.wikidata.org/entity/Q49510046,Kenilworth Park,Point(-90.013055555 30.034444444),,,"park in Orleans Parish, Louisiana, United States of America"
http://www.wikidata.org/entity/Q49512772,Lafayette Square,Point(-90.070555555 29.948333333),,,"park in Orleans Parish, Louisiana, United States of America"
http://www.wikidata.org/entity/Q49512808,Lagattuta Park,Point(-90.350833333 29.914444444),,,"park in St. Charles Parish, Louisiana, United States of America"
http://www.wikidata.org/entity/Q49513484,Lake Oaks Park,Point(-90.0575 30.032222222),,,"park in Orleans Parish, Louisiana, United States of America"
http://www.wikidata.org/entity/Q49513730,Lake Terrace Park,Point(-90.078888888 30.030833333),,,"park in Orleans Parish, Louisiana, United States of America"
http://www.wikidata.org/entity/Q49513787,Lake Vista Park,Point(-90.090833333 30.029722222),,,"park in Orleans Parish, Louisiana, United States of America"
http://www.wikidata.org/entity/Q49513908,Lakeshore Park,Point(-90.101388888 30.027777777),,,"park in Orleans Parish, Louisiana, United States of America"
http://www.wikidata.org/entity/Q42668284,Grand Theater,Point(-90.1460702 29.9858178),,,"former movie theater in Metairie, Louisiana, United States"
http://www.wikidata.org/entity/Q42668284,Grand Theater,Point(-90.1460702 29.9858178),,,"former movie theater in Metairie, Louisiana, United States"
http://www.wikidata.org/entity/Q42668284,Grand Theater,Point(-90.1460702 29.9858178),,,"former movie theater in Metairie, Louisiana, United States"
http://www.wikidata.org/entity/Q42668284,Grand Theater,Point(-90.1460702 29.9858178),,,"former movie theater in Metairie, Louisiana, United States"
http://www.wikidata.org/entity/Q42668284,Grand Theater,Point(-90.1460702 29.9858178),,,"former movie theater in Metairie, Louisiana, United States"
http://www.wikidata.org/entity/Q42668284,Grand Theater,Point(-90.1460702 29.9858178),,,"former movie theater in Metairie, Louisiana, United States"
http://www.wikidata.org/entity/Q42668284,Grand Theater,Point(-90.1460702 29.9858178),,,"former movie theater in Metairie, Louisiana, United States"
http://www.wikidata.org/entity/Q42668284,Grand Theater,Point(-90.1460702 29.9858178),,,"former movie theater in Metairie, Louisiana, United States"
http://www.wikidata.org/entity/Q42668284,Grand Theater,Point(-90.1460702 29.9858178),,,"former movie theater in Metairie, Louisiana, United States"
http://www.wikidata.org/entity/Q42668284,Grand Theater,Point(-90.1460702 29.9858178),,,"former movie theater in Metairie, Louisiana, United States"
http://www.wikidata.org/entity/Q42668284,Grand Theater,Point(-90.1460702 29.9858178),,,"former movie theater in Metairie, Louisiana, United States"
http://www.wikidata.org/entity/Q42668284,Grand Theater,Point(-90.1460702 29.9858178),,,"former movie theater in Metairie, Louisiana, United States"
http://www.wikidata.org/entity/Q42668284,Grand Theater,Point(-90.1460702 29.9858178),,,"former movie theater in Metairie, Louisiana, United States"
http://www.wikidata.org/entity/Q42668295,Joy's Panorama,Point(-90.1458741 29.9735301),,,"former movie theater in Metairie, Louisiana, United States"
http://www.wikidata.org/entity/Q42668295,Joy's Panorama,Point(-90.1458741 29.9735301),,,"former movie theater in Metairie, Louisiana, United States"
http://www.wikidata.org/entity/Q42668295,Joy's Panorama,Point(-90.1458741 29.9735301),,,"former movie theater in Metairie, Louisiana, United States"
http://www.wikidata.org/entity/Q42668295,Joy's Panorama,Point(-90.1458741 29.9735301),,,"former movie theater in Metairie, Louisiana, United States"
http://www.wikidata.org/entity/Q42668295,Joy's Panorama,Point(-90.1458741 29.9735301),,,"former movie theater in Metairie, Louisiana, United States"
http://www.wikidata.org/entity/Q42668295,Joy's Panorama,Point(-90.1458741 29.9735301),,,"former movie theater in Metairie, Louisiana, United States"
http://www.wikidata.org/entity/Q42668295,Joy's Panorama,Point(-90.1458741 29.9735301),,,"former movie theater in Metairie, Louisiana, United States"
http://www.wikidata.org/entity/Q42668295,Joy's Panorama,Point(-90.1458741 29.9735301),,,"former movie theater in Metairie, Louisiana, United States"
http://www.wikidata.org/entity/Q42668295,Joy's Panorama,Point(-90.1458741 29.9735301),,,"former movie theater in Metairie, Louisiana, United States"
http://www.wikidata.org/entity/Q42668295,Joy's Panorama,Point(-90.1458741 29.9735301),,,"former movie theater in Metairie, Louisiana, United States"
http://www.wikidata.org/entity/Q42668295,Joy's Panorama,Point(-90.1458741 29.9735301),,,"former movie theater in Metairie, Louisiana, United States"
http://www.wikidata.org/entity/Q42668295,Joy's Panorama,Point(-90.1458741 29.9735301),,,"former movie theater in Metairie, Louisiana, United States"
http://www.wikidata.org/entity/Q42668295,Joy's Panorama,Point(-90.1458741 29.9735301),,,"former movie theater in Metairie, Louisiana, United States"
http://www.wikidata.org/entity/Q42668295,Joy's Panorama,Point(-90.1458741 29.9735301),,,"former movie theater in Metairie, Louisiana, United States"
http://www.wikidata.org/entity/Q42668295,Joy's Panorama,Point(-90.1458741 29.9735301),,,"former movie theater in Metairie, Louisiana, United States"
http://www.wikidata.org/entity/Q42668295,Joy's Panorama,Point(-90.1458741 29.9735301),,,"former movie theater in Metairie, Louisiana, United States"
http://www.wikidata.org/entity/Q42668295,Joy's Panorama,Point(-90.1458741 29.9735301),,,"former movie theater in Metairie, Louisiana, United States"
http://www.wikidata.org/entity/Q42668295,Joy's Panorama,Point(-90.1458741 29.9735301),,,"former movie theater in Metairie, Louisiana, United States"
http://www.wikidata.org/entity/Q42668295,Joy's Panorama,Point(-90.1458741 29.9735301),,,"former movie theater in Metairie, Louisiana, United States"
http://www.wikidata.org/entity/Q42668295,Joy's Panorama,Point(-90.1458741 29.9735301),,,"former movie theater in Metairie, Louisiana, United States"
http://www.wikidata.org/entity/Q42668295,Joy's Panorama,Point(-90.1458741 29.9735301),,,"former movie theater in Metairie, Louisiana, United States"
http://www.wikidata.org/entity/Q42668295,Joy's Panorama,Point(-90.1458741 29.9735301),,,"former movie theater in Metairie, Louisiana, United States"
http://www.wikidata.org/entity/Q42668295,Joy's Panorama,Point(-90.1458741 29.9735301),,,"former movie theater in Metairie, Louisiana, United States"
http://www.wikidata.org/entity/Q42668295,Joy's Panorama,Point(-90.1458741 29.9735301),,,"former movie theater in Metairie, Louisiana, United States"
http://www.wikidata.org/entity/Q42668295,Joy's Panorama,Point(-90.1458741 29.9735301),,,"former movie theater in Metairie, Louisiana, United States"
http://www.wikidata.org/entity/Q42668295,Joy's Panorama,Point(-90.1458741 29.9735301),,,"former movie theater in Metairie, Louisiana, United States"
http://www.wikidata.org/entity/Q42668304,Sena Mall Theater,Point(-90.136172 30.0019439),,,"former movie theater in Metairie, Louisiana, United States"
http://www.wikidata.org/entity/Q42668304,Sena Mall Theater,Point(-90.136172 30.0019439),,,"former movie theater in Metairie, Louisiana, United States"
http://www.wikidata.org/entity/Q42668304,Sena Mall Theater,Point(-90.136172 30.0019439),,,"former movie theater in Metairie, Louisiana, United States"
http://www.wikidata.org/entity/Q42668304,Sena Mall Theater,Point(-90.136172 30.0019439),,,"former movie theater in Metairie, Louisiana, United States"
http://www.wikidata.org/entity/Q42668304,Sena Mall Theater,Point(-90.136172 30.0019439),,,"former movie theater in Metairie, Louisiana, United States"
http://www.wikidata.org/entity/Q42669338,Clabon Theatre,Point(-90.0709725 29.9670694),,,"former movie theater in New Orleans, Louisiana, United States, later used as a church, demolished in 2022"
http://www.wikidata.org/entity/Q42669338,Clabon Theatre,Point(-90.0709725 29.9670694),,,"former movie theater in New Orleans, Louisiana, United States, later used as a church, demolished in 2022"
http://www.wikidata.org/entity/Q42669338,Clabon Theatre,Point(-90.0709725 29.9670694),,,"former movie theater in New Orleans, Louisiana, United States, later used as a church, demolished in 2022"
http://www.wikidata.org/entity/Q42669338,Clabon Theatre,Point(-90.0709725 29.9670694),,,"former movie theater in New Orleans, Louisiana, United States, later used as a church, demolished in 2022"
http://www.wikidata.org/entity/Q42669338,Clabon Theatre,Point(-90.0709725 29.9670694),,,"former movie theater in New Orleans, Louisiana, United States, later used as a church, demolished in 2022"
http://www.wikidata.org/entity/Q42669338,Clabon Theatre,Point(-90.0709725 29.9670694),,,"former movie theater in New Orleans, Louisiana, United States, later used as a church, demolished in 2022"
http://www.wikidata.org/entity/Q42669338,Clabon Theatre,Point(-90.0709725 29.9670694),,,"former movie theater in New Orleans, Louisiana, United States, later used as a church, demolished in 2022"
http://www.wikidata.org/entity/Q42669338,Clabon Theatre,Point(-90.0709725 29.9670694),,,"former movie theater in New Orleans, Louisiana, United States, later used as a church, demolished in 2022"
http://www.wikidata.org/entity/Q42669338,Clabon Theatre,Point(-90.0709725 29.9670694),,,"former movie theater in New Orleans, Louisiana, United States, later used as a church, demolished in 2022"
http://www.wikidata.org/entity/Q42669338,Clabon Theatre,Point(-90.0709725 29.9670694),,,"former movie theater in New Orleans, Louisiana, United States, later used as a church, demolished in 2022"
http://www.wikidata.org/entity/Q42669338,Clabon Theatre,Point(-90.0709725 29.9670694),,,"former movie theater in New Orleans, Louisiana, United States, later used as a church, demolished in 2022"
http://www.wikidata.org/entity/Q42669338,Clabon Theatre,Point(-90.0709725 29.9670694),,,"former movie theater in New Orleans, Louisiana, United States, later used as a church, demolished in 2022"
http://www.wikidata.org/entity/Q42669338,Clabon Theatre,Point(-90.0709725 29.9670694),,,"former movie theater in New Orleans, Louisiana, United States, later used as a church, demolished in 2022"
http://www.wikidata.org/entity/Q42669338,Clabon Theatre,Point(-90.0709725 29.9670694),,,"former movie theater in New Orleans, Louisiana, United States, later used as a church, demolished in 2022"
http://www.wikidata.org/entity/Q42669338,Clabon Theatre,Point(-90.0709725 29.9670694),,,"former movie theater in New Orleans, Louisiana, United States, later used as a church, demolished in 2022"
http://www.wikidata.org/entity/Q42669338,Clabon Theatre,Point(-90.0709725 29.9670694),,,"former movie theater in New Orleans, Louisiana, United States, later used as a church, demolished in 2022"
http://www.wikidata.org/entity/Q42669338,Clabon Theatre,Point(-90.0709725 29.9670694),,,"former movie theater in New Orleans, Louisiana, United States, later used as a church, demolished in 2022"
http://www.wikidata.org/entity/Q42669349,Isis Theatre,Point(-90.1040672 29.92937),,,"former movie theater in New Orleans, Louisiana, United States"
http://www.wikidata.org/entity/Q42669349,Isis Theatre,Point(-90.1040672 29.92937),,,"former movie theater in New Orleans, Louisiana, United States"
http://www.wikidata.org/entity/Q42669349,Isis Theatre,Point(-90.1040672 29.92937),,,"former movie theater in New Orleans, Louisiana, United States"
http://www.wikidata.org/entity/Q42669349,Isis Theatre,Point(-90.1040672 29.92937),,,"former movie theater in New Orleans, Louisiana, United States"
http://www.wikidata.org/entity/Q42669349,Isis Theatre,Point(-90.1040672 29.92937),,,"former movie theater in New Orleans, Louisiana, United States"
http://www.wikidata.org/entity/Q42669349,Isis Theatre,Point(-90.1040672 29.92937),,,"former movie theater in New Orleans, Louisiana, United States"
http://www.wikidata.org/entity/Q42669349,Isis Theatre,Point(-90.1040672 29.92937),,,"former movie theater in New Orleans, Louisiana, United States"
http://www.wikidata.org/entity/Q42669349,Isis Theatre,Point(-90.1040672 29.92937),,,"former movie theater in New Orleans, Louisiana, United States"
http://www.wikidata.org/entity/Q42669349,Isis Theatre,Point(-90.1040672 29.92937),,,"former movie theater in New Orleans, Louisiana, United States"
http://www.wikidata.org/entity/Q42669349,Isis Theatre,Point(-90.1040672 29.92937),,,"former movie theater in New Orleans, Louisiana, United States"
http://www.wikidata.org/entity/Q42669349,Isis Theatre,Point(-90.1040672 29.92937),,,"former movie theater in New Orleans, Louisiana, United States"
http://www.wikidata.org/entity/Q42669349,Isis Theatre,Point(-90.1040672 29.92937),,,"former movie theater in New Orleans, Louisiana, United States"
http://www.wikidata.org/entity/Q42669349,Isis Theatre,Point(-90.1040672 29.92937),,,"former movie theater in New Orleans, Louisiana, United States"
http://www.wikidata.org/entity/Q42669349,Isis Theatre,Point(-90.1040672 29.92937),,,"former movie theater in New Orleans, Louisiana, United States"
http://www.wikidata.org/entity/Q42669349,Isis Theatre,Point(-90.1040672 29.92937),,,"former movie theater in New Orleans, Louisiana, United States"
http://www.wikidata.org/entity/Q42669349,Isis Theatre,Point(-90.1040672 29.92937),,,"former movie theater in New Orleans, Louisiana, United States"
http://www.wikidata.org/entity/Q42669349,Isis Theatre,Point(-90.1040672 29.92937),,,"former movie theater in New Orleans, Louisiana, United States"
http://www.wikidata.org/entity/Q42669349,Isis Theatre,Point(-90.1040672 29.92937),,,"former movie theater in New Orleans, Louisiana, United States"
http://www.wikidata.org/entity/Q42669349,Isis Theatre,Point(-90.1040672 29.92937),,,"former movie theater in New Orleans, Louisiana, United States"
http://www.wikidata.org/entity/Q42669349,Isis Theatre,Point(-90.1040672 29.92937),,,"former movie theater in New Orleans, Louisiana, United States"
http://www.wikidata.org/entity/Q42669349,Isis Theatre,Point(-90.1040672 29.92937),,,"former movie theater in New Orleans, Louisiana, United States"
http://www.wikidata.org/entity/Q42669349,Isis Theatre,Point(-90.1040672 29.92937),,,"former movie theater in New Orleans, Louisiana, United States"
http://www.wikidata.org/entity/Q42669349,Isis Theatre,Point(-90.1040672 29.92937),,,"former movie theater in New Orleans, Louisiana, United States"
http://www.wikidata.org/entity/Q42669349,Isis Theatre,Point(-90.1040672 29.92937),,,"former movie theater in New Orleans, Louisiana, United States"
http://www.wikidata.org/entity/Q42669349,Isis Theatre,Point(-90.1040672 29.92937),,,"former movie theater in New Orleans, Louisiana, United States"
http://www.wikidata.org/entity/Q42669349,Isis Theatre,Point(-90.1040672 29.92937),,,"former movie theater in New Orleans, Louisiana, United States"
http://www.wikidata.org/entity/Q42669360,Napoleon Theatre,Point(-90.1017627 29.9222082),,,"former movie theater in New Orleans, Louisiana, United States"
http://www.wikidata.org/entity/Q42669360,Napoleon Theatre,Point(-90.1017627 29.9222082),,,"former movie theater in New Orleans, Louisiana, United States"
http://www.wikidata.org/entity/Q42669360,Napoleon Theatre,Point(-90.1017627 29.9222082),,,"former movie theater in New Orleans, Louisiana, United States"
http://www.wikidata.org/entity/Q42669360,Napoleon Theatre,Point(-90.1017627 29.9222082),,,"former movie theater in New Orleans, Louisiana, United States"
http://www.wikidata.org/entity/Q42669360,Napoleon Theatre,Point(-90.1017627 29.9222082),,,"former movie theater in New Orleans, Louisiana, United States"
http://www.wikidata.org/entity/Q42669360,Napoleon Theatre,Point(-90.1017627 29.9222082),,,"former movie theater in New Orleans, Louisiana, United States"
http://www.wikidata.org/entity/Q42669360,Napoleon Theatre,Point(-90.1017627 29.9222082),,,"former movie theater in New Orleans, Louisiana, United States"
http://www.wikidata.org/entity/Q42669360,Napoleon Theatre,Point(-90.1017627 29.9222082),,,"former movie theater in New Orleans, Louisiana, United States"
http://www.wikidata.org/entity/Q42669360,Napoleon Theatre,Point(-90.1017627 29.9222082),,,"former movie theater in New Orleans, Louisiana, United States"
http://www.wikidata.org/entity/Q42669360,Napoleon Theatre,Point(-90.1017627 29.9222082),,,"former movie theater in New Orleans, Louisiana, United States"
http://www.wikidata.org/entity/Q42669360,Napoleon Theatre,Point(-90.1017627 29.9222082),,,"former movie theater in New Orleans, Louisiana, United States"
http://www.wikidata.org/entity/Q42669360,Napoleon Theatre,Point(-90.1017627 29.9222082),,,"former movie theater in New Orleans, Louisiana, United States"
http://www.wikidata.org/entity/Q42669360,Napoleon Theatre,Point(-90.1017627 29.9222082),,,"former movie theater in New Orleans, Louisiana, United States"
http://www.wikidata.org/entity/Q42669360,Napoleon Theatre,Point(-90.1017627 29.9222082),,,"former movie theater in New Orleans, Louisiana, United States"
http://www.wikidata.org/entity/Q42669360,Napoleon Theatre,Point(-90.1017627 29.9222082),,,"former movie theater in New Orleans, Louisiana, United States"
http://www.wikidata.org/entity/Q42669360,Napoleon Theatre,Point(-90.1017627 29.9222082),,,"former movie theater in New Orleans, Louisiana, United States"
http://www.wikidata.org/entity/Q42669360,Napoleon Theatre,Point(-90.1017627 29.9222082),,,"former movie theater in New Orleans, Louisiana, United States"
http://www.wikidata.org/entity/Q42669360,Napoleon Theatre,Point(-90.1017627 29.9222082),,,"former movie theater in New Orleans, Louisiana, United States"
http://www.wikidata.org/entity/Q42669360,Napoleon Theatre,Point(-90.1017627 29.9222082),,,"former movie theater in New Orleans, Louisiana, United States"
http://www.wikidata.org/entity/Q42669360,Napoleon Theatre,Point(-90.1017627 29.9222082),,,"former movie theater in New Orleans, Louisiana, United States"
http://www.wikidata.org/entity/Q42669360,Napoleon Theatre,Point(-90.1017627 29.9222082),,,"former movie theater in New Orleans, Louisiana, United States"
http://www.wikidata.org/entity/Q42669360,Napoleon Theatre,Point(-90.1017627 29.9222082),,,"former movie theater in New Orleans, Louisiana, United States"
http://www.wikidata.org/entity/Q42669360,Napoleon Theatre,Point(-90.1017627 29.9222082),,,"former movie theater in New Orleans, Louisiana, United States"
http://www.wikidata.org/entity/Q42669360,Napoleon Theatre,Point(-90.1017627 29.9222082),,,"former movie theater in New Orleans, Louisiana, United States"
http://www.wikidata.org/entity/Q42669360,Napoleon Theatre,Point(-90.1017627 29.9222082),,,"former movie theater in New Orleans, Louisiana, United States"
http://www.wikidata.org/entity/Q42669360,Napoleon Theatre,Point(-90.1017627 29.9222082),,,"former movie theater in New Orleans, Louisiana, United States"
http://www.wikidata.org/entity/Q42669381,Grand 12,Point(-89.9793056 30.029696),,,"former movie theater in New Orleans, Louisiana, United States"
http://www.wikidata.org/entity/Q42669381,Grand 12,Point(-89.9793056 30.029696),,,"former movie theater in New Orleans, Louisiana, United States"
http://www.wikidata.org/entity/Q42669381,Grand 12,Point(-89.9793056 30.029696),,,"former movie theater in New Orleans, Louisiana, United States"
http://www.wikidata.org/entity/Q42669381,Grand 12,Point(-89.9793056 30.029696),,,"former movie theater in New Orleans, Louisiana, United States"
http://www.wikidata.org/entity/Q42669381,Grand 12,Point(-89.9793056 30.029696),,,"former movie theater in New Orleans, Louisiana, United States"
http://www.wikidata.org/entity/Q42669381,Grand 12,Point(-89.9793056 30.029696),,,"former movie theater in New Orleans, Louisiana, United States"
http://www.wikidata.org/entity/Q42669381,Grand 12,Point(-89.9793056 30.029696),,,"former movie theater in New Orleans, Louisiana, United States"
http://www.wikidata.org/entity/Q42669381,Grand 12,Point(-89.9793056 30.029696),,,"former movie theater in New Orleans, Louisiana, United States"
http://www.wikidata.org/entity/Q42669381,Grand 12,Point(-89.9793056 30.029696),,,"former movie theater in New Orleans, Louisiana, United States"
http://www.wikidata.org/entity/Q42669381,Grand 12,Point(-89.9793056 30.029696),,,"former movie theater in New Orleans, Louisiana, United States"
http://www.wikidata.org/entity/Q42669381,Grand 12,Point(-89.9793056 30.029696),,,"former movie theater in New Orleans, Louisiana, United States"
http://www.wikidata.org/entity/Q42669381,Grand 12,Point(-89.9793056 30.029696),,,"former movie theater in New Orleans, Louisiana, United States"
http://www.wikidata.org/entity/Q42669381,Grand 12,Point(-89.9793056 30.029696),,,"former movie theater in New Orleans, Louisiana, United States"
http://www.wikidata.org/entity/Q42669381,Grand 12,Point(-89.9793056 30.029696),,,"former movie theater in New Orleans, Louisiana, United States"
http://www.wikidata.org/entity/Q42669381,Grand 12,Point(-89.9793056 30.029696),,,"former movie theater in New Orleans, Louisiana, United States"
http://www.wikidata.org/entity/Q42669381,Grand 12,Point(-89.9793056 30.029696),,,"former movie theater in New Orleans, Louisiana, United States"
http://www.wikidata.org/entity/Q42669381,Grand 12,Point(-89.9793056 30.029696),,,"former movie theater in New Orleans, Louisiana, United States"
http://www.wikidata.org/entity/Q42669381,Grand 12,Point(-89.9793056 30.029696),,,"former movie theater in New Orleans, Louisiana, United States"
http://www.wikidata.org/entity/Q42669381,Grand 12,Point(-89.9793056 30.029696),,,"former movie theater in New Orleans, Louisiana, United States"
http://www.wikidata.org/entity/Q42669381,Grand 12,Point(-89.9793056 30.029696),,,"former movie theater in New Orleans, Louisiana, United States"
http://www.wikidata.org/entity/Q42669381,Grand 12,Point(-89.9793056 30.029696),,,"former movie theater in New Orleans, Louisiana, United States"
http://www.wikidata.org/entity/Q42669381,Grand 12,Point(-89.9793056 30.029696),,,"former movie theater in New Orleans, Louisiana, United States"
http://www.wikidata.org/entity/Q42669381,Grand 12,Point(-89.9793056 30.029696),,,"former movie theater in New Orleans, Louisiana, United States"
http://www.wikidata.org/entity/Q42669381,Grand 12,Point(-89.9793056 30.029696),,,"former movie theater in New Orleans, Louisiana, United States"
http://www.wikidata.org/entity/Q42669381,Grand 12,Point(-89.9793056 30.029696),,,"former movie theater in New Orleans, Louisiana, United States"
http://www.wikidata.org/entity/Q42669381,Grand 12,Point(-89.9793056 30.029696),,,"former movie theater in New Orleans, Louisiana, United States"
http://www.wikidata.org/entity/Q42669390,National Theatre,Point(-90.1207478 29.9218193),,,"former movie theater in New Orleans, Louisiana, United States"
http://www.wikidata.org/entity/Q42669390,National Theatre,Point(-90.1207478 29.9218193),,,"former movie theater in New Orleans, Louisiana, United States"
http://www.wikidata.org/entity/Q42669390,National Theatre,Point(-90.1207478 29.9218193),,,"former movie theater in New Orleans, Louisiana, United States"
http://www.wikidata.org/entity/Q42669390,National Theatre,Point(-90.1207478 29.9218193),,,"former movie theater in New Orleans, Louisiana, United States"
http://www.wikidata.org/entity/Q42669390,National Theatre,Point(-90.1207478 29.9218193),,,"former movie theater in New Orleans, Louisiana, United States"
http://www.wikidata.org/entity/Q42670064,Movies 8,Point(-89.7798182 30.2865081),,,"former movie theater in Slidell, Louisiana, United States"
http://www.wikidata.org/entity/Q42670064,Movies 8,Point(-89.7798182 30.2865081),,,"former movie theater in Slidell, Louisiana, United States"
http://www.wikidata.org/entity/Q42670064,Movies 8,Point(-89.7798182 30.2865081),,,"former movie theater in Slidell, Louisiana, United States"
http://www.wikidata.org/entity/Q42670064,Movies 8,Point(-89.7798182 30.2865081),,,"former movie theater in Slidell, Louisiana, United States"
http://www.wikidata.org/entity/Q42670064,Movies 8,Point(-89.7798182 30.2865081),,,"former movie theater in Slidell, Louisiana, United States"
http://www.wikidata.org/entity/Q42670064,Movies 8,Point(-89.7798182 30.2865081),,,"former movie theater in Slidell, Louisiana, United States"
http://www.wikidata.org/entity/Q42670064,Movies 8,Point(-89.7798182 30.2865081),,,"former movie theater in Slidell, Louisiana, United States"
http://www.wikidata.org/entity/Q42670064,Movies 8,Point(-89.7798182 30.2865081),,,"former movie theater in Slidell, Louisiana, United States"
http://www.wikidata.org/entity/Q42670064,Movies 8,Point(-89.7798182 30.2865081),,,"former movie theater in Slidell, Louisiana, United States"
http://www.wikidata.org/entity/Q42670064,Movies 8,Point(-89.7798182 30.2865081),,,"former movie theater in Slidell, Louisiana, United States"
http://www.wikidata.org/entity/Q42670064,Movies 8,Point(-89.7798182 30.2865081),,,"former movie theater in Slidell, Louisiana, United States"
http://www.wikidata.org/entity/Q42670064,Movies 8,Point(-89.7798182 30.2865081),,,"former movie theater in Slidell, Louisiana, United States"
http://www.wikidata.org/entity/Q42670064,Movies 8,Point(-89.7798182 30.2865081),,,"former movie theater in Slidell, Louisiana, United States"
http://www.wikidata.org/entity/Q42670064,Movies 8,Point(-89.7798182 30.2865081),,,"former movie theater in Slidell, Louisiana, United States"
http://www.wikidata.org/entity/Q42670064,Movies 8,Point(-89.7798182 30.2865081),,,"former movie theater in Slidell, Louisiana, United States"
http://www.wikidata.org/entity/Q42670064,Movies 8,Point(-89.7798182 30.2865081),,,"former movie theater in Slidell, Louisiana, United States"
http://www.wikidata.org/entity/Q42670064,Movies 8,Point(-89.7798182 30.2865081),,,"former movie theater in Slidell, Louisiana, United States"
http://www.wikidata.org/entity/Q42670064,Movies 8,Point(-89.7798182 30.2865081),,,"former movie theater in Slidell, Louisiana, United States"
http://www.wikidata.org/entity/Q42670064,Movies 8,Point(-89.7798182 30.2865081),,,"former movie theater in Slidell, Louisiana, United States"
http://www.wikidata.org/entity/Q42670064,Movies 8,Point(-89.7798182 30.2865081),,,"former movie theater in Slidell, Louisiana, United States"
http://www.wikidata.org/entity/Q42670064,Movies 8,Point(-89.7798182 30.2865081),,,"former movie theater in Slidell, Louisiana, United States"
http://www.wikidata.org/entity/Q42670064,Movies 8,Point(-89.7798182 30.2865081),,,"former movie theater in Slidell, Louisiana, United States"
http://www.wikidata.org/entity/Q42670064,Movies 8,Point(-89.7798182 30.2865081),,,"former movie theater in Slidell, Louisiana, United States"
http://www.wikidata.org/entity/Q42670064,Movies 8,Point(-89.7798182 30.2865081),,,"former movie theater in Slidell, Louisiana, United States"
http://www.wikidata.org/entity/Q42670064,Movies 8,Point(-89.7798182 30.2865081),,,"former movie theater in Slidell, Louisiana, United States"
http://www.wikidata.org/entity/Q42670074,Northshore Cinema 6,Point(-89.8195444 30.2180303),,,"former movie theater in Slidell, Louisiana, United States"
http://www.wikidata.org/entity/Q42670074,Northshore Cinema 6,Point(-89.8195444 30.2180303),,,"former movie theater in Slidell, Louisiana, United States"
http://www.wikidata.org/entity/Q42670074,Northshore Cinema 6,Point(-89.8195444 30.2180303),,,"former movie theater in Slidell, Louisiana, United States"
http://www.wikidata.org/entity/Q42670074,Northshore Cinema 6,Point(-89.8195444 30.2180303),,,"former movie theater in Slidell, Louisiana, United States"
http://www.wikidata.org/entity/Q42670074,Northshore Cinema 6,Point(-89.8195444 30.2180303),,,"former movie theater in Slidell, Louisiana, United States"
http://www.wikidata.org/entity/Q42670074,Northshore Cinema 6,Point(-89.8195444 30.2180303),,,"former movie theater in Slidell, Louisiana, United States"
http://www.wikidata.org/entity/Q42670074,Northshore Cinema 6,Point(-89.8195444 30.2180303),,,"former movie theater in Slidell, Louisiana, United States"
http://www.wikidata.org/entity/Q42670074,Northshore Cinema 6,Point(-89.8195444 30.2180303),,,"former movie theater in Slidell, Louisiana, United States"
http://www.wikidata.org/entity/Q42670074,Northshore Cinema 6,Point(-89.8195444 30.2180303),,,"former movie theater in Slidell, Louisiana, United States"
http://www.wikidata.org/entity/Q42670074,Northshore Cinema 6,Point(-89.8195444 30.2180303),,,"former movie theater in Slidell, Louisiana, United States"
http://www.wikidata.org/entity/Q42670074,Northshore Cinema 6,Point(-89.8195444 30.2180303),,,"former movie theater in Slidell, Louisiana, United States"
http://www.wikidata.org/entity/Q42670074,Northshore Cinema 6,Point(-89.8195444 30.2180303),,,"former movie theater in Slidell, Louisiana, United States"
http://www.wikidata.org/entity/Q42670074,Northshore Cinema 6,Point(-89.8195444 30.2180303),,,"former movie theater in Slidell, Louisiana, United States"
http://www.wikidata.org/entity/Q42670074,Northshore Cinema 6,Point(-89.8195444 30.2180303),,,"former movie theater in Slidell, Louisiana, United States"
http://www.wikidata.org/entity/Q42670074,Northshore Cinema 6,Point(-89.8195444 30.2180303),,,"former movie theater in Slidell, Louisiana, United States"
http://www.wikidata.org/entity/Q42670074,Northshore Cinema 6,Point(-89.8195444 30.2180303),,,"former movie theater in Slidell, Louisiana, United States"
http://www.wikidata.org/entity/Q42670074,Northshore Cinema 6,Point(-89.8195444 30.2180303),,,"former movie theater in Slidell, Louisiana, United States"
http://www.wikidata.org/entity/Q42670074,Northshore Cinema 6,Point(-89.8195444 30.2180303),,,"former movie theater in Slidell, Louisiana, United States"
http://www.wikidata.org/entity/Q42670074,Northshore Cinema 6,Point(-89.8195444 30.2180303),,,"former movie theater in Slidell, Louisiana, United States"
http://www.wikidata.org/entity/Q42670074,Northshore Cinema 6,Point(-89.8195444 30.2180303),,,"former movie theater in Slidell, Louisiana, United States"
http://www.wikidata.org/entity/Q42670074,Northshore Cinema 6,Point(-89.8195444 30.2180303),,,"former movie theater in Slidell, Louisiana, United States"
http://www.wikidata.org/entity/Q42670074,Northshore Cinema 6,Point(-89.8195444 30.2180303),,,"former movie theater in Slidell, Louisiana, United States"
http://www.wikidata.org/entity/Q42670074,Northshore Cinema 6,Point(-89.8195444 30.2180303),,,"former movie theater in Slidell, Louisiana, United States"
http://www.wikidata.org/entity/Q42670074,Northshore Cinema 6,Point(-89.8195444 30.2180303),,,"former movie theater in Slidell, Louisiana, United States"
http://www.wikidata.org/entity/Q42670074,Northshore Cinema 6,Point(-89.8195444 30.2180303),,,"former movie theater in Slidell, Louisiana, United States"
http://www.wikidata.org/entity/Q42670074,Northshore Cinema 6,Point(-89.8195444 30.2180303),,,"former movie theater in Slidell, Louisiana, United States"
http://www.wikidata.org/entity/Q42670297,Gem Theatre,Point(-90.1444576 29.9123633),,,"former movie theater in Westwego, Louisiana, United States"
http://www.wikidata.org/entity/Q42670297,Gem Theatre,Point(-90.1444576 29.9123633),,,"former movie theater in Westwego, Louisiana, United States"
http://www.wikidata.org/entity/Q42670297,Gem Theatre,Point(-90.1444576 29.9123633),,,"former movie theater in Westwego, Louisiana, United States"
http://www.wikidata.org/entity/Q42670297,Gem Theatre,Point(-90.1444576 29.9123633),,,"former movie theater in Westwego, Louisiana, United States"
http://www.wikidata.org/entity/Q42670297,Gem Theatre,Point(-90.1444576 29.9123633),,,"former movie theater in Westwego, Louisiana, United States"
http://www.wikidata.org/entity/Q42670297,Gem Theatre,Point(-90.1444576 29.9123633),,,"former movie theater in Westwego, Louisiana, United States"
http://www.wikidata.org/entity/Q42670297,Gem Theatre,Point(-90.1444576 29.9123633),,,"former movie theater in Westwego, Louisiana, United States"
http://www.wikidata.org/entity/Q42670297,Gem Theatre,Point(-90.1444576 29.9123633),,,"former movie theater in Westwego, Louisiana, United States"
http://www.wikidata.org/entity/Q42670297,Gem Theatre,Point(-90.1444576 29.9123633),,,"former movie theater in Westwego, Louisiana, United States"
http://www.wikidata.org/entity/Q42670297,Gem Theatre,Point(-90.1444576 29.9123633),,,"former movie theater in Westwego, Louisiana, United States"
http://www.wikidata.org/entity/Q42670297,Gem Theatre,Point(-90.1444576 29.9123633),,,"former movie theater in Westwego, Louisiana, United States"
http://www.wikidata.org/entity/Q42670297,Gem Theatre,Point(-90.1444576 29.9123633),,,"former movie theater in Westwego, Louisiana, United States"
http://www.wikidata.org/entity/Q42670297,Gem Theatre,Point(-90.1444576 29.9123633),,,"former movie theater in Westwego, Louisiana, United States"
http://www.wikidata.org/entity/Q42670297,Gem Theatre,Point(-90.1444576 29.9123633),,,"former movie theater in Westwego, Louisiana, United States"
http://www.wikidata.org/entity/Q42670297,Gem Theatre,Point(-90.1444576 29.9123633),,,"former movie theater in Westwego, Louisiana, United States"
http://www.wikidata.org/entity/Q42670297,Gem Theatre,Point(-90.1444576 29.9123633),,,"former movie theater in Westwego, Louisiana, United States"
http://www.wikidata.org/entity/Q42670297,Gem Theatre,Point(-90.1444576 29.9123633),,,"former movie theater in Westwego, Louisiana, United States"
http://www.wikidata.org/entity/Q42670297,Gem Theatre,Point(-90.1444576 29.9123633),,,"former movie theater in Westwego, Louisiana, United States"
http://www.wikidata.org/entity/Q42670297,Gem Theatre,Point(-90.1444576 29.9123633),,,"former movie theater in Westwego, Louisiana, United States"
http://www.wikidata.org/entity/Q42670297,Gem Theatre,Point(-90.1444576 29.9123633),,,"former movie theater in Westwego, Louisiana, United States"
http://www.wikidata.org/entity/Q42670297,Gem Theatre,Point(-90.1444576 29.9123633),,,"former movie theater in Westwego, Louisiana, United States"
http://www.wikidata.org/entity/Q42670297,Gem Theatre,Point(-90.1444576 29.9123633),,,"former movie theater in Westwego, Louisiana, United States"
http://www.wikidata.org/entity/Q42670297,Gem Theatre,Point(-90.1444576 29.9123633),,,"former movie theater in Westwego, Louisiana, United States"
http://www.wikidata.org/entity/Q42670297,Gem Theatre,Point(-90.1444576 29.9123633),,,"former movie theater in Westwego, Louisiana, United States"
http://www.wikidata.org/entity/Q42670297,Gem Theatre,Point(-90.1444576 29.9123633),,,"former movie theater in Westwego, Louisiana, United States"
http://www.wikidata.org/entity/Q42670297,Gem Theatre,Point(-90.1444576 29.9123633),,,"former movie theater in Westwego, Louisiana, United States"
http://www.wikidata.org/entity/Q42669390,National Theatre,Point(-90.1207478 29.9218193),,,"former movie theater in New Orleans, Louisiana, United States"
http://www.wikidata.org/entity/Q42669390,National Theatre,Point(-90.1207478 29.9218193),,,"former movie theater in New Orleans, Louisiana, United States"
http://www.wikidata.org/entity/Q42669390,National Theatre,Point(-90.1207478 29.9218193),,,"former movie theater in New Orleans, Louisiana, United States"
http://www.wikidata.org/entity/Q42669390,National Theatre,Point(-90.1207478 29.9218193),,,"former movie theater in New Orleans, Louisiana, United States"
http://www.wikidata.org/entity/Q42669390,National Theatre,Point(-90.1207478 29.9218193),,,"former movie theater in New Orleans, Louisiana, United States"
http://www.wikidata.org/entity/Q42669390,National Theatre,Point(-90.1207478 29.9218193),,,"former movie theater in New Orleans, Louisiana, United States"
http://www.wikidata.org/entity/Q42669390,National Theatre,Point(-90.1207478 29.9218193),,,"former movie theater in New Orleans, Louisiana, United States"
http://www.wikidata.org/entity/Q42669390,National Theatre,Point(-90.1207478 29.9218193),,,"former movie theater in New Orleans, Louisiana, United States"
http://www.wikidata.org/entity/Q42669390,National Theatre,Point(-90.1207478 29.9218193),,,"former movie theater in New Orleans, Louisiana, United States"
http://www.wikidata.org/entity/Q42669390,National Theatre,Point(-90.1207478 29.9218193),,,"former movie theater in New Orleans, Louisiana, United States"
http://www.wikidata.org/entity/Q42669390,National Theatre,Point(-90.1207478 29.9218193),,,"former movie theater in New Orleans, Louisiana, United States"
http://www.wikidata.org/entity/Q42669390,National Theatre,Point(-90.1207478 29.9218193),,,"former movie theater in New Orleans, Louisiana, United States"
http://www.wikidata.org/entity/Q42669390,National Theatre,Point(-90.1207478 29.9218193),,,"former movie theater in New Orleans, Louisiana, United States"
http://www.wikidata.org/entity/Q42669390,National Theatre,Point(-90.1207478 29.9218193),,,"former movie theater in New Orleans, Louisiana, United States"
http://www.wikidata.org/entity/Q42669390,National Theatre,Point(-90.1207478 29.9218193),,,"former movie theater in New Orleans, Louisiana, United States"
http://www.wikidata.org/entity/Q42669390,National Theatre,Point(-90.1207478 29.9218193),,,"former movie theater in New Orleans, Louisiana, United States"
http://www.wikidata.org/entity/Q42669390,National Theatre,Point(-90.1207478 29.9218193),,,"former movie theater in New Orleans, Louisiana, United States"
http://www.wikidata.org/entity/Q42669390,National Theatre,Point(-90.1207478 29.9218193),,,"former movie theater in New Orleans, Louisiana, United States"
http://www.wikidata.org/entity/Q42669390,National Theatre,Point(-90.1207478 29.9218193),,,"former movie theater in New Orleans, Louisiana, United States"
http://www.wikidata.org/entity/Q42669390,National Theatre,Point(-90.1207478 29.9218193),,,"former movie theater in New Orleans, Louisiana, United States"
http://www.wikidata.org/entity/Q42669390,National Theatre,Point(-90.1207478 29.9218193),,,"former movie theater in New Orleans, Louisiana, United States"
http://www.wikidata.org/entity/Q42669594,St. John's Theatre & Civic Center,Point(-90.5579585 30.0549041),,,"movie theater in Reserve, Louisiana, United States"
http://www.wikidata.org/entity/Q42669594,St. John's Theatre & Civic Center,Point(-90.5579585 30.0549041),,,"movie theater in Reserve, Louisiana, United States"
http://www.wikidata.org/entity/Q42669594,St. John's Theatre & Civic Center,Point(-90.5579585 30.0549041),,,"movie theater in Reserve, Louisiana, United States"
http://www.wikidata.org/entity/Q42669594,St. John's Theatre & Civic Center,Point(-90.5579585 30.0549041),,,"movie theater in Reserve, Louisiana, United States"
http://www.wikidata.org/entity/Q42669594,St. John's Theatre & Civic Center,Point(-90.5579585 30.0549041),,,"movie theater in Reserve, Louisiana, United States"
http://www.wikidata.org/entity/Q42669594,St. John's Theatre & Civic Center,Point(-90.5579585 30.0549041),,,"movie theater in Reserve, Louisiana, United States"
http://www.wikidata.org/entity/Q42669594,St. John's Theatre & Civic Center,Point(-90.5579585 30.0549041),,,"movie theater in Reserve, Louisiana, United States"
http://www.wikidata.org/entity/Q42669594,St. John's Theatre & Civic Center,Point(-90.5579585 30.0549041),,,"movie theater in Reserve, Louisiana, United States"
http://www.wikidata.org/entity/Q42669594,St. John's Theatre & Civic Center,Point(-90.5579585 30.0549041),,,"movie theater in Reserve, Louisiana, United States"
http://www.wikidata.org/entity/Q42669594,St. John's Theatre & Civic Center,Point(-90.5579585 30.0549041),,,"movie theater in Reserve, Louisiana, United States"
http://www.wikidata.org/entity/Q42669594,St. John's Theatre & Civic Center,Point(-90.5579585 30.0549041),,,"movie theater in Reserve, Louisiana, United States"
http://www.wikidata.org/entity/Q42669594,St. John's Theatre & Civic Center,Point(-90.5579585 30.0549041),,,"movie theater in Reserve, Louisiana, United States"
http://www.wikidata.org/entity/Q42669594,St. John's Theatre & Civic Center,Point(-90.5579585 30.0549041),,,"movie theater in Reserve, Louisiana, United States"
http://www.wikidata.org/entity/Q42669594,St. John's Theatre & Civic Center,Point(-90.5579585 30.0549041),,,"movie theater in Reserve, Louisiana, United States"
http://www.wikidata.org/entity/Q42669594,St. John's Theatre & Civic Center,Point(-90.5579585 30.0549041),,,"movie theater in Reserve, Louisiana, United States"
http://www.wikidata.org/entity/Q42669594,St. John's Theatre & Civic Center,Point(-90.5579585 30.0549041),,,"movie theater in Reserve, Louisiana, United States"
http://www.wikidata.org/entity/Q42669594,St. John's Theatre & Civic Center,Point(-90.5579585 30.0549041),,,"movie theater in Reserve, Louisiana, United States"
http://www.wikidata.org/entity/Q42669594,St. John's Theatre & Civic Center,Point(-90.5579585 30.0549041),,,"movie theater in Reserve, Louisiana, United States"
http://www.wikidata.org/entity/Q42669594,St. John's Theatre & Civic Center,Point(-90.5579585 30.0549041),,,"movie theater in Reserve, Louisiana, United States"
http://www.wikidata.org/entity/Q42669594,St. John's Theatre & Civic Center,Point(-90.5579585 30.0549041),,,"movie theater in Reserve, Louisiana, United States"
http://www.wikidata.org/entity/Q42669594,St. John's Theatre & Civic Center,Point(-90.5579585 30.0549041),,,"movie theater in Reserve, Louisiana, United States"
http://www.wikidata.org/entity/Q42669594,St. John's Theatre & Civic Center,Point(-90.5579585 30.0549041),,,"movie theater in Reserve, Louisiana, United States"
http://www.wikidata.org/entity/Q42669594,St. John's Theatre & Civic Center,Point(-90.5579585 30.0549041),,,"movie theater in Reserve, Louisiana, United States"
http://www.wikidata.org/entity/Q42669594,St. John's Theatre & Civic Center,Point(-90.5579585 30.0549041),,,"movie theater in Reserve, Louisiana, United States"
http://www.wikidata.org/entity/Q42669594,St. John's Theatre & Civic Center,Point(-90.5579585 30.0549041),,,"movie theater in Reserve, Louisiana, United States"
http://www.wikidata.org/entity/Q42669594,St. John's Theatre & Civic Center,Point(-90.5579585 30.0549041),,,"movie theater in Reserve, Louisiana, United States"
http://www.wikidata.org/entity/Q42670038,Arcade Theatre,Point(-89.7838096 30.273366),,http://arcade-theatre.com,"former movie theater in Slidell, Louisiana, United States"
http://www.wikidata.org/entity/Q42670038,Arcade Theatre,Point(-89.7838096 30.273366),,http://arcade-theatre.com,"former movie theater in Slidell, Louisiana, United States"
http://www.wikidata.org/entity/Q42670038,Arcade Theatre,Point(-89.7838096 30.273366),,http://arcade-theatre.com,"former movie theater in Slidell, Louisiana, United States"
http://www.wikidata.org/entity/Q42670038,Arcade Theatre,Point(-89.7838096 30.273366),,http://arcade-theatre.com,"former movie theater in Slidell, Louisiana, United States"
http://www.wikidata.org/entity/Q42670038,Arcade Theatre,Point(-89.7838096 30.273366),,http://arcade-theatre.com,"former movie theater in Slidell, Louisiana, United States"
http://www.wikidata.org/entity/Q42670038,Arcade Theatre,Point(-89.7838096 30.273366),,http://arcade-theatre.com,"former movie theater in Slidell, Louisiana, United States"
http://www.wikidata.org/entity/Q42670038,Arcade Theatre,Point(-89.7838096 30.273366),,http://arcade-theatre.com,"former movie theater in Slidell, Louisiana, United States"
http://www.wikidata.org/entity/Q42670038,Arcade Theatre,Point(-89.7838096 30.273366),,http://arcade-theatre.com,"former movie theater in Slidell, Louisiana, United States"
http://www.wikidata.org/entity/Q42670038,Arcade Theatre,Point(-89.7838096 30.273366),,http://arcade-theatre.com,"former movie theater in Slidell, Louisiana, United States"
http://www.wikidata.org/entity/Q42670038,Arcade Theatre,Point(-89.7838096 30.273366),,http://arcade-theatre.com,"former movie theater in Slidell, Louisiana, United States"
http://www.wikidata.org/entity/Q42670038,Arcade Theatre,Point(-89.7838096 30.273366),,http://arcade-theatre.com,"former movie theater in Slidell, Louisiana, United States"
http://www.wikidata.org/entity/Q42670038,Arcade Theatre,Point(-89.7838096 30.273366),,http://arcade-theatre.com,"former movie theater in Slidell, Louisiana, United States"
http://www.wikidata.org/entity/Q42670038,Arcade Theatre,Point(-89.7838096 30.273366),,http://arcade-theatre.com,"former movie theater in Slidell, Louisiana, United States"
http://www.wikidata.org/entity/Q42670038,Arcade Theatre,Point(-89.7838096 30.273366),,http://arcade-theatre.com,"former movie theater in Slidell, Louisiana, United States"
http://www.wikidata.org/entity/Q42670038,Arcade Theatre,Point(-89.7838096 30.273366),,http://arcade-theatre.com,"former movie theater in Slidell, Louisiana, United States"
http://www.wikidata.org/entity/Q42670038,Arcade Theatre,Point(-89.7838096 30.273366),,http://arcade-theatre.com,"former movie theater in Slidell, Louisiana, United States"
http://www.wikidata.org/entity/Q42670038,Arcade Theatre,Point(-89.7838096 30.273366),,http://arcade-theatre.com,"former movie theater in Slidell, Louisiana, United States"
http://www.wikidata.org/entity/Q42670038,Arcade Theatre,Point(-89.7838096 30.273366),,http://arcade-theatre.com,"former movie theater in Slidell, Louisiana, United States"
http://www.wikidata.org/entity/Q42670038,Arcade Theatre,Point(-89.7838096 30.273366),,http://arcade-theatre.com,"former movie theater in Slidell, Louisiana, United States"
http://www.wikidata.org/entity/Q42670038,Arcade Theatre,Point(-89.7838096 30.273366),,http://arcade-theatre.com,"former movie theater in Slidell, Louisiana, United States"
http://www.wikidata.org/entity/Q42670038,Arcade Theatre,Point(-89.7838096 30.273366),,http://arcade-theatre.com,"former movie theater in Slidell, Louisiana, United States"
http://www.wikidata.org/entity/Q42670038,Arcade Theatre,Point(-89.7838096 30.273366),,http://arcade-theatre.com,"former movie theater in Slidell, Louisiana, United States"
http://www.wikidata.org/entity/Q42670038,Arcade Theatre,Point(-89.7838096 30.273366),,http://arcade-theatre.com,"former movie theater in Slidell, Louisiana, United States"
http://www.wikidata.org/entity/Q42670038,Arcade Theatre,Point(-89.7838096 30.273366),,http://arcade-theatre.com,"former movie theater in Slidell, Louisiana, United States"
http://www.wikidata.org/entity/Q42670038,Arcade Theatre,Point(-89.7838096 30.273366),,http://arcade-theatre.com,"former movie theater in Slidell, Louisiana, United States"
http://www.wikidata.org/entity/Q42670038,Arcade Theatre,Point(-89.7838096 30.273366),,http://arcade-theatre.com,"former movie theater in Slidell, Louisiana, United States"
http://www.wikidata.org/entity/Q42670051,Grand 16,Point(-89.8099891 30.3002239),,,"movie theater in Slidell, Louisiana, United States"
http://www.wikidata.org/entity/Q42670051,Grand 16,Point(-89.8099891 30.3002239),,,"movie theater in Slidell, Louisiana, United States"
http://www.wikidata.org/entity/Q42670051,Grand 16,Point(-89.8099891 30.3002239),,,"movie theater in Slidell, Louisiana, United States"
http://www.wikidata.org/entity/Q42670051,Grand 16,Point(-89.8099891 30.3002239),,,"movie theater in Slidell, Louisiana, United States"
http://www.wikidata.org/entity/Q42670051,Grand 16,Point(-89.8099891 30.3002239),,,"movie theater in Slidell, Louisiana, United States"
http://www.wikidata.org/entity/Q42670051,Grand 16,Point(-89.8099891 30.3002239),,,"movie theater in Slidell, Louisiana, United States"
http://www.wikidata.org/entity/Q42670051,Grand 16,Point(-89.8099891 30.3002239),,,"movie theater in Slidell, Louisiana, United States"
http://www.wikidata.org/entity/Q42670051,Grand 16,Point(-89.8099891 30.3002239),,,"movie theater in Slidell, Louisiana, United States"
http://www.wikidata.org/entity/Q42670051,Grand 16,Point(-89.8099891 30.3002239),,,"movie theater in Slidell, Louisiana, United States"
http://www.wikidata.org/entity/Q42670051,Grand 16,Point(-89.8099891 30.3002239),,,"movie theater in Slidell, Louisiana, United States"
http://www.wikidata.org/entity/Q42670051,Grand 16,Point(-89.8099891 30.3002239),,,"movie theater in Slidell, Louisiana, United States"
http://www.wikidata.org/entity/Q42670051,Grand 16,Point(-89.8099891 30.3002239),,,"movie theater in Slidell, Louisiana, United States"
http://www.wikidata.org/entity/Q42670051,Grand 16,Point(-89.8099891 30.3002239),,,"movie theater in Slidell, Louisiana, United States"
http://www.wikidata.org/entity/Q42670051,Grand 16,Point(-89.8099891 30.3002239),,,"movie theater in Slidell, Louisiana, United States"
http://www.wikidata.org/entity/Q42670051,Grand 16,Point(-89.8099891 30.3002239),,,"movie theater in Slidell, Louisiana, United States"
http://www.wikidata.org/entity/Q42670051,Grand 16,Point(-89.8099891 30.3002239),,,"movie theater in Slidell, Louisiana, United States"
http://www.wikidata.org/entity/Q42670051,Grand 16,Point(-89.8099891 30.3002239),,,"movie theater in Slidell, Louisiana, United States"
http://www.wikidata.org/entity/Q42670051,Grand 16,Point(-89.8099891 30.3002239),,,"movie theater in Slidell, Louisiana, United States"
http://www.wikidata.org/entity/Q42670051,Grand 16,Point(-89.8099891 30.3002239),,,"movie theater in Slidell, Louisiana, United States"
http://www.wikidata.org/entity/Q42670051,Grand 16,Point(-89.8099891 30.3002239),,,"movie theater in Slidell, Louisiana, United States"
http://www.wikidata.org/entity/Q42670051,Grand 16,Point(-89.8099891 30.3002239),,,"movie theater in Slidell, Louisiana, United States"
http://www.wikidata.org/entity/Q42670051,Grand 16,Point(-89.8099891 30.3002239),,,"movie theater in Slidell, Louisiana, United States"
http://www.wikidata.org/entity/Q42670051,Grand 16,Point(-89.8099891 30.3002239),,,"movie theater in Slidell, Louisiana, United States"
http://www.wikidata.org/entity/Q42670051,Grand 16,Point(-89.8099891 30.3002239),,,"movie theater in Slidell, Louisiana, United States"
http://www.wikidata.org/entity/Q42670051,Grand 16,Point(-89.8099891 30.3002239),,,"movie theater in Slidell, Louisiana, United States"
http://www.wikidata.org/entity/Q42670051,Grand 16,Point(-89.8099891 30.3002239),,,"movie theater in Slidell, Louisiana, United States"
http://www.wikidata.org/entity/Q42670064,Movies 8,Point(-89.7798182 30.2865081),,,"former movie theater in Slidell, Louisiana, United States"
http://www.wikidata.org/entity/Q42668594,Uptown Square Cinema,Point(-90.132963 29.930727),,,"former movie theater in New Orleans, Louisiana, United States"
http://www.wikidata.org/entity/Q42668594,Uptown Square Cinema,Point(-90.132963 29.930727),,,"former movie theater in New Orleans, Louisiana, United States"
http://www.wikidata.org/entity/Q42668594,Uptown Square Cinema,Point(-90.132963 29.930727),,,"former movie theater in New Orleans, Louisiana, United States"
http://www.wikidata.org/entity/Q42668594,Uptown Square Cinema,Point(-90.132963 29.930727),,,"former movie theater in New Orleans, Louisiana, United States"
http://www.wikidata.org/entity/Q42668594,Uptown Square Cinema,Point(-90.132963 29.930727),,,"former movie theater in New Orleans, Louisiana, United States"
http://www.wikidata.org/entity/Q42668594,Uptown Square Cinema,Point(-90.132963 29.930727),,,"former movie theater in New Orleans, Louisiana, United States"
http://www.wikidata.org/entity/Q42668594,Uptown Square Cinema,Point(-90.132963 29.930727),,,"former movie theater in New Orleans, Louisiana, United States"
http://www.wikidata.org/entity/Q42668594,Uptown Square Cinema,Point(-90.132963 29.930727),,,"former movie theater in New Orleans, Louisiana, United States"
http://www.wikidata.org/entity/Q42668594,Uptown Square Cinema,Point(-90.132963 29.930727),,,"former movie theater in New Orleans, Louisiana, United States"
http://www.wikidata.org/entity/Q42668594,Uptown Square Cinema,Point(-90.132963 29.930727),,,"former movie theater in New Orleans, Louisiana, United States"
http://www.wikidata.org/entity/Q42668594,Uptown Square Cinema,Point(-90.132963 29.930727),,,"former movie theater in New Orleans, Louisiana, United States"
http://www.wikidata.org/entity/Q42668594,Uptown Square Cinema,Point(-90.132963 29.930727),,,"former movie theater in New Orleans, Louisiana, United States"
http://www.wikidata.org/entity/Q42668594,Uptown Square Cinema,Point(-90.132963 29.930727),,,"former movie theater in New Orleans, Louisiana, United States"
http://www.wikidata.org/entity/Q42668602,Broad Theater,Point(-90.083353 29.969704),,http://www.thebroadtheater.com,"movie theater in New Orleans, Louisiana, United States"
http://www.wikidata.org/entity/Q42668602,Broad Theater,Point(-90.083353 29.969704),,http://www.thebroadtheater.com,"movie theater in New Orleans, Louisiana, United States"
http://www.wikidata.org/entity/Q42668602,Broad Theater,Point(-90.083353 29.969704),,http://www.thebroadtheater.com,"movie theater in New Orleans, Louisiana, United States"
http://www.wikidata.org/entity/Q42668602,Broad Theater,Point(-90.083353 29.969704),,http://www.thebroadtheater.com,"movie theater in New Orleans, Louisiana, United States"
http://www.wikidata.org/entity/Q42668602,Broad Theater,Point(-90.083353 29.969704),,http://www.thebroadtheater.com,"movie theater in New Orleans, Louisiana, United States"
http://www.wikidata.org/entity/Q42668602,Broad Theater,Point(-90.083353 29.969704),,http://www.thebroadtheater.com,"movie theater in New Orleans, Louisiana, United States"
http://www.wikidata.org/entity/Q42668602,Broad Theater,Point(-90.083353 29.969704),,http://www.thebroadtheater.com,"movie theater in New Orleans, Louisiana, United States"
http://www.wikidata.org/entity/Q42668602,Broad Theater,Point(-90.083353 29.969704),,http://www.thebroadtheater.com,"movie theater in New Orleans, Louisiana, United States"
http://www.wikidata.org/entity/Q42668602,Broad Theater,Point(-90.083353 29.969704),,http://www.thebroadtheater.com,"movie theater in New Orleans, Louisiana, United States"
http://www.wikidata.org/entity/Q42668602,Broad Theater,Point(-90.083353 29.969704),,http://www.thebroadtheater.com,"movie theater in New Orleans, Louisiana, United States"
http://www.wikidata.org/entity/Q42668602,Broad Theater,Point(-90.083353 29.969704),,http://www.thebroadtheater.com,"movie theater in New Orleans, Louisiana, United States"
http://www.wikidata.org/entity/Q42668602,Broad Theater,Point(-90.083353 29.969704),,http://www.thebroadtheater.com,"movie theater in New Orleans, Louisiana, United States"
http://www.wikidata.org/entity/Q42668602,Broad Theater,Point(-90.083353 29.969704),,http://www.thebroadtheater.com,"movie theater in New Orleans, Louisiana, United States"
http://www.wikidata.org/entity/Q42668602,Broad Theater,Point(-90.083353 29.969704),,http://www.thebroadtheater.com,"movie theater in New Orleans, Louisiana, United States"
http://www.wikidata.org/entity/Q42668602,Broad Theater,Point(-90.083353 29.969704),,http://www.thebroadtheater.com,"movie theater in New Orleans, Louisiana, United States"
http://www.wikidata.org/entity/Q42668602,Broad Theater,Point(-90.083353 29.969704),,http://www.thebroadtheater.com,"movie theater in New Orleans, Louisiana, United States"
http://www.wikidata.org/entity/Q42668602,Broad Theater,Point(-90.083353 29.969704),,http://www.thebroadtheater.com,"movie theater in New Orleans, Louisiana, United States"
http://www.wikidata.org/entity/Q42668602,Broad Theater,Point(-90.083353 29.969704),,http://www.thebroadtheater.com,"movie theater in New Orleans, Louisiana, United States"
http://www.wikidata.org/entity/Q42668602,Broad Theater,Point(-90.083353 29.969704),,http://www.thebroadtheater.com,"movie theater in New Orleans, Louisiana, United States"
http://www.wikidata.org/entity/Q42668602,Broad Theater,Point(-90.083353 29.969704),,http://www.thebroadtheater.com,"movie theater in New Orleans, Louisiana, United States"
http://www.wikidata.org/entity/Q42668602,Broad Theater,Point(-90.083353 29.969704),,http://www.thebroadtheater.com,"movie theater in New Orleans, Louisiana, United States"
http://www.wikidata.org/entity/Q42668602,Broad Theater,Point(-90.083353 29.969704),,http://www.thebroadtheater.com,"movie theater in New Orleans, Louisiana, United States"
http://www.wikidata.org/entity/Q42668602,Broad Theater,Point(-90.083353 29.969704),,http://www.thebroadtheater.com,"movie theater in New Orleans, Louisiana, United States"
http://www.wikidata.org/entity/Q42668602,Broad Theater,Point(-90.083353 29.969704),,http://www.thebroadtheater.com,"movie theater in New Orleans, Louisiana, United States"
http://www.wikidata.org/entity/Q42668602,Broad Theater,Point(-90.083353 29.969704),,http://www.thebroadtheater.com,"movie theater in New Orleans, Louisiana, United States"
http://www.wikidata.org/entity/Q42668602,Broad Theater,Point(-90.083353 29.969704),,http://www.thebroadtheater.com,"movie theater in New Orleans, Louisiana, United States"
http://www.wikidata.org/entity/Q42668614,Gem Theater,Point(-90.0973273 29.9523318),,,"former movie theater in New Orleans, Louisiana, United States"
http://www.wikidata.org/entity/Q42668614,Gem Theater,Point(-90.0973273 29.9523318),,,"former movie theater in New Orleans, Louisiana, United States"
http://www.wikidata.org/entity/Q42668614,Gem Theater,Point(-90.0973273 29.9523318),,,"former movie theater in New Orleans, Louisiana, United States"
http://www.wikidata.org/entity/Q42668614,Gem Theater,Point(-90.0973273 29.9523318),,,"former movie theater in New Orleans, Louisiana, United States"
http://www.wikidata.org/entity/Q42668614,Gem Theater,Point(-90.0973273 29.9523318),,,"former movie theater in New Orleans, Louisiana, United States"
http://www.wikidata.org/entity/Q42668614,Gem Theater,Point(-90.0973273 29.9523318),,,"former movie theater in New Orleans, Louisiana, United States"
http://www.wikidata.org/entity/Q42668614,Gem Theater,Point(-90.0973273 29.9523318),,,"former movie theater in New Orleans, Louisiana, United States"
http://www.wikidata.org/entity/Q42668614,Gem Theater,Point(-90.0973273 29.9523318),,,"former movie theater in New Orleans, Louisiana, United States"
http://www.wikidata.org/entity/Q42668614,Gem Theater,Point(-90.0973273 29.9523318),,,"former movie theater in New Orleans, Louisiana, United States"
http://www.wikidata.org/entity/Q42668614,Gem Theater,Point(-90.0973273 29.9523318),,,"former movie theater in New Orleans, Louisiana, United States"
http://www.wikidata.org/entity/Q42668614,Gem Theater,Point(-90.0973273 29.9523318),,,"former movie theater in New Orleans, Louisiana, United States"
http://www.wikidata.org/entity/Q42668614,Gem Theater,Point(-90.0973273 29.9523318),,,"former movie theater in New Orleans, Louisiana, United States"
http://www.wikidata.org/entity/Q42668614,Gem Theater,Point(-90.0973273 29.9523318),,,"former movie theater in New Orleans, Louisiana, United States"
http://www.wikidata.org/entity/Q42668614,Gem Theater,Point(-90.0973273 29.9523318),,,"former movie theater in New Orleans, Louisiana, United States"
http://www.wikidata.org/entity/Q42668614,Gem Theater,Point(-90.0973273 29.9523318),,,"former movie theater in New Orleans, Louisiana, United States"
http://www.wikidata.org/entity/Q42668614,Gem Theater,Point(-90.0973273 29.9523318),,,"former movie theater in New Orleans, Louisiana, United States"
http://www.wikidata.org/entity/Q42668614,Gem Theater,Point(-90.0973273 29.9523318),,,"former movie theater in New Orleans, Louisiana, United States"
http://www.wikidata.org/entity/Q42668614,Gem Theater,Point(-90.0973273 29.9523318),,,"former movie theater in New Orleans, Louisiana, United States"
http://www.wikidata.org/entity/Q42668614,Gem Theater,Point(-90.0973273 29.9523318),,,"former movie theater in New Orleans, Louisiana, United States"
http://www.wikidata.org/entity/Q42668614,Gem Theater,Point(-90.0973273 29.9523318),,,"former movie theater in New Orleans, Louisiana, United States"
http://www.wikidata.org/entity/Q42668614,Gem Theater,Point(-90.0973273 29.9523318),,,"former movie theater in New Orleans, Louisiana, United States"
http://www.wikidata.org/entity/Q42668614,Gem Theater,Point(-90.0973273 29.9523318),,,"former movie theater in New Orleans, Louisiana, United States"
http://www.wikidata.org/entity/Q42668614,Gem Theater,Point(-90.0973273 29.9523318),,,"former movie theater in New Orleans, Louisiana, United States"
http://www.wikidata.org/entity/Q42668614,Gem Theater,Point(-90.0973273 29.9523318),,,"former movie theater in New Orleans, Louisiana, United States"
http://www.wikidata.org/entity/Q42668614,Gem Theater,Point(-90.0973273 29.9523318),,,"former movie theater in New Orleans, Louisiana, United States"
http://www.wikidata.org/entity/Q42668614,Gem Theater,Point(-90.0973273 29.9523318),,,"former movie theater in New Orleans, Louisiana, United States"
http://www.wikidata.org/entity/Q42668624,Bijou Theatre,Point(-90.032794 29.9626507),,,"former movie theater in New Orleans, Louisiana, United States"
http://www.wikidata.org/entity/Q42668624,Bijou Theatre,Point(-90.032794 29.9626507),,,"former movie theater in New Orleans, Louisiana, United States"
http://www.wikidata.org/entity/Q42668624,Bijou Theatre,Point(-90.032794 29.9626507),,,"former movie theater in New Orleans, Louisiana, United States"
http://www.wikidata.org/entity/Q42668624,Bijou Theatre,Point(-90.032794 29.9626507),,,"former movie theater in New Orleans, Louisiana, United States"
http://www.wikidata.org/entity/Q42668624,Bijou Theatre,Point(-90.032794 29.9626507),,,"former movie theater in New Orleans, Louisiana, United States"
http://www.wikidata.org/entity/Q42668624,Bijou Theatre,Point(-90.032794 29.9626507),,,"former movie theater in New Orleans, Louisiana, United States"
http://www.wikidata.org/entity/Q42668624,Bijou Theatre,Point(-90.032794 29.9626507),,,"former movie theater in New Orleans, Louisiana, United States"
http://www.wikidata.org/entity/Q42668624,Bijou Theatre,Point(-90.032794 29.9626507),,,"former movie theater in New Orleans, Louisiana, United States"
http://www.wikidata.org/entity/Q42668624,Bijou Theatre,Point(-90.032794 29.9626507),,,"former movie theater in New Orleans, Louisiana, United States"
http://www.wikidata.org/entity/Q42668624,Bijou Theatre,Point(-90.032794 29.9626507),,,"former movie theater in New Orleans, Louisiana, United States"
http://www.wikidata.org/entity/Q42668624,Bijou Theatre,Point(-90.032794 29.9626507),,,"former movie theater in New Orleans, Louisiana, United States"
http://www.wikidata.org/entity/Q42668624,Bijou Theatre,Point(-90.032794 29.9626507),,,"former movie theater in New Orleans, Louisiana, United States"
http://www.wikidata.org/entity/Q42668624,Bijou Theatre,Point(-90.032794 29.9626507),,,"former movie theater in New Orleans, Louisiana, United States"
http://www.wikidata.org/entity/Q42668624,Bijou Theatre,Point(-90.032794 29.9626507),,,"former movie theater in New Orleans, Louisiana, United States"
http://www.wikidata.org/entity/Q42668624,Bijou Theatre,Point(-90.032794 29.9626507),,,"former movie theater in New Orleans, Louisiana, United States"
http://www.wikidata.org/entity/Q42668624,Bijou Theatre,Point(-90.032794 29.9626507),,,"former movie theater in New Orleans, Louisiana, United States"
http://www.wikidata.org/entity/Q42668624,Bijou Theatre,Point(-90.032794 29.9626507),,,"former movie theater in New Orleans, Louisiana, United States"
http://www.wikidata.org/entity/Q42668624,Bijou Theatre,Point(-90.032794 29.9626507),,,"former movie theater in New Orleans, Louisiana, United States"
http://www.wikidata.org/entity/Q42668624,Bijou Theatre,Point(-90.032794 29.9626507),,,"former movie theater in New Orleans, Louisiana, United States"
http://www.wikidata.org/entity/Q42668624,Bijou Theatre,Point(-90.032794 29.9626507),,,"former movie theater in New Orleans, Louisiana, United States"
http://www.wikidata.org/entity/Q42668624,Bijou Theatre,Point(-90.032794 29.9626507),,,"former movie theater in New Orleans, Louisiana, United States"
http://www.wikidata.org/entity/Q42668624,Bijou Theatre,Point(-90.032794 29.9626507),,,"former movie theater in New Orleans, Louisiana, United States"
http://www.wikidata.org/entity/Q42668624,Bijou Theatre,Point(-90.032794 29.9626507),,,"former movie theater in New Orleans, Louisiana, United States"
http://www.wikidata.org/entity/Q42668624,Bijou Theatre,Point(-90.032794 29.9626507),,,"former movie theater in New Orleans, Louisiana, United States"
http://www.wikidata.org/entity/Q42668624,Bijou Theatre,Point(-90.032794 29.9626507),,,"former movie theater in New Orleans, Louisiana, United States"
http://www.wikidata.org/entity/Q42668624,Bijou Theatre,Point(-90.032794 29.9626507),,,"former movie theater in New Orleans, Louisiana, United States"
http://www.wikidata.org/entity/Q42669253,Plaza Cinema 4,Point(-89.9731733 30.0328528),,,"former movie theater in New Orleans, Louisiana, United States"
http://www.wikidata.org/entity/Q42669253,Plaza Cinema 4,Point(-89.9731733 30.0328528),,,"former movie theater in New Orleans, Louisiana, United States"
http://www.wikidata.org/entity/Q42669253,Plaza Cinema 4,Point(-89.9731733 30.0328528),,,"former movie theater in New Orleans, Louisiana, United States"
http://www.wikidata.org/entity/Q42669253,Plaza Cinema 4,Point(-89.9731733 30.0328528),,,"former movie theater in New Orleans, Louisiana, United States"
http://www.wikidata.org/entity/Q42669253,Plaza Cinema 4,Point(-89.9731733 30.0328528),,,"former movie theater in New Orleans, Louisiana, United States"
http://www.wikidata.org/entity/Q42669253,Plaza Cinema 4,Point(-89.9731733 30.0328528),,,"former movie theater in New Orleans, Louisiana, United States"
http://www.wikidata.org/entity/Q42669253,Plaza Cinema 4,Point(-89.9731733 30.0328528),,,"former movie theater in New Orleans, Louisiana, United States"
http://www.wikidata.org/entity/Q42669253,Plaza Cinema 4,Point(-89.9731733 30.0328528),,,"former movie theater in New Orleans, Louisiana, United States"
http://www.wikidata.org/entity/Q42669253,Plaza Cinema 4,Point(-89.9731733 30.0328528),,,"former movie theater in New Orleans, Louisiana, United States"
http://www.wikidata.org/entity/Q42668304,Sena Mall Theater,Point(-90.136172 30.0019439),,,"former movie theater in Metairie, Louisiana, United States"
http://www.wikidata.org/entity/Q42668304,Sena Mall Theater,Point(-90.136172 30.0019439),,,"former movie theater in Metairie, Louisiana, United States"
http://www.wikidata.org/entity/Q42668304,Sena Mall Theater,Point(-90.136172 30.0019439),,,"former movie theater in Metairie, Louisiana, United States"
http://www.wikidata.org/entity/Q42668304,Sena Mall Theater,Point(-90.136172 30.0019439),,,"former movie theater in Metairie, Louisiana, United States"
http://www.wikidata.org/entity/Q42668304,Sena Mall Theater,Point(-90.136172 30.0019439),,,"former movie theater in Metairie, Louisiana, United States"
http://www.wikidata.org/entity/Q42668304,Sena Mall Theater,Point(-90.136172 30.0019439),,,"former movie theater in Metairie, Louisiana, United States"
http://www.wikidata.org/entity/Q42668304,Sena Mall Theater,Point(-90.136172 30.0019439),,,"former movie theater in Metairie, Louisiana, United States"
http://www.wikidata.org/entity/Q42668304,Sena Mall Theater,Point(-90.136172 30.0019439),,,"former movie theater in Metairie, Louisiana, United States"
http://www.wikidata.org/entity/Q42668304,Sena Mall Theater,Point(-90.136172 30.0019439),,,"former movie theater in Metairie, Louisiana, United States"
http://www.wikidata.org/entity/Q42668567,Algy Theater,Point(-90.0490084 29.9510465),,http://www.rosetreeglass.com,"former movie theater in New Orleans, Louisiana, United States"
http://www.wikidata.org/entity/Q42668567,Algy Theater,Point(-90.0490084 29.9510465),,http://www.rosetreeglass.com,"former movie theater in New Orleans, Louisiana, United States"
http://www.wikidata.org/entity/Q42668567,Algy Theater,Point(-90.0490084 29.9510465),,http://www.rosetreeglass.com,"former movie theater in New Orleans, Louisiana, United States"
http://www.wikidata.org/entity/Q42668567,Algy Theater,Point(-90.0490084 29.9510465),,http://www.rosetreeglass.com,"former movie theater in New Orleans, Louisiana, United States"
http://www.wikidata.org/entity/Q42668567,Algy Theater,Point(-90.0490084 29.9510465),,http://www.rosetreeglass.com,"former movie theater in New Orleans, Louisiana, United States"
http://www.wikidata.org/entity/Q42668567,Algy Theater,Point(-90.0490084 29.9510465),,http://www.rosetreeglass.com,"former movie theater in New Orleans, Louisiana, United States"
http://www.wikidata.org/entity/Q42668567,Algy Theater,Point(-90.0490084 29.9510465),,http://www.rosetreeglass.com,"former movie theater in New Orleans, Louisiana, United States"
http://www.wikidata.org/entity/Q42668567,Algy Theater,Point(-90.0490084 29.9510465),,http://www.rosetreeglass.com,"former movie theater in New Orleans, Louisiana, United States"
http://www.wikidata.org/entity/Q42668567,Algy Theater,Point(-90.0490084 29.9510465),,http://www.rosetreeglass.com,"former movie theater in New Orleans, Louisiana, United States"
http://www.wikidata.org/entity/Q42668567,Algy Theater,Point(-90.0490084 29.9510465),,http://www.rosetreeglass.com,"former movie theater in New Orleans, Louisiana, United States"
http://www.wikidata.org/entity/Q42668567,Algy Theater,Point(-90.0490084 29.9510465),,http://www.rosetreeglass.com,"former movie theater in New Orleans, Louisiana, United States"
http://www.wikidata.org/entity/Q42668567,Algy Theater,Point(-90.0490084 29.9510465),,http://www.rosetreeglass.com,"former movie theater in New Orleans, Louisiana, United States"
http://www.wikidata.org/entity/Q42668567,Algy Theater,Point(-90.0490084 29.9510465),,http://www.rosetreeglass.com,"former movie theater in New Orleans, Louisiana, United States"
http://www.wikidata.org/entity/Q42668567,Algy Theater,Point(-90.0490084 29.9510465),,http://www.rosetreeglass.com,"former movie theater in New Orleans, Louisiana, United States"
http://www.wikidata.org/entity/Q42668567,Algy Theater,Point(-90.0490084 29.9510465),,http://www.rosetreeglass.com,"former movie theater in New Orleans, Louisiana, United States"
http://www.wikidata.org/entity/Q42668567,Algy Theater,Point(-90.0490084 29.9510465),,http://www.rosetreeglass.com,"former movie theater in New Orleans, Louisiana, United States"
http://www.wikidata.org/entity/Q42668567,Algy Theater,Point(-90.0490084 29.9510465),,http://www.rosetreeglass.com,"former movie theater in New Orleans, Louisiana, United States"
http://www.wikidata.org/entity/Q42668567,Algy Theater,Point(-90.0490084 29.9510465),,http://www.rosetreeglass.com,"former movie theater in New Orleans, Louisiana, United States"
http://www.wikidata.org/entity/Q42668567,Algy Theater,Point(-90.0490084 29.9510465),,http://www.rosetreeglass.com,"former movie theater in New Orleans, Louisiana, United States"
http://www.wikidata.org/entity/Q42668567,Algy Theater,Point(-90.0490084 29.9510465),,http://www.rosetreeglass.com,"former movie theater in New Orleans, Louisiana, United States"
http://www.wikidata.org/entity/Q42668567,Algy Theater,Point(-90.0490084 29.9510465),,http://www.rosetreeglass.com,"former movie theater in New Orleans, Louisiana, United States"
http://www.wikidata.org/entity/Q42668567,Algy Theater,Point(-90.0490084 29.9510465),,http://www.rosetreeglass.com,"former movie theater in New Orleans, Louisiana, United States"
http://www.wikidata.org/entity/Q42668567,Algy Theater,Point(-90.0490084 29.9510465),,http://www.rosetreeglass.com,"former movie theater in New Orleans, Louisiana, United States"
http://www.wikidata.org/entity/Q42668567,Algy Theater,Point(-90.0490084 29.9510465),,http://www.rosetreeglass.com,"former movie theater in New Orleans, Louisiana, United States"
http://www.wikidata.org/entity/Q42668567,Algy Theater,Point(-90.0490084 29.9510465),,http://www.rosetreeglass.com,"former movie theater in New Orleans, Louisiana, United States"
http://www.wikidata.org/entity/Q42668567,Algy Theater,Point(-90.0490084 29.9510465),,http://www.rosetreeglass.com,"former movie theater in New Orleans, Louisiana, United States"
http://www.wikidata.org/entity/Q42668577,Arrow Theatre,Point(-90.1558955 29.9629087),,,"former movie theater in New Orleans, Louisiana, United States"
http://www.wikidata.org/entity/Q42668577,Arrow Theatre,Point(-90.1558955 29.9629087),,,"former movie theater in New Orleans, Louisiana, United States"
http://www.wikidata.org/entity/Q42668577,Arrow Theatre,Point(-90.1558955 29.9629087),,,"former movie theater in New Orleans, Louisiana, United States"
http://www.wikidata.org/entity/Q42668577,Arrow Theatre,Point(-90.1558955 29.9629087),,,"former movie theater in New Orleans, Louisiana, United States"
http://www.wikidata.org/entity/Q42668577,Arrow Theatre,Point(-90.1558955 29.9629087),,,"former movie theater in New Orleans, Louisiana, United States"
http://www.wikidata.org/entity/Q42668577,Arrow Theatre,Point(-90.1558955 29.9629087),,,"former movie theater in New Orleans, Louisiana, United States"
http://www.wikidata.org/entity/Q42668577,Arrow Theatre,Point(-90.1558955 29.9629087),,,"former movie theater in New Orleans, Louisiana, United States"
http://www.wikidata.org/entity/Q42668577,Arrow Theatre,Point(-90.1558955 29.9629087),,,"former movie theater in New Orleans, Louisiana, United States"
http://www.wikidata.org/entity/Q42668577,Arrow Theatre,Point(-90.1558955 29.9629087),,,"former movie theater in New Orleans, Louisiana, United States"
http://www.wikidata.org/entity/Q42668577,Arrow Theatre,Point(-90.1558955 29.9629087),,,"former movie theater in New Orleans, Louisiana, United States"
http://www.wikidata.org/entity/Q42668577,Arrow Theatre,Point(-90.1558955 29.9629087),,,"former movie theater in New Orleans, Louisiana, United States"
http://www.wikidata.org/entity/Q42668577,Arrow Theatre,Point(-90.1558955 29.9629087),,,"former movie theater in New Orleans, Louisiana, United States"
http://www.wikidata.org/entity/Q42668577,Arrow Theatre,Point(-90.1558955 29.9629087),,,"former movie theater in New Orleans, Louisiana, United States"
http://www.wikidata.org/entity/Q42668577,Arrow Theatre,Point(-90.1558955 29.9629087),,,"former movie theater in New Orleans, Louisiana, United States"
http://www.wikidata.org/entity/Q42668577,Arrow Theatre,Point(-90.1558955 29.9629087),,,"former movie theater in New Orleans, Louisiana, United States"
http://www.wikidata.org/entity/Q42668577,Arrow Theatre,Point(-90.1558955 29.9629087),,,"former movie theater in New Orleans, Louisiana, United States"
http://www.wikidata.org/entity/Q42668577,Arrow Theatre,Point(-90.1558955 29.9629087),,,"former movie theater in New Orleans, Louisiana, United States"
http://www.wikidata.org/entity/Q42668577,Arrow Theatre,Point(-90.1558955 29.9629087),,,"former movie theater in New Orleans, Louisiana, United States"
http://www.wikidata.org/entity/Q42668577,Arrow Theatre,Point(-90.1558955 29.9629087),,,"former movie theater in New Orleans, Louisiana, United States"
http://www.wikidata.org/entity/Q42668577,Arrow Theatre,Point(-90.1558955 29.9629087),,,"former movie theater in New Orleans, Louisiana, United States"
http://www.wikidata.org/entity/Q42668577,Arrow Theatre,Point(-90.1558955 29.9629087),,,"former movie theater in New Orleans, Louisiana, United States"
http://www.wikidata.org/entity/Q42668577,Arrow Theatre,Point(-90.1558955 29.9629087),,,"former movie theater in New Orleans, Louisiana, United States"
http://www.wikidata.org/entity/Q42668577,Arrow Theatre,Point(-90.1558955 29.9629087),,,"former movie theater in New Orleans, Louisiana, United States"
http://www.wikidata.org/entity/Q42668577,Arrow Theatre,Point(-90.1558955 29.9629087),,,"former movie theater in New Orleans, Louisiana, United States"
http://www.wikidata.org/entity/Q42668577,Arrow Theatre,Point(-90.1558955 29.9629087),,,"former movie theater in New Orleans, Louisiana, United States"
http://www.wikidata.org/entity/Q42668577,Arrow Theatre,Point(-90.1558955 29.9629087),,,"former movie theater in New Orleans, Louisiana, United States"
http://www.wikidata.org/entity/Q42668585,Imperial Theatre,Point(-90.0884419 29.9758627),,,"former movie theater in New Orleans, Louisiana, United States"
http://www.wikidata.org/entity/Q42668585,Imperial Theatre,Point(-90.0884419 29.9758627),,,"former movie theater in New Orleans, Louisiana, United States"
http://www.wikidata.org/entity/Q42668585,Imperial Theatre,Point(-90.0884419 29.9758627),,,"former movie theater in New Orleans, Louisiana, United States"
http://www.wikidata.org/entity/Q42668585,Imperial Theatre,Point(-90.0884419 29.9758627),,,"former movie theater in New Orleans, Louisiana, United States"
http://www.wikidata.org/entity/Q42668585,Imperial Theatre,Point(-90.0884419 29.9758627),,,"former movie theater in New Orleans, Louisiana, United States"
http://www.wikidata.org/entity/Q42668585,Imperial Theatre,Point(-90.0884419 29.9758627),,,"former movie theater in New Orleans, Louisiana, United States"
http://www.wikidata.org/entity/Q42668585,Imperial Theatre,Point(-90.0884419 29.9758627),,,"former movie theater in New Orleans, Louisiana, United States"
http://www.wikidata.org/entity/Q42668585,Imperial Theatre,Point(-90.0884419 29.9758627),,,"former movie theater in New Orleans, Louisiana, United States"
http://www.wikidata.org/entity/Q42668585,Imperial Theatre,Point(-90.0884419 29.9758627),,,"former movie theater in New Orleans, Louisiana, United States"
http://www.wikidata.org/entity/Q42668585,Imperial Theatre,Point(-90.0884419 29.9758627),,,"former movie theater in New Orleans, Louisiana, United States"
http://www.wikidata.org/entity/Q42668585,Imperial Theatre,Point(-90.0884419 29.9758627),,,"former movie theater in New Orleans, Louisiana, United States"
http://www.wikidata.org/entity/Q42668585,Imperial Theatre,Point(-90.0884419 29.9758627),,,"former movie theater in New Orleans, Louisiana, United States"
http://www.wikidata.org/entity/Q42668585,Imperial Theatre,Point(-90.0884419 29.9758627),,,"former movie theater in New Orleans, Louisiana, United States"
http://www.wikidata.org/entity/Q42668585,Imperial Theatre,Point(-90.0884419 29.9758627),,,"former movie theater in New Orleans, Louisiana, United States"
http://www.wikidata.org/entity/Q42668585,Imperial Theatre,Point(-90.0884419 29.9758627),,,"former movie theater in New Orleans, Louisiana, United States"
http://www.wikidata.org/entity/Q42668585,Imperial Theatre,Point(-90.0884419 29.9758627),,,"former movie theater in New Orleans, Louisiana, United States"
http://www.wikidata.org/entity/Q42668585,Imperial Theatre,Point(-90.0884419 29.9758627),,,"former movie theater in New Orleans, Louisiana, United States"
http://www.wikidata.org/entity/Q42668585,Imperial Theatre,Point(-90.0884419 29.9758627),,,"former movie theater in New Orleans, Louisiana, United States"
http://www.wikidata.org/entity/Q42668585,Imperial Theatre,Point(-90.0884419 29.9758627),,,"former movie theater in New Orleans, Louisiana, United States"
http://www.wikidata.org/entity/Q42668585,Imperial Theatre,Point(-90.0884419 29.9758627),,,"former movie theater in New Orleans, Louisiana, United States"
http://www.wikidata.org/entity/Q42668585,Imperial Theatre,Point(-90.0884419 29.9758627),,,"former movie theater in New Orleans, Louisiana, United States"
http://www.wikidata.org/entity/Q42668585,Imperial Theatre,Point(-90.0884419 29.9758627),,,"former movie theater in New Orleans, Louisiana, United States"
http://www.wikidata.org/entity/Q42668585,Imperial Theatre,Point(-90.0884419 29.9758627),,,"former movie theater in New Orleans, Louisiana, United States"
http://www.wikidata.org/entity/Q42668585,Imperial Theatre,Point(-90.0884419 29.9758627),,,"former movie theater in New Orleans, Louisiana, United States"
http://www.wikidata.org/entity/Q42668585,Imperial Theatre,Point(-90.0884419 29.9758627),,,"former movie theater in New Orleans, Louisiana, United States"
http://www.wikidata.org/entity/Q42668585,Imperial Theatre,Point(-90.0884419 29.9758627),,,"former movie theater in New Orleans, Louisiana, United States"
http://www.wikidata.org/entity/Q42668594,Uptown Square Cinema,Point(-90.132963 29.930727),,,"former movie theater in New Orleans, Louisiana, United States"
http://www.wikidata.org/entity/Q42668594,Uptown Square Cinema,Point(-90.132963 29.930727),,,"former movie theater in New Orleans, Louisiana, United States"
http://www.wikidata.org/entity/Q42668594,Uptown Square Cinema,Point(-90.132963 29.930727),,,"former movie theater in New Orleans, Louisiana, United States"
http://www.wikidata.org/entity/Q42668594,Uptown Square Cinema,Point(-90.132963 29.930727),,,"former movie theater in New Orleans, Louisiana, United States"
http://www.wikidata.org/entity/Q42668594,Uptown Square Cinema,Point(-90.132963 29.930727),,,"former movie theater in New Orleans, Louisiana, United States"
http://www.wikidata.org/entity/Q42668594,Uptown Square Cinema,Point(-90.132963 29.930727),,,"former movie theater in New Orleans, Louisiana, United States"
http://www.wikidata.org/entity/Q42668594,Uptown Square Cinema,Point(-90.132963 29.930727),,,"former movie theater in New Orleans, Louisiana, United States"
http://www.wikidata.org/entity/Q42668594,Uptown Square Cinema,Point(-90.132963 29.930727),,,"former movie theater in New Orleans, Louisiana, United States"
http://www.wikidata.org/entity/Q42668594,Uptown Square Cinema,Point(-90.132963 29.930727),,,"former movie theater in New Orleans, Louisiana, United States"
http://www.wikidata.org/entity/Q42668594,Uptown Square Cinema,Point(-90.132963 29.930727),,,"former movie theater in New Orleans, Louisiana, United States"
http://www.wikidata.org/entity/Q42668594,Uptown Square Cinema,Point(-90.132963 29.930727),,,"former movie theater in New Orleans, Louisiana, United States"
http://www.wikidata.org/entity/Q42668594,Uptown Square Cinema,Point(-90.132963 29.930727),,,"former movie theater in New Orleans, Louisiana, United States"
http://www.wikidata.org/entity/Q42668594,Uptown Square Cinema,Point(-90.132963 29.930727),,,"former movie theater in New Orleans, Louisiana, United States"
http://www.wikidata.org/entity/Q42669253,Plaza Cinema 4,Point(-89.9731733 30.0328528),,,"former movie theater in New Orleans, Louisiana, United States"
http://www.wikidata.org/entity/Q42669253,Plaza Cinema 4,Point(-89.9731733 30.0328528),,,"former movie theater in New Orleans, Louisiana, United States"
http://www.wikidata.org/entity/Q42669253,Plaza Cinema 4,Point(-89.9731733 30.0328528),,,"former movie theater in New Orleans, Louisiana, United States"
http://www.wikidata.org/entity/Q42669253,Plaza Cinema 4,Point(-89.9731733 30.0328528),,,"former movie theater in New Orleans, Louisiana, United States"
http://www.wikidata.org/entity/Q42669253,Plaza Cinema 4,Point(-89.9731733 30.0328528),,,"former movie theater in New Orleans, Louisiana, United States"
http://www.wikidata.org/entity/Q42669253,Plaza Cinema 4,Point(-89.9731733 30.0328528),,,"former movie theater in New Orleans, Louisiana, United States"
http://www.wikidata.org/entity/Q42669253,Plaza Cinema 4,Point(-89.9731733 30.0328528),,,"former movie theater in New Orleans, Louisiana, United States"
http://www.wikidata.org/entity/Q42669253,Plaza Cinema 4,Point(-89.9731733 30.0328528),,,"former movie theater in New Orleans, Louisiana, United States"
http://www.wikidata.org/entity/Q42669253,Plaza Cinema 4,Point(-89.9731733 30.0328528),,,"former movie theater in New Orleans, Louisiana, United States"
http://www.wikidata.org/entity/Q42669253,Plaza Cinema 4,Point(-89.9731733 30.0328528),,,"former movie theater in New Orleans, Louisiana, United States"
http://www.wikidata.org/entity/Q42669253,Plaza Cinema 4,Point(-89.9731733 30.0328528),,,"former movie theater in New Orleans, Louisiana, United States"
http://www.wikidata.org/entity/Q42669253,Plaza Cinema 4,Point(-89.9731733 30.0328528),,,"former movie theater in New Orleans, Louisiana, United States"
http://www.wikidata.org/entity/Q42669253,Plaza Cinema 4,Point(-89.9731733 30.0328528),,,"former movie theater in New Orleans, Louisiana, United States"
http://www.wikidata.org/entity/Q42669253,Plaza Cinema 4,Point(-89.9731733 30.0328528),,,"former movie theater in New Orleans, Louisiana, United States"
http://www.wikidata.org/entity/Q42669253,Plaza Cinema 4,Point(-89.9731733 30.0328528),,,"former movie theater in New Orleans, Louisiana, United States"
http://www.wikidata.org/entity/Q42669253,Plaza Cinema 4,Point(-89.9731733 30.0328528),,,"former movie theater in New Orleans, Louisiana, United States"
http://www.wikidata.org/entity/Q42669253,Plaza Cinema 4,Point(-89.9731733 30.0328528),,,"former movie theater in New Orleans, Louisiana, United States"
http://www.wikidata.org/entity/Q42669259,Crown Theater,Point(-90.0479025 29.9761328),,,"former movie theater in New Orleans, Louisiana, United States"
http://www.wikidata.org/entity/Q42669259,Crown Theater,Point(-90.0479025 29.9761328),,,"former movie theater in New Orleans, Louisiana, United States"
http://www.wikidata.org/entity/Q42669259,Crown Theater,Point(-90.0479025 29.9761328),,,"former movie theater in New Orleans, Louisiana, United States"
http://www.wikidata.org/entity/Q42669259,Crown Theater,Point(-90.0479025 29.9761328),,,"former movie theater in New Orleans, Louisiana, United States"
http://www.wikidata.org/entity/Q42669259,Crown Theater,Point(-90.0479025 29.9761328),,,"former movie theater in New Orleans, Louisiana, United States"
http://www.wikidata.org/entity/Q42669259,Crown Theater,Point(-90.0479025 29.9761328),,,"former movie theater in New Orleans, Louisiana, United States"
http://www.wikidata.org/entity/Q42669259,Crown Theater,Point(-90.0479025 29.9761328),,,"former movie theater in New Orleans, Louisiana, United States"
http://www.wikidata.org/entity/Q42669259,Crown Theater,Point(-90.0479025 29.9761328),,,"former movie theater in New Orleans, Louisiana, United States"
http://www.wikidata.org/entity/Q42669259,Crown Theater,Point(-90.0479025 29.9761328),,,"former movie theater in New Orleans, Louisiana, United States"
http://www.wikidata.org/entity/Q42669259,Crown Theater,Point(-90.0479025 29.9761328),,,"former movie theater in New Orleans, Louisiana, United States"
http://www.wikidata.org/entity/Q42669259,Crown Theater,Point(-90.0479025 29.9761328),,,"former movie theater in New Orleans, Louisiana, United States"
http://www.wikidata.org/entity/Q42669259,Crown Theater,Point(-90.0479025 29.9761328),,,"former movie theater in New Orleans, Louisiana, United States"
http://www.wikidata.org/entity/Q42669259,Crown Theater,Point(-90.0479025 29.9761328),,,"former movie theater in New Orleans, Louisiana, United States"
http://www.wikidata.org/entity/Q42669259,Crown Theater,Point(-90.0479025 29.9761328),,,"former movie theater in New Orleans, Louisiana, United States"
http://www.wikidata.org/entity/Q42669259,Crown Theater,Point(-90.0479025 29.9761328),,,"former movie theater in New Orleans, Louisiana, United States"
http://www.wikidata.org/entity/Q42669259,Crown Theater,Point(-90.0479025 29.9761328),,,"former movie theater in New Orleans, Louisiana, United States"
http://www.wikidata.org/entity/Q42669259,Crown Theater,Point(-90.0479025 29.9761328),,,"former movie theater in New Orleans, Louisiana, United States"
http://www.wikidata.org/entity/Q42669259,Crown Theater,Point(-90.0479025 29.9761328),,,"former movie theater in New Orleans, Louisiana, United States"
http://www.wikidata.org/entity/Q42669259,Crown Theater,Point(-90.0479025 29.9761328),,,"former movie theater in New Orleans, Louisiana, United States"
http://www.wikidata.org/entity/Q42669259,Crown Theater,Point(-90.0479025 29.9761328),,,"former movie theater in New Orleans, Louisiana, United States"
http://www.wikidata.org/entity/Q42669259,Crown Theater,Point(-90.0479025 29.9761328),,,"former movie theater in New Orleans, Louisiana, United States"
http://www.wikidata.org/entity/Q42669259,Crown Theater,Point(-90.0479025 29.9761328),,,"former movie theater in New Orleans, Louisiana, United States"
http://www.wikidata.org/entity/Q42669259,Crown Theater,Point(-90.0479025 29.9761328),,,"former movie theater in New Orleans, Louisiana, United States"
http://www.wikidata.org/entity/Q42669259,Crown Theater,Point(-90.0479025 29.9761328),,,"former movie theater in New Orleans, Louisiana, United States"
http://www.wikidata.org/entity/Q42669259,Crown Theater,Point(-90.0479025 29.9761328),,,"former movie theater in New Orleans, Louisiana, United States"
http://www.wikidata.org/entity/Q42669259,Crown Theater,Point(-90.0479025 29.9761328),,,"former movie theater in New Orleans, Louisiana, United States"
http://www.wikidata.org/entity/Q42669269,Nola Theatre,Point(-90.035239 29.96527),,,"former movie theater in New Orleans, Louisiana, United States"
http://www.wikidata.org/entity/Q42669269,Nola Theatre,Point(-90.035239 29.96527),,,"former movie theater in New Orleans, Louisiana, United States"
http://www.wikidata.org/entity/Q42669269,Nola Theatre,Point(-90.035239 29.96527),,,"former movie theater in New Orleans, Louisiana, United States"
http://www.wikidata.org/entity/Q42669269,Nola Theatre,Point(-90.035239 29.96527),,,"former movie theater in New Orleans, Louisiana, United States"
http://www.wikidata.org/entity/Q42669269,Nola Theatre,Point(-90.035239 29.96527),,,"former movie theater in New Orleans, Louisiana, United States"
http://www.wikidata.org/entity/Q42669269,Nola Theatre,Point(-90.035239 29.96527),,,"former movie theater in New Orleans, Louisiana, United States"
http://www.wikidata.org/entity/Q42669269,Nola Theatre,Point(-90.035239 29.96527),,,"former movie theater in New Orleans, Louisiana, United States"
http://www.wikidata.org/entity/Q42669269,Nola Theatre,Point(-90.035239 29.96527),,,"former movie theater in New Orleans, Louisiana, United States"
http://www.wikidata.org/entity/Q42669269,Nola Theatre,Point(-90.035239 29.96527),,,"former movie theater in New Orleans, Louisiana, United States"
http://www.wikidata.org/entity/Q42669269,Nola Theatre,Point(-90.035239 29.96527),,,"former movie theater in New Orleans, Louisiana, United States"
http://www.wikidata.org/entity/Q42669269,Nola Theatre,Point(-90.035239 29.96527),,,"former movie theater in New Orleans, Louisiana, United States"
http://www.wikidata.org/entity/Q42669269,Nola Theatre,Point(-90.035239 29.96527),,,"former movie theater in New Orleans, Louisiana, United States"
http://www.wikidata.org/entity/Q42669269,Nola Theatre,Point(-90.035239 29.96527),,,"former movie theater in New Orleans, Louisiana, United States"
http://www.wikidata.org/entity/Q42669269,Nola Theatre,Point(-90.035239 29.96527),,,"former movie theater in New Orleans, Louisiana, United States"
http://www.wikidata.org/entity/Q42669269,Nola Theatre,Point(-90.035239 29.96527),,,"former movie theater in New Orleans, Louisiana, United States"
http://www.wikidata.org/entity/Q42669269,Nola Theatre,Point(-90.035239 29.96527),,,"former movie theater in New Orleans, Louisiana, United States"
http://www.wikidata.org/entity/Q42669269,Nola Theatre,Point(-90.035239 29.96527),,,"former movie theater in New Orleans, Louisiana, United States"
http://www.wikidata.org/entity/Q42669269,Nola Theatre,Point(-90.035239 29.96527),,,"former movie theater in New Orleans, Louisiana, United States"
http://www.wikidata.org/entity/Q42669269,Nola Theatre,Point(-90.035239 29.96527),,,"former movie theater in New Orleans, Louisiana, United States"
http://www.wikidata.org/entity/Q42669269,Nola Theatre,Point(-90.035239 29.96527),,,"former movie theater in New Orleans, Louisiana, United States"
http://www.wikidata.org/entity/Q42669269,Nola Theatre,Point(-90.035239 29.96527),,,"former movie theater in New Orleans, Louisiana, United States"
http://www.wikidata.org/entity/Q42669269,Nola Theatre,Point(-90.035239 29.96527),,,"former movie theater in New Orleans, Louisiana, United States"
http://www.wikidata.org/entity/Q42669269,Nola Theatre,Point(-90.035239 29.96527),,,"former movie theater in New Orleans, Louisiana, United States"
http://www.wikidata.org/entity/Q42669269,Nola Theatre,Point(-90.035239 29.96527),,,"former movie theater in New Orleans, Louisiana, United States"
http://www.wikidata.org/entity/Q42669269,Nola Theatre,Point(-90.035239 29.96527),,,"former movie theater in New Orleans, Louisiana, United States"
http://www.wikidata.org/entity/Q42669269,Nola Theatre,Point(-90.035239 29.96527),,,"former movie theater in New Orleans, Louisiana, United States"
http://www.wikidata.org/entity/Q42669277,Piety Theatre,Point(-90.04202 29.9656567),,,"former movie theater in New Orleans, Louisiana, United States"
http://www.wikidata.org/entity/Q42669277,Piety Theatre,Point(-90.04202 29.9656567),,,"former movie theater in New Orleans, Louisiana, United States"
http://www.wikidata.org/entity/Q42669277,Piety Theatre,Point(-90.04202 29.9656567),,,"former movie theater in New Orleans, Louisiana, United States"
http://www.wikidata.org/entity/Q42669277,Piety Theatre,Point(-90.04202 29.9656567),,,"former movie theater in New Orleans, Louisiana, United States"
http://www.wikidata.org/entity/Q42669277,Piety Theatre,Point(-90.04202 29.9656567),,,"former movie theater in New Orleans, Louisiana, United States"
http://www.wikidata.org/entity/Q42669277,Piety Theatre,Point(-90.04202 29.9656567),,,"former movie theater in New Orleans, Louisiana, United States"
http://www.wikidata.org/entity/Q42669277,Piety Theatre,Point(-90.04202 29.9656567),,,"former movie theater in New Orleans, Louisiana, United States"
http://www.wikidata.org/entity/Q42669277,Piety Theatre,Point(-90.04202 29.9656567),,,"former movie theater in New Orleans, Louisiana, United States"
http://www.wikidata.org/entity/Q42669277,Piety Theatre,Point(-90.04202 29.9656567),,,"former movie theater in New Orleans, Louisiana, United States"
http://www.wikidata.org/entity/Q42669277,Piety Theatre,Point(-90.04202 29.9656567),,,"former movie theater in New Orleans, Louisiana, United States"
http://www.wikidata.org/entity/Q42669277,Piety Theatre,Point(-90.04202 29.9656567),,,"former movie theater in New Orleans, Louisiana, United States"
http://www.wikidata.org/entity/Q42669277,Piety Theatre,Point(-90.04202 29.9656567),,,"former movie theater in New Orleans, Louisiana, United States"
http://www.wikidata.org/entity/Q42669277,Piety Theatre,Point(-90.04202 29.9656567),,,"former movie theater in New Orleans, Louisiana, United States"
http://www.wikidata.org/entity/Q42669277,Piety Theatre,Point(-90.04202 29.9656567),,,"former movie theater in New Orleans, Louisiana, United States"
http://www.wikidata.org/entity/Q42669277,Piety Theatre,Point(-90.04202 29.9656567),,,"former movie theater in New Orleans, Louisiana, United States"
http://www.wikidata.org/entity/Q42669277,Piety Theatre,Point(-90.04202 29.9656567),,,"former movie theater in New Orleans, Louisiana, United States"
http://www.wikidata.org/entity/Q42669277,Piety Theatre,Point(-90.04202 29.9656567),,,"former movie theater in New Orleans, Louisiana, United States"
http://www.wikidata.org/entity/Q42669277,Piety Theatre,Point(-90.04202 29.9656567),,,"former movie theater in New Orleans, Louisiana, United States"
http://www.wikidata.org/entity/Q42669277,Piety Theatre,Point(-90.04202 29.9656567),,,"former movie theater in New Orleans, Louisiana, United States"
http://www.wikidata.org/entity/Q42669277,Piety Theatre,Point(-90.04202 29.9656567),,,"former movie theater in New Orleans, Louisiana, United States"
http://www.wikidata.org/entity/Q42669277,Piety Theatre,Point(-90.04202 29.9656567),,,"former movie theater in New Orleans, Louisiana, United States"
http://www.wikidata.org/entity/Q42669277,Piety Theatre,Point(-90.04202 29.9656567),,,"former movie theater in New Orleans, Louisiana, United States"
http://www.wikidata.org/entity/Q42669277,Piety Theatre,Point(-90.04202 29.9656567),,,"former movie theater in New Orleans, Louisiana, United States"
http://www.wikidata.org/entity/Q42669277,Piety Theatre,Point(-90.04202 29.9656567),,,"former movie theater in New Orleans, Louisiana, United States"
http://www.wikidata.org/entity/Q42669277,Piety Theatre,Point(-90.04202 29.9656567),,,"former movie theater in New Orleans, Louisiana, United States"
http://www.wikidata.org/entity/Q42669277,Piety Theatre,Point(-90.04202 29.9656567),,,"former movie theater in New Orleans, Louisiana, United States"
http://www.wikidata.org/entity/Q42669286,Famous Theatre,Point(-90.05618 29.97351),,,"former movie theater in New Orleans, Louisiana, United States"
http://www.wikidata.org/entity/Q42669286,Famous Theatre,Point(-90.05618 29.97351),,,"former movie theater in New Orleans, Louisiana, United States"
http://www.wikidata.org/entity/Q42669286,Famous Theatre,Point(-90.05618 29.97351),,,"former movie theater in New Orleans, Louisiana, United States"
http://www.wikidata.org/entity/Q42669286,Famous Theatre,Point(-90.05618 29.97351),,,"former movie theater in New Orleans, Louisiana, United States"
http://www.wikidata.org/entity/Q42669286,Famous Theatre,Point(-90.05618 29.97351),,,"former movie theater in New Orleans, Louisiana, United States"
http://www.wikidata.org/entity/Q42669286,Famous Theatre,Point(-90.05618 29.97351),,,"former movie theater in New Orleans, Louisiana, United States"
http://www.wikidata.org/entity/Q42669286,Famous Theatre,Point(-90.05618 29.97351),,,"former movie theater in New Orleans, Louisiana, United States"
http://www.wikidata.org/entity/Q42669286,Famous Theatre,Point(-90.05618 29.97351),,,"former movie theater in New Orleans, Louisiana, United States"
http://www.wikidata.org/entity/Q42669286,Famous Theatre,Point(-90.05618 29.97351),,,"former movie theater in New Orleans, Louisiana, United States"
http://www.wikidata.org/entity/Q42669286,Famous Theatre,Point(-90.05618 29.97351),,,"former movie theater in New Orleans, Louisiana, United States"
http://www.wikidata.org/entity/Q42669286,Famous Theatre,Point(-90.05618 29.97351),,,"former movie theater in New Orleans, Louisiana, United States"
http://www.wikidata.org/entity/Q42669286,Famous Theatre,Point(-90.05618 29.97351),,,"former movie theater in New Orleans, Louisiana, United States"
http://www.wikidata.org/entity/Q42669286,Famous Theatre,Point(-90.05618 29.97351),,,"former movie theater in New Orleans, Louisiana, United States"
http://www.wikidata.org/entity/Q42669286,Famous Theatre,Point(-90.05618 29.97351),,,"former movie theater in New Orleans, Louisiana, United States"
http://www.wikidata.org/entity/Q42669286,Famous Theatre,Point(-90.05618 29.97351),,,"former movie theater in New Orleans, Louisiana, United States"
http://www.wikidata.org/entity/Q42669286,Famous Theatre,Point(-90.05618 29.97351),,,"former movie theater in New Orleans, Louisiana, United States"
http://www.wikidata.org/entity/Q42669286,Famous Theatre,Point(-90.05618 29.97351),,,"former movie theater in New Orleans, Louisiana, United States"
http://www.wikidata.org/entity/Q42669286,Famous Theatre,Point(-90.05618 29.97351),,,"former movie theater in New Orleans, Louisiana, United States"
http://www.wikidata.org/entity/Q42669286,Famous Theatre,Point(-90.05618 29.97351),,,"former movie theater in New Orleans, Louisiana, United States"
http://www.wikidata.org/entity/Q42669286,Famous Theatre,Point(-90.05618 29.97351),,,"former movie theater in New Orleans, Louisiana, United States"
http://www.wikidata.org/entity/Q42669286,Famous Theatre,Point(-90.05618 29.97351),,,"former movie theater in New Orleans, Louisiana, United States"
http://www.wikidata.org/entity/Q42669286,Famous Theatre,Point(-90.05618 29.97351),,,"former movie theater in New Orleans, Louisiana, United States"
http://www.wikidata.org/entity/Q42669286,Famous Theatre,Point(-90.05618 29.97351),,,"former movie theater in New Orleans, Louisiana, United States"
http://www.wikidata.org/entity/Q42669286,Famous Theatre,Point(-90.05618 29.97351),,,"former movie theater in New Orleans, Louisiana, United States"
http://www.wikidata.org/entity/Q42669286,Famous Theatre,Point(-90.05618 29.97351),,,"former movie theater in New Orleans, Louisiana, United States"
http://www.wikidata.org/entity/Q42669286,Famous Theatre,Point(-90.05618 29.97351),,,"former movie theater in New Orleans, Louisiana, United States"
http://www.wikidata.org/entity/Q42669294,Tiger Theatre,Point(-90.049041 29.9886094),,,"former movie theater in New Orleans, Louisiana, United States"
http://www.wikidata.org/entity/Q42669294,Tiger Theatre,Point(-90.049041 29.9886094),,,"former movie theater in New Orleans, Louisiana, United States"
http://www.wikidata.org/entity/Q42669294,Tiger Theatre,Point(-90.049041 29.9886094),,,"former movie theater in New Orleans, Louisiana, United States"
http://www.wikidata.org/entity/Q42669294,Tiger Theatre,Point(-90.049041 29.9886094),,,"former movie theater in New Orleans, Louisiana, United States"
http://www.wikidata.org/entity/Q42669294,Tiger Theatre,Point(-90.049041 29.9886094),,,"former movie theater in New Orleans, Louisiana, United States"
http://www.wikidata.org/entity/Q42669294,Tiger Theatre,Point(-90.049041 29.9886094),,,"former movie theater in New Orleans, Louisiana, United States"
http://www.wikidata.org/entity/Q42669294,Tiger Theatre,Point(-90.049041 29.9886094),,,"former movie theater in New Orleans, Louisiana, United States"
http://www.wikidata.org/entity/Q42669294,Tiger Theatre,Point(-90.049041 29.9886094),,,"former movie theater in New Orleans, Louisiana, United States"
http://www.wikidata.org/entity/Q42669294,Tiger Theatre,Point(-90.049041 29.9886094),,,"former movie theater in New Orleans, Louisiana, United States"
http://www.wikidata.org/entity/Q42669294,Tiger Theatre,Point(-90.049041 29.9886094),,,"former movie theater in New Orleans, Louisiana, United States"
http://www.wikidata.org/entity/Q42669294,Tiger Theatre,Point(-90.049041 29.9886094),,,"former movie theater in New Orleans, Louisiana, United States"
http://www.wikidata.org/entity/Q42669294,Tiger Theatre,Point(-90.049041 29.9886094),,,"former movie theater in New Orleans, Louisiana, United States"
http://www.wikidata.org/entity/Q42669294,Tiger Theatre,Point(-90.049041 29.9886094),,,"former movie theater in New Orleans, Louisiana, United States"
http://www.wikidata.org/entity/Q42669294,Tiger Theatre,Point(-90.049041 29.9886094),,,"former movie theater in New Orleans, Louisiana, United States"
http://www.wikidata.org/entity/Q42669294,Tiger Theatre,Point(-90.049041 29.9886094),,,"former movie theater in New Orleans, Louisiana, United States"
http://www.wikidata.org/entity/Q42669294,Tiger Theatre,Point(-90.049041 29.9886094),,,"former movie theater in New Orleans, Louisiana, United States"
http://www.wikidata.org/entity/Q42669294,Tiger Theatre,Point(-90.049041 29.9886094),,,"former movie theater in New Orleans, Louisiana, United States"
http://www.wikidata.org/entity/Q42669294,Tiger Theatre,Point(-90.049041 29.9886094),,,"former movie theater in New Orleans, Louisiana, United States"
http://www.wikidata.org/entity/Q42669294,Tiger Theatre,Point(-90.049041 29.9886094),,,"former movie theater in New Orleans, Louisiana, United States"
http://www.wikidata.org/entity/Q42669294,Tiger Theatre,Point(-90.049041 29.9886094),,,"former movie theater in New Orleans, Louisiana, United States"
http://www.wikidata.org/entity/Q42669294,Tiger Theatre,Point(-90.049041 29.9886094),,,"former movie theater in New Orleans, Louisiana, United States"
http://www.wikidata.org/entity/Q42669294,Tiger Theatre,Point(-90.049041 29.9886094),,,"former movie theater in New Orleans, Louisiana, United States"
http://www.wikidata.org/entity/Q42669294,Tiger Theatre,Point(-90.049041 29.9886094),,,"former movie theater in New Orleans, Louisiana, United States"
http://www.wikidata.org/entity/Q42669294,Tiger Theatre,Point(-90.049041 29.9886094),,,"former movie theater in New Orleans, Louisiana, United States"
http://www.wikidata.org/entity/Q42669294,Tiger Theatre,Point(-90.049041 29.9886094),,,"former movie theater in New Orleans, Louisiana, United States"
http://www.wikidata.org/entity/Q42669294,Tiger Theatre,Point(-90.049041 29.9886094),,,"former movie theater in New Orleans, Louisiana, United States"
http://www.wikidata.org/entity/Q42669304,Circle Theater,Point(-90.0684069 29.978154),,,"former movie theater in New Orleans, Louisiana, United States"
http://www.wikidata.org/entity/Q42669304,Circle Theater,Point(-90.0684069 29.978154),,,"former movie theater in New Orleans, Louisiana, United States"
http://www.wikidata.org/entity/Q42669304,Circle Theater,Point(-90.0684069 29.978154),,,"former movie theater in New Orleans, Louisiana, United States"
http://www.wikidata.org/entity/Q42669304,Circle Theater,Point(-90.0684069 29.978154),,,"former movie theater in New Orleans, Louisiana, United States"
http://www.wikidata.org/entity/Q42669304,Circle Theater,Point(-90.0684069 29.978154),,,"former movie theater in New Orleans, Louisiana, United States"
http://www.wikidata.org/entity/Q42669304,Circle Theater,Point(-90.0684069 29.978154),,,"former movie theater in New Orleans, Louisiana, United States"
http://www.wikidata.org/entity/Q42669304,Circle Theater,Point(-90.0684069 29.978154),,,"former movie theater in New Orleans, Louisiana, United States"
http://www.wikidata.org/entity/Q42669304,Circle Theater,Point(-90.0684069 29.978154),,,"former movie theater in New Orleans, Louisiana, United States"
http://www.wikidata.org/entity/Q42669304,Circle Theater,Point(-90.0684069 29.978154),,,"former movie theater in New Orleans, Louisiana, United States"
http://www.wikidata.org/entity/Q42669304,Circle Theater,Point(-90.0684069 29.978154),,,"former movie theater in New Orleans, Louisiana, United States"
http://www.wikidata.org/entity/Q42669304,Circle Theater,Point(-90.0684069 29.978154),,,"former movie theater in New Orleans, Louisiana, United States"
http://www.wikidata.org/entity/Q42669304,Circle Theater,Point(-90.0684069 29.978154),,,"former movie theater in New Orleans, Louisiana, United States"
http://www.wikidata.org/entity/Q42669304,Circle Theater,Point(-90.0684069 29.978154),,,"former movie theater in New Orleans, Louisiana, United States"
http://www.wikidata.org/entity/Q42669304,Circle Theater,Point(-90.0684069 29.978154),,,"former movie theater in New Orleans, Louisiana, United States"
http://www.wikidata.org/entity/Q42669304,Circle Theater,Point(-90.0684069 29.978154),,,"former movie theater in New Orleans, Louisiana, United States"
http://www.wikidata.org/entity/Q42669304,Circle Theater,Point(-90.0684069 29.978154),,,"former movie theater in New Orleans, Louisiana, United States"
http://www.wikidata.org/entity/Q42669304,Circle Theater,Point(-90.0684069 29.978154),,,"former movie theater in New Orleans, Louisiana, United States"
http://www.wikidata.org/entity/Q42669304,Circle Theater,Point(-90.0684069 29.978154),,,"former movie theater in New Orleans, Louisiana, United States"
http://www.wikidata.org/entity/Q42669304,Circle Theater,Point(-90.0684069 29.978154),,,"former movie theater in New Orleans, Louisiana, United States"
http://www.wikidata.org/entity/Q42669304,Circle Theater,Point(-90.0684069 29.978154),,,"former movie theater in New Orleans, Louisiana, United States"
http://www.wikidata.org/entity/Q42669304,Circle Theater,Point(-90.0684069 29.978154),,,"former movie theater in New Orleans, Louisiana, United States"
http://www.wikidata.org/entity/Q42669304,Circle Theater,Point(-90.0684069 29.978154),,,"former movie theater in New Orleans, Louisiana, United States"
http://www.wikidata.org/entity/Q42669304,Circle Theater,Point(-90.0684069 29.978154),,,"former movie theater in New Orleans, Louisiana, United States"
http://www.wikidata.org/entity/Q42669304,Circle Theater,Point(-90.0684069 29.978154),,,"former movie theater in New Orleans, Louisiana, United States"
http://www.wikidata.org/entity/Q42669304,Circle Theater,Point(-90.0684069 29.978154),,,"former movie theater in New Orleans, Louisiana, United States"
http://www.wikidata.org/entity/Q42669304,Circle Theater,Point(-90.0684069 29.978154),,,"former movie theater in New Orleans, Louisiana, United States"
http://www.wikidata.org/entity/Q42669316,Rivoli Theatre,Point(-90.0754624 29.9755143),,,"former movie theater in New Orleans, Louisiana, United States"
http://www.wikidata.org/entity/Q42669316,Rivoli Theatre,Point(-90.0754624 29.9755143),,,"former movie theater in New Orleans, Louisiana, United States"
http://www.wikidata.org/entity/Q42669316,Rivoli Theatre,Point(-90.0754624 29.9755143),,,"former movie theater in New Orleans, Louisiana, United States"
http://www.wikidata.org/entity/Q42669316,Rivoli Theatre,Point(-90.0754624 29.9755143),,,"former movie theater in New Orleans, Louisiana, United States"
http://www.wikidata.org/entity/Q42669316,Rivoli Theatre,Point(-90.0754624 29.9755143),,,"former movie theater in New Orleans, Louisiana, United States"
http://www.wikidata.org/entity/Q42669316,Rivoli Theatre,Point(-90.0754624 29.9755143),,,"former movie theater in New Orleans, Louisiana, United States"
http://www.wikidata.org/entity/Q42669316,Rivoli Theatre,Point(-90.0754624 29.9755143),,,"former movie theater in New Orleans, Louisiana, United States"
http://www.wikidata.org/entity/Q42669316,Rivoli Theatre,Point(-90.0754624 29.9755143),,,"former movie theater in New Orleans, Louisiana, United States"
http://www.wikidata.org/entity/Q42669316,Rivoli Theatre,Point(-90.0754624 29.9755143),,,"former movie theater in New Orleans, Louisiana, United States"
http://www.wikidata.org/entity/Q42669316,Rivoli Theatre,Point(-90.0754624 29.9755143),,,"former movie theater in New Orleans, Louisiana, United States"
http://www.wikidata.org/entity/Q42669316,Rivoli Theatre,Point(-90.0754624 29.9755143),,,"former movie theater in New Orleans, Louisiana, United States"
http://www.wikidata.org/entity/Q42669316,Rivoli Theatre,Point(-90.0754624 29.9755143),,,"former movie theater in New Orleans, Louisiana, United States"
http://www.wikidata.org/entity/Q42669316,Rivoli Theatre,Point(-90.0754624 29.9755143),,,"former movie theater in New Orleans, Louisiana, United States"
http://www.wikidata.org/entity/Q42669316,Rivoli Theatre,Point(-90.0754624 29.9755143),,,"former movie theater in New Orleans, Louisiana, United States"
http://www.wikidata.org/entity/Q42669316,Rivoli Theatre,Point(-90.0754624 29.9755143),,,"former movie theater in New Orleans, Louisiana, United States"
http://www.wikidata.org/entity/Q42669316,Rivoli Theatre,Point(-90.0754624 29.9755143),,,"former movie theater in New Orleans, Louisiana, United States"
http://www.wikidata.org/entity/Q42669316,Rivoli Theatre,Point(-90.0754624 29.9755143),,,"former movie theater in New Orleans, Louisiana, United States"
http://www.wikidata.org/entity/Q42669316,Rivoli Theatre,Point(-90.0754624 29.9755143),,,"former movie theater in New Orleans, Louisiana, United States"
http://www.wikidata.org/entity/Q42669316,Rivoli Theatre,Point(-90.0754624 29.9755143),,,"former movie theater in New Orleans, Louisiana, United States"
http://www.wikidata.org/entity/Q42669316,Rivoli Theatre,Point(-90.0754624 29.9755143),,,"former movie theater in New Orleans, Louisiana, United States"
http://www.wikidata.org/entity/Q42669316,Rivoli Theatre,Point(-90.0754624 29.9755143),,,"former movie theater in New Orleans, Louisiana, United States"
http://www.wikidata.org/entity/Q42669316,Rivoli Theatre,Point(-90.0754624 29.9755143),,,"former movie theater in New Orleans, Louisiana, United States"
http://www.wikidata.org/entity/Q42669316,Rivoli Theatre,Point(-90.0754624 29.9755143),,,"former movie theater in New Orleans, Louisiana, United States"
http://www.wikidata.org/entity/Q42669316,Rivoli Theatre,Point(-90.0754624 29.9755143),,,"former movie theater in New Orleans, Louisiana, United States"
http://www.wikidata.org/entity/Q42669316,Rivoli Theatre,Point(-90.0754624 29.9755143),,,"former movie theater in New Orleans, Louisiana, United States"
http://www.wikidata.org/entity/Q42669316,Rivoli Theatre,Point(-90.0754624 29.9755143),,,"former movie theater in New Orleans, Louisiana, United States"
http://www.wikidata.org/entity/Q42669326,Capitol Theatre,Point(-90.0696339 29.96881),,,"former movie theater in New Orleans, Louisiana, United States"
http://www.wikidata.org/entity/Q42664808,Toulouse Theatre,Point(-90.064749 29.957032),,,"music venue and night club, a former movie theater in New Orleans, Louisiana, United States"
http://www.wikidata.org/entity/Q42664808,Toulouse Theatre,Point(-90.064749 29.957032),,,"music venue and night club, a former movie theater in New Orleans, Louisiana, United States"
http://www.wikidata.org/entity/Q42664808,Toulouse Theatre,Point(-90.064749 29.957032),,,"music venue and night club, a former movie theater in New Orleans, Louisiana, United States"
http://www.wikidata.org/entity/Q42664808,Toulouse Theatre,Point(-90.064749 29.957032),,,"music venue and night club, a former movie theater in New Orleans, Louisiana, United States"
http://www.wikidata.org/entity/Q42664808,Toulouse Theatre,Point(-90.064749 29.957032),,,"music venue and night club, a former movie theater in New Orleans, Louisiana, United States"
http://www.wikidata.org/entity/Q42664808,Toulouse Theatre,Point(-90.064749 29.957032),,,"music venue and night club, a former movie theater in New Orleans, Louisiana, United States"
http://www.wikidata.org/entity/Q42664808,Toulouse Theatre,Point(-90.064749 29.957032),,,"music venue and night club, a former movie theater in New Orleans, Louisiana, United States"
http://www.wikidata.org/entity/Q42664808,Toulouse Theatre,Point(-90.064749 29.957032),,,"music venue and night club, a former movie theater in New Orleans, Louisiana, United States"
http://www.wikidata.org/entity/Q42664808,Toulouse Theatre,Point(-90.064749 29.957032),,,"music venue and night club, a former movie theater in New Orleans, Louisiana, United States"
http://www.wikidata.org/entity/Q42664808,Toulouse Theatre,Point(-90.064749 29.957032),,,"music venue and night club, a former movie theater in New Orleans, Louisiana, United States"
http://www.wikidata.org/entity/Q42664808,Toulouse Theatre,Point(-90.064749 29.957032),,,"music venue and night club, a former movie theater in New Orleans, Louisiana, United States"
http://www.wikidata.org/entity/Q42664808,Toulouse Theatre,Point(-90.064749 29.957032),,,"music venue and night club, a former movie theater in New Orleans, Louisiana, United States"
http://www.wikidata.org/entity/Q42664808,Toulouse Theatre,Point(-90.064749 29.957032),,,"music venue and night club, a former movie theater in New Orleans, Louisiana, United States"
http://www.wikidata.org/entity/Q42664808,Toulouse Theatre,Point(-90.064749 29.957032),,,"music venue and night club, a former movie theater in New Orleans, Louisiana, United States"
http://www.wikidata.org/entity/Q42664808,Toulouse Theatre,Point(-90.064749 29.957032),,,"music venue and night club, a former movie theater in New Orleans, Louisiana, United States"
http://www.wikidata.org/entity/Q42664808,Toulouse Theatre,Point(-90.064749 29.957032),,,"music venue and night club, a former movie theater in New Orleans, Louisiana, United States"
http://www.wikidata.org/entity/Q42664808,Toulouse Theatre,Point(-90.064749 29.957032),,,"music venue and night club, a former movie theater in New Orleans, Louisiana, United States"
http://www.wikidata.org/entity/Q42664808,Toulouse Theatre,Point(-90.064749 29.957032),,,"music venue and night club, a former movie theater in New Orleans, Louisiana, United States"
http://www.wikidata.org/entity/Q42664808,Toulouse Theatre,Point(-90.064749 29.957032),,,"music venue and night club, a former movie theater in New Orleans, Louisiana, United States"
http://www.wikidata.org/entity/Q42664808,Toulouse Theatre,Point(-90.064749 29.957032),,,"music venue and night club, a former movie theater in New Orleans, Louisiana, United States"
http://www.wikidata.org/entity/Q42664808,Toulouse Theatre,Point(-90.064749 29.957032),,,"music venue and night club, a former movie theater in New Orleans, Louisiana, United States"
http://www.wikidata.org/entity/Q42664808,Toulouse Theatre,Point(-90.064749 29.957032),,,"music venue and night club, a former movie theater in New Orleans, Louisiana, United States"
http://www.wikidata.org/entity/Q42664808,Toulouse Theatre,Point(-90.064749 29.957032),,,"music venue and night club, a former movie theater in New Orleans, Louisiana, United States"
http://www.wikidata.org/entity/Q42664808,Toulouse Theatre,Point(-90.064749 29.957032),,,"music venue and night club, a former movie theater in New Orleans, Louisiana, United States"
http://www.wikidata.org/entity/Q42664808,Toulouse Theatre,Point(-90.064749 29.957032),,,"music venue and night club, a former movie theater in New Orleans, Louisiana, United States"
http://www.wikidata.org/entity/Q42664808,Toulouse Theatre,Point(-90.064749 29.957032),,,"music venue and night club, a former movie theater in New Orleans, Louisiana, United States"
http://www.wikidata.org/entity/Q42664996,Iroquois Theater,Point(-90.07485 29.95149),,,"former movie theater and music venue in New Orleans, Louisiana, United States"
http://www.wikidata.org/entity/Q42664996,Iroquois Theater,Point(-90.07485 29.95149),,,"former movie theater and music venue in New Orleans, Louisiana, United States"
http://www.wikidata.org/entity/Q42664996,Iroquois Theater,Point(-90.07485 29.95149),,,"former movie theater and music venue in New Orleans, Louisiana, United States"
http://www.wikidata.org/entity/Q42664996,Iroquois Theater,Point(-90.07485 29.95149),,,"former movie theater and music venue in New Orleans, Louisiana, United States"
http://www.wikidata.org/entity/Q42664996,Iroquois Theater,Point(-90.07485 29.95149),,,"former movie theater and music venue in New Orleans, Louisiana, United States"
http://www.wikidata.org/entity/Q42664996,Iroquois Theater,Point(-90.07485 29.95149),,,"former movie theater and music venue in New Orleans, Louisiana, United States"
http://www.wikidata.org/entity/Q42664996,Iroquois Theater,Point(-90.07485 29.95149),,,"former movie theater and music venue in New Orleans, Louisiana, United States"
http://www.wikidata.org/entity/Q42664996,Iroquois Theater,Point(-90.07485 29.95149),,,"former movie theater and music venue in New Orleans, Louisiana, United States"
http://www.wikidata.org/entity/Q42664996,Iroquois Theater,Point(-90.07485 29.95149),,,"former movie theater and music venue in New Orleans, Louisiana, United States"
http://www.wikidata.org/entity/Q42664996,Iroquois Theater,Point(-90.07485 29.95149),,,"former movie theater and music venue in New Orleans, Louisiana, United States"
http://www.wikidata.org/entity/Q42664996,Iroquois Theater,Point(-90.07485 29.95149),,,"former movie theater and music venue in New Orleans, Louisiana, United States"
http://www.wikidata.org/entity/Q42664996,Iroquois Theater,Point(-90.07485 29.95149),,,"former movie theater and music venue in New Orleans, Louisiana, United States"
http://www.wikidata.org/entity/Q42664996,Iroquois Theater,Point(-90.07485 29.95149),,,"former movie theater and music venue in New Orleans, Louisiana, United States"
http://www.wikidata.org/entity/Q42664996,Iroquois Theater,Point(-90.07485 29.95149),,,"former movie theater and music venue in New Orleans, Louisiana, United States"
http://www.wikidata.org/entity/Q42664996,Iroquois Theater,Point(-90.07485 29.95149),,,"former movie theater and music venue in New Orleans, Louisiana, United States"
http://www.wikidata.org/entity/Q42664996,Iroquois Theater,Point(-90.07485 29.95149),,,"former movie theater and music venue in New Orleans, Louisiana, United States"
http://www.wikidata.org/entity/Q42664996,Iroquois Theater,Point(-90.07485 29.95149),,,"former movie theater and music venue in New Orleans, Louisiana, United States"
http://www.wikidata.org/entity/Q42664996,Iroquois Theater,Point(-90.07485 29.95149),,,"former movie theater and music venue in New Orleans, Louisiana, United States"
http://www.wikidata.org/entity/Q42664996,Iroquois Theater,Point(-90.07485 29.95149),,,"former movie theater and music venue in New Orleans, Louisiana, United States"
http://www.wikidata.org/entity/Q42664996,Iroquois Theater,Point(-90.07485 29.95149),,,"former movie theater and music venue in New Orleans, Louisiana, United States"
http://www.wikidata.org/entity/Q42664996,Iroquois Theater,Point(-90.07485 29.95149),,,"former movie theater and music venue in New Orleans, Louisiana, United States"
http://www.wikidata.org/entity/Q42664996,Iroquois Theater,Point(-90.07485 29.95149),,,"former movie theater and music venue in New Orleans, Louisiana, United States"
http://www.wikidata.org/entity/Q42664996,Iroquois Theater,Point(-90.07485 29.95149),,,"former movie theater and music venue in New Orleans, Louisiana, United States"
http://www.wikidata.org/entity/Q42664996,Iroquois Theater,Point(-90.07485 29.95149),,,"former movie theater and music venue in New Orleans, Louisiana, United States"
http://www.wikidata.org/entity/Q42664996,Iroquois Theater,Point(-90.07485 29.95149),,,"former movie theater and music venue in New Orleans, Louisiana, United States"
http://www.wikidata.org/entity/Q42664996,Iroquois Theater,Point(-90.07485 29.95149),,,"former movie theater and music venue in New Orleans, Louisiana, United States"
http://www.wikidata.org/entity/Q42664996,Iroquois Theater,Point(-90.07485 29.95149),,,"former movie theater and music venue in New Orleans, Louisiana, United States"
http://www.wikidata.org/entity/Q42664996,Iroquois Theater,Point(-90.07485 29.95149),,,"former movie theater and music venue in New Orleans, Louisiana, United States"
http://www.wikidata.org/entity/Q42664996,Iroquois Theater,Point(-90.07485 29.95149),,,"former movie theater and music venue in New Orleans, Louisiana, United States"
http://www.wikidata.org/entity/Q42664996,Iroquois Theater,Point(-90.07485 29.95149),,,"former movie theater and music venue in New Orleans, Louisiana, United States"
http://www.wikidata.org/entity/Q42665237,Prytania Theater,Point(-90.1132496 29.9250489),,http://www.theprytania.com,"movie theater in New Orleans, Louisiana, United States"
http://www.wikidata.org/entity/Q42665237,Prytania Theater,Point(-90.1132496 29.9250489),,http://www.theprytania.com,"movie theater in New Orleans, Louisiana, United States"
http://www.wikidata.org/entity/Q42665237,Prytania Theater,Point(-90.1132496 29.9250489),,http://www.theprytania.com,"movie theater in New Orleans, Louisiana, United States"
http://www.wikidata.org/entity/Q42665237,Prytania Theater,Point(-90.1132496 29.9250489),,http://www.theprytania.com,"movie theater in New Orleans, Louisiana, United States"
http://www.wikidata.org/entity/Q42665237,Prytania Theater,Point(-90.1132496 29.9250489),,http://www.theprytania.com,"movie theater in New Orleans, Louisiana, United States"
http://www.wikidata.org/entity/Q42665237,Prytania Theater,Point(-90.1132496 29.9250489),,http://www.theprytania.com,"movie theater in New Orleans, Louisiana, United States"
http://www.wikidata.org/entity/Q42665237,Prytania Theater,Point(-90.1132496 29.9250489),,http://www.theprytania.com,"movie theater in New Orleans, Louisiana, United States"
http://www.wikidata.org/entity/Q42665237,Prytania Theater,Point(-90.1132496 29.9250489),,http://www.theprytania.com,"movie theater in New Orleans, Louisiana, United States"
http://www.wikidata.org/entity/Q42665237,Prytania Theater,Point(-90.1132496 29.9250489),,http://www.theprytania.com,"movie theater in New Orleans, Louisiana, United States"
http://www.wikidata.org/entity/Q42665237,Prytania Theater,Point(-90.1132496 29.9250489),,http://www.theprytania.com,"movie theater in New Orleans, Louisiana, United States"
http://www.wikidata.org/entity/Q42665237,Prytania Theater,Point(-90.1132496 29.9250489),,http://www.theprytania.com,"movie theater in New Orleans, Louisiana, United States"
http://www.wikidata.org/entity/Q42665237,Prytania Theater,Point(-90.1132496 29.9250489),,http://www.theprytania.com,"movie theater in New Orleans, Louisiana, United States"
http://www.wikidata.org/entity/Q42665237,Prytania Theater,Point(-90.1132496 29.9250489),,http://www.theprytania.com,"movie theater in New Orleans, Louisiana, United States"
http://www.wikidata.org/entity/Q42665237,Prytania Theater,Point(-90.1132496 29.9250489),,http://www.theprytania.com,"movie theater in New Orleans, Louisiana, United States"
http://www.wikidata.org/entity/Q42665237,Prytania Theater,Point(-90.1132496 29.9250489),,http://www.theprytania.com,"movie theater in New Orleans, Louisiana, United States"
http://www.wikidata.org/entity/Q42665237,Prytania Theater,Point(-90.1132496 29.9250489),,http://www.theprytania.com,"movie theater in New Orleans, Louisiana, United States"
http://www.wikidata.org/entity/Q42665237,Prytania Theater,Point(-90.1132496 29.9250489),,http://www.theprytania.com,"movie theater in New Orleans, Louisiana, United States"
http://www.wikidata.org/entity/Q42665237,Prytania Theater,Point(-90.1132496 29.9250489),,http://www.theprytania.com,"movie theater in New Orleans, Louisiana, United States"
http://www.wikidata.org/entity/Q42665237,Prytania Theater,Point(-90.1132496 29.9250489),,http://www.theprytania.com,"movie theater in New Orleans, Louisiana, United States"
http://www.wikidata.org/entity/Q42665237,Prytania Theater,Point(-90.1132496 29.9250489),,http://www.theprytania.com,"movie theater in New Orleans, Louisiana, United States"
http://www.wikidata.org/entity/Q42665237,Prytania Theater,Point(-90.1132496 29.9250489),,http://www.theprytania.com,"movie theater in New Orleans, Louisiana, United States"
http://www.wikidata.org/entity/Q42665237,Prytania Theater,Point(-90.1132496 29.9250489),,http://www.theprytania.com,"movie theater in New Orleans, Louisiana, United States"
http://www.wikidata.org/entity/Q42665237,Prytania Theater,Point(-90.1132496 29.9250489),,http://www.theprytania.com,"movie theater in New Orleans, Louisiana, United States"
http://www.wikidata.org/entity/Q42665237,Prytania Theater,Point(-90.1132496 29.9250489),,http://www.theprytania.com,"movie theater in New Orleans, Louisiana, United States"
http://www.wikidata.org/entity/Q42665237,Prytania Theater,Point(-90.1132496 29.9250489),,http://www.theprytania.com,"movie theater in New Orleans, Louisiana, United States"
http://www.wikidata.org/entity/Q42665237,Prytania Theater,Point(-90.1132496 29.9250489),,http://www.theprytania.com,"movie theater in New Orleans, Louisiana, United States"
http://www.wikidata.org/entity/Q42665282,St. Charles Theatre,Point(-90.0691438 29.9530718),,,"former movie theater in New Orleans, Louisiana, United States"
http://www.wikidata.org/entity/Q42665282,St. Charles Theatre,Point(-90.0691438 29.9530718),,,"former movie theater in New Orleans, Louisiana, United States"
http://www.wikidata.org/entity/Q42665282,St. Charles Theatre,Point(-90.0691438 29.9530718),,,"former movie theater in New Orleans, Louisiana, United States"
http://www.wikidata.org/entity/Q42665282,St. Charles Theatre,Point(-90.0691438 29.9530718),,,"former movie theater in New Orleans, Louisiana, United States"
http://www.wikidata.org/entity/Q42665282,St. Charles Theatre,Point(-90.0691438 29.9530718),,,"former movie theater in New Orleans, Louisiana, United States"
http://www.wikidata.org/entity/Q42665282,St. Charles Theatre,Point(-90.0691438 29.9530718),,,"former movie theater in New Orleans, Louisiana, United States"
http://www.wikidata.org/entity/Q42665282,St. Charles Theatre,Point(-90.0691438 29.9530718),,,"former movie theater in New Orleans, Louisiana, United States"
http://www.wikidata.org/entity/Q42665282,St. Charles Theatre,Point(-90.0691438 29.9530718),,,"former movie theater in New Orleans, Louisiana, United States"
http://www.wikidata.org/entity/Q42665282,St. Charles Theatre,Point(-90.0691438 29.9530718),,,"former movie theater in New Orleans, Louisiana, United States"
http://www.wikidata.org/entity/Q42665282,St. Charles Theatre,Point(-90.0691438 29.9530718),,,"former movie theater in New Orleans, Louisiana, United States"
http://www.wikidata.org/entity/Q42665282,St. Charles Theatre,Point(-90.0691438 29.9530718),,,"former movie theater in New Orleans, Louisiana, United States"
http://www.wikidata.org/entity/Q42665282,St. Charles Theatre,Point(-90.0691438 29.9530718),,,"former movie theater in New Orleans, Louisiana, United States"
http://www.wikidata.org/entity/Q42665282,St. Charles Theatre,Point(-90.0691438 29.9530718),,,"former movie theater in New Orleans, Louisiana, United States"
http://www.wikidata.org/entity/Q42665282,St. Charles Theatre,Point(-90.0691438 29.9530718),,,"former movie theater in New Orleans, Louisiana, United States"
http://www.wikidata.org/entity/Q42665282,St. Charles Theatre,Point(-90.0691438 29.9530718),,,"former movie theater in New Orleans, Louisiana, United States"
http://www.wikidata.org/entity/Q42665282,St. Charles Theatre,Point(-90.0691438 29.9530718),,,"former movie theater in New Orleans, Louisiana, United States"
http://www.wikidata.org/entity/Q42665282,St. Charles Theatre,Point(-90.0691438 29.9530718),,,"former movie theater in New Orleans, Louisiana, United States"
http://www.wikidata.org/entity/Q42665282,St. Charles Theatre,Point(-90.0691438 29.9530718),,,"former movie theater in New Orleans, Louisiana, United States"
http://www.wikidata.org/entity/Q34903350,Borgnemouth Park,Point(-89.909722222 29.9275),,,park in the United States of America
http://www.wikidata.org/entity/Q34905266,Breakwater Park,Point(-90.118055555 30.028888888),,,park in the United States of America
http://www.wikidata.org/entity/Q34905321,Breeze Park,Point(-90.093611111 30.025),,,park in the United States of America
http://www.wikidata.org/entity/Q34909264,Buddy Deuterive Park,Point(-90.067222222 30.014722222),,,park in the United States of America
http://www.wikidata.org/entity/Q34911087,Cabrini Playground,Point(-90.062777777 29.964166666),,,park in the United States of America
http://www.wikidata.org/entity/Q34926898,City Park,Point(-90.093055555 29.961388888),,,"park in Orleans Parish, Louisiana, United States of America"
http://www.wikidata.org/entity/Q34927297,Claiborne Circle,Point(-90.065555555 29.972777777),,,park in the United States of America
http://www.wikidata.org/entity/Q34927926,Clay Square,Point(-90.078333333 29.924444444),,,park in the United States of America
http://www.wikidata.org/entity/Q34928376,Cleary Park,Point(-90.166666666 29.964444444),,,"park in Jefferson Parish, Louisiana, United States of America"
http://www.wikidata.org/entity/Q42662966,AMC Elmwood Palace 20,Point(-90.189307 29.962344),,https://www.amctheatres.com/movie-theatres/new-orleans/amc-elmwood-palace-20,"movie theater in Elmwood (near Harahan), Louisiana, United States"
http://www.wikidata.org/entity/Q42662966,AMC Elmwood Palace 20,Point(-90.189307 29.962344),,https://www.amctheatres.com/movie-theatres/new-orleans/amc-elmwood-palace-20,"movie theater in Elmwood (near Harahan), Louisiana, United States"
http://www.wikidata.org/entity/Q42662966,AMC Elmwood Palace 20,Point(-90.189307 29.962344),,https://www.amctheatres.com/movie-theatres/new-orleans/amc-elmwood-palace-20,"movie theater in Elmwood (near Harahan), Louisiana, United States"
http://www.wikidata.org/entity/Q42662966,AMC Elmwood Palace 20,Point(-90.189307 29.962344),,https://www.amctheatres.com/movie-theatres/new-orleans/amc-elmwood-palace-20,"movie theater in Elmwood (near Harahan), Louisiana, United States"
http://www.wikidata.org/entity/Q42662966,AMC Elmwood Palace 20,Point(-90.189307 29.962344),,https://www.amctheatres.com/movie-theatres/new-orleans/amc-elmwood-palace-20,"movie theater in Elmwood (near Harahan), Louisiana, United States"
http://www.wikidata.org/entity/Q42662966,AMC Elmwood Palace 20,Point(-90.189307 29.962344),,https://www.amctheatres.com/movie-theatres/new-orleans/amc-elmwood-palace-20,"movie theater in Elmwood (near Harahan), Louisiana, United States"
http://www.wikidata.org/entity/Q42662966,AMC Elmwood Palace 20,Point(-90.189307 29.962344),,https://www.amctheatres.com/movie-theatres/new-orleans/amc-elmwood-palace-20,"movie theater in Elmwood (near Harahan), Louisiana, United States"
http://www.wikidata.org/entity/Q42662966,AMC Elmwood Palace 20,Point(-90.189307 29.962344),,https://www.amctheatres.com/movie-theatres/new-orleans/amc-elmwood-palace-20,"movie theater in Elmwood (near Harahan), Louisiana, United States"
http://www.wikidata.org/entity/Q42662966,AMC Elmwood Palace 20,Point(-90.189307 29.962344),,https://www.amctheatres.com/movie-theatres/new-orleans/amc-elmwood-palace-20,"movie theater in Elmwood (near Harahan), Louisiana, United States"
http://www.wikidata.org/entity/Q42662966,AMC Elmwood Palace 20,Point(-90.189307 29.962344),,https://www.amctheatres.com/movie-theatres/new-orleans/amc-elmwood-palace-20,"movie theater in Elmwood (near Harahan), Louisiana, United States"
http://www.wikidata.org/entity/Q42662966,AMC Elmwood Palace 20,Point(-90.189307 29.962344),,https://www.amctheatres.com/movie-theatres/new-orleans/amc-elmwood-palace-20,"movie theater in Elmwood (near Harahan), Louisiana, United States"
http://www.wikidata.org/entity/Q42662966,AMC Elmwood Palace 20,Point(-90.189307 29.962344),,https://www.amctheatres.com/movie-theatres/new-orleans/amc-elmwood-palace-20,"movie theater in Elmwood (near Harahan), Louisiana, United States"
http://www.wikidata.org/entity/Q42662966,AMC Elmwood Palace 20,Point(-90.189307 29.962344),,https://www.amctheatres.com/movie-theatres/new-orleans/amc-elmwood-palace-20,"movie theater in Elmwood (near Harahan), Louisiana, United States"
http://www.wikidata.org/entity/Q42662966,AMC Elmwood Palace 20,Point(-90.189307 29.962344),,https://www.amctheatres.com/movie-theatres/new-orleans/amc-elmwood-palace-20,"movie theater in Elmwood (near Harahan), Louisiana, United States"
http://www.wikidata.org/entity/Q42662966,AMC Elmwood Palace 20,Point(-90.189307 29.962344),,https://www.amctheatres.com/movie-theatres/new-orleans/amc-elmwood-palace-20,"movie theater in Elmwood (near Harahan), Louisiana, United States"
http://www.wikidata.org/entity/Q42662966,AMC Elmwood Palace 20,Point(-90.189307 29.962344),,https://www.amctheatres.com/movie-theatres/new-orleans/amc-elmwood-palace-20,"movie theater in Elmwood (near Harahan), Louisiana, United States"
http://www.wikidata.org/entity/Q42662966,AMC Elmwood Palace 20,Point(-90.189307 29.962344),,https://www.amctheatres.com/movie-theatres/new-orleans/amc-elmwood-palace-20,"movie theater in Elmwood (near Harahan), Louisiana, United States"
http://www.wikidata.org/entity/Q42662966,AMC Elmwood Palace 20,Point(-90.189307 29.962344),,https://www.amctheatres.com/movie-theatres/new-orleans/amc-elmwood-palace-20,"movie theater in Elmwood (near Harahan), Louisiana, United States"
http://www.wikidata.org/entity/Q42662966,AMC Elmwood Palace 20,Point(-90.189307 29.962344),,https://www.amctheatres.com/movie-theatres/new-orleans/amc-elmwood-palace-20,"movie theater in Elmwood (near Harahan), Louisiana, United States"
http://www.wikidata.org/entity/Q42662966,AMC Elmwood Palace 20,Point(-90.189307 29.962344),,https://www.amctheatres.com/movie-theatres/new-orleans/amc-elmwood-palace-20,"movie theater in Elmwood (near Harahan), Louisiana, United States"
http://www.wikidata.org/entity/Q42662966,AMC Elmwood Palace 20,Point(-90.189307 29.962344),,https://www.amctheatres.com/movie-theatres/new-orleans/amc-elmwood-palace-20,"movie theater in Elmwood (near Harahan), Louisiana, United States"
http://www.wikidata.org/entity/Q42662966,AMC Elmwood Palace 20,Point(-90.189307 29.962344),,https://www.amctheatres.com/movie-theatres/new-orleans/amc-elmwood-palace-20,"movie theater in Elmwood (near Harahan), Louisiana, United States"
http://www.wikidata.org/entity/Q42662966,AMC Elmwood Palace 20,Point(-90.189307 29.962344),,https://www.amctheatres.com/movie-theatres/new-orleans/amc-elmwood-palace-20,"movie theater in Elmwood (near Harahan), Louisiana, United States"
http://www.wikidata.org/entity/Q42662966,AMC Elmwood Palace 20,Point(-90.189307 29.962344),,https://www.amctheatres.com/movie-theatres/new-orleans/amc-elmwood-palace-20,"movie theater in Elmwood (near Harahan), Louisiana, United States"
http://www.wikidata.org/entity/Q42662966,AMC Elmwood Palace 20,Point(-90.189307 29.962344),,https://www.amctheatres.com/movie-theatres/new-orleans/amc-elmwood-palace-20,"movie theater in Elmwood (near Harahan), Louisiana, United States"
http://www.wikidata.org/entity/Q42662966,AMC Elmwood Palace 20,Point(-90.189307 29.962344),,https://www.amctheatres.com/movie-theatres/new-orleans/amc-elmwood-palace-20,"movie theater in Elmwood (near Harahan), Louisiana, United States"
http://www.wikidata.org/entity/Q42663992,Lakeside Cinemas,Point(-90.156143 30.0036434),,,"former movie theater in Metairie, Louisiana, United States"
http://www.wikidata.org/entity/Q42663992,Lakeside Cinemas,Point(-90.156143 30.0036434),,,"former movie theater in Metairie, Louisiana, United States"
http://www.wikidata.org/entity/Q42663992,Lakeside Cinemas,Point(-90.156143 30.0036434),,,"former movie theater in Metairie, Louisiana, United States"
http://www.wikidata.org/entity/Q42663992,Lakeside Cinemas,Point(-90.156143 30.0036434),,,"former movie theater in Metairie, Louisiana, United States"
http://www.wikidata.org/entity/Q42663992,Lakeside Cinemas,Point(-90.156143 30.0036434),,,"former movie theater in Metairie, Louisiana, United States"
http://www.wikidata.org/entity/Q42663992,Lakeside Cinemas,Point(-90.156143 30.0036434),,,"former movie theater in Metairie, Louisiana, United States"
http://www.wikidata.org/entity/Q42663992,Lakeside Cinemas,Point(-90.156143 30.0036434),,,"former movie theater in Metairie, Louisiana, United States"
http://www.wikidata.org/entity/Q42663992,Lakeside Cinemas,Point(-90.156143 30.0036434),,,"former movie theater in Metairie, Louisiana, United States"
http://www.wikidata.org/entity/Q42663992,Lakeside Cinemas,Point(-90.156143 30.0036434),,,"former movie theater in Metairie, Louisiana, United States"
http://www.wikidata.org/entity/Q42663992,Lakeside Cinemas,Point(-90.156143 30.0036434),,,"former movie theater in Metairie, Louisiana, United States"
http://www.wikidata.org/entity/Q42663992,Lakeside Cinemas,Point(-90.156143 30.0036434),,,"former movie theater in Metairie, Louisiana, United States"
http://www.wikidata.org/entity/Q42663992,Lakeside Cinemas,Point(-90.156143 30.0036434),,,"former movie theater in Metairie, Louisiana, United States"
http://www.wikidata.org/entity/Q42663992,Lakeside Cinemas,Point(-90.156143 30.0036434),,,"former movie theater in Metairie, Louisiana, United States"
http://www.wikidata.org/entity/Q42663992,Lakeside Cinemas,Point(-90.156143 30.0036434),,,"former movie theater in Metairie, Louisiana, United States"
http://www.wikidata.org/entity/Q42663992,Lakeside Cinemas,Point(-90.156143 30.0036434),,,"former movie theater in Metairie, Louisiana, United States"
http://www.wikidata.org/entity/Q42663992,Lakeside Cinemas,Point(-90.156143 30.0036434),,,"former movie theater in Metairie, Louisiana, United States"
http://www.wikidata.org/entity/Q42663992,Lakeside Cinemas,Point(-90.156143 30.0036434),,,"former movie theater in Metairie, Louisiana, United States"
http://www.wikidata.org/entity/Q42663992,Lakeside Cinemas,Point(-90.156143 30.0036434),,,"former movie theater in Metairie, Louisiana, United States"
http://www.wikidata.org/entity/Q42663992,Lakeside Cinemas,Point(-90.156143 30.0036434),,,"former movie theater in Metairie, Louisiana, United States"
http://www.wikidata.org/entity/Q42663992,Lakeside Cinemas,Point(-90.156143 30.0036434),,,"former movie theater in Metairie, Louisiana, United States"
http://www.wikidata.org/entity/Q42663992,Lakeside Cinemas,Point(-90.156143 30.0036434),,,"former movie theater in Metairie, Louisiana, United States"
http://www.wikidata.org/entity/Q42663992,Lakeside Cinemas,Point(-90.156143 30.0036434),,,"former movie theater in Metairie, Louisiana, United States"
http://www.wikidata.org/entity/Q42663992,Lakeside Cinemas,Point(-90.156143 30.0036434),,,"former movie theater in Metairie, Louisiana, United States"
http://www.wikidata.org/entity/Q42663992,Lakeside Cinemas,Point(-90.156143 30.0036434),,,"former movie theater in Metairie, Louisiana, United States"
http://www.wikidata.org/entity/Q42663992,Lakeside Cinemas,Point(-90.156143 30.0036434),,,"former movie theater in Metairie, Louisiana, United States"
http://www.wikidata.org/entity/Q42663992,Lakeside Cinemas,Point(-90.156143 30.0036434),,,"former movie theater in Metairie, Louisiana, United States"
http://www.wikidata.org/entity/Q42664765,Gordon Theatre,Point(-90.1416529 29.9074944),,,"former movie theater in Westwego, Louisiana, United States"
http://www.wikidata.org/entity/Q42664765,Gordon Theatre,Point(-90.1416529 29.9074944),,,"former movie theater in Westwego, Louisiana, United States"
http://www.wikidata.org/entity/Q42664765,Gordon Theatre,Point(-90.1416529 29.9074944),,,"former movie theater in Westwego, Louisiana, United States"
http://www.wikidata.org/entity/Q42664765,Gordon Theatre,Point(-90.1416529 29.9074944),,,"former movie theater in Westwego, Louisiana, United States"
http://www.wikidata.org/entity/Q42664765,Gordon Theatre,Point(-90.1416529 29.9074944),,,"former movie theater in Westwego, Louisiana, United States"
http://www.wikidata.org/entity/Q42664765,Gordon Theatre,Point(-90.1416529 29.9074944),,,"former movie theater in Westwego, Louisiana, United States"
http://www.wikidata.org/entity/Q42664765,Gordon Theatre,Point(-90.1416529 29.9074944),,,"former movie theater in Westwego, Louisiana, United States"
http://www.wikidata.org/entity/Q42664765,Gordon Theatre,Point(-90.1416529 29.9074944),,,"former movie theater in Westwego, Louisiana, United States"
http://www.wikidata.org/entity/Q42664765,Gordon Theatre,Point(-90.1416529 29.9074944),,,"former movie theater in Westwego, Louisiana, United States"
http://www.wikidata.org/entity/Q42664765,Gordon Theatre,Point(-90.1416529 29.9074944),,,"former movie theater in Westwego, Louisiana, United States"
http://www.wikidata.org/entity/Q42664765,Gordon Theatre,Point(-90.1416529 29.9074944),,,"former movie theater in Westwego, Louisiana, United States"
http://www.wikidata.org/entity/Q42664765,Gordon Theatre,Point(-90.1416529 29.9074944),,,"former movie theater in Westwego, Louisiana, United States"
http://www.wikidata.org/entity/Q42664765,Gordon Theatre,Point(-90.1416529 29.9074944),,,"former movie theater in Westwego, Louisiana, United States"
http://www.wikidata.org/entity/Q42664765,Gordon Theatre,Point(-90.1416529 29.9074944),,,"former movie theater in Westwego, Louisiana, United States"
http://www.wikidata.org/entity/Q42664765,Gordon Theatre,Point(-90.1416529 29.9074944),,,"former movie theater in Westwego, Louisiana, United States"
http://www.wikidata.org/entity/Q42664765,Gordon Theatre,Point(-90.1416529 29.9074944),,,"former movie theater in Westwego, Louisiana, United States"
http://www.wikidata.org/entity/Q42664765,Gordon Theatre,Point(-90.1416529 29.9074944),,,"former movie theater in Westwego, Louisiana, United States"
http://www.wikidata.org/entity/Q42664765,Gordon Theatre,Point(-90.1416529 29.9074944),,,"former movie theater in Westwego, Louisiana, United States"
http://www.wikidata.org/entity/Q42664765,Gordon Theatre,Point(-90.1416529 29.9074944),,,"former movie theater in Westwego, Louisiana, United States"
http://www.wikidata.org/entity/Q42664765,Gordon Theatre,Point(-90.1416529 29.9074944),,,"former movie theater in Westwego, Louisiana, United States"
http://www.wikidata.org/entity/Q42664765,Gordon Theatre,Point(-90.1416529 29.9074944),,,"former movie theater in Westwego, Louisiana, United States"
http://www.wikidata.org/entity/Q42664765,Gordon Theatre,Point(-90.1416529 29.9074944),,,"former movie theater in Westwego, Louisiana, United States"
http://www.wikidata.org/entity/Q42664765,Gordon Theatre,Point(-90.1416529 29.9074944),,,"former movie theater in Westwego, Louisiana, United States"
http://www.wikidata.org/entity/Q42664765,Gordon Theatre,Point(-90.1416529 29.9074944),,,"former movie theater in Westwego, Louisiana, United States"
http://www.wikidata.org/entity/Q42664765,Gordon Theatre,Point(-90.1416529 29.9074944),,,"former movie theater in Westwego, Louisiana, United States"
http://www.wikidata.org/entity/Q42664765,Gordon Theatre,Point(-90.1416529 29.9074944),,,"former movie theater in Westwego, Louisiana, United States"
http://www.wikidata.org/entity/Q42664808,Toulouse Theatre,Point(-90.064749 29.957032),,,"music venue and night club, a former movie theater in New Orleans, Louisiana, United States"
http://www.wikidata.org/entity/Q42664808,Toulouse Theatre,Point(-90.064749 29.957032),,,"music venue and night club, a former movie theater in New Orleans, Louisiana, United States"
http://www.wikidata.org/entity/Q42664808,Toulouse Theatre,Point(-90.064749 29.957032),,,"music venue and night club, a former movie theater in New Orleans, Louisiana, United States"
http://www.wikidata.org/entity/Q42664808,Toulouse Theatre,Point(-90.064749 29.957032),,,"music venue and night club, a former movie theater in New Orleans, Louisiana, United States"
http://www.wikidata.org/entity/Q42664808,Toulouse Theatre,Point(-90.064749 29.957032),,,"music venue and night club, a former movie theater in New Orleans, Louisiana, United States"
http://www.wikidata.org/entity/Q42664808,Toulouse Theatre,Point(-90.064749 29.957032),,,"music venue and night club, a former movie theater in New Orleans, Louisiana, United States"
http://www.wikidata.org/entity/Q42664808,Toulouse Theatre,Point(-90.064749 29.957032),,,"music venue and night club, a former movie theater in New Orleans, Louisiana, United States"
http://www.wikidata.org/entity/Q42664808,Toulouse Theatre,Point(-90.064749 29.957032),,,"music venue and night club, a former movie theater in New Orleans, Louisiana, United States"
http://www.wikidata.org/entity/Q42664808,Toulouse Theatre,Point(-90.064749 29.957032),,,"music venue and night club, a former movie theater in New Orleans, Louisiana, United States"
http://www.wikidata.org/entity/Q42664808,Toulouse Theatre,Point(-90.064749 29.957032),,,"music venue and night club, a former movie theater in New Orleans, Louisiana, United States"
http://www.wikidata.org/entity/Q42664808,Toulouse Theatre,Point(-90.064749 29.957032),,,"music venue and night club, a former movie theater in New Orleans, Louisiana, United States"
http://www.wikidata.org/entity/Q42664808,Toulouse Theatre,Point(-90.064749 29.957032),,,"music venue and night club, a former movie theater in New Orleans, Louisiana, United States"
http://www.wikidata.org/entity/Q42664808,Toulouse Theatre,Point(-90.064749 29.957032),,,"music venue and night club, a former movie theater in New Orleans, Louisiana, United States"
http://www.wikidata.org/entity/Q42665859,LaPlace Drive-In,Point(-90.4615172 30.0540542),,,"former drive-in movie theater in LaPlace, Louisiana, United States"
http://www.wikidata.org/entity/Q42665859,LaPlace Drive-In,Point(-90.4615172 30.0540542),,,"former drive-in movie theater in LaPlace, Louisiana, United States"
http://www.wikidata.org/entity/Q42665859,LaPlace Drive-In,Point(-90.4615172 30.0540542),,,"former drive-in movie theater in LaPlace, Louisiana, United States"
http://www.wikidata.org/entity/Q42665859,LaPlace Drive-In,Point(-90.4615172 30.0540542),,,"former drive-in movie theater in LaPlace, Louisiana, United States"
http://www.wikidata.org/entity/Q42665859,LaPlace Drive-In,Point(-90.4615172 30.0540542),,,"former drive-in movie theater in LaPlace, Louisiana, United States"
http://www.wikidata.org/entity/Q42665859,LaPlace Drive-In,Point(-90.4615172 30.0540542),,,"former drive-in movie theater in LaPlace, Louisiana, United States"
http://www.wikidata.org/entity/Q42665859,LaPlace Drive-In,Point(-90.4615172 30.0540542),,,"former drive-in movie theater in LaPlace, Louisiana, United States"
http://www.wikidata.org/entity/Q42665859,LaPlace Drive-In,Point(-90.4615172 30.0540542),,,"former drive-in movie theater in LaPlace, Louisiana, United States"
http://www.wikidata.org/entity/Q42665859,LaPlace Drive-In,Point(-90.4615172 30.0540542),,,"former drive-in movie theater in LaPlace, Louisiana, United States"
http://www.wikidata.org/entity/Q42665859,LaPlace Drive-In,Point(-90.4615172 30.0540542),,,"former drive-in movie theater in LaPlace, Louisiana, United States"
http://www.wikidata.org/entity/Q42665859,LaPlace Drive-In,Point(-90.4615172 30.0540542),,,"former drive-in movie theater in LaPlace, Louisiana, United States"
http://www.wikidata.org/entity/Q42665859,LaPlace Drive-In,Point(-90.4615172 30.0540542),,,"former drive-in movie theater in LaPlace, Louisiana, United States"
http://www.wikidata.org/entity/Q42665859,LaPlace Drive-In,Point(-90.4615172 30.0540542),,,"former drive-in movie theater in LaPlace, Louisiana, United States"
http://www.wikidata.org/entity/Q42665859,LaPlace Drive-In,Point(-90.4615172 30.0540542),,,"former drive-in movie theater in LaPlace, Louisiana, United States"
http://www.wikidata.org/entity/Q42665859,LaPlace Drive-In,Point(-90.4615172 30.0540542),,,"former drive-in movie theater in LaPlace, Louisiana, United States"
http://www.wikidata.org/entity/Q42665859,LaPlace Drive-In,Point(-90.4615172 30.0540542),,,"former drive-in movie theater in LaPlace, Louisiana, United States"
http://www.wikidata.org/entity/Q42665859,LaPlace Drive-In,Point(-90.4615172 30.0540542),,,"former drive-in movie theater in LaPlace, Louisiana, United States"
http://www.wikidata.org/entity/Q42665859,LaPlace Drive-In,Point(-90.4615172 30.0540542),,,"former drive-in movie theater in LaPlace, Louisiana, United States"
http://www.wikidata.org/entity/Q42665859,LaPlace Drive-In,Point(-90.4615172 30.0540542),,,"former drive-in movie theater in LaPlace, Louisiana, United States"
http://www.wikidata.org/entity/Q42665859,LaPlace Drive-In,Point(-90.4615172 30.0540542),,,"former drive-in movie theater in LaPlace, Louisiana, United States"
http://www.wikidata.org/entity/Q42665859,LaPlace Drive-In,Point(-90.4615172 30.0540542),,,"former drive-in movie theater in LaPlace, Louisiana, United States"
http://www.wikidata.org/entity/Q42665859,LaPlace Drive-In,Point(-90.4615172 30.0540542),,,"former drive-in movie theater in LaPlace, Louisiana, United States"
http://www.wikidata.org/entity/Q42665859,LaPlace Drive-In,Point(-90.4615172 30.0540542),,,"former drive-in movie theater in LaPlace, Louisiana, United States"
http://www.wikidata.org/entity/Q42665859,LaPlace Drive-In,Point(-90.4615172 30.0540542),,,"former drive-in movie theater in LaPlace, Louisiana, United States"
http://www.wikidata.org/entity/Q42665859,LaPlace Drive-In,Point(-90.4615172 30.0540542),,,"former drive-in movie theater in LaPlace, Louisiana, United States"
http://www.wikidata.org/entity/Q42665859,LaPlace Drive-In,Point(-90.4615172 30.0540542),,,"former drive-in movie theater in LaPlace, Louisiana, United States"
http://www.wikidata.org/entity/Q42665859,LaPlace Drive-In,Point(-90.4615172 30.0540542),,,"former drive-in movie theater in LaPlace, Louisiana, United States"
http://www.wikidata.org/entity/Q42665859,LaPlace Drive-In,Point(-90.4615172 30.0540542),,,"former drive-in movie theater in LaPlace, Louisiana, United States"
http://www.wikidata.org/entity/Q42665859,LaPlace Drive-In,Point(-90.4615172 30.0540542),,,"former drive-in movie theater in LaPlace, Louisiana, United States"
http://www.wikidata.org/entity/Q42665859,LaPlace Drive-In,Point(-90.4615172 30.0540542),,,"former drive-in movie theater in LaPlace, Louisiana, United States"
http://www.wikidata.org/entity/Q42665859,LaPlace Drive-In,Point(-90.4615172 30.0540542),,,"former drive-in movie theater in LaPlace, Louisiana, United States"
http://www.wikidata.org/entity/Q42665859,LaPlace Drive-In,Point(-90.4615172 30.0540542),,,"former drive-in movie theater in LaPlace, Louisiana, United States"
http://www.wikidata.org/entity/Q42665859,LaPlace Drive-In,Point(-90.4615172 30.0540542),,,"former drive-in movie theater in LaPlace, Louisiana, United States"
http://www.wikidata.org/entity/Q42665859,LaPlace Drive-In,Point(-90.4615172 30.0540542),,,"former drive-in movie theater in LaPlace, Louisiana, United States"
http://www.wikidata.org/entity/Q42665859,LaPlace Drive-In,Point(-90.4615172 30.0540542),,,"former drive-in movie theater in LaPlace, Louisiana, United States"
http://www.wikidata.org/entity/Q42665859,LaPlace Drive-In,Point(-90.4615172 30.0540542),,,"former drive-in movie theater in LaPlace, Louisiana, United States"
http://www.wikidata.org/entity/Q42665859,LaPlace Drive-In,Point(-90.4615172 30.0540542),,,"former drive-in movie theater in LaPlace, Louisiana, United States"
http://www.wikidata.org/entity/Q42665859,LaPlace Drive-In,Point(-90.4615172 30.0540542),,,"former drive-in movie theater in LaPlace, Louisiana, United States"
http://www.wikidata.org/entity/Q42665859,LaPlace Drive-In,Point(-90.4615172 30.0540542),,,"former drive-in movie theater in LaPlace, Louisiana, United States"
http://www.wikidata.org/entity/Q42665859,LaPlace Drive-In,Point(-90.4615172 30.0540542),,,"former drive-in movie theater in LaPlace, Louisiana, United States"
http://www.wikidata.org/entity/Q42665896,Marrero Drive-In,Point(-90.1066224 29.8964689),,,"former drive-in movie theater in Marrero, Louisiana, United States"
http://www.wikidata.org/entity/Q42665896,Marrero Drive-In,Point(-90.1066224 29.8964689),,,"former drive-in movie theater in Marrero, Louisiana, United States"
http://www.wikidata.org/entity/Q42665896,Marrero Drive-In,Point(-90.1066224 29.8964689),,,"former drive-in movie theater in Marrero, Louisiana, United States"
http://www.wikidata.org/entity/Q42665896,Marrero Drive-In,Point(-90.1066224 29.8964689),,,"former drive-in movie theater in Marrero, Louisiana, United States"
http://www.wikidata.org/entity/Q42665896,Marrero Drive-In,Point(-90.1066224 29.8964689),,,"former drive-in movie theater in Marrero, Louisiana, United States"
http://www.wikidata.org/entity/Q42665896,Marrero Drive-In,Point(-90.1066224 29.8964689),,,"former drive-in movie theater in Marrero, Louisiana, United States"
http://www.wikidata.org/entity/Q42665896,Marrero Drive-In,Point(-90.1066224 29.8964689),,,"former drive-in movie theater in Marrero, Louisiana, United States"
http://www.wikidata.org/entity/Q42665896,Marrero Drive-In,Point(-90.1066224 29.8964689),,,"former drive-in movie theater in Marrero, Louisiana, United States"
http://www.wikidata.org/entity/Q42665896,Marrero Drive-In,Point(-90.1066224 29.8964689),,,"former drive-in movie theater in Marrero, Louisiana, United States"
http://www.wikidata.org/entity/Q42665896,Marrero Drive-In,Point(-90.1066224 29.8964689),,,"former drive-in movie theater in Marrero, Louisiana, United States"
http://www.wikidata.org/entity/Q42665896,Marrero Drive-In,Point(-90.1066224 29.8964689),,,"former drive-in movie theater in Marrero, Louisiana, United States"
http://www.wikidata.org/entity/Q42665896,Marrero Drive-In,Point(-90.1066224 29.8964689),,,"former drive-in movie theater in Marrero, Louisiana, United States"
http://www.wikidata.org/entity/Q42665282,St. Charles Theatre,Point(-90.0691438 29.9530718),,,"former movie theater in New Orleans, Louisiana, United States"
http://www.wikidata.org/entity/Q42665282,St. Charles Theatre,Point(-90.0691438 29.9530718),,,"former movie theater in New Orleans, Louisiana, United States"
http://www.wikidata.org/entity/Q42665282,St. Charles Theatre,Point(-90.0691438 29.9530718),,,"former movie theater in New Orleans, Louisiana, United States"
http://www.wikidata.org/entity/Q42665282,St. Charles Theatre,Point(-90.0691438 29.9530718),,,"former movie theater in New Orleans, Louisiana, United States"
http://www.wikidata.org/entity/Q42665282,St. Charles Theatre,Point(-90.0691438 29.9530718),,,"former movie theater in New Orleans, Louisiana, United States"
http://www.wikidata.org/entity/Q42665282,St. Charles Theatre,Point(-90.0691438 29.9530718),,,"former movie theater in New Orleans, Louisiana, United States"
http://www.wikidata.org/entity/Q42665282,St. Charles Theatre,Point(-90.0691438 29.9530718),,,"former movie theater in New Orleans, Louisiana, United States"
http://www.wikidata.org/entity/Q42665282,St. Charles Theatre,Point(-90.0691438 29.9530718),,,"former movie theater in New Orleans, Louisiana, United States"
http://www.wikidata.org/entity/Q42665499,St. Bernard Drive-In,Point(-89.9645335 29.9358574),,,"former drive-in movie theater in Arabi, Louisiana, United States"
http://www.wikidata.org/entity/Q42665499,St. Bernard Drive-In,Point(-89.9645335 29.9358574),,,"former drive-in movie theater in Arabi, Louisiana, United States"
http://www.wikidata.org/entity/Q42665499,St. Bernard Drive-In,Point(-89.9645335 29.9358574),,,"former drive-in movie theater in Arabi, Louisiana, United States"
http://www.wikidata.org/entity/Q42665499,St. Bernard Drive-In,Point(-89.9645335 29.9358574),,,"former drive-in movie theater in Arabi, Louisiana, United States"
http://www.wikidata.org/entity/Q42665499,St. Bernard Drive-In,Point(-89.9645335 29.9358574),,,"former drive-in movie theater in Arabi, Louisiana, United States"
http://www.wikidata.org/entity/Q42665499,St. Bernard Drive-In,Point(-89.9645335 29.9358574),,,"former drive-in movie theater in Arabi, Louisiana, United States"
http://www.wikidata.org/entity/Q42665499,St. Bernard Drive-In,Point(-89.9645335 29.9358574),,,"former drive-in movie theater in Arabi, Louisiana, United States"
http://www.wikidata.org/entity/Q42665499,St. Bernard Drive-In,Point(-89.9645335 29.9358574),,,"former drive-in movie theater in Arabi, Louisiana, United States"
http://www.wikidata.org/entity/Q42665499,St. Bernard Drive-In,Point(-89.9645335 29.9358574),,,"former drive-in movie theater in Arabi, Louisiana, United States"
http://www.wikidata.org/entity/Q42665499,St. Bernard Drive-In,Point(-89.9645335 29.9358574),,,"former drive-in movie theater in Arabi, Louisiana, United States"
http://www.wikidata.org/entity/Q42665499,St. Bernard Drive-In,Point(-89.9645335 29.9358574),,,"former drive-in movie theater in Arabi, Louisiana, United States"
http://www.wikidata.org/entity/Q42665499,St. Bernard Drive-In,Point(-89.9645335 29.9358574),,,"former drive-in movie theater in Arabi, Louisiana, United States"
http://www.wikidata.org/entity/Q42665499,St. Bernard Drive-In,Point(-89.9645335 29.9358574),,,"former drive-in movie theater in Arabi, Louisiana, United States"
http://www.wikidata.org/entity/Q42665499,St. Bernard Drive-In,Point(-89.9645335 29.9358574),,,"former drive-in movie theater in Arabi, Louisiana, United States"
http://www.wikidata.org/entity/Q42665499,St. Bernard Drive-In,Point(-89.9645335 29.9358574),,,"former drive-in movie theater in Arabi, Louisiana, United States"
http://www.wikidata.org/entity/Q42665499,St. Bernard Drive-In,Point(-89.9645335 29.9358574),,,"former drive-in movie theater in Arabi, Louisiana, United States"
http://www.wikidata.org/entity/Q42665499,St. Bernard Drive-In,Point(-89.9645335 29.9358574),,,"former drive-in movie theater in Arabi, Louisiana, United States"
http://www.wikidata.org/entity/Q42665499,St. Bernard Drive-In,Point(-89.9645335 29.9358574),,,"former drive-in movie theater in Arabi, Louisiana, United States"
http://www.wikidata.org/entity/Q42665499,St. Bernard Drive-In,Point(-89.9645335 29.9358574),,,"former drive-in movie theater in Arabi, Louisiana, United States"
http://www.wikidata.org/entity/Q42665499,St. Bernard Drive-In,Point(-89.9645335 29.9358574),,,"former drive-in movie theater in Arabi, Louisiana, United States"
http://www.wikidata.org/entity/Q42665499,St. Bernard Drive-In,Point(-89.9645335 29.9358574),,,"former drive-in movie theater in Arabi, Louisiana, United States"
http://www.wikidata.org/entity/Q42665499,St. Bernard Drive-In,Point(-89.9645335 29.9358574),,,"former drive-in movie theater in Arabi, Louisiana, United States"
http://www.wikidata.org/entity/Q42665499,St. Bernard Drive-In,Point(-89.9645335 29.9358574),,,"former drive-in movie theater in Arabi, Louisiana, United States"
http://www.wikidata.org/entity/Q42665499,St. Bernard Drive-In,Point(-89.9645335 29.9358574),,,"former drive-in movie theater in Arabi, Louisiana, United States"
http://www.wikidata.org/entity/Q42665499,St. Bernard Drive-In,Point(-89.9645335 29.9358574),,,"former drive-in movie theater in Arabi, Louisiana, United States"
http://www.wikidata.org/entity/Q42665499,St. Bernard Drive-In,Point(-89.9645335 29.9358574),,,"former drive-in movie theater in Arabi, Louisiana, United States"
http://www.wikidata.org/entity/Q42665499,St. Bernard Drive-In,Point(-89.9645335 29.9358574),,,"former drive-in movie theater in Arabi, Louisiana, United States"
http://www.wikidata.org/entity/Q42665499,St. Bernard Drive-In,Point(-89.9645335 29.9358574),,,"former drive-in movie theater in Arabi, Louisiana, United States"
http://www.wikidata.org/entity/Q42665499,St. Bernard Drive-In,Point(-89.9645335 29.9358574),,,"former drive-in movie theater in Arabi, Louisiana, United States"
http://www.wikidata.org/entity/Q42665499,St. Bernard Drive-In,Point(-89.9645335 29.9358574),,,"former drive-in movie theater in Arabi, Louisiana, United States"
http://www.wikidata.org/entity/Q42665499,St. Bernard Drive-In,Point(-89.9645335 29.9358574),,,"former drive-in movie theater in Arabi, Louisiana, United States"
http://www.wikidata.org/entity/Q42665499,St. Bernard Drive-In,Point(-89.9645335 29.9358574),,,"former drive-in movie theater in Arabi, Louisiana, United States"
http://www.wikidata.org/entity/Q42665499,St. Bernard Drive-In,Point(-89.9645335 29.9358574),,,"former drive-in movie theater in Arabi, Louisiana, United States"
http://www.wikidata.org/entity/Q42665499,St. Bernard Drive-In,Point(-89.9645335 29.9358574),,,"former drive-in movie theater in Arabi, Louisiana, United States"
http://www.wikidata.org/entity/Q42665499,St. Bernard Drive-In,Point(-89.9645335 29.9358574),,,"former drive-in movie theater in Arabi, Louisiana, United States"
http://www.wikidata.org/entity/Q42665499,St. Bernard Drive-In,Point(-89.9645335 29.9358574),,,"former drive-in movie theater in Arabi, Louisiana, United States"
http://www.wikidata.org/entity/Q42665499,St. Bernard Drive-In,Point(-89.9645335 29.9358574),,,"former drive-in movie theater in Arabi, Louisiana, United States"
http://www.wikidata.org/entity/Q42665499,St. Bernard Drive-In,Point(-89.9645335 29.9358574),,,"former drive-in movie theater in Arabi, Louisiana, United States"
http://www.wikidata.org/entity/Q42665499,St. Bernard Drive-In,Point(-89.9645335 29.9358574),,,"former drive-in movie theater in Arabi, Louisiana, United States"
http://www.wikidata.org/entity/Q42665499,St. Bernard Drive-In,Point(-89.9645335 29.9358574),,,"former drive-in movie theater in Arabi, Louisiana, United States"
http://www.wikidata.org/entity/Q42665499,St. Bernard Drive-In,Point(-89.9645335 29.9358574),,,"former drive-in movie theater in Arabi, Louisiana, United States"
http://www.wikidata.org/entity/Q42665499,St. Bernard Drive-In,Point(-89.9645335 29.9358574),,,"former drive-in movie theater in Arabi, Louisiana, United States"
http://www.wikidata.org/entity/Q42665499,St. Bernard Drive-In,Point(-89.9645335 29.9358574),,,"former drive-in movie theater in Arabi, Louisiana, United States"
http://www.wikidata.org/entity/Q42665499,St. Bernard Drive-In,Point(-89.9645335 29.9358574),,,"former drive-in movie theater in Arabi, Louisiana, United States"
http://www.wikidata.org/entity/Q42665717,Gretna Green Drive-In,Point(-90.051918 29.9057353),,,"former drive-in movie theater in Gretna, Louisiana, United States"
http://www.wikidata.org/entity/Q42665717,Gretna Green Drive-In,Point(-90.051918 29.9057353),,,"former drive-in movie theater in Gretna, Louisiana, United States"
http://www.wikidata.org/entity/Q42665717,Gretna Green Drive-In,Point(-90.051918 29.9057353),,,"former drive-in movie theater in Gretna, Louisiana, United States"
http://www.wikidata.org/entity/Q42665717,Gretna Green Drive-In,Point(-90.051918 29.9057353),,,"former drive-in movie theater in Gretna, Louisiana, United States"
http://www.wikidata.org/entity/Q42665717,Gretna Green Drive-In,Point(-90.051918 29.9057353),,,"former drive-in movie theater in Gretna, Louisiana, United States"
http://www.wikidata.org/entity/Q42665717,Gretna Green Drive-In,Point(-90.051918 29.9057353),,,"former drive-in movie theater in Gretna, Louisiana, United States"
http://www.wikidata.org/entity/Q42665717,Gretna Green Drive-In,Point(-90.051918 29.9057353),,,"former drive-in movie theater in Gretna, Louisiana, United States"
http://www.wikidata.org/entity/Q42665717,Gretna Green Drive-In,Point(-90.051918 29.9057353),,,"former drive-in movie theater in Gretna, Louisiana, United States"
http://www.wikidata.org/entity/Q42665717,Gretna Green Drive-In,Point(-90.051918 29.9057353),,,"former drive-in movie theater in Gretna, Louisiana, United States"
http://www.wikidata.org/entity/Q42665717,Gretna Green Drive-In,Point(-90.051918 29.9057353),,,"former drive-in movie theater in Gretna, Louisiana, United States"
http://www.wikidata.org/entity/Q42665717,Gretna Green Drive-In,Point(-90.051918 29.9057353),,,"former drive-in movie theater in Gretna, Louisiana, United States"
http://www.wikidata.org/entity/Q42665717,Gretna Green Drive-In,Point(-90.051918 29.9057353),,,"former drive-in movie theater in Gretna, Louisiana, United States"
http://www.wikidata.org/entity/Q42665717,Gretna Green Drive-In,Point(-90.051918 29.9057353),,,"former drive-in movie theater in Gretna, Louisiana, United States"
http://www.wikidata.org/entity/Q42665717,Gretna Green Drive-In,Point(-90.051918 29.9057353),,,"former drive-in movie theater in Gretna, Louisiana, United States"
http://www.wikidata.org/entity/Q42665717,Gretna Green Drive-In,Point(-90.051918 29.9057353),,,"former drive-in movie theater in Gretna, Louisiana, United States"
http://www.wikidata.org/entity/Q42665717,Gretna Green Drive-In,Point(-90.051918 29.9057353),,,"former drive-in movie theater in Gretna, Louisiana, United States"
http://www.wikidata.org/entity/Q42665717,Gretna Green Drive-In,Point(-90.051918 29.9057353),,,"former drive-in movie theater in Gretna, Louisiana, United States"
http://www.wikidata.org/entity/Q42665717,Gretna Green Drive-In,Point(-90.051918 29.9057353),,,"former drive-in movie theater in Gretna, Louisiana, United States"
http://www.wikidata.org/entity/Q42665717,Gretna Green Drive-In,Point(-90.051918 29.9057353),,,"former drive-in movie theater in Gretna, Louisiana, United States"
http://www.wikidata.org/entity/Q42665717,Gretna Green Drive-In,Point(-90.051918 29.9057353),,,"former drive-in movie theater in Gretna, Louisiana, United States"
http://www.wikidata.org/entity/Q42665717,Gretna Green Drive-In,Point(-90.051918 29.9057353),,,"former drive-in movie theater in Gretna, Louisiana, United States"
http://www.wikidata.org/entity/Q42665717,Gretna Green Drive-In,Point(-90.051918 29.9057353),,,"former drive-in movie theater in Gretna, Louisiana, United States"
http://www.wikidata.org/entity/Q42665717,Gretna Green Drive-In,Point(-90.051918 29.9057353),,,"former drive-in movie theater in Gretna, Louisiana, United States"
http://www.wikidata.org/entity/Q42665717,Gretna Green Drive-In,Point(-90.051918 29.9057353),,,"former drive-in movie theater in Gretna, Louisiana, United States"
http://www.wikidata.org/entity/Q42665717,Gretna Green Drive-In,Point(-90.051918 29.9057353),,,"former drive-in movie theater in Gretna, Louisiana, United States"
http://www.wikidata.org/entity/Q42665717,Gretna Green Drive-In,Point(-90.051918 29.9057353),,,"former drive-in movie theater in Gretna, Louisiana, United States"
http://www.wikidata.org/entity/Q42665717,Gretna Green Drive-In,Point(-90.051918 29.9057353),,,"former drive-in movie theater in Gretna, Louisiana, United States"
http://www.wikidata.org/entity/Q42665717,Gretna Green Drive-In,Point(-90.051918 29.9057353),,,"former drive-in movie theater in Gretna, Louisiana, United States"
http://www.wikidata.org/entity/Q42665717,Gretna Green Drive-In,Point(-90.051918 29.9057353),,,"former drive-in movie theater in Gretna, Louisiana, United States"
http://www.wikidata.org/entity/Q42665717,Gretna Green Drive-In,Point(-90.051918 29.9057353),,,"former drive-in movie theater in Gretna, Louisiana, United States"
http://www.wikidata.org/entity/Q42665717,Gretna Green Drive-In,Point(-90.051918 29.9057353),,,"former drive-in movie theater in Gretna, Louisiana, United States"
http://www.wikidata.org/entity/Q42665717,Gretna Green Drive-In,Point(-90.051918 29.9057353),,,"former drive-in movie theater in Gretna, Louisiana, United States"
http://www.wikidata.org/entity/Q42665717,Gretna Green Drive-In,Point(-90.051918 29.9057353),,,"former drive-in movie theater in Gretna, Louisiana, United States"
http://www.wikidata.org/entity/Q42665717,Gretna Green Drive-In,Point(-90.051918 29.9057353),,,"former drive-in movie theater in Gretna, Louisiana, United States"
http://www.wikidata.org/entity/Q42665717,Gretna Green Drive-In,Point(-90.051918 29.9057353),,,"former drive-in movie theater in Gretna, Louisiana, United States"
http://www.wikidata.org/entity/Q42665717,Gretna Green Drive-In,Point(-90.051918 29.9057353),,,"former drive-in movie theater in Gretna, Louisiana, United States"
http://www.wikidata.org/entity/Q42665717,Gretna Green Drive-In,Point(-90.051918 29.9057353),,,"former drive-in movie theater in Gretna, Louisiana, United States"
http://www.wikidata.org/entity/Q42665717,Gretna Green Drive-In,Point(-90.051918 29.9057353),,,"former drive-in movie theater in Gretna, Louisiana, United States"
http://www.wikidata.org/entity/Q42665717,Gretna Green Drive-In,Point(-90.051918 29.9057353),,,"former drive-in movie theater in Gretna, Louisiana, United States"
http://www.wikidata.org/entity/Q42665717,Gretna Green Drive-In,Point(-90.051918 29.9057353),,,"former drive-in movie theater in Gretna, Louisiana, United States"
http://www.wikidata.org/entity/Q42665717,Gretna Green Drive-In,Point(-90.051918 29.9057353),,,"former drive-in movie theater in Gretna, Louisiana, United States"
http://www.wikidata.org/entity/Q42665717,Gretna Green Drive-In,Point(-90.051918 29.9057353),,,"former drive-in movie theater in Gretna, Louisiana, United States"
http://www.wikidata.org/entity/Q42665717,Gretna Green Drive-In,Point(-90.051918 29.9057353),,,"former drive-in movie theater in Gretna, Louisiana, United States"
http://www.wikidata.org/entity/Q42665717,Gretna Green Drive-In,Point(-90.051918 29.9057353),,,"former drive-in movie theater in Gretna, Louisiana, United States"
http://www.wikidata.org/entity/Q42665859,LaPlace Drive-In,Point(-90.4615172 30.0540542),,,"former drive-in movie theater in LaPlace, Louisiana, United States"
http://www.wikidata.org/entity/Q42665859,LaPlace Drive-In,Point(-90.4615172 30.0540542),,,"former drive-in movie theater in LaPlace, Louisiana, United States"
http://www.wikidata.org/entity/Q42665859,LaPlace Drive-In,Point(-90.4615172 30.0540542),,,"former drive-in movie theater in LaPlace, Louisiana, United States"
http://www.wikidata.org/entity/Q42665859,LaPlace Drive-In,Point(-90.4615172 30.0540542),,,"former drive-in movie theater in LaPlace, Louisiana, United States"
http://www.wikidata.org/entity/Q166880,City Park,Point(-90.093 30.002),neworleanscitypark,https://neworleanscitypark.org/,"public park in New Orleans, USA"
http://www.wikidata.org/entity/Q166880,City Park,Point(-90.093 30.002),neworleanscitypark,https://neworleanscitypark.org/,"public park in New Orleans, USA"
http://www.wikidata.org/entity/Q166880,City Park,Point(-90.093 30.002),neworleanscitypark,https://neworleanscitypark.org/,"public park in New Orleans, USA"
http://www.wikidata.org/entity/Q166880,City Park,Point(-90.093 30.002),neworleanscitypark,https://neworleanscitypark.org/,"public park in New Orleans, USA"
http://www.wikidata.org/entity/Q166880,City Park,Point(-90.093 30.002),neworleanscitypark,https://neworleanscitypark.org/,"public park in New Orleans, USA"
http://www.wikidata.org/entity/Q166880,City Park,Point(-90.093 30.002),neworleanscitypark,https://neworleanscitypark.org/,"public park in New Orleans, USA"
http://www.wikidata.org/entity/Q166880,City Park,Point(-90.093 30.002),neworleanscitypark,https://neworleanscitypark.org/,"public park in New Orleans, USA"
http://www.wikidata.org/entity/Q166880,City Park,Point(-90.093 30.002),neworleanscitypark,https://neworleanscitypark.org/,"public park in New Orleans, USA"
http://www.wikidata.org/entity/Q166880,City Park,Point(-90.093 30.002),neworleanscitypark,https://neworleanscitypark.org/,"public park in New Orleans, USA"
http://www.wikidata.org/entity/Q166880,City Park,Point(-90.093 30.002),neworleanscitypark,https://neworleanscitypark.org/,"public park in New Orleans, USA"
http://www.wikidata.org/entity/Q166880,City Park,Point(-90.093 30.002),neworleanscitypark,https://neworleanscitypark.org/,"public park in New Orleans, USA"
http://www.wikidata.org/entity/Q166880,City Park,Point(-90.093 30.002),neworleanscitypark,https://neworleanscitypark.org/,"public park in New Orleans, USA"
http://www.wikidata.org/entity/Q166880,City Park,Point(-90.093 30.002),neworleanscitypark,https://neworleanscitypark.org/,"public park in New Orleans, USA"
http://www.wikidata.org/entity/Q166880,City Park,Point(-90.093 30.002),neworleanscitypark,https://neworleanscitypark.org/,"public park in New Orleans, USA"
http://www.wikidata.org/entity/Q166880,City Park,Point(-90.093 30.002),neworleanscitypark,https://neworleanscitypark.org/,"public park in New Orleans, USA"
http://www.wikidata.org/entity/Q166880,City Park,Point(-90.093 30.002),neworleanscitypark,https://neworleanscitypark.org/,"public park in New Orleans, USA"
http://www.wikidata.org/entity/Q166880,City Park,Point(-90.093 30.002),neworleanscitypark,https://neworleanscitypark.org/,"public park in New Orleans, USA"
http://www.wikidata.org/entity/Q166880,City Park,Point(-90.093 30.002),neworleanscitypark,https://neworleanscitypark.org/,"public park in New Orleans, USA"
http://www.wikidata.org/entity/Q166880,City Park,Point(-90.093 30.002),neworleanscitypark,https://neworleanscitypark.org/,"public park in New Orleans, USA"
http://www.wikidata.org/entity/Q166880,City Park,Point(-90.093 30.002),neworleanscitypark,https://neworleanscitypark.org/,"public park in New Orleans, USA"
http://www.wikidata.org/entity/Q166880,City Park,Point(-90.093 30.002),neworleanscitypark,https://neworleanscitypark.org/,"public park in New Orleans, USA"
http://www.wikidata.org/entity/Q166880,City Park,Point(-90.093 30.002),neworleanscitypark,https://neworleanscitypark.org/,"public park in New Orleans, USA"
http://www.wikidata.org/entity/Q166880,City Park,Point(-90.093 30.002),neworleanscitypark,https://neworleanscitypark.org/,"public park in New Orleans, USA"
http://www.wikidata.org/entity/Q166880,City Park,Point(-90.093 30.002),neworleanscitypark,https://neworleanscitypark.org/,"public park in New Orleans, USA"
http://www.wikidata.org/entity/Q166880,City Park,Point(-90.093 30.002),neworleanscitypark,https://neworleanscitypark.org/,"public park in New Orleans, USA"
http://www.wikidata.org/entity/Q502333,Preservation Hall,Point(-90.065359 29.958339),preservationhall,https://www.preservationhall.com/,"jazz club in the French Quarter of New Orleans, Louisiana, US"
http://www.wikidata.org/entity/Q502333,Preservation Hall,Point(-90.065359 29.958339),preservationhall,https://www.preservationhall.com/,"jazz club in the French Quarter of New Orleans, Louisiana, US"
http://www.wikidata.org/entity/Q502333,Preservation Hall,Point(-90.065359 29.958339),preservationhall,https://www.preservationhall.com/,"jazz club in the French Quarter of New Orleans, Louisiana, US"
http://www.wikidata.org/entity/Q502333,Preservation Hall,Point(-90.065359 29.958339),preservationhall,https://www.preservationhall.com/,"jazz club in the French Quarter of New Orleans, Louisiana, US"
http://www.wikidata.org/entity/Q502333,Preservation Hall,Point(-90.065359 29.958339),preservationhall,https://www.preservationhall.com/,"jazz club in the French Quarter of New Orleans, Louisiana, US"
http://www.wikidata.org/entity/Q502333,Preservation Hall,Point(-90.065359 29.958339),preservationhall,https://www.preservationhall.com/,"jazz club in the French Quarter of New Orleans, Louisiana, US"
http://www.wikidata.org/entity/Q502333,Preservation Hall,Point(-90.065359 29.958339),preservationhall,https://www.preservationhall.com/,"jazz club in the French Quarter of New Orleans, Louisiana, US"
http://www.wikidata.org/entity/Q502333,Preservation Hall,Point(-90.065359 29.958339),preservationhall,https://www.preservationhall.com/,"jazz club in the French Quarter of New Orleans, Louisiana, US"
http://www.wikidata.org/entity/Q623162,Aquarium of the Americas,Point(-90.0631 29.9503),,http://www.auduboninstitute.org/visit/aquarium,"zoo aquarium in New Orleans, USA"
http://www.wikidata.org/entity/Q623162,Aquarium of the Americas,Point(-90.0631 29.9503),,http://www.auduboninstitute.org/visit/aquarium,"zoo aquarium in New Orleans, USA"
http://www.wikidata.org/entity/Q623162,Aquarium of the Americas,Point(-90.0631 29.9503),,http://www.auduboninstitute.org/visit/aquarium,"zoo aquarium in New Orleans, USA"
http://www.wikidata.org/entity/Q623162,Aquarium of the Americas,Point(-90.0631 29.9503),,http://www.auduboninstitute.org/visit/aquarium,"zoo aquarium in New Orleans, USA"
http://www.wikidata.org/entity/Q623162,Aquarium of the Americas,Point(-90.0631 29.9503),,http://www.auduboninstitute.org/visit/aquarium,"zoo aquarium in New Orleans, USA"
http://www.wikidata.org/entity/Q623162,Aquarium of the Americas,Point(-90.0631 29.9503),,http://www.auduboninstitute.org/visit/aquarium,"zoo aquarium in New Orleans, USA"
http://www.wikidata.org/entity/Q623162,Aquarium of the Americas,Point(-90.0631 29.9503),,http://www.auduboninstitute.org/visit/aquarium,"zoo aquarium in New Orleans, USA"
http://www.wikidata.org/entity/Q623162,Aquarium of the Americas,Point(-90.0631 29.9503),,http://www.auduboninstitute.org/visit/aquarium,"zoo aquarium in New Orleans, USA"
http://www.wikidata.org/entity/Q623162,Aquarium of the Americas,Point(-90.0631 29.9503),,http://www.auduboninstitute.org/visit/aquarium,"zoo aquarium in New Orleans, USA"
http://www.wikidata.org/entity/Q623162,Aquarium of the Americas,Point(-90.0631 29.9503),,http://www.auduboninstitute.org/visit/aquarium,"zoo aquarium in New Orleans, USA"
http://www.wikidata.org/entity/Q623162,Aquarium of the Americas,Point(-90.0631 29.9503),,http://www.auduboninstitute.org/visit/aquarium,"zoo aquarium in New Orleans, USA"
http://www.wikidata.org/entity/Q623162,Aquarium of the Americas,Point(-90.0631 29.9503),,http://www.auduboninstitute.org/visit/aquarium,"zoo aquarium in New Orleans, USA"
http://www.wikidata.org/entity/Q623162,Aquarium of the Americas,Point(-90.0631 29.9503),,http://www.auduboninstitute.org/visit/aquarium,"zoo aquarium in New Orleans, USA"
http://www.wikidata.org/entity/Q623162,Aquarium of the Americas,Point(-90.0631 29.9503),,http://www.auduboninstitute.org/visit/aquarium,"zoo aquarium in New Orleans, USA"
http://www.wikidata.org/entity/Q623162,Aquarium of the Americas,Point(-90.0631 29.9503),,http://www.auduboninstitute.org/visit/aquarium,"zoo aquarium in New Orleans, USA"
http://www.wikidata.org/entity/Q623162,Aquarium of the Americas,Point(-90.0631 29.9503),,http://www.auduboninstitute.org/visit/aquarium,"zoo aquarium in New Orleans, USA"
http://www.wikidata.org/entity/Q623162,Aquarium of the Americas,Point(-90.0631 29.9503),,http://www.auduboninstitute.org/visit/aquarium,"zoo aquarium in New Orleans, USA"
http://www.wikidata.org/entity/Q623162,Aquarium of the Americas,Point(-90.0631 29.9503),,http://www.auduboninstitute.org/visit/aquarium,"zoo aquarium in New Orleans, USA"
http://www.wikidata.org/entity/Q623162,Aquarium of the Americas,Point(-90.0631 29.9503),,http://www.auduboninstitute.org/visit/aquarium,"zoo aquarium in New Orleans, USA"
http://www.wikidata.org/entity/Q623162,Aquarium of the Americas,Point(-90.0631 29.9503),,http://www.auduboninstitute.org/visit/aquarium,"zoo aquarium in New Orleans, USA"
http://www.wikidata.org/entity/Q623162,Aquarium of the Americas,Point(-90.0631 29.9503),,http://www.auduboninstitute.org/visit/aquarium,"zoo aquarium in New Orleans, USA"
http://www.wikidata.org/entity/Q623162,Aquarium of the Americas,Point(-90.0631 29.9503),,http://www.auduboninstitute.org/visit/aquarium,"zoo aquarium in New Orleans, USA"
http://www.wikidata.org/entity/Q623162,Aquarium of the Americas,Point(-90.0631 29.9503),,http://www.auduboninstitute.org/visit/aquarium,"zoo aquarium in New Orleans, USA"
http://www.wikidata.org/entity/Q623162,Aquarium of the Americas,Point(-90.0631 29.9503),,http://www.auduboninstitute.org/visit/aquarium,"zoo aquarium in New Orleans, USA"
http://www.wikidata.org/entity/Q623162,Aquarium of the Americas,Point(-90.0631 29.9503),,http://www.auduboninstitute.org/visit/aquarium,"zoo aquarium in New Orleans, USA"
http://www.wikidata.org/entity/Q623162,Aquarium of the Americas,Point(-90.0631 29.9503),,http://www.auduboninstitute.org/visit/aquarium,"zoo aquarium in New Orleans, USA"
http://www.wikidata.org/entity/Q623162,Aquarium of the Americas,Point(-90.0631 29.9503),,http://www.auduboninstitute.org/visit/aquarium,"zoo aquarium in New Orleans, USA"
http://www.wikidata.org/entity/Q623162,Aquarium of the Americas,Point(-90.0631 29.9503),,http://www.auduboninstitute.org/visit/aquarium,"zoo aquarium in New Orleans, USA"
http://www.wikidata.org/entity/Q623162,Aquarium of the Americas,Point(-90.0631 29.9503),,http://www.auduboninstitute.org/visit/aquarium,"zoo aquarium in New Orleans, USA"
http://www.wikidata.org/entity/Q623162,Aquarium of the Americas,Point(-90.0631 29.9503),,http://www.auduboninstitute.org/visit/aquarium,"zoo aquarium in New Orleans, USA"
http://www.wikidata.org/entity/Q623162,Aquarium of the Americas,Point(-90.0631 29.9503),,http://www.auduboninstitute.org/visit/aquarium,"zoo aquarium in New Orleans, USA"
http://www.wikidata.org/entity/Q623162,Aquarium of the Americas,Point(-90.0631 29.9503),,http://www.auduboninstitute.org/visit/aquarium,"zoo aquarium in New Orleans, USA"
http://www.wikidata.org/entity/Q623162,Aquarium of the Americas,Point(-90.0631 29.9503),,http://www.auduboninstitute.org/visit/aquarium,"zoo aquarium in New Orleans, USA"
http://www.wikidata.org/entity/Q623162,Aquarium of the Americas,Point(-90.0631 29.9503),,http://www.auduboninstitute.org/visit/aquarium,"zoo aquarium in New Orleans, USA"
http://www.wikidata.org/entity/Q623162,Aquarium of the Americas,Point(-90.0631 29.9503),,http://www.auduboninstitute.org/visit/aquarium,"zoo aquarium in New Orleans, USA"
http://www.wikidata.org/entity/Q623162,Aquarium of the Americas,Point(-90.0631 29.9503),,http://www.auduboninstitute.org/visit/aquarium,"zoo aquarium in New Orleans, USA"
http://www.wikidata.org/entity/Q623162,Aquarium of the Americas,Point(-90.0631 29.9503),,http://www.auduboninstitute.org/visit/aquarium,"zoo aquarium in New Orleans, USA"
http://www.wikidata.org/entity/Q623162,Aquarium of the Americas,Point(-90.0631 29.9503),,http://www.auduboninstitute.org/visit/aquarium,"zoo aquarium in New Orleans, USA"
http://www.wikidata.org/entity/Q623162,Aquarium of the Americas,Point(-90.0631 29.9503),,http://www.auduboninstitute.org/visit/aquarium,"zoo aquarium in New Orleans, USA"
http://www.wikidata.org/entity/Q623162,Aquarium of the Americas,Point(-90.0631 29.9503),,http://www.auduboninstitute.org/visit/aquarium,"zoo aquarium in New Orleans, USA"
http://www.wikidata.org/entity/Q623162,Aquarium of the Americas,Point(-90.0631 29.9503),,http://www.auduboninstitute.org/visit/aquarium,"zoo aquarium in New Orleans, USA"
http://www.wikidata.org/entity/Q623162,Aquarium of the Americas,Point(-90.0631 29.9503),,http://www.auduboninstitute.org/visit/aquarium,"zoo aquarium in New Orleans, USA"
http://www.wikidata.org/entity/Q623162,Aquarium of the Americas,Point(-90.0631 29.9503),,http://www.auduboninstitute.org/visit/aquarium,"zoo aquarium in New Orleans, USA"
http://www.wikidata.org/entity/Q623162,Aquarium of the Americas,Point(-90.0631 29.9503),,http://www.auduboninstitute.org/visit/aquarium,"zoo aquarium in New Orleans, USA"
http://www.wikidata.org/entity/Q623162,Aquarium of the Americas,Point(-90.0631 29.9503),,http://www.auduboninstitute.org/visit/aquarium,"zoo aquarium in New Orleans, USA"
http://www.wikidata.org/entity/Q648192,Six Flags New Orleans,Point(-89.934417 30.051111),,http://www.sixflags.com:80/parks/neworleans/index.asp,"abandoned theme park in New Orleans, Louisiana"
http://www.wikidata.org/entity/Q648192,Six Flags New Orleans,Point(-89.934417 30.051111),,http://www.sixflags.com:80/parks/neworleans/index.asp,"abandoned theme park in New Orleans, Louisiana"
http://www.wikidata.org/entity/Q648192,Six Flags New Orleans,Point(-89.934417 30.051111),,http://www.sixflags.com:80/parks/neworleans/index.asp,"abandoned theme park in New Orleans, Louisiana"
http://www.wikidata.org/entity/Q648192,Six Flags New Orleans,Point(-89.934417 30.051111),,http://www.sixflags.com:80/parks/neworleans/index.asp,"abandoned theme park in New Orleans, Louisiana"
http://www.wikidata.org/entity/Q648192,Six Flags New Orleans,Point(-89.934417 30.051111),,http://www.sixflags.com:80/parks/neworleans/index.asp,"abandoned theme park in New Orleans, Louisiana"
http://www.wikidata.org/entity/Q648192,Six Flags New Orleans,Point(-89.934417 30.051111),,http://www.sixflags.com:80/parks/neworleans/index.asp,"abandoned theme park in New Orleans, Louisiana"
http://www.wikidata.org/entity/Q648192,Six Flags New Orleans,Point(-89.934417 30.051111),,http://www.sixflags.com:80/parks/neworleans/index.asp,"abandoned theme park in New Orleans, Louisiana"
http://www.wikidata.org/entity/Q648192,Six Flags New Orleans,Point(-89.934417 30.051111),,http://www.sixflags.com:80/parks/neworleans/index.asp,"abandoned theme park in New Orleans, Louisiana"
http://www.wikidata.org/entity/Q648192,Six Flags New Orleans,Point(-89.934417 30.051111),,http://www.sixflags.com:80/parks/neworleans/index.asp,"abandoned theme park in New Orleans, Louisiana"
http://www.wikidata.org/entity/Q756452,Caesars Superdome,Point(-90.081111111 29.950833333),mbsuperdome,https://www.caesarssuperdome.com/,"domed stadium in New Orleans, Louisiana, USA"
http://www.wikidata.org/entity/Q756452,Caesars Superdome,Point(-90.081111111 29.950833333),mbsuperdome,https://www.caesarssuperdome.com/,"domed stadium in New Orleans, Louisiana, USA"
http://www.wikidata.org/entity/Q756452,Caesars Superdome,Point(-90.081111111 29.950833333),mbsuperdome,https://www.caesarssuperdome.com/,"domed stadium in New Orleans, Louisiana, USA"
http://www.wikidata.org/entity/Q756452,Caesars Superdome,Point(-90.081111111 29.950833333),mbsuperdome,https://www.caesarssuperdome.com/,"domed stadium in New Orleans, Louisiana, USA"
http://www.wikidata.org/entity/Q931042,Louis Armstrong Park,Point(-90.0672 29.9624),,,"park in New Orleans, Louisiana, U.S."
http://www.wikidata.org/entity/Q931042,Louis Armstrong Park,Point(-90.0672 29.9624),,,"park in New Orleans, Louisiana, U.S."
http://www.wikidata.org/entity/Q931042,Louis Armstrong Park,Point(-90.0672 29.9624),,,"park in New Orleans, Louisiana, U.S."
http://www.wikidata.org/entity/Q931042,Louis Armstrong Park,Point(-90.0672 29.9624),,,"park in New Orleans, Louisiana, U.S."
http://www.wikidata.org/entity/Q931042,Louis Armstrong Park,Point(-90.0672 29.9624),,,"park in New Orleans, Louisiana, U.S."
http://www.wikidata.org/entity/Q931042,Louis Armstrong Park,Point(-90.0672 29.9624),,,"park in New Orleans, Louisiana, U.S."
http://www.wikidata.org/entity/Q931042,Louis Armstrong Park,Point(-90.0672 29.9624),,,"park in New Orleans, Louisiana, U.S."
http://www.wikidata.org/entity/Q931042,Louis Armstrong Park,Point(-90.0672 29.9624),,,"park in New Orleans, Louisiana, U.S."
http://www.wikidata.org/entity/Q931042,Louis Armstrong Park,Point(-90.0672 29.9624),,,"park in New Orleans, Louisiana, U.S."
http://www.wikidata.org/entity/Q42668989,Gentilly Theatre,Point(-90.0462468 30.0027848),,,"former movie theater in New Orleans, Louisiana, United States"
http://www.wikidata.org/entity/Q42668989,Gentilly Theatre,Point(-90.0462468 30.0027848),,,"former movie theater in New Orleans, Louisiana, United States"
http://www.wikidata.org/entity/Q42668989,Gentilly Theatre,Point(-90.0462468 30.0027848),,,"former movie theater in New Orleans, Louisiana, United States"
http://www.wikidata.org/entity/Q42668989,Gentilly Theatre,Point(-90.0462468 30.0027848),,,"former movie theater in New Orleans, Louisiana, United States"
http://www.wikidata.org/entity/Q42668998,Peacock Theater,Point(-90.054714 29.998748),,,"former movie theater in New Orleans, Louisiana, United States"
http://www.wikidata.org/entity/Q42668998,Peacock Theater,Point(-90.054714 29.998748),,,"former movie theater in New Orleans, Louisiana, United States"
http://www.wikidata.org/entity/Q42668998,Peacock Theater,Point(-90.054714 29.998748),,,"former movie theater in New Orleans, Louisiana, United States"
http://www.wikidata.org/entity/Q42668998,Peacock Theater,Point(-90.054714 29.998748),,,"former movie theater in New Orleans, Louisiana, United States"
http://www.wikidata.org/entity/Q42668998,Peacock Theater,Point(-90.054714 29.998748),,,"former movie theater in New Orleans, Louisiana, United States"
http://www.wikidata.org/entity/Q42668998,Peacock Theater,Point(-90.054714 29.998748),,,"former movie theater in New Orleans, Louisiana, United States"
http://www.wikidata.org/entity/Q42668998,Peacock Theater,Point(-90.054714 29.998748),,,"former movie theater in New Orleans, Louisiana, United States"
http://www.wikidata.org/entity/Q42668998,Peacock Theater,Point(-90.054714 29.998748),,,"former movie theater in New Orleans, Louisiana, United States"
http://www.wikidata.org/entity/Q42668998,Peacock Theater,Point(-90.054714 29.998748),,,"former movie theater in New Orleans, Louisiana, United States"
http://www.wikidata.org/entity/Q42668998,Peacock Theater,Point(-90.054714 29.998748),,,"former movie theater in New Orleans, Louisiana, United States"
http://www.wikidata.org/entity/Q42668998,Peacock Theater,Point(-90.054714 29.998748),,,"former movie theater in New Orleans, Louisiana, United States"
http://www.wikidata.org/entity/Q42668998,Peacock Theater,Point(-90.054714 29.998748),,,"former movie theater in New Orleans, Louisiana, United States"
http://www.wikidata.org/entity/Q42668998,Peacock Theater,Point(-90.054714 29.998748),,,"former movie theater in New Orleans, Louisiana, United States"
http://www.wikidata.org/entity/Q42668998,Peacock Theater,Point(-90.054714 29.998748),,,"former movie theater in New Orleans, Louisiana, United States"
http://www.wikidata.org/entity/Q42668998,Peacock Theater,Point(-90.054714 29.998748),,,"former movie theater in New Orleans, Louisiana, United States"
http://www.wikidata.org/entity/Q42668998,Peacock Theater,Point(-90.054714 29.998748),,,"former movie theater in New Orleans, Louisiana, United States"
http://www.wikidata.org/entity/Q42668998,Peacock Theater,Point(-90.054714 29.998748),,,"former movie theater in New Orleans, Louisiana, United States"
http://www.wikidata.org/entity/Q42668998,Peacock Theater,Point(-90.054714 29.998748),,,"former movie theater in New Orleans, Louisiana, United States"
http://www.wikidata.org/entity/Q42668998,Peacock Theater,Point(-90.054714 29.998748),,,"former movie theater in New Orleans, Louisiana, United States"
http://www.wikidata.org/entity/Q42668998,Peacock Theater,Point(-90.054714 29.998748),,,"former movie theater in New Orleans, Louisiana, United States"
http://www.wikidata.org/entity/Q42668998,Peacock Theater,Point(-90.054714 29.998748),,,"former movie theater in New Orleans, Louisiana, United States"
http://www.wikidata.org/entity/Q42668998,Peacock Theater,Point(-90.054714 29.998748),,,"former movie theater in New Orleans, Louisiana, United States"
http://www.wikidata.org/entity/Q42668998,Peacock Theater,Point(-90.054714 29.998748),,,"former movie theater in New Orleans, Louisiana, United States"
http://www.wikidata.org/entity/Q42668998,Peacock Theater,Point(-90.054714 29.998748),,,"former movie theater in New Orleans, Louisiana, United States"
http://www.wikidata.org/entity/Q42668998,Peacock Theater,Point(-90.054714 29.998748),,,"former movie theater in New Orleans, Louisiana, United States"
http://www.wikidata.org/entity/Q42668998,Peacock Theater,Point(-90.054714 29.998748),,,"former movie theater in New Orleans, Louisiana, United States"
http://www.wikidata.org/entity/Q42669009,Pix Theatre,Point(-90.021735 29.959384),,,"former movie theater in New Orleans, Louisiana, United States"
http://www.wikidata.org/entity/Q42669009,Pix Theatre,Point(-90.021735 29.959384),,,"former movie theater in New Orleans, Louisiana, United States"
http://www.wikidata.org/entity/Q42669009,Pix Theatre,Point(-90.021735 29.959384),,,"former movie theater in New Orleans, Louisiana, United States"
http://www.wikidata.org/entity/Q42669009,Pix Theatre,Point(-90.021735 29.959384),,,"former movie theater in New Orleans, Louisiana, United States"
http://www.wikidata.org/entity/Q42669009,Pix Theatre,Point(-90.021735 29.959384),,,"former movie theater in New Orleans, Louisiana, United States"
http://www.wikidata.org/entity/Q42669009,Pix Theatre,Point(-90.021735 29.959384),,,"former movie theater in New Orleans, Louisiana, United States"
http://www.wikidata.org/entity/Q42669009,Pix Theatre,Point(-90.021735 29.959384),,,"former movie theater in New Orleans, Louisiana, United States"
http://www.wikidata.org/entity/Q42669009,Pix Theatre,Point(-90.021735 29.959384),,,"former movie theater in New Orleans, Louisiana, United States"
http://www.wikidata.org/entity/Q42669009,Pix Theatre,Point(-90.021735 29.959384),,,"former movie theater in New Orleans, Louisiana, United States"
http://www.wikidata.org/entity/Q42669009,Pix Theatre,Point(-90.021735 29.959384),,,"former movie theater in New Orleans, Louisiana, United States"
http://www.wikidata.org/entity/Q42669009,Pix Theatre,Point(-90.021735 29.959384),,,"former movie theater in New Orleans, Louisiana, United States"
http://www.wikidata.org/entity/Q42669009,Pix Theatre,Point(-90.021735 29.959384),,,"former movie theater in New Orleans, Louisiana, United States"
http://www.wikidata.org/entity/Q42669009,Pix Theatre,Point(-90.021735 29.959384),,,"former movie theater in New Orleans, Louisiana, United States"
http://www.wikidata.org/entity/Q42669009,Pix Theatre,Point(-90.021735 29.959384),,,"former movie theater in New Orleans, Louisiana, United States"
http://www.wikidata.org/entity/Q42669009,Pix Theatre,Point(-90.021735 29.959384),,,"former movie theater in New Orleans, Louisiana, United States"
http://www.wikidata.org/entity/Q42669009,Pix Theatre,Point(-90.021735 29.959384),,,"former movie theater in New Orleans, Louisiana, United States"
http://www.wikidata.org/entity/Q42669009,Pix Theatre,Point(-90.021735 29.959384),,,"former movie theater in New Orleans, Louisiana, United States"
http://www.wikidata.org/entity/Q42669009,Pix Theatre,Point(-90.021735 29.959384),,,"former movie theater in New Orleans, Louisiana, United States"
http://www.wikidata.org/entity/Q42669009,Pix Theatre,Point(-90.021735 29.959384),,,"former movie theater in New Orleans, Louisiana, United States"
http://www.wikidata.org/entity/Q42669009,Pix Theatre,Point(-90.021735 29.959384),,,"former movie theater in New Orleans, Louisiana, United States"
http://www.wikidata.org/entity/Q42669009,Pix Theatre,Point(-90.021735 29.959384),,,"former movie theater in New Orleans, Louisiana, United States"
http://www.wikidata.org/entity/Q42669009,Pix Theatre,Point(-90.021735 29.959384),,,"former movie theater in New Orleans, Louisiana, United States"
http://www.wikidata.org/entity/Q42669009,Pix Theatre,Point(-90.021735 29.959384),,,"former movie theater in New Orleans, Louisiana, United States"
http://www.wikidata.org/entity/Q42669009,Pix Theatre,Point(-90.021735 29.959384),,,"former movie theater in New Orleans, Louisiana, United States"
http://www.wikidata.org/entity/Q42669009,Pix Theatre,Point(-90.021735 29.959384),,,"former movie theater in New Orleans, Louisiana, United States"
http://www.wikidata.org/entity/Q42669009,Pix Theatre,Point(-90.021735 29.959384),,,"former movie theater in New Orleans, Louisiana, United States"
http://www.wikidata.org/entity/Q42669019,Town Theatre,Point(-90.0126317 29.9541321),,,"former movie theater in New Orleans, Louisiana, United States"
http://www.wikidata.org/entity/Q42669019,Town Theatre,Point(-90.0126317 29.9541321),,,"former movie theater in New Orleans, Louisiana, United States"
http://www.wikidata.org/entity/Q42669019,Town Theatre,Point(-90.0126317 29.9541321),,,"former movie theater in New Orleans, Louisiana, United States"
http://www.wikidata.org/entity/Q42669019,Town Theatre,Point(-90.0126317 29.9541321),,,"former movie theater in New Orleans, Louisiana, United States"
http://www.wikidata.org/entity/Q42669019,Town Theatre,Point(-90.0126317 29.9541321),,,"former movie theater in New Orleans, Louisiana, United States"
http://www.wikidata.org/entity/Q42669019,Town Theatre,Point(-90.0126317 29.9541321),,,"former movie theater in New Orleans, Louisiana, United States"
http://www.wikidata.org/entity/Q42669019,Town Theatre,Point(-90.0126317 29.9541321),,,"former movie theater in New Orleans, Louisiana, United States"
http://www.wikidata.org/entity/Q42669019,Town Theatre,Point(-90.0126317 29.9541321),,,"former movie theater in New Orleans, Louisiana, United States"
http://www.wikidata.org/entity/Q42669019,Town Theatre,Point(-90.0126317 29.9541321),,,"former movie theater in New Orleans, Louisiana, United States"
http://www.wikidata.org/entity/Q42669019,Town Theatre,Point(-90.0126317 29.9541321),,,"former movie theater in New Orleans, Louisiana, United States"
http://www.wikidata.org/entity/Q42669019,Town Theatre,Point(-90.0126317 29.9541321),,,"former movie theater in New Orleans, Louisiana, United States"
http://www.wikidata.org/entity/Q42669019,Town Theatre,Point(-90.0126317 29.9541321),,,"former movie theater in New Orleans, Louisiana, United States"
http://www.wikidata.org/entity/Q42669019,Town Theatre,Point(-90.0126317 29.9541321),,,"former movie theater in New Orleans, Louisiana, United States"
http://www.wikidata.org/entity/Q42669019,Town Theatre,Point(-90.0126317 29.9541321),,,"former movie theater in New Orleans, Louisiana, United States"
http://www.wikidata.org/entity/Q42669019,Town Theatre,Point(-90.0126317 29.9541321),,,"former movie theater in New Orleans, Louisiana, United States"
http://www.wikidata.org/entity/Q42669019,Town Theatre,Point(-90.0126317 29.9541321),,,"former movie theater in New Orleans, Louisiana, United States"
http://www.wikidata.org/entity/Q42669019,Town Theatre,Point(-90.0126317 29.9541321),,,"former movie theater in New Orleans, Louisiana, United States"
http://www.wikidata.org/entity/Q42669019,Town Theatre,Point(-90.0126317 29.9541321),,,"former movie theater in New Orleans, Louisiana, United States"
http://www.wikidata.org/entity/Q42669019,Town Theatre,Point(-90.0126317 29.9541321),,,"former movie theater in New Orleans, Louisiana, United States"
http://www.wikidata.org/entity/Q42669019,Town Theatre,Point(-90.0126317 29.9541321),,,"former movie theater in New Orleans, Louisiana, United States"
http://www.wikidata.org/entity/Q42669019,Town Theatre,Point(-90.0126317 29.9541321),,,"former movie theater in New Orleans, Louisiana, United States"
http://www.wikidata.org/entity/Q42669019,Town Theatre,Point(-90.0126317 29.9541321),,,"former movie theater in New Orleans, Louisiana, United States"
http://www.wikidata.org/entity/Q42669019,Town Theatre,Point(-90.0126317 29.9541321),,,"former movie theater in New Orleans, Louisiana, United States"
http://www.wikidata.org/entity/Q42669019,Town Theatre,Point(-90.0126317 29.9541321),,,"former movie theater in New Orleans, Louisiana, United States"
http://www.wikidata.org/entity/Q42669019,Town Theatre,Point(-90.0126317 29.9541321),,,"former movie theater in New Orleans, Louisiana, United States"
http://www.wikidata.org/entity/Q42669019,Town Theatre,Point(-90.0126317 29.9541321),,,"former movie theater in New Orleans, Louisiana, United States"
http://www.wikidata.org/entity/Q931042,Louis Armstrong Park,Point(-90.0672 29.9624),,,"park in New Orleans, Louisiana, U.S."
http://www.wikidata.org/entity/Q931042,Louis Armstrong Park,Point(-90.0672 29.9624),,,"park in New Orleans, Louisiana, U.S."
http://www.wikidata.org/entity/Q931042,Louis Armstrong Park,Point(-90.0672 29.9624),,,"park in New Orleans, Louisiana, U.S."
http://www.wikidata.org/entity/Q931042,Louis Armstrong Park,Point(-90.0672 29.9624),,,"park in New Orleans, Louisiana, U.S."
http://www.wikidata.org/entity/Q931042,Louis Armstrong Park,Point(-90.0672 29.9624),,,"park in New Orleans, Louisiana, U.S."
http://www.wikidata.org/entity/Q931042,Louis Armstrong Park,Point(-90.0672 29.9624),,,"park in New Orleans, Louisiana, U.S."
http://www.wikidata.org/entity/Q931042,Louis Armstrong Park,Point(-90.0672 29.9624),,,"park in New Orleans, Louisiana, U.S."
http://www.wikidata.org/entity/Q931042,Louis Armstrong Park,Point(-90.0672 29.9624),,,"park in New Orleans, Louisiana, U.S."
http://www.wikidata.org/entity/Q931042,Louis Armstrong Park,Point(-90.0672 29.9624),,,"park in New Orleans, Louisiana, U.S."
http://www.wikidata.org/entity/Q931042,Louis Armstrong Park,Point(-90.0672 29.9624),,,"park in New Orleans, Louisiana, U.S."
http://www.wikidata.org/entity/Q931042,Louis Armstrong Park,Point(-90.0672 29.9624),,,"park in New Orleans, Louisiana, U.S."
http://www.wikidata.org/entity/Q931042,Louis Armstrong Park,Point(-90.0672 29.9624),,,"park in New Orleans, Louisiana, U.S."
http://www.wikidata.org/entity/Q931042,Louis Armstrong Park,Point(-90.0672 29.9624),,,"park in New Orleans, Louisiana, U.S."
http://www.wikidata.org/entity/Q931042,Louis Armstrong Park,Point(-90.0672 29.9624),,,"park in New Orleans, Louisiana, U.S."
http://www.wikidata.org/entity/Q931042,Louis Armstrong Park,Point(-90.0672 29.9624),,,"park in New Orleans, Louisiana, U.S."
http://www.wikidata.org/entity/Q931042,Louis Armstrong Park,Point(-90.0672 29.9624),,,"park in New Orleans, Louisiana, U.S."
http://www.wikidata.org/entity/Q1477833,National World War II Museum,Point(-90.0704 29.9431),wwiimuseum,http://www.nationalww2museum.org,"military history museum and non-profit organization in New Orleans, Louisiana, United States"
http://www.wikidata.org/entity/Q1477833,National World War II Museum,Point(-90.0704 29.9431),wwiimuseum,http://www.nationalww2museum.org,"military history museum and non-profit organization in New Orleans, Louisiana, United States"
http://www.wikidata.org/entity/Q1477833,National World War II Museum,Point(-90.0704 29.9431),wwiimuseum,http://www.nationalww2museum.org,"military history museum and non-profit organization in New Orleans, Louisiana, United States"
http://www.wikidata.org/entity/Q1477833,National World War II Museum,Point(-90.0704 29.9431),wwiimuseum,http://www.nationalww2museum.org,"military history museum and non-profit organization in New Orleans, Louisiana, United States"
http://www.wikidata.org/entity/Q1573286,Madame John's Legacy,Point(-90.062917 29.958822),,,"historic house museum in New Orleans, Louisiana, USA"
http://www.wikidata.org/entity/Q1573286,Madame John's Legacy,Point(-90.062917 29.958822),,,"historic house museum in New Orleans, Louisiana, USA"
http://www.wikidata.org/entity/Q1573286,Madame John's Legacy,Point(-90.062917 29.958822),,,"historic house museum in New Orleans, Louisiana, USA"
http://www.wikidata.org/entity/Q1573286,Madame John's Legacy,Point(-90.062917 29.958822),,,"historic house museum in New Orleans, Louisiana, USA"
http://www.wikidata.org/entity/Q1573286,Madame John's Legacy,Point(-90.062917 29.958822),,,"historic house museum in New Orleans, Louisiana, USA"
http://www.wikidata.org/entity/Q1573286,Madame John's Legacy,Point(-90.062917 29.958822),,,"historic house museum in New Orleans, Louisiana, USA"
http://www.wikidata.org/entity/Q1573286,Madame John's Legacy,Point(-90.062917 29.958822),,,"historic house museum in New Orleans, Louisiana, USA"
http://www.wikidata.org/entity/Q1573286,Madame John's Legacy,Point(-90.062917 29.958822),,,"historic house museum in New Orleans, Louisiana, USA"
http://www.wikidata.org/entity/Q2063082,New Orleans Museum of Art,Point(-90.0934389 29.9864799),,http://www.noma.org/,"art museum in New Orleans, Louisiana"
http://www.wikidata.org/entity/Q2063082,New Orleans Museum of Art,Point(-90.0934389 29.9864799),,http://www.noma.org/,"art museum in New Orleans, Louisiana"
http://www.wikidata.org/entity/Q2063082,New Orleans Museum of Art,Point(-90.0934389 29.9864799),,http://www.noma.org/,"art museum in New Orleans, Louisiana"
http://www.wikidata.org/entity/Q2063082,New Orleans Museum of Art,Point(-90.0934389 29.9864799),,http://www.noma.org/,"art museum in New Orleans, Louisiana"
http://www.wikidata.org/entity/Q2063082,New Orleans Museum of Art,Point(-90.0934389 29.9864799),,http://www.noma.org/,"art museum in New Orleans, Louisiana"
http://www.wikidata.org/entity/Q2063082,New Orleans Museum of Art,Point(-90.0934389 29.9864799),,http://www.noma.org/,"art museum in New Orleans, Louisiana"
http://www.wikidata.org/entity/Q2063082,New Orleans Museum of Art,Point(-90.0934389 29.9864799),,http://www.noma.org/,"art museum in New Orleans, Louisiana"
http://www.wikidata.org/entity/Q2063082,New Orleans Museum of Art,Point(-90.0934389 29.9864799),,http://www.noma.org/,"art museum in New Orleans, Louisiana"
http://www.wikidata.org/entity/Q2063082,New Orleans Museum of Art,Point(-90.0934389 29.9864799),,http://www.noma.org/,"art museum in New Orleans, Louisiana"
http://www.wikidata.org/entity/Q2063082,New Orleans Museum of Art,Point(-90.0934389 29.9864799),,http://www.noma.org/,"art museum in New Orleans, Louisiana"
http://www.wikidata.org/entity/Q2390897,Ogden Museum of Southern Art,Point(-90.0714 29.9437),,http://www.ogdenmuseum.org/,"museum in New Orleans, Louisiana"
http://www.wikidata.org/entity/Q2390897,Ogden Museum of Southern Art,Point(-90.0714 29.9437),,http://www.ogdenmuseum.org/,"museum in New Orleans, Louisiana"
http://www.wikidata.org/entity/Q2390897,Ogden Museum of Southern Art,Point(-90.0714 29.9437),,http://www.ogdenmuseum.org/,"museum in New Orleans, Louisiana"
http://www.wikidata.org/entity/Q2390897,Ogden Museum of Southern Art,Point(-90.0714 29.9437),,http://www.ogdenmuseum.org/,"museum in New Orleans, Louisiana"
http://www.wikidata.org/entity/Q2390897,Ogden Museum of Southern Art,Point(-90.0714 29.9437),,http://www.ogdenmuseum.org/,"museum in New Orleans, Louisiana"
http://www.wikidata.org/entity/Q2390897,Ogden Museum of Southern Art,Point(-90.0714 29.9437),,http://www.ogdenmuseum.org/,"museum in New Orleans, Louisiana"
http://www.wikidata.org/entity/Q2390897,Ogden Museum of Southern Art,Point(-90.0714 29.9437),,http://www.ogdenmuseum.org/,"museum in New Orleans, Louisiana"
http://www.wikidata.org/entity/Q2390897,Ogden Museum of Southern Art,Point(-90.0714 29.9437),,http://www.ogdenmuseum.org/,"museum in New Orleans, Louisiana"
http://www.wikidata.org/entity/Q2390897,Ogden Museum of Southern Art,Point(-90.0714 29.9437),,http://www.ogdenmuseum.org/,"museum in New Orleans, Louisiana"
http://www.wikidata.org/entity/Q2853432,Antoine's,Point(-90.0666 29.9568),,http://www.antoines.com/index.html,New Orleans restaurant
http://www.wikidata.org/entity/Q2933012,Café du Monde,Point(-90.0618 29.9575),,http://www.cafedumonde.com,"New Orleans café, famous for its beignets"
http://www.wikidata.org/entity/Q3087476,French Market,Point(-90.0603 29.959),,,"Market in the French Quarter of New Orleans, Louisiana"
http://www.wikidata.org/entity/Q3087476,French Market,Point(-90.0603 29.959),,,"Market in the French Quarter of New Orleans, Louisiana"
http://www.wikidata.org/entity/Q3087476,French Market,Point(-90.0603 29.959),,,"Market in the French Quarter of New Orleans, Louisiana"
http://www.wikidata.org/entity/Q3087476,French Market,Point(-90.0603 29.959),,,"Market in the French Quarter of New Orleans, Louisiana"
http://www.wikidata.org/entity/Q3180923,St. Bernard State Park,Point(-89.900833333 29.861388888),,https://www.lastateparks.com/parks-preserves/st-bernard-state-park,"state park in Louisiana, United States"
http://www.wikidata.org/entity/Q3180923,St. Bernard State Park,Point(-89.900833333 29.861388888),,https://www.lastateparks.com/parks-preserves/st-bernard-state-park,"state park in Louisiana, United States"
http://www.wikidata.org/entity/Q3180923,St. Bernard State Park,Point(-89.900833333 29.861388888),,https://www.lastateparks.com/parks-preserves/st-bernard-state-park,"state park in Louisiana, United States"
http://www.wikidata.org/entity/Q3180923,St. Bernard State Park,Point(-89.900833333 29.861388888),,https://www.lastateparks.com/parks-preserves/st-bernard-state-park,"state park in Louisiana, United States"
http://www.wikidata.org/entity/Q42668783,Gallo Theater,Point(-90.0902212 29.9447385),,,"former movie theater in New Orleans, Louisiana, United States"
http://www.wikidata.org/entity/Q42668783,Gallo Theater,Point(-90.0902212 29.9447385),,,"former movie theater in New Orleans, Louisiana, United States"
http://www.wikidata.org/entity/Q42668783,Gallo Theater,Point(-90.0902212 29.9447385),,,"former movie theater in New Orleans, Louisiana, United States"
http://www.wikidata.org/entity/Q42668783,Gallo Theater,Point(-90.0902212 29.9447385),,,"former movie theater in New Orleans, Louisiana, United States"
http://www.wikidata.org/entity/Q42668795,Granada Theater,Point(-90.0835505 29.9355993),,,"former movie theater in New Orleans, Louisiana, United States"
http://www.wikidata.org/entity/Q42668795,Granada Theater,Point(-90.0835505 29.9355993),,,"former movie theater in New Orleans, Louisiana, United States"
http://www.wikidata.org/entity/Q42668795,Granada Theater,Point(-90.0835505 29.9355993),,,"former movie theater in New Orleans, Louisiana, United States"
http://www.wikidata.org/entity/Q42668795,Granada Theater,Point(-90.0835505 29.9355993),,,"former movie theater in New Orleans, Louisiana, United States"
http://www.wikidata.org/entity/Q42668795,Granada Theater,Point(-90.0835505 29.9355993),,,"former movie theater in New Orleans, Louisiana, United States"
http://www.wikidata.org/entity/Q42668795,Granada Theater,Point(-90.0835505 29.9355993),,,"former movie theater in New Orleans, Louisiana, United States"
http://www.wikidata.org/entity/Q42668795,Granada Theater,Point(-90.0835505 29.9355993),,,"former movie theater in New Orleans, Louisiana, United States"
http://www.wikidata.org/entity/Q42668795,Granada Theater,Point(-90.0835505 29.9355993),,,"former movie theater in New Orleans, Louisiana, United States"
http://www.wikidata.org/entity/Q42668795,Granada Theater,Point(-90.0835505 29.9355993),,,"former movie theater in New Orleans, Louisiana, United States"
http://www.wikidata.org/entity/Q42668795,Granada Theater,Point(-90.0835505 29.9355993),,,"former movie theater in New Orleans, Louisiana, United States"
http://www.wikidata.org/entity/Q42668795,Granada Theater,Point(-90.0835505 29.9355993),,,"former movie theater in New Orleans, Louisiana, United States"
http://www.wikidata.org/entity/Q42668795,Granada Theater,Point(-90.0835505 29.9355993),,,"former movie theater in New Orleans, Louisiana, United States"
http://www.wikidata.org/entity/Q42668795,Granada Theater,Point(-90.0835505 29.9355993),,,"former movie theater in New Orleans, Louisiana, United States"
http://www.wikidata.org/entity/Q42668795,Granada Theater,Point(-90.0835505 29.9355993),,,"former movie theater in New Orleans, Louisiana, United States"
http://www.wikidata.org/entity/Q42668795,Granada Theater,Point(-90.0835505 29.9355993),,,"former movie theater in New Orleans, Louisiana, United States"
http://www.wikidata.org/entity/Q42668795,Granada Theater,Point(-90.0835505 29.9355993),,,"former movie theater in New Orleans, Louisiana, United States"
http://www.wikidata.org/entity/Q42668795,Granada Theater,Point(-90.0835505 29.9355993),,,"former movie theater in New Orleans, Louisiana, United States"
http://www.wikidata.org/entity/Q42668795,Granada Theater,Point(-90.0835505 29.9355993),,,"former movie theater in New Orleans, Louisiana, United States"
http://www.wikidata.org/entity/Q42668795,Granada Theater,Point(-90.0835505 29.9355993),,,"former movie theater in New Orleans, Louisiana, United States"
http://www.wikidata.org/entity/Q42668795,Granada Theater,Point(-90.0835505 29.9355993),,,"former movie theater in New Orleans, Louisiana, United States"
http://www.wikidata.org/entity/Q42668795,Granada Theater,Point(-90.0835505 29.9355993),,,"former movie theater in New Orleans, Louisiana, United States"
http://www.wikidata.org/entity/Q42668795,Granada Theater,Point(-90.0835505 29.9355993),,,"former movie theater in New Orleans, Louisiana, United States"
http://www.wikidata.org/entity/Q42668795,Granada Theater,Point(-90.0835505 29.9355993),,,"former movie theater in New Orleans, Louisiana, United States"
http://www.wikidata.org/entity/Q42668795,Granada Theater,Point(-90.0835505 29.9355993),,,"former movie theater in New Orleans, Louisiana, United States"
http://www.wikidata.org/entity/Q42668795,Granada Theater,Point(-90.0835505 29.9355993),,,"former movie theater in New Orleans, Louisiana, United States"
http://www.wikidata.org/entity/Q42668795,Granada Theater,Point(-90.0835505 29.9355993),,,"former movie theater in New Orleans, Louisiana, United States"
http://www.wikidata.org/entity/Q42668804,Lincoln Theatre,Point(-90.0917234 29.9386447),,,"former movie theater in New Orleans, Louisiana, United States"
http://www.wikidata.org/entity/Q42668804,Lincoln Theatre,Point(-90.0917234 29.9386447),,,"former movie theater in New Orleans, Louisiana, United States"
http://www.wikidata.org/entity/Q42668804,Lincoln Theatre,Point(-90.0917234 29.9386447),,,"former movie theater in New Orleans, Louisiana, United States"
http://www.wikidata.org/entity/Q42668804,Lincoln Theatre,Point(-90.0917234 29.9386447),,,"former movie theater in New Orleans, Louisiana, United States"
http://www.wikidata.org/entity/Q42668804,Lincoln Theatre,Point(-90.0917234 29.9386447),,,"former movie theater in New Orleans, Louisiana, United States"
http://www.wikidata.org/entity/Q42668804,Lincoln Theatre,Point(-90.0917234 29.9386447),,,"former movie theater in New Orleans, Louisiana, United States"
http://www.wikidata.org/entity/Q42668804,Lincoln Theatre,Point(-90.0917234 29.9386447),,,"former movie theater in New Orleans, Louisiana, United States"
http://www.wikidata.org/entity/Q42668804,Lincoln Theatre,Point(-90.0917234 29.9386447),,,"former movie theater in New Orleans, Louisiana, United States"
http://www.wikidata.org/entity/Q42668804,Lincoln Theatre,Point(-90.0917234 29.9386447),,,"former movie theater in New Orleans, Louisiana, United States"
http://www.wikidata.org/entity/Q42668804,Lincoln Theatre,Point(-90.0917234 29.9386447),,,"former movie theater in New Orleans, Louisiana, United States"
http://www.wikidata.org/entity/Q42668804,Lincoln Theatre,Point(-90.0917234 29.9386447),,,"former movie theater in New Orleans, Louisiana, United States"
http://www.wikidata.org/entity/Q42668804,Lincoln Theatre,Point(-90.0917234 29.9386447),,,"former movie theater in New Orleans, Louisiana, United States"
http://www.wikidata.org/entity/Q42668804,Lincoln Theatre,Point(-90.0917234 29.9386447),,,"former movie theater in New Orleans, Louisiana, United States"
http://www.wikidata.org/entity/Q42668804,Lincoln Theatre,Point(-90.0917234 29.9386447),,,"former movie theater in New Orleans, Louisiana, United States"
http://www.wikidata.org/entity/Q42668804,Lincoln Theatre,Point(-90.0917234 29.9386447),,,"former movie theater in New Orleans, Louisiana, United States"
http://www.wikidata.org/entity/Q42668804,Lincoln Theatre,Point(-90.0917234 29.9386447),,,"former movie theater in New Orleans, Louisiana, United States"
http://www.wikidata.org/entity/Q42668804,Lincoln Theatre,Point(-90.0917234 29.9386447),,,"former movie theater in New Orleans, Louisiana, United States"
http://www.wikidata.org/entity/Q42668804,Lincoln Theatre,Point(-90.0917234 29.9386447),,,"former movie theater in New Orleans, Louisiana, United States"
http://www.wikidata.org/entity/Q42668804,Lincoln Theatre,Point(-90.0917234 29.9386447),,,"former movie theater in New Orleans, Louisiana, United States"
http://www.wikidata.org/entity/Q42668804,Lincoln Theatre,Point(-90.0917234 29.9386447),,,"former movie theater in New Orleans, Louisiana, United States"
http://www.wikidata.org/entity/Q42668804,Lincoln Theatre,Point(-90.0917234 29.9386447),,,"former movie theater in New Orleans, Louisiana, United States"
http://www.wikidata.org/entity/Q42668804,Lincoln Theatre,Point(-90.0917234 29.9386447),,,"former movie theater in New Orleans, Louisiana, United States"
http://www.wikidata.org/entity/Q42668804,Lincoln Theatre,Point(-90.0917234 29.9386447),,,"former movie theater in New Orleans, Louisiana, United States"
http://www.wikidata.org/entity/Q42668804,Lincoln Theatre,Point(-90.0917234 29.9386447),,,"former movie theater in New Orleans, Louisiana, United States"
http://www.wikidata.org/entity/Q42668804,Lincoln Theatre,Point(-90.0917234 29.9386447),,,"former movie theater in New Orleans, Louisiana, United States"
http://www.wikidata.org/entity/Q42668804,Lincoln Theatre,Point(-90.0917234 29.9386447),,,"former movie theater in New Orleans, Louisiana, United States"
http://www.wikidata.org/entity/Q42668817,Ritz Theatre,Point(-90.0845848 29.94221),,,"former movie theater in New Orleans, Louisiana, United States"
http://www.wikidata.org/entity/Q42668817,Ritz Theatre,Point(-90.0845848 29.94221),,,"former movie theater in New Orleans, Louisiana, United States"
http://www.wikidata.org/entity/Q42668817,Ritz Theatre,Point(-90.0845848 29.94221),,,"former movie theater in New Orleans, Louisiana, United States"
http://www.wikidata.org/entity/Q42668817,Ritz Theatre,Point(-90.0845848 29.94221),,,"former movie theater in New Orleans, Louisiana, United States"
http://www.wikidata.org/entity/Q42668817,Ritz Theatre,Point(-90.0845848 29.94221),,,"former movie theater in New Orleans, Louisiana, United States"
http://www.wikidata.org/entity/Q42668817,Ritz Theatre,Point(-90.0845848 29.94221),,,"former movie theater in New Orleans, Louisiana, United States"
http://www.wikidata.org/entity/Q42668817,Ritz Theatre,Point(-90.0845848 29.94221),,,"former movie theater in New Orleans, Louisiana, United States"
http://www.wikidata.org/entity/Q42668817,Ritz Theatre,Point(-90.0845848 29.94221),,,"former movie theater in New Orleans, Louisiana, United States"
http://www.wikidata.org/entity/Q42668817,Ritz Theatre,Point(-90.0845848 29.94221),,,"former movie theater in New Orleans, Louisiana, United States"
http://www.wikidata.org/entity/Q42668817,Ritz Theatre,Point(-90.0845848 29.94221),,,"former movie theater in New Orleans, Louisiana, United States"
http://www.wikidata.org/entity/Q42668817,Ritz Theatre,Point(-90.0845848 29.94221),,,"former movie theater in New Orleans, Louisiana, United States"
http://www.wikidata.org/entity/Q42668817,Ritz Theatre,Point(-90.0845848 29.94221),,,"former movie theater in New Orleans, Louisiana, United States"
http://www.wikidata.org/entity/Q42668817,Ritz Theatre,Point(-90.0845848 29.94221),,,"former movie theater in New Orleans, Louisiana, United States"
http://www.wikidata.org/entity/Q42668817,Ritz Theatre,Point(-90.0845848 29.94221),,,"former movie theater in New Orleans, Louisiana, United States"
http://www.wikidata.org/entity/Q42668817,Ritz Theatre,Point(-90.0845848 29.94221),,,"former movie theater in New Orleans, Louisiana, United States"
http://www.wikidata.org/entity/Q42668817,Ritz Theatre,Point(-90.0845848 29.94221),,,"former movie theater in New Orleans, Louisiana, United States"
http://www.wikidata.org/entity/Q42668817,Ritz Theatre,Point(-90.0845848 29.94221),,,"former movie theater in New Orleans, Louisiana, United States"
http://www.wikidata.org/entity/Q42668817,Ritz Theatre,Point(-90.0845848 29.94221),,,"former movie theater in New Orleans, Louisiana, United States"
http://www.wikidata.org/entity/Q42668817,Ritz Theatre,Point(-90.0845848 29.94221),,,"former movie theater in New Orleans, Louisiana, United States"
http://www.wikidata.org/entity/Q42668817,Ritz Theatre,Point(-90.0845848 29.94221),,,"former movie theater in New Orleans, Louisiana, United States"
http://www.wikidata.org/entity/Q42668817,Ritz Theatre,Point(-90.0845848 29.94221),,,"former movie theater in New Orleans, Louisiana, United States"
http://www.wikidata.org/entity/Q42668817,Ritz Theatre,Point(-90.0845848 29.94221),,,"former movie theater in New Orleans, Louisiana, United States"
http://www.wikidata.org/entity/Q42668817,Ritz Theatre,Point(-90.0845848 29.94221),,,"former movie theater in New Orleans, Louisiana, United States"
http://www.wikidata.org/entity/Q42668817,Ritz Theatre,Point(-90.0845848 29.94221),,,"former movie theater in New Orleans, Louisiana, United States"
http://www.wikidata.org/entity/Q42668817,Ritz Theatre,Point(-90.0845848 29.94221),,,"former movie theater in New Orleans, Louisiana, United States"
http://www.wikidata.org/entity/Q42668817,Ritz Theatre,Point(-90.0845848 29.94221),,,"former movie theater in New Orleans, Louisiana, United States"
http://www.wikidata.org/entity/Q42668654,Avenue Theatre,Point(-90.0701065 29.9511985),,,"former movie theater in New Orleans, Louisiana, United States"
http://www.wikidata.org/entity/Q42668654,Avenue Theatre,Point(-90.0701065 29.9511985),,,"former movie theater in New Orleans, Louisiana, United States"
http://www.wikidata.org/entity/Q42668654,Avenue Theatre,Point(-90.0701065 29.9511985),,,"former movie theater in New Orleans, Louisiana, United States"
http://www.wikidata.org/entity/Q42668654,Avenue Theatre,Point(-90.0701065 29.9511985),,,"former movie theater in New Orleans, Louisiana, United States"
http://www.wikidata.org/entity/Q42668666,Cosmopolitan Theatre,Point(-90.0759269 29.9552096),,,"former movie theater in New Orleans, Louisiana, United States"
http://www.wikidata.org/entity/Q42668666,Cosmopolitan Theatre,Point(-90.0759269 29.9552096),,,"former movie theater in New Orleans, Louisiana, United States"
http://www.wikidata.org/entity/Q42668666,Cosmopolitan Theatre,Point(-90.0759269 29.9552096),,,"former movie theater in New Orleans, Louisiana, United States"
http://www.wikidata.org/entity/Q42668666,Cosmopolitan Theatre,Point(-90.0759269 29.9552096),,,"former movie theater in New Orleans, Louisiana, United States"
http://www.wikidata.org/entity/Q42668666,Cosmopolitan Theatre,Point(-90.0759269 29.9552096),,,"former movie theater in New Orleans, Louisiana, United States"
http://www.wikidata.org/entity/Q42668666,Cosmopolitan Theatre,Point(-90.0759269 29.9552096),,,"former movie theater in New Orleans, Louisiana, United States"
http://www.wikidata.org/entity/Q42668666,Cosmopolitan Theatre,Point(-90.0759269 29.9552096),,,"former movie theater in New Orleans, Louisiana, United States"
http://www.wikidata.org/entity/Q42668666,Cosmopolitan Theatre,Point(-90.0759269 29.9552096),,,"former movie theater in New Orleans, Louisiana, United States"
http://www.wikidata.org/entity/Q42668666,Cosmopolitan Theatre,Point(-90.0759269 29.9552096),,,"former movie theater in New Orleans, Louisiana, United States"
http://www.wikidata.org/entity/Q42668666,Cosmopolitan Theatre,Point(-90.0759269 29.9552096),,,"former movie theater in New Orleans, Louisiana, United States"
http://www.wikidata.org/entity/Q42668666,Cosmopolitan Theatre,Point(-90.0759269 29.9552096),,,"former movie theater in New Orleans, Louisiana, United States"
http://www.wikidata.org/entity/Q42668666,Cosmopolitan Theatre,Point(-90.0759269 29.9552096),,,"former movie theater in New Orleans, Louisiana, United States"
http://www.wikidata.org/entity/Q42668666,Cosmopolitan Theatre,Point(-90.0759269 29.9552096),,,"former movie theater in New Orleans, Louisiana, United States"
http://www.wikidata.org/entity/Q42668666,Cosmopolitan Theatre,Point(-90.0759269 29.9552096),,,"former movie theater in New Orleans, Louisiana, United States"
http://www.wikidata.org/entity/Q42668666,Cosmopolitan Theatre,Point(-90.0759269 29.9552096),,,"former movie theater in New Orleans, Louisiana, United States"
http://www.wikidata.org/entity/Q42668666,Cosmopolitan Theatre,Point(-90.0759269 29.9552096),,,"former movie theater in New Orleans, Louisiana, United States"
http://www.wikidata.org/entity/Q42668666,Cosmopolitan Theatre,Point(-90.0759269 29.9552096),,,"former movie theater in New Orleans, Louisiana, United States"
http://www.wikidata.org/entity/Q42668666,Cosmopolitan Theatre,Point(-90.0759269 29.9552096),,,"former movie theater in New Orleans, Louisiana, United States"
http://www.wikidata.org/entity/Q42668666,Cosmopolitan Theatre,Point(-90.0759269 29.9552096),,,"former movie theater in New Orleans, Louisiana, United States"
http://www.wikidata.org/entity/Q42668666,Cosmopolitan Theatre,Point(-90.0759269 29.9552096),,,"former movie theater in New Orleans, Louisiana, United States"
http://www.wikidata.org/entity/Q42668666,Cosmopolitan Theatre,Point(-90.0759269 29.9552096),,,"former movie theater in New Orleans, Louisiana, United States"
http://www.wikidata.org/entity/Q42668666,Cosmopolitan Theatre,Point(-90.0759269 29.9552096),,,"former movie theater in New Orleans, Louisiana, United States"
http://www.wikidata.org/entity/Q42668666,Cosmopolitan Theatre,Point(-90.0759269 29.9552096),,,"former movie theater in New Orleans, Louisiana, United States"
http://www.wikidata.org/entity/Q42668666,Cosmopolitan Theatre,Point(-90.0759269 29.9552096),,,"former movie theater in New Orleans, Louisiana, United States"
http://www.wikidata.org/entity/Q42668666,Cosmopolitan Theatre,Point(-90.0759269 29.9552096),,,"former movie theater in New Orleans, Louisiana, United States"
http://www.wikidata.org/entity/Q42668666,Cosmopolitan Theatre,Point(-90.0759269 29.9552096),,,"former movie theater in New Orleans, Louisiana, United States"
http://www.wikidata.org/entity/Q42668673,Entergy Giant Screen Theater,Point(-90.0631474 29.9504238),,,"movie theater in New Orleans, Louisiana, United States"
http://www.wikidata.org/entity/Q42668673,Entergy Giant Screen Theater,Point(-90.0631474 29.9504238),,,"movie theater in New Orleans, Louisiana, United States"
http://www.wikidata.org/entity/Q42668673,Entergy Giant Screen Theater,Point(-90.0631474 29.9504238),,,"movie theater in New Orleans, Louisiana, United States"
http://www.wikidata.org/entity/Q42668673,Entergy Giant Screen Theater,Point(-90.0631474 29.9504238),,,"movie theater in New Orleans, Louisiana, United States"
http://www.wikidata.org/entity/Q42668673,Entergy Giant Screen Theater,Point(-90.0631474 29.9504238),,,"movie theater in New Orleans, Louisiana, United States"
http://www.wikidata.org/entity/Q42668673,Entergy Giant Screen Theater,Point(-90.0631474 29.9504238),,,"movie theater in New Orleans, Louisiana, United States"
http://www.wikidata.org/entity/Q42668673,Entergy Giant Screen Theater,Point(-90.0631474 29.9504238),,,"movie theater in New Orleans, Louisiana, United States"
http://www.wikidata.org/entity/Q42668673,Entergy Giant Screen Theater,Point(-90.0631474 29.9504238),,,"movie theater in New Orleans, Louisiana, United States"
http://www.wikidata.org/entity/Q42668673,Entergy Giant Screen Theater,Point(-90.0631474 29.9504238),,,"movie theater in New Orleans, Louisiana, United States"
http://www.wikidata.org/entity/Q42668673,Entergy Giant Screen Theater,Point(-90.0631474 29.9504238),,,"movie theater in New Orleans, Louisiana, United States"
http://www.wikidata.org/entity/Q42668673,Entergy Giant Screen Theater,Point(-90.0631474 29.9504238),,,"movie theater in New Orleans, Louisiana, United States"
http://www.wikidata.org/entity/Q42668673,Entergy Giant Screen Theater,Point(-90.0631474 29.9504238),,,"movie theater in New Orleans, Louisiana, United States"
http://www.wikidata.org/entity/Q42668673,Entergy Giant Screen Theater,Point(-90.0631474 29.9504238),,,"movie theater in New Orleans, Louisiana, United States"
http://www.wikidata.org/entity/Q42668673,Entergy Giant Screen Theater,Point(-90.0631474 29.9504238),,,"movie theater in New Orleans, Louisiana, United States"
http://www.wikidata.org/entity/Q42668673,Entergy Giant Screen Theater,Point(-90.0631474 29.9504238),,,"movie theater in New Orleans, Louisiana, United States"
http://www.wikidata.org/entity/Q42668673,Entergy Giant Screen Theater,Point(-90.0631474 29.9504238),,,"movie theater in New Orleans, Louisiana, United States"
http://www.wikidata.org/entity/Q42668673,Entergy Giant Screen Theater,Point(-90.0631474 29.9504238),,,"movie theater in New Orleans, Louisiana, United States"
http://www.wikidata.org/entity/Q42668673,Entergy Giant Screen Theater,Point(-90.0631474 29.9504238),,,"movie theater in New Orleans, Louisiana, United States"
http://www.wikidata.org/entity/Q42668673,Entergy Giant Screen Theater,Point(-90.0631474 29.9504238),,,"movie theater in New Orleans, Louisiana, United States"
http://www.wikidata.org/entity/Q42668673,Entergy Giant Screen Theater,Point(-90.0631474 29.9504238),,,"movie theater in New Orleans, Louisiana, United States"
http://www.wikidata.org/entity/Q42668673,Entergy Giant Screen Theater,Point(-90.0631474 29.9504238),,,"movie theater in New Orleans, Louisiana, United States"
http://www.wikidata.org/entity/Q42668673,Entergy Giant Screen Theater,Point(-90.0631474 29.9504238),,,"movie theater in New Orleans, Louisiana, United States"
http://www.wikidata.org/entity/Q42668673,Entergy Giant Screen Theater,Point(-90.0631474 29.9504238),,,"movie theater in New Orleans, Louisiana, United States"
http://www.wikidata.org/entity/Q42668673,Entergy Giant Screen Theater,Point(-90.0631474 29.9504238),,,"movie theater in New Orleans, Louisiana, United States"
http://www.wikidata.org/entity/Q42668673,Entergy Giant Screen Theater,Point(-90.0631474 29.9504238),,,"movie theater in New Orleans, Louisiana, United States"
http://www.wikidata.org/entity/Q42668673,Entergy Giant Screen Theater,Point(-90.0631474 29.9504238),,,"movie theater in New Orleans, Louisiana, United States"
http://www.wikidata.org/entity/Q42668680,Globe Theatre,Point(-90.0687268 29.9526885),,,"former movie theater in New Orleans, Louisiana, United States"
http://www.wikidata.org/entity/Q42668680,Globe Theatre,Point(-90.0687268 29.9526885),,,"former movie theater in New Orleans, Louisiana, United States"
http://www.wikidata.org/entity/Q42668680,Globe Theatre,Point(-90.0687268 29.9526885),,,"former movie theater in New Orleans, Louisiana, United States"
http://www.wikidata.org/entity/Q42668680,Globe Theatre,Point(-90.0687268 29.9526885),,,"former movie theater in New Orleans, Louisiana, United States"
http://www.wikidata.org/entity/Q42668680,Globe Theatre,Point(-90.0687268 29.9526885),,,"former movie theater in New Orleans, Louisiana, United States"
http://www.wikidata.org/entity/Q42668680,Globe Theatre,Point(-90.0687268 29.9526885),,,"former movie theater in New Orleans, Louisiana, United States"
http://www.wikidata.org/entity/Q42668680,Globe Theatre,Point(-90.0687268 29.9526885),,,"former movie theater in New Orleans, Louisiana, United States"
http://www.wikidata.org/entity/Q42668680,Globe Theatre,Point(-90.0687268 29.9526885),,,"former movie theater in New Orleans, Louisiana, United States"
http://www.wikidata.org/entity/Q42668680,Globe Theatre,Point(-90.0687268 29.9526885),,,"former movie theater in New Orleans, Louisiana, United States"
http://www.wikidata.org/entity/Q42668680,Globe Theatre,Point(-90.0687268 29.9526885),,,"former movie theater in New Orleans, Louisiana, United States"
http://www.wikidata.org/entity/Q42668680,Globe Theatre,Point(-90.0687268 29.9526885),,,"former movie theater in New Orleans, Louisiana, United States"
http://www.wikidata.org/entity/Q42668680,Globe Theatre,Point(-90.0687268 29.9526885),,,"former movie theater in New Orleans, Louisiana, United States"
http://www.wikidata.org/entity/Q42668680,Globe Theatre,Point(-90.0687268 29.9526885),,,"former movie theater in New Orleans, Louisiana, United States"
http://www.wikidata.org/entity/Q42668680,Globe Theatre,Point(-90.0687268 29.9526885),,,"former movie theater in New Orleans, Louisiana, United States"
http://www.wikidata.org/entity/Q42668680,Globe Theatre,Point(-90.0687268 29.9526885),,,"former movie theater in New Orleans, Louisiana, United States"
http://www.wikidata.org/entity/Q42668680,Globe Theatre,Point(-90.0687268 29.9526885),,,"former movie theater in New Orleans, Louisiana, United States"
http://www.wikidata.org/entity/Q42668680,Globe Theatre,Point(-90.0687268 29.9526885),,,"former movie theater in New Orleans, Louisiana, United States"
http://www.wikidata.org/entity/Q42668680,Globe Theatre,Point(-90.0687268 29.9526885),,,"former movie theater in New Orleans, Louisiana, United States"
http://www.wikidata.org/entity/Q42668680,Globe Theatre,Point(-90.0687268 29.9526885),,,"former movie theater in New Orleans, Louisiana, United States"
http://www.wikidata.org/entity/Q42668680,Globe Theatre,Point(-90.0687268 29.9526885),,,"former movie theater in New Orleans, Louisiana, United States"
http://www.wikidata.org/entity/Q42668680,Globe Theatre,Point(-90.0687268 29.9526885),,,"former movie theater in New Orleans, Louisiana, United States"
http://www.wikidata.org/entity/Q42668680,Globe Theatre,Point(-90.0687268 29.9526885),,,"former movie theater in New Orleans, Louisiana, United States"
http://www.wikidata.org/entity/Q42668680,Globe Theatre,Point(-90.0687268 29.9526885),,,"former movie theater in New Orleans, Louisiana, United States"
http://www.wikidata.org/entity/Q42668680,Globe Theatre,Point(-90.0687268 29.9526885),,,"former movie theater in New Orleans, Louisiana, United States"
http://www.wikidata.org/entity/Q42668680,Globe Theatre,Point(-90.0687268 29.9526885),,,"former movie theater in New Orleans, Louisiana, United States"
http://www.wikidata.org/entity/Q42668680,Globe Theatre,Point(-90.0687268 29.9526885),,,"former movie theater in New Orleans, Louisiana, United States"
http://www.wikidata.org/entity/Q42668689,Liberty Theatre,Point(-90.0701434 29.9510589),,,"former movie theater in New Orleans, Louisiana, United States"
http://www.wikidata.org/entity/Q42668689,Liberty Theatre,Point(-90.0701434 29.9510589),,,"former movie theater in New Orleans, Louisiana, United States"
http://www.wikidata.org/entity/Q42668689,Liberty Theatre,Point(-90.0701434 29.9510589),,,"former movie theater in New Orleans, Louisiana, United States"
http://www.wikidata.org/entity/Q42668689,Liberty Theatre,Point(-90.0701434 29.9510589),,,"former movie theater in New Orleans, Louisiana, United States"
http://www.wikidata.org/entity/Q42668689,Liberty Theatre,Point(-90.0701434 29.9510589),,,"former movie theater in New Orleans, Louisiana, United States"
http://www.wikidata.org/entity/Q42668689,Liberty Theatre,Point(-90.0701434 29.9510589),,,"former movie theater in New Orleans, Louisiana, United States"
http://www.wikidata.org/entity/Q42668689,Liberty Theatre,Point(-90.0701434 29.9510589),,,"former movie theater in New Orleans, Louisiana, United States"
http://www.wikidata.org/entity/Q42668689,Liberty Theatre,Point(-90.0701434 29.9510589),,,"former movie theater in New Orleans, Louisiana, United States"
http://www.wikidata.org/entity/Q42668689,Liberty Theatre,Point(-90.0701434 29.9510589),,,"former movie theater in New Orleans, Louisiana, United States"
http://www.wikidata.org/entity/Q42668689,Liberty Theatre,Point(-90.0701434 29.9510589),,,"former movie theater in New Orleans, Louisiana, United States"
http://www.wikidata.org/entity/Q42668689,Liberty Theatre,Point(-90.0701434 29.9510589),,,"former movie theater in New Orleans, Louisiana, United States"
http://www.wikidata.org/entity/Q42668689,Liberty Theatre,Point(-90.0701434 29.9510589),,,"former movie theater in New Orleans, Louisiana, United States"
http://www.wikidata.org/entity/Q42668689,Liberty Theatre,Point(-90.0701434 29.9510589),,,"former movie theater in New Orleans, Louisiana, United States"
http://www.wikidata.org/entity/Q42668689,Liberty Theatre,Point(-90.0701434 29.9510589),,,"former movie theater in New Orleans, Louisiana, United States"
http://www.wikidata.org/entity/Q42668689,Liberty Theatre,Point(-90.0701434 29.9510589),,,"former movie theater in New Orleans, Louisiana, United States"
http://www.wikidata.org/entity/Q42668689,Liberty Theatre,Point(-90.0701434 29.9510589),,,"former movie theater in New Orleans, Louisiana, United States"
http://www.wikidata.org/entity/Q42668689,Liberty Theatre,Point(-90.0701434 29.9510589),,,"former movie theater in New Orleans, Louisiana, United States"
http://www.wikidata.org/entity/Q42668689,Liberty Theatre,Point(-90.0701434 29.9510589),,,"former movie theater in New Orleans, Louisiana, United States"
http://www.wikidata.org/entity/Q42668632,Happy Land Theater,Point(-90.044272 29.965072),,,"former movie theater in New Orleans, Louisiana, United States"
http://www.wikidata.org/entity/Q42668632,Happy Land Theater,Point(-90.044272 29.965072),,,"former movie theater in New Orleans, Louisiana, United States"
http://www.wikidata.org/entity/Q42668632,Happy Land Theater,Point(-90.044272 29.965072),,,"former movie theater in New Orleans, Louisiana, United States"
http://www.wikidata.org/entity/Q42668632,Happy Land Theater,Point(-90.044272 29.965072),,,"former movie theater in New Orleans, Louisiana, United States"
http://www.wikidata.org/entity/Q42668632,Happy Land Theater,Point(-90.044272 29.965072),,,"former movie theater in New Orleans, Louisiana, United States"
http://www.wikidata.org/entity/Q42668632,Happy Land Theater,Point(-90.044272 29.965072),,,"former movie theater in New Orleans, Louisiana, United States"
http://www.wikidata.org/entity/Q42668632,Happy Land Theater,Point(-90.044272 29.965072),,,"former movie theater in New Orleans, Louisiana, United States"
http://www.wikidata.org/entity/Q42668632,Happy Land Theater,Point(-90.044272 29.965072),,,"former movie theater in New Orleans, Louisiana, United States"
http://www.wikidata.org/entity/Q42668632,Happy Land Theater,Point(-90.044272 29.965072),,,"former movie theater in New Orleans, Louisiana, United States"
http://www.wikidata.org/entity/Q42668632,Happy Land Theater,Point(-90.044272 29.965072),,,"former movie theater in New Orleans, Louisiana, United States"
http://www.wikidata.org/entity/Q42668632,Happy Land Theater,Point(-90.044272 29.965072),,,"former movie theater in New Orleans, Louisiana, United States"
http://www.wikidata.org/entity/Q42668632,Happy Land Theater,Point(-90.044272 29.965072),,,"former movie theater in New Orleans, Louisiana, United States"
http://www.wikidata.org/entity/Q42668632,Happy Land Theater,Point(-90.044272 29.965072),,,"former movie theater in New Orleans, Louisiana, United States"
http://www.wikidata.org/entity/Q42668632,Happy Land Theater,Point(-90.044272 29.965072),,,"former movie theater in New Orleans, Louisiana, United States"
http://www.wikidata.org/entity/Q42668632,Happy Land Theater,Point(-90.044272 29.965072),,,"former movie theater in New Orleans, Louisiana, United States"
http://www.wikidata.org/entity/Q42668632,Happy Land Theater,Point(-90.044272 29.965072),,,"former movie theater in New Orleans, Louisiana, United States"
http://www.wikidata.org/entity/Q42668632,Happy Land Theater,Point(-90.044272 29.965072),,,"former movie theater in New Orleans, Louisiana, United States"
http://www.wikidata.org/entity/Q42668632,Happy Land Theater,Point(-90.044272 29.965072),,,"former movie theater in New Orleans, Louisiana, United States"
http://www.wikidata.org/entity/Q42668632,Happy Land Theater,Point(-90.044272 29.965072),,,"former movie theater in New Orleans, Louisiana, United States"
http://www.wikidata.org/entity/Q42668632,Happy Land Theater,Point(-90.044272 29.965072),,,"former movie theater in New Orleans, Louisiana, United States"
http://www.wikidata.org/entity/Q42668632,Happy Land Theater,Point(-90.044272 29.965072),,,"former movie theater in New Orleans, Louisiana, United States"
http://www.wikidata.org/entity/Q42668632,Happy Land Theater,Point(-90.044272 29.965072),,,"former movie theater in New Orleans, Louisiana, United States"
http://www.wikidata.org/entity/Q42668632,Happy Land Theater,Point(-90.044272 29.965072),,,"former movie theater in New Orleans, Louisiana, United States"
http://www.wikidata.org/entity/Q42668632,Happy Land Theater,Point(-90.044272 29.965072),,,"former movie theater in New Orleans, Louisiana, United States"
http://www.wikidata.org/entity/Q42668632,Happy Land Theater,Point(-90.044272 29.965072),,,"former movie theater in New Orleans, Louisiana, United States"
http://www.wikidata.org/entity/Q42668632,Happy Land Theater,Point(-90.044272 29.965072),,,"former movie theater in New Orleans, Louisiana, United States"
http://www.wikidata.org/entity/Q42668638,Ace Theatre,Point(-90.0743088 29.9527806),,,"former movie theater in New Orleans, Louisiana, United States"
http://www.wikidata.org/entity/Q42668638,Ace Theatre,Point(-90.0743088 29.9527806),,,"former movie theater in New Orleans, Louisiana, United States"
http://www.wikidata.org/entity/Q42668638,Ace Theatre,Point(-90.0743088 29.9527806),,,"former movie theater in New Orleans, Louisiana, United States"
http://www.wikidata.org/entity/Q42668638,Ace Theatre,Point(-90.0743088 29.9527806),,,"former movie theater in New Orleans, Louisiana, United States"
http://www.wikidata.org/entity/Q42668638,Ace Theatre,Point(-90.0743088 29.9527806),,,"former movie theater in New Orleans, Louisiana, United States"
http://www.wikidata.org/entity/Q42668638,Ace Theatre,Point(-90.0743088 29.9527806),,,"former movie theater in New Orleans, Louisiana, United States"
http://www.wikidata.org/entity/Q42668638,Ace Theatre,Point(-90.0743088 29.9527806),,,"former movie theater in New Orleans, Louisiana, United States"
http://www.wikidata.org/entity/Q42668638,Ace Theatre,Point(-90.0743088 29.9527806),,,"former movie theater in New Orleans, Louisiana, United States"
http://www.wikidata.org/entity/Q42668638,Ace Theatre,Point(-90.0743088 29.9527806),,,"former movie theater in New Orleans, Louisiana, United States"
http://www.wikidata.org/entity/Q42668638,Ace Theatre,Point(-90.0743088 29.9527806),,,"former movie theater in New Orleans, Louisiana, United States"
http://www.wikidata.org/entity/Q42668638,Ace Theatre,Point(-90.0743088 29.9527806),,,"former movie theater in New Orleans, Louisiana, United States"
http://www.wikidata.org/entity/Q42668638,Ace Theatre,Point(-90.0743088 29.9527806),,,"former movie theater in New Orleans, Louisiana, United States"
http://www.wikidata.org/entity/Q42668638,Ace Theatre,Point(-90.0743088 29.9527806),,,"former movie theater in New Orleans, Louisiana, United States"
http://www.wikidata.org/entity/Q42668638,Ace Theatre,Point(-90.0743088 29.9527806),,,"former movie theater in New Orleans, Louisiana, United States"
http://www.wikidata.org/entity/Q42668638,Ace Theatre,Point(-90.0743088 29.9527806),,,"former movie theater in New Orleans, Louisiana, United States"
http://www.wikidata.org/entity/Q42668638,Ace Theatre,Point(-90.0743088 29.9527806),,,"former movie theater in New Orleans, Louisiana, United States"
http://www.wikidata.org/entity/Q42668638,Ace Theatre,Point(-90.0743088 29.9527806),,,"former movie theater in New Orleans, Louisiana, United States"
http://www.wikidata.org/entity/Q42668638,Ace Theatre,Point(-90.0743088 29.9527806),,,"former movie theater in New Orleans, Louisiana, United States"
http://www.wikidata.org/entity/Q42668638,Ace Theatre,Point(-90.0743088 29.9527806),,,"former movie theater in New Orleans, Louisiana, United States"
http://www.wikidata.org/entity/Q42668638,Ace Theatre,Point(-90.0743088 29.9527806),,,"former movie theater in New Orleans, Louisiana, United States"
http://www.wikidata.org/entity/Q42668638,Ace Theatre,Point(-90.0743088 29.9527806),,,"former movie theater in New Orleans, Louisiana, United States"
http://www.wikidata.org/entity/Q42668638,Ace Theatre,Point(-90.0743088 29.9527806),,,"former movie theater in New Orleans, Louisiana, United States"
http://www.wikidata.org/entity/Q42668638,Ace Theatre,Point(-90.0743088 29.9527806),,,"former movie theater in New Orleans, Louisiana, United States"
http://www.wikidata.org/entity/Q42668638,Ace Theatre,Point(-90.0743088 29.9527806),,,"former movie theater in New Orleans, Louisiana, United States"
http://www.wikidata.org/entity/Q42668638,Ace Theatre,Point(-90.0743088 29.9527806),,,"former movie theater in New Orleans, Louisiana, United States"
http://www.wikidata.org/entity/Q42668638,Ace Theatre,Point(-90.0743088 29.9527806),,,"former movie theater in New Orleans, Louisiana, United States"
http://www.wikidata.org/entity/Q42668644,Alamo Theatre,Point(-90.072058 29.955709),,,"former movie theater in New Orleans, Louisiana, United States"
http://www.wikidata.org/entity/Q42668644,Alamo Theatre,Point(-90.072058 29.955709),,,"former movie theater in New Orleans, Louisiana, United States"
http://www.wikidata.org/entity/Q42668644,Alamo Theatre,Point(-90.072058 29.955709),,,"former movie theater in New Orleans, Louisiana, United States"
http://www.wikidata.org/entity/Q42668644,Alamo Theatre,Point(-90.072058 29.955709),,,"former movie theater in New Orleans, Louisiana, United States"
http://www.wikidata.org/entity/Q42668644,Alamo Theatre,Point(-90.072058 29.955709),,,"former movie theater in New Orleans, Louisiana, United States"
http://www.wikidata.org/entity/Q42668644,Alamo Theatre,Point(-90.072058 29.955709),,,"former movie theater in New Orleans, Louisiana, United States"
http://www.wikidata.org/entity/Q42668644,Alamo Theatre,Point(-90.072058 29.955709),,,"former movie theater in New Orleans, Louisiana, United States"
http://www.wikidata.org/entity/Q42668644,Alamo Theatre,Point(-90.072058 29.955709),,,"former movie theater in New Orleans, Louisiana, United States"
http://www.wikidata.org/entity/Q42668644,Alamo Theatre,Point(-90.072058 29.955709),,,"former movie theater in New Orleans, Louisiana, United States"
http://www.wikidata.org/entity/Q42668644,Alamo Theatre,Point(-90.072058 29.955709),,,"former movie theater in New Orleans, Louisiana, United States"
http://www.wikidata.org/entity/Q42668644,Alamo Theatre,Point(-90.072058 29.955709),,,"former movie theater in New Orleans, Louisiana, United States"
http://www.wikidata.org/entity/Q42668644,Alamo Theatre,Point(-90.072058 29.955709),,,"former movie theater in New Orleans, Louisiana, United States"
http://www.wikidata.org/entity/Q42668644,Alamo Theatre,Point(-90.072058 29.955709),,,"former movie theater in New Orleans, Louisiana, United States"
http://www.wikidata.org/entity/Q42668644,Alamo Theatre,Point(-90.072058 29.955709),,,"former movie theater in New Orleans, Louisiana, United States"
http://www.wikidata.org/entity/Q42668644,Alamo Theatre,Point(-90.072058 29.955709),,,"former movie theater in New Orleans, Louisiana, United States"
http://www.wikidata.org/entity/Q42668644,Alamo Theatre,Point(-90.072058 29.955709),,,"former movie theater in New Orleans, Louisiana, United States"
http://www.wikidata.org/entity/Q42668644,Alamo Theatre,Point(-90.072058 29.955709),,,"former movie theater in New Orleans, Louisiana, United States"
http://www.wikidata.org/entity/Q42668644,Alamo Theatre,Point(-90.072058 29.955709),,,"former movie theater in New Orleans, Louisiana, United States"
http://www.wikidata.org/entity/Q42668644,Alamo Theatre,Point(-90.072058 29.955709),,,"former movie theater in New Orleans, Louisiana, United States"
http://www.wikidata.org/entity/Q42668644,Alamo Theatre,Point(-90.072058 29.955709),,,"former movie theater in New Orleans, Louisiana, United States"
http://www.wikidata.org/entity/Q42668644,Alamo Theatre,Point(-90.072058 29.955709),,,"former movie theater in New Orleans, Louisiana, United States"
http://www.wikidata.org/entity/Q42668644,Alamo Theatre,Point(-90.072058 29.955709),,,"former movie theater in New Orleans, Louisiana, United States"
http://www.wikidata.org/entity/Q42668644,Alamo Theatre,Point(-90.072058 29.955709),,,"former movie theater in New Orleans, Louisiana, United States"
http://www.wikidata.org/entity/Q42668644,Alamo Theatre,Point(-90.072058 29.955709),,,"former movie theater in New Orleans, Louisiana, United States"
http://www.wikidata.org/entity/Q42668644,Alamo Theatre,Point(-90.072058 29.955709),,,"former movie theater in New Orleans, Louisiana, United States"
http://www.wikidata.org/entity/Q42668644,Alamo Theatre,Point(-90.072058 29.955709),,,"former movie theater in New Orleans, Louisiana, United States"
http://www.wikidata.org/entity/Q42668654,Avenue Theatre,Point(-90.0701065 29.9511985),,,"former movie theater in New Orleans, Louisiana, United States"
http://www.wikidata.org/entity/Q42668654,Avenue Theatre,Point(-90.0701065 29.9511985),,,"former movie theater in New Orleans, Louisiana, United States"
http://www.wikidata.org/entity/Q42668654,Avenue Theatre,Point(-90.0701065 29.9511985),,,"former movie theater in New Orleans, Louisiana, United States"
http://www.wikidata.org/entity/Q42668654,Avenue Theatre,Point(-90.0701065 29.9511985),,,"former movie theater in New Orleans, Louisiana, United States"
http://www.wikidata.org/entity/Q42668654,Avenue Theatre,Point(-90.0701065 29.9511985),,,"former movie theater in New Orleans, Louisiana, United States"
http://www.wikidata.org/entity/Q42668654,Avenue Theatre,Point(-90.0701065 29.9511985),,,"former movie theater in New Orleans, Louisiana, United States"
http://www.wikidata.org/entity/Q42668654,Avenue Theatre,Point(-90.0701065 29.9511985),,,"former movie theater in New Orleans, Louisiana, United States"
http://www.wikidata.org/entity/Q42668654,Avenue Theatre,Point(-90.0701065 29.9511985),,,"former movie theater in New Orleans, Louisiana, United States"
http://www.wikidata.org/entity/Q42668654,Avenue Theatre,Point(-90.0701065 29.9511985),,,"former movie theater in New Orleans, Louisiana, United States"
http://www.wikidata.org/entity/Q42668654,Avenue Theatre,Point(-90.0701065 29.9511985),,,"former movie theater in New Orleans, Louisiana, United States"
http://www.wikidata.org/entity/Q42668654,Avenue Theatre,Point(-90.0701065 29.9511985),,,"former movie theater in New Orleans, Louisiana, United States"
http://www.wikidata.org/entity/Q42668654,Avenue Theatre,Point(-90.0701065 29.9511985),,,"former movie theater in New Orleans, Louisiana, United States"
http://www.wikidata.org/entity/Q42668654,Avenue Theatre,Point(-90.0701065 29.9511985),,,"former movie theater in New Orleans, Louisiana, United States"
http://www.wikidata.org/entity/Q42668654,Avenue Theatre,Point(-90.0701065 29.9511985),,,"former movie theater in New Orleans, Louisiana, United States"
http://www.wikidata.org/entity/Q42668654,Avenue Theatre,Point(-90.0701065 29.9511985),,,"former movie theater in New Orleans, Louisiana, United States"
http://www.wikidata.org/entity/Q42668654,Avenue Theatre,Point(-90.0701065 29.9511985),,,"former movie theater in New Orleans, Louisiana, United States"
http://www.wikidata.org/entity/Q42668654,Avenue Theatre,Point(-90.0701065 29.9511985),,,"former movie theater in New Orleans, Louisiana, United States"
http://www.wikidata.org/entity/Q42668654,Avenue Theatre,Point(-90.0701065 29.9511985),,,"former movie theater in New Orleans, Louisiana, United States"
http://www.wikidata.org/entity/Q42668654,Avenue Theatre,Point(-90.0701065 29.9511985),,,"former movie theater in New Orleans, Louisiana, United States"
http://www.wikidata.org/entity/Q42668654,Avenue Theatre,Point(-90.0701065 29.9511985),,,"former movie theater in New Orleans, Louisiana, United States"
http://www.wikidata.org/entity/Q42668654,Avenue Theatre,Point(-90.0701065 29.9511985),,,"former movie theater in New Orleans, Louisiana, United States"
http://www.wikidata.org/entity/Q42668654,Avenue Theatre,Point(-90.0701065 29.9511985),,,"former movie theater in New Orleans, Louisiana, United States"
http://www.wikidata.org/entity/Q42668689,Liberty Theatre,Point(-90.0701434 29.9510589),,,"former movie theater in New Orleans, Louisiana, United States"
http://www.wikidata.org/entity/Q42668689,Liberty Theatre,Point(-90.0701434 29.9510589),,,"former movie theater in New Orleans, Louisiana, United States"
http://www.wikidata.org/entity/Q42668689,Liberty Theatre,Point(-90.0701434 29.9510589),,,"former movie theater in New Orleans, Louisiana, United States"
http://www.wikidata.org/entity/Q42668689,Liberty Theatre,Point(-90.0701434 29.9510589),,,"former movie theater in New Orleans, Louisiana, United States"
http://www.wikidata.org/entity/Q42668689,Liberty Theatre,Point(-90.0701434 29.9510589),,,"former movie theater in New Orleans, Louisiana, United States"
http://www.wikidata.org/entity/Q42668689,Liberty Theatre,Point(-90.0701434 29.9510589),,,"former movie theater in New Orleans, Louisiana, United States"
http://www.wikidata.org/entity/Q42668689,Liberty Theatre,Point(-90.0701434 29.9510589),,,"former movie theater in New Orleans, Louisiana, United States"
http://www.wikidata.org/entity/Q42668689,Liberty Theatre,Point(-90.0701434 29.9510589),,,"former movie theater in New Orleans, Louisiana, United States"
http://www.wikidata.org/entity/Q42668699,Lyceum Theatre,Point(-90.0704053 29.950325),,,"former movie theater in New Orleans, Louisiana, United States"
http://www.wikidata.org/entity/Q42668699,Lyceum Theatre,Point(-90.0704053 29.950325),,,"former movie theater in New Orleans, Louisiana, United States"
http://www.wikidata.org/entity/Q42668699,Lyceum Theatre,Point(-90.0704053 29.950325),,,"former movie theater in New Orleans, Louisiana, United States"
http://www.wikidata.org/entity/Q42668699,Lyceum Theatre,Point(-90.0704053 29.950325),,,"former movie theater in New Orleans, Louisiana, United States"
http://www.wikidata.org/entity/Q42668699,Lyceum Theatre,Point(-90.0704053 29.950325),,,"former movie theater in New Orleans, Louisiana, United States"
http://www.wikidata.org/entity/Q42668699,Lyceum Theatre,Point(-90.0704053 29.950325),,,"former movie theater in New Orleans, Louisiana, United States"
http://www.wikidata.org/entity/Q42668699,Lyceum Theatre,Point(-90.0704053 29.950325),,,"former movie theater in New Orleans, Louisiana, United States"
http://www.wikidata.org/entity/Q42668699,Lyceum Theatre,Point(-90.0704053 29.950325),,,"former movie theater in New Orleans, Louisiana, United States"
http://www.wikidata.org/entity/Q42668699,Lyceum Theatre,Point(-90.0704053 29.950325),,,"former movie theater in New Orleans, Louisiana, United States"
http://www.wikidata.org/entity/Q42668699,Lyceum Theatre,Point(-90.0704053 29.950325),,,"former movie theater in New Orleans, Louisiana, United States"
http://www.wikidata.org/entity/Q42668699,Lyceum Theatre,Point(-90.0704053 29.950325),,,"former movie theater in New Orleans, Louisiana, United States"
http://www.wikidata.org/entity/Q42668699,Lyceum Theatre,Point(-90.0704053 29.950325),,,"former movie theater in New Orleans, Louisiana, United States"
http://www.wikidata.org/entity/Q42668699,Lyceum Theatre,Point(-90.0704053 29.950325),,,"former movie theater in New Orleans, Louisiana, United States"
http://www.wikidata.org/entity/Q42668699,Lyceum Theatre,Point(-90.0704053 29.950325),,,"former movie theater in New Orleans, Louisiana, United States"
http://www.wikidata.org/entity/Q42668699,Lyceum Theatre,Point(-90.0704053 29.950325),,,"former movie theater in New Orleans, Louisiana, United States"
http://www.wikidata.org/entity/Q42668699,Lyceum Theatre,Point(-90.0704053 29.950325),,,"former movie theater in New Orleans, Louisiana, United States"
http://www.wikidata.org/entity/Q42668699,Lyceum Theatre,Point(-90.0704053 29.950325),,,"former movie theater in New Orleans, Louisiana, United States"
http://www.wikidata.org/entity/Q42668699,Lyceum Theatre,Point(-90.0704053 29.950325),,,"former movie theater in New Orleans, Louisiana, United States"
http://www.wikidata.org/entity/Q42668699,Lyceum Theatre,Point(-90.0704053 29.950325),,,"former movie theater in New Orleans, Louisiana, United States"
http://www.wikidata.org/entity/Q42668699,Lyceum Theatre,Point(-90.0704053 29.950325),,,"former movie theater in New Orleans, Louisiana, United States"
http://www.wikidata.org/entity/Q42668699,Lyceum Theatre,Point(-90.0704053 29.950325),,,"former movie theater in New Orleans, Louisiana, United States"
http://www.wikidata.org/entity/Q42668699,Lyceum Theatre,Point(-90.0704053 29.950325),,,"former movie theater in New Orleans, Louisiana, United States"
http://www.wikidata.org/entity/Q42668699,Lyceum Theatre,Point(-90.0704053 29.950325),,,"former movie theater in New Orleans, Louisiana, United States"
http://www.wikidata.org/entity/Q42668699,Lyceum Theatre,Point(-90.0704053 29.950325),,,"former movie theater in New Orleans, Louisiana, United States"
http://www.wikidata.org/entity/Q42668699,Lyceum Theatre,Point(-90.0704053 29.950325),,,"former movie theater in New Orleans, Louisiana, United States"
http://www.wikidata.org/entity/Q42668699,Lyceum Theatre,Point(-90.0704053 29.950325),,,"former movie theater in New Orleans, Louisiana, United States"
http://www.wikidata.org/entity/Q42668711,Panorama Theatre,Point(-90.0723231 29.95268),,,"former movie theater in New Orleans, Louisiana, United States"
http://www.wikidata.org/entity/Q42668711,Panorama Theatre,Point(-90.0723231 29.95268),,,"former movie theater in New Orleans, Louisiana, United States"
http://www.wikidata.org/entity/Q42668711,Panorama Theatre,Point(-90.0723231 29.95268),,,"former movie theater in New Orleans, Louisiana, United States"
http://www.wikidata.org/entity/Q42668711,Panorama Theatre,Point(-90.0723231 29.95268),,,"former movie theater in New Orleans, Louisiana, United States"
http://www.wikidata.org/entity/Q42668711,Panorama Theatre,Point(-90.0723231 29.95268),,,"former movie theater in New Orleans, Louisiana, United States"
http://www.wikidata.org/entity/Q42668711,Panorama Theatre,Point(-90.0723231 29.95268),,,"former movie theater in New Orleans, Louisiana, United States"
http://www.wikidata.org/entity/Q42668711,Panorama Theatre,Point(-90.0723231 29.95268),,,"former movie theater in New Orleans, Louisiana, United States"
http://www.wikidata.org/entity/Q42668711,Panorama Theatre,Point(-90.0723231 29.95268),,,"former movie theater in New Orleans, Louisiana, United States"
http://www.wikidata.org/entity/Q42668711,Panorama Theatre,Point(-90.0723231 29.95268),,,"former movie theater in New Orleans, Louisiana, United States"
http://www.wikidata.org/entity/Q42668711,Panorama Theatre,Point(-90.0723231 29.95268),,,"former movie theater in New Orleans, Louisiana, United States"
http://www.wikidata.org/entity/Q42668711,Panorama Theatre,Point(-90.0723231 29.95268),,,"former movie theater in New Orleans, Louisiana, United States"
http://www.wikidata.org/entity/Q42668711,Panorama Theatre,Point(-90.0723231 29.95268),,,"former movie theater in New Orleans, Louisiana, United States"
http://www.wikidata.org/entity/Q42668711,Panorama Theatre,Point(-90.0723231 29.95268),,,"former movie theater in New Orleans, Louisiana, United States"
http://www.wikidata.org/entity/Q42668711,Panorama Theatre,Point(-90.0723231 29.95268),,,"former movie theater in New Orleans, Louisiana, United States"
http://www.wikidata.org/entity/Q42668711,Panorama Theatre,Point(-90.0723231 29.95268),,,"former movie theater in New Orleans, Louisiana, United States"
http://www.wikidata.org/entity/Q42668711,Panorama Theatre,Point(-90.0723231 29.95268),,,"former movie theater in New Orleans, Louisiana, United States"
http://www.wikidata.org/entity/Q42668711,Panorama Theatre,Point(-90.0723231 29.95268),,,"former movie theater in New Orleans, Louisiana, United States"
http://www.wikidata.org/entity/Q42668711,Panorama Theatre,Point(-90.0723231 29.95268),,,"former movie theater in New Orleans, Louisiana, United States"
http://www.wikidata.org/entity/Q42668711,Panorama Theatre,Point(-90.0723231 29.95268),,,"former movie theater in New Orleans, Louisiana, United States"
http://www.wikidata.org/entity/Q42668711,Panorama Theatre,Point(-90.0723231 29.95268),,,"former movie theater in New Orleans, Louisiana, United States"
http://www.wikidata.org/entity/Q42668711,Panorama Theatre,Point(-90.0723231 29.95268),,,"former movie theater in New Orleans, Louisiana, United States"
http://www.wikidata.org/entity/Q42668711,Panorama Theatre,Point(-90.0723231 29.95268),,,"former movie theater in New Orleans, Louisiana, United States"
http://www.wikidata.org/entity/Q42668711,Panorama Theatre,Point(-90.0723231 29.95268),,,"former movie theater in New Orleans, Louisiana, United States"
http://www.wikidata.org/entity/Q42668711,Panorama Theatre,Point(-90.0723231 29.95268),,,"former movie theater in New Orleans, Louisiana, United States"
http://www.wikidata.org/entity/Q42668711,Panorama Theatre,Point(-90.0723231 29.95268),,,"former movie theater in New Orleans, Louisiana, United States"
http://www.wikidata.org/entity/Q42668711,Panorama Theatre,Point(-90.0723231 29.95268),,,"former movie theater in New Orleans, Louisiana, United States"
http://www.wikidata.org/entity/Q42668722,Rio Theatre,Point(-90.0701133 29.9511444),,,"former movie theater in New Orleans, Louisiana, United States"
http://www.wikidata.org/entity/Q42668722,Rio Theatre,Point(-90.0701133 29.9511444),,,"former movie theater in New Orleans, Louisiana, United States"
http://www.wikidata.org/entity/Q42668722,Rio Theatre,Point(-90.0701133 29.9511444),,,"former movie theater in New Orleans, Louisiana, United States"
http://www.wikidata.org/entity/Q42668722,Rio Theatre,Point(-90.0701133 29.9511444),,,"former movie theater in New Orleans, Louisiana, United States"
http://www.wikidata.org/entity/Q42668722,Rio Theatre,Point(-90.0701133 29.9511444),,,"former movie theater in New Orleans, Louisiana, United States"
http://www.wikidata.org/entity/Q42668722,Rio Theatre,Point(-90.0701133 29.9511444),,,"former movie theater in New Orleans, Louisiana, United States"
http://www.wikidata.org/entity/Q42668722,Rio Theatre,Point(-90.0701133 29.9511444),,,"former movie theater in New Orleans, Louisiana, United States"
http://www.wikidata.org/entity/Q42668722,Rio Theatre,Point(-90.0701133 29.9511444),,,"former movie theater in New Orleans, Louisiana, United States"
http://www.wikidata.org/entity/Q42668722,Rio Theatre,Point(-90.0701133 29.9511444),,,"former movie theater in New Orleans, Louisiana, United States"
http://www.wikidata.org/entity/Q42668722,Rio Theatre,Point(-90.0701133 29.9511444),,,"former movie theater in New Orleans, Louisiana, United States"
http://www.wikidata.org/entity/Q42668722,Rio Theatre,Point(-90.0701133 29.9511444),,,"former movie theater in New Orleans, Louisiana, United States"
http://www.wikidata.org/entity/Q42668722,Rio Theatre,Point(-90.0701133 29.9511444),,,"former movie theater in New Orleans, Louisiana, United States"
http://www.wikidata.org/entity/Q42668722,Rio Theatre,Point(-90.0701133 29.9511444),,,"former movie theater in New Orleans, Louisiana, United States"
http://www.wikidata.org/entity/Q42668722,Rio Theatre,Point(-90.0701133 29.9511444),,,"former movie theater in New Orleans, Louisiana, United States"
http://www.wikidata.org/entity/Q42668722,Rio Theatre,Point(-90.0701133 29.9511444),,,"former movie theater in New Orleans, Louisiana, United States"
http://www.wikidata.org/entity/Q42668722,Rio Theatre,Point(-90.0701133 29.9511444),,,"former movie theater in New Orleans, Louisiana, United States"
http://www.wikidata.org/entity/Q42668722,Rio Theatre,Point(-90.0701133 29.9511444),,,"former movie theater in New Orleans, Louisiana, United States"
http://www.wikidata.org/entity/Q42668722,Rio Theatre,Point(-90.0701133 29.9511444),,,"former movie theater in New Orleans, Louisiana, United States"
http://www.wikidata.org/entity/Q42668722,Rio Theatre,Point(-90.0701133 29.9511444),,,"former movie theater in New Orleans, Louisiana, United States"
http://www.wikidata.org/entity/Q42668722,Rio Theatre,Point(-90.0701133 29.9511444),,,"former movie theater in New Orleans, Louisiana, United States"
http://www.wikidata.org/entity/Q42668722,Rio Theatre,Point(-90.0701133 29.9511444),,,"former movie theater in New Orleans, Louisiana, United States"
http://www.wikidata.org/entity/Q42668722,Rio Theatre,Point(-90.0701133 29.9511444),,,"former movie theater in New Orleans, Louisiana, United States"
http://www.wikidata.org/entity/Q42668722,Rio Theatre,Point(-90.0701133 29.9511444),,,"former movie theater in New Orleans, Louisiana, United States"
http://www.wikidata.org/entity/Q42668722,Rio Theatre,Point(-90.0701133 29.9511444),,,"former movie theater in New Orleans, Louisiana, United States"
http://www.wikidata.org/entity/Q42668722,Rio Theatre,Point(-90.0701133 29.9511444),,,"former movie theater in New Orleans, Louisiana, United States"
http://www.wikidata.org/entity/Q42668722,Rio Theatre,Point(-90.0701133 29.9511444),,,"former movie theater in New Orleans, Louisiana, United States"
http://www.wikidata.org/entity/Q42668732,Theatres at Canal Place,Point(-90.0656176 29.9509925),,http://www.thetheatres.com,"movie theater in New Orleans, Louisiana, United States"
http://www.wikidata.org/entity/Q42668732,Theatres at Canal Place,Point(-90.0656176 29.9509925),,http://www.thetheatres.com,"movie theater in New Orleans, Louisiana, United States"
http://www.wikidata.org/entity/Q42668732,Theatres at Canal Place,Point(-90.0656176 29.9509925),,http://www.thetheatres.com,"movie theater in New Orleans, Louisiana, United States"
http://www.wikidata.org/entity/Q42668732,Theatres at Canal Place,Point(-90.0656176 29.9509925),,http://www.thetheatres.com,"movie theater in New Orleans, Louisiana, United States"
http://www.wikidata.org/entity/Q42668732,Theatres at Canal Place,Point(-90.0656176 29.9509925),,http://www.thetheatres.com,"movie theater in New Orleans, Louisiana, United States"
http://www.wikidata.org/entity/Q42668732,Theatres at Canal Place,Point(-90.0656176 29.9509925),,http://www.thetheatres.com,"movie theater in New Orleans, Louisiana, United States"
http://www.wikidata.org/entity/Q42668732,Theatres at Canal Place,Point(-90.0656176 29.9509925),,http://www.thetheatres.com,"movie theater in New Orleans, Louisiana, United States"
http://www.wikidata.org/entity/Q42668732,Theatres at Canal Place,Point(-90.0656176 29.9509925),,http://www.thetheatres.com,"movie theater in New Orleans, Louisiana, United States"
http://www.wikidata.org/entity/Q42668732,Theatres at Canal Place,Point(-90.0656176 29.9509925),,http://www.thetheatres.com,"movie theater in New Orleans, Louisiana, United States"
http://www.wikidata.org/entity/Q42668732,Theatres at Canal Place,Point(-90.0656176 29.9509925),,http://www.thetheatres.com,"movie theater in New Orleans, Louisiana, United States"
http://www.wikidata.org/entity/Q42668732,Theatres at Canal Place,Point(-90.0656176 29.9509925),,http://www.thetheatres.com,"movie theater in New Orleans, Louisiana, United States"
http://www.wikidata.org/entity/Q42668732,Theatres at Canal Place,Point(-90.0656176 29.9509925),,http://www.thetheatres.com,"movie theater in New Orleans, Louisiana, United States"
http://www.wikidata.org/entity/Q42668732,Theatres at Canal Place,Point(-90.0656176 29.9509925),,http://www.thetheatres.com,"movie theater in New Orleans, Louisiana, United States"
http://www.wikidata.org/entity/Q42668732,Theatres at Canal Place,Point(-90.0656176 29.9509925),,http://www.thetheatres.com,"movie theater in New Orleans, Louisiana, United States"
http://www.wikidata.org/entity/Q42668732,Theatres at Canal Place,Point(-90.0656176 29.9509925),,http://www.thetheatres.com,"movie theater in New Orleans, Louisiana, United States"
http://www.wikidata.org/entity/Q42668732,Theatres at Canal Place,Point(-90.0656176 29.9509925),,http://www.thetheatres.com,"movie theater in New Orleans, Louisiana, United States"
http://www.wikidata.org/entity/Q42668732,Theatres at Canal Place,Point(-90.0656176 29.9509925),,http://www.thetheatres.com,"movie theater in New Orleans, Louisiana, United States"
http://www.wikidata.org/entity/Q42668732,Theatres at Canal Place,Point(-90.0656176 29.9509925),,http://www.thetheatres.com,"movie theater in New Orleans, Louisiana, United States"
http://www.wikidata.org/entity/Q42668732,Theatres at Canal Place,Point(-90.0656176 29.9509925),,http://www.thetheatres.com,"movie theater in New Orleans, Louisiana, United States"
http://www.wikidata.org/entity/Q42668732,Theatres at Canal Place,Point(-90.0656176 29.9509925),,http://www.thetheatres.com,"movie theater in New Orleans, Louisiana, United States"
http://www.wikidata.org/entity/Q42668732,Theatres at Canal Place,Point(-90.0656176 29.9509925),,http://www.thetheatres.com,"movie theater in New Orleans, Louisiana, United States"
http://www.wikidata.org/entity/Q42668732,Theatres at Canal Place,Point(-90.0656176 29.9509925),,http://www.thetheatres.com,"movie theater in New Orleans, Louisiana, United States"
http://www.wikidata.org/entity/Q42668732,Theatres at Canal Place,Point(-90.0656176 29.9509925),,http://www.thetheatres.com,"movie theater in New Orleans, Louisiana, United States"
http://www.wikidata.org/entity/Q42668732,Theatres at Canal Place,Point(-90.0656176 29.9509925),,http://www.thetheatres.com,"movie theater in New Orleans, Louisiana, United States"
http://www.wikidata.org/entity/Q42668732,Theatres at Canal Place,Point(-90.0656176 29.9509925),,http://www.thetheatres.com,"movie theater in New Orleans, Louisiana, United States"
http://www.wikidata.org/entity/Q42668732,Theatres at Canal Place,Point(-90.0656176 29.9509925),,http://www.thetheatres.com,"movie theater in New Orleans, Louisiana, United States"
http://www.wikidata.org/entity/Q42668744,Tudor Theatre,Point(-90.0686484 29.9527279),,,"former movie theater in New Orleans, Louisiana, United States"
http://www.wikidata.org/entity/Q42668744,Tudor Theatre,Point(-90.0686484 29.9527279),,,"former movie theater in New Orleans, Louisiana, United States"
http://www.wikidata.org/entity/Q42668744,Tudor Theatre,Point(-90.0686484 29.9527279),,,"former movie theater in New Orleans, Louisiana, United States"
http://www.wikidata.org/entity/Q42668744,Tudor Theatre,Point(-90.0686484 29.9527279),,,"former movie theater in New Orleans, Louisiana, United States"
http://www.wikidata.org/entity/Q42668744,Tudor Theatre,Point(-90.0686484 29.9527279),,,"former movie theater in New Orleans, Louisiana, United States"
http://www.wikidata.org/entity/Q42668744,Tudor Theatre,Point(-90.0686484 29.9527279),,,"former movie theater in New Orleans, Louisiana, United States"
http://www.wikidata.org/entity/Q42668744,Tudor Theatre,Point(-90.0686484 29.9527279),,,"former movie theater in New Orleans, Louisiana, United States"
http://www.wikidata.org/entity/Q42668744,Tudor Theatre,Point(-90.0686484 29.9527279),,,"former movie theater in New Orleans, Louisiana, United States"
http://www.wikidata.org/entity/Q42668744,Tudor Theatre,Point(-90.0686484 29.9527279),,,"former movie theater in New Orleans, Louisiana, United States"
http://www.wikidata.org/entity/Q42668744,Tudor Theatre,Point(-90.0686484 29.9527279),,,"former movie theater in New Orleans, Louisiana, United States"
http://www.wikidata.org/entity/Q42668744,Tudor Theatre,Point(-90.0686484 29.9527279),,,"former movie theater in New Orleans, Louisiana, United States"
http://www.wikidata.org/entity/Q42668744,Tudor Theatre,Point(-90.0686484 29.9527279),,,"former movie theater in New Orleans, Louisiana, United States"
http://www.wikidata.org/entity/Q42668744,Tudor Theatre,Point(-90.0686484 29.9527279),,,"former movie theater in New Orleans, Louisiana, United States"
http://www.wikidata.org/entity/Q42668744,Tudor Theatre,Point(-90.0686484 29.9527279),,,"former movie theater in New Orleans, Louisiana, United States"
http://www.wikidata.org/entity/Q42668744,Tudor Theatre,Point(-90.0686484 29.9527279),,,"former movie theater in New Orleans, Louisiana, United States"
http://www.wikidata.org/entity/Q42668744,Tudor Theatre,Point(-90.0686484 29.9527279),,,"former movie theater in New Orleans, Louisiana, United States"
http://www.wikidata.org/entity/Q42668744,Tudor Theatre,Point(-90.0686484 29.9527279),,,"former movie theater in New Orleans, Louisiana, United States"
http://www.wikidata.org/entity/Q42668744,Tudor Theatre,Point(-90.0686484 29.9527279),,,"former movie theater in New Orleans, Louisiana, United States"
http://www.wikidata.org/entity/Q42668744,Tudor Theatre,Point(-90.0686484 29.9527279),,,"former movie theater in New Orleans, Louisiana, United States"
http://www.wikidata.org/entity/Q42668744,Tudor Theatre,Point(-90.0686484 29.9527279),,,"former movie theater in New Orleans, Louisiana, United States"
http://www.wikidata.org/entity/Q42668744,Tudor Theatre,Point(-90.0686484 29.9527279),,,"former movie theater in New Orleans, Louisiana, United States"
http://www.wikidata.org/entity/Q42668744,Tudor Theatre,Point(-90.0686484 29.9527279),,,"former movie theater in New Orleans, Louisiana, United States"
http://www.wikidata.org/entity/Q42668744,Tudor Theatre,Point(-90.0686484 29.9527279),,,"former movie theater in New Orleans, Louisiana, United States"
http://www.wikidata.org/entity/Q42668744,Tudor Theatre,Point(-90.0686484 29.9527279),,,"former movie theater in New Orleans, Louisiana, United States"
http://www.wikidata.org/entity/Q42668744,Tudor Theatre,Point(-90.0686484 29.9527279),,,"former movie theater in New Orleans, Louisiana, United States"
http://www.wikidata.org/entity/Q42668744,Tudor Theatre,Point(-90.0686484 29.9527279),,,"former movie theater in New Orleans, Louisiana, United States"
http://www.wikidata.org/entity/Q42668754,Vitascope Hall,Point(-90.0685439 29.9529748),,,"former movie theater in New Orleans, Louisiana, United States"
http://www.wikidata.org/entity/Q42668754,Vitascope Hall,Point(-90.0685439 29.9529748),,,"former movie theater in New Orleans, Louisiana, United States"
http://www.wikidata.org/entity/Q42668754,Vitascope Hall,Point(-90.0685439 29.9529748),,,"former movie theater in New Orleans, Louisiana, United States"
http://www.wikidata.org/entity/Q42668754,Vitascope Hall,Point(-90.0685439 29.9529748),,,"former movie theater in New Orleans, Louisiana, United States"
http://www.wikidata.org/entity/Q42668754,Vitascope Hall,Point(-90.0685439 29.9529748),,,"former movie theater in New Orleans, Louisiana, United States"
http://www.wikidata.org/entity/Q42668754,Vitascope Hall,Point(-90.0685439 29.9529748),,,"former movie theater in New Orleans, Louisiana, United States"
http://www.wikidata.org/entity/Q42668754,Vitascope Hall,Point(-90.0685439 29.9529748),,,"former movie theater in New Orleans, Louisiana, United States"
http://www.wikidata.org/entity/Q42668754,Vitascope Hall,Point(-90.0685439 29.9529748),,,"former movie theater in New Orleans, Louisiana, United States"
http://www.wikidata.org/entity/Q42668754,Vitascope Hall,Point(-90.0685439 29.9529748),,,"former movie theater in New Orleans, Louisiana, United States"
http://www.wikidata.org/entity/Q42668754,Vitascope Hall,Point(-90.0685439 29.9529748),,,"former movie theater in New Orleans, Louisiana, United States"
http://www.wikidata.org/entity/Q42668754,Vitascope Hall,Point(-90.0685439 29.9529748),,,"former movie theater in New Orleans, Louisiana, United States"
http://www.wikidata.org/entity/Q42668754,Vitascope Hall,Point(-90.0685439 29.9529748),,,"former movie theater in New Orleans, Louisiana, United States"
http://www.wikidata.org/entity/Q42668754,Vitascope Hall,Point(-90.0685439 29.9529748),,,"former movie theater in New Orleans, Louisiana, United States"
http://www.wikidata.org/entity/Q42668754,Vitascope Hall,Point(-90.0685439 29.9529748),,,"former movie theater in New Orleans, Louisiana, United States"
http://www.wikidata.org/entity/Q42668754,Vitascope Hall,Point(-90.0685439 29.9529748),,,"former movie theater in New Orleans, Louisiana, United States"
http://www.wikidata.org/entity/Q42668754,Vitascope Hall,Point(-90.0685439 29.9529748),,,"former movie theater in New Orleans, Louisiana, United States"
http://www.wikidata.org/entity/Q42668754,Vitascope Hall,Point(-90.0685439 29.9529748),,,"former movie theater in New Orleans, Louisiana, United States"
http://www.wikidata.org/entity/Q42668754,Vitascope Hall,Point(-90.0685439 29.9529748),,,"former movie theater in New Orleans, Louisiana, United States"
http://www.wikidata.org/entity/Q42668754,Vitascope Hall,Point(-90.0685439 29.9529748),,,"former movie theater in New Orleans, Louisiana, United States"
http://www.wikidata.org/entity/Q42668754,Vitascope Hall,Point(-90.0685439 29.9529748),,,"former movie theater in New Orleans, Louisiana, United States"
http://www.wikidata.org/entity/Q42668754,Vitascope Hall,Point(-90.0685439 29.9529748),,,"former movie theater in New Orleans, Louisiana, United States"
http://www.wikidata.org/entity/Q42668754,Vitascope Hall,Point(-90.0685439 29.9529748),,,"former movie theater in New Orleans, Louisiana, United States"
http://www.wikidata.org/entity/Q42668754,Vitascope Hall,Point(-90.0685439 29.9529748),,,"former movie theater in New Orleans, Louisiana, United States"
http://www.wikidata.org/entity/Q42668754,Vitascope Hall,Point(-90.0685439 29.9529748),,,"former movie theater in New Orleans, Louisiana, United States"
http://www.wikidata.org/entity/Q42668754,Vitascope Hall,Point(-90.0685439 29.9529748),,,"former movie theater in New Orleans, Louisiana, United States"
http://www.wikidata.org/entity/Q42668754,Vitascope Hall,Point(-90.0685439 29.9529748),,,"former movie theater in New Orleans, Louisiana, United States"
http://www.wikidata.org/entity/Q42668766,Coliseum Theatre,Point(-90.0726372 29.9388314),,,"former movie theater in New Orleans, Louisiana, United States"
http://www.wikidata.org/entity/Q42668766,Coliseum Theatre,Point(-90.0726372 29.9388314),,,"former movie theater in New Orleans, Louisiana, United States"
http://www.wikidata.org/entity/Q42668766,Coliseum Theatre,Point(-90.0726372 29.9388314),,,"former movie theater in New Orleans, Louisiana, United States"
http://www.wikidata.org/entity/Q42668766,Coliseum Theatre,Point(-90.0726372 29.9388314),,,"former movie theater in New Orleans, Louisiana, United States"
http://www.wikidata.org/entity/Q42668766,Coliseum Theatre,Point(-90.0726372 29.9388314),,,"former movie theater in New Orleans, Louisiana, United States"
http://www.wikidata.org/entity/Q42668766,Coliseum Theatre,Point(-90.0726372 29.9388314),,,"former movie theater in New Orleans, Louisiana, United States"
http://www.wikidata.org/entity/Q42668766,Coliseum Theatre,Point(-90.0726372 29.9388314),,,"former movie theater in New Orleans, Louisiana, United States"
http://www.wikidata.org/entity/Q42668766,Coliseum Theatre,Point(-90.0726372 29.9388314),,,"former movie theater in New Orleans, Louisiana, United States"
http://www.wikidata.org/entity/Q42668766,Coliseum Theatre,Point(-90.0726372 29.9388314),,,"former movie theater in New Orleans, Louisiana, United States"
http://www.wikidata.org/entity/Q42668766,Coliseum Theatre,Point(-90.0726372 29.9388314),,,"former movie theater in New Orleans, Louisiana, United States"
http://www.wikidata.org/entity/Q42668766,Coliseum Theatre,Point(-90.0726372 29.9388314),,,"former movie theater in New Orleans, Louisiana, United States"
http://www.wikidata.org/entity/Q42668766,Coliseum Theatre,Point(-90.0726372 29.9388314),,,"former movie theater in New Orleans, Louisiana, United States"
http://www.wikidata.org/entity/Q42668766,Coliseum Theatre,Point(-90.0726372 29.9388314),,,"former movie theater in New Orleans, Louisiana, United States"
http://www.wikidata.org/entity/Q42668766,Coliseum Theatre,Point(-90.0726372 29.9388314),,,"former movie theater in New Orleans, Louisiana, United States"
http://www.wikidata.org/entity/Q42668766,Coliseum Theatre,Point(-90.0726372 29.9388314),,,"former movie theater in New Orleans, Louisiana, United States"
http://www.wikidata.org/entity/Q42668766,Coliseum Theatre,Point(-90.0726372 29.9388314),,,"former movie theater in New Orleans, Louisiana, United States"
http://www.wikidata.org/entity/Q42668766,Coliseum Theatre,Point(-90.0726372 29.9388314),,,"former movie theater in New Orleans, Louisiana, United States"
http://www.wikidata.org/entity/Q42668766,Coliseum Theatre,Point(-90.0726372 29.9388314),,,"former movie theater in New Orleans, Louisiana, United States"
http://www.wikidata.org/entity/Q42668766,Coliseum Theatre,Point(-90.0726372 29.9388314),,,"former movie theater in New Orleans, Louisiana, United States"
http://www.wikidata.org/entity/Q42668766,Coliseum Theatre,Point(-90.0726372 29.9388314),,,"former movie theater in New Orleans, Louisiana, United States"
http://www.wikidata.org/entity/Q42668766,Coliseum Theatre,Point(-90.0726372 29.9388314),,,"former movie theater in New Orleans, Louisiana, United States"
http://www.wikidata.org/entity/Q42668766,Coliseum Theatre,Point(-90.0726372 29.9388314),,,"former movie theater in New Orleans, Louisiana, United States"
http://www.wikidata.org/entity/Q42668766,Coliseum Theatre,Point(-90.0726372 29.9388314),,,"former movie theater in New Orleans, Louisiana, United States"
http://www.wikidata.org/entity/Q42668766,Coliseum Theatre,Point(-90.0726372 29.9388314),,,"former movie theater in New Orleans, Louisiana, United States"
http://www.wikidata.org/entity/Q42668766,Coliseum Theatre,Point(-90.0726372 29.9388314),,,"former movie theater in New Orleans, Louisiana, United States"
http://www.wikidata.org/entity/Q42668766,Coliseum Theatre,Point(-90.0726372 29.9388314),,,"former movie theater in New Orleans, Louisiana, United States"
http://www.wikidata.org/entity/Q42668776,Dixie Theatre,Point(-90.0791748 29.9429033),,,"former movie theater in New Orleans, Louisiana, United States"
http://www.wikidata.org/entity/Q42668776,Dixie Theatre,Point(-90.0791748 29.9429033),,,"former movie theater in New Orleans, Louisiana, United States"
http://www.wikidata.org/entity/Q42668776,Dixie Theatre,Point(-90.0791748 29.9429033),,,"former movie theater in New Orleans, Louisiana, United States"
http://www.wikidata.org/entity/Q42668776,Dixie Theatre,Point(-90.0791748 29.9429033),,,"former movie theater in New Orleans, Louisiana, United States"
http://www.wikidata.org/entity/Q42668776,Dixie Theatre,Point(-90.0791748 29.9429033),,,"former movie theater in New Orleans, Louisiana, United States"
http://www.wikidata.org/entity/Q42668776,Dixie Theatre,Point(-90.0791748 29.9429033),,,"former movie theater in New Orleans, Louisiana, United States"
http://www.wikidata.org/entity/Q42668776,Dixie Theatre,Point(-90.0791748 29.9429033),,,"former movie theater in New Orleans, Louisiana, United States"
http://www.wikidata.org/entity/Q42668776,Dixie Theatre,Point(-90.0791748 29.9429033),,,"former movie theater in New Orleans, Louisiana, United States"
http://www.wikidata.org/entity/Q42668776,Dixie Theatre,Point(-90.0791748 29.9429033),,,"former movie theater in New Orleans, Louisiana, United States"
http://www.wikidata.org/entity/Q42668776,Dixie Theatre,Point(-90.0791748 29.9429033),,,"former movie theater in New Orleans, Louisiana, United States"
http://www.wikidata.org/entity/Q42668829,Tivoli Theatre,Point(-90.09996 29.950321),,,"former movie theater in New Orleans, Louisiana, United States, later used as a funeral home"
http://www.wikidata.org/entity/Q42668829,Tivoli Theatre,Point(-90.09996 29.950321),,,"former movie theater in New Orleans, Louisiana, United States, later used as a funeral home"
http://www.wikidata.org/entity/Q42668829,Tivoli Theatre,Point(-90.09996 29.950321),,,"former movie theater in New Orleans, Louisiana, United States, later used as a funeral home"
http://www.wikidata.org/entity/Q42668829,Tivoli Theatre,Point(-90.09996 29.950321),,,"former movie theater in New Orleans, Louisiana, United States, later used as a funeral home"
http://www.wikidata.org/entity/Q42668829,Tivoli Theatre,Point(-90.09996 29.950321),,,"former movie theater in New Orleans, Louisiana, United States, later used as a funeral home"
http://www.wikidata.org/entity/Q42668829,Tivoli Theatre,Point(-90.09996 29.950321),,,"former movie theater in New Orleans, Louisiana, United States, later used as a funeral home"
http://www.wikidata.org/entity/Q42668829,Tivoli Theatre,Point(-90.09996 29.950321),,,"former movie theater in New Orleans, Louisiana, United States, later used as a funeral home"
http://www.wikidata.org/entity/Q42668829,Tivoli Theatre,Point(-90.09996 29.950321),,,"former movie theater in New Orleans, Louisiana, United States, later used as a funeral home"
http://www.wikidata.org/entity/Q42668829,Tivoli Theatre,Point(-90.09996 29.950321),,,"former movie theater in New Orleans, Louisiana, United States, later used as a funeral home"
http://www.wikidata.org/entity/Q42668829,Tivoli Theatre,Point(-90.09996 29.950321),,,"former movie theater in New Orleans, Louisiana, United States, later used as a funeral home"
http://www.wikidata.org/entity/Q42668829,Tivoli Theatre,Point(-90.09996 29.950321),,,"former movie theater in New Orleans, Louisiana, United States, later used as a funeral home"
http://www.wikidata.org/entity/Q42668829,Tivoli Theatre,Point(-90.09996 29.950321),,,"former movie theater in New Orleans, Louisiana, United States, later used as a funeral home"
http://www.wikidata.org/entity/Q42668829,Tivoli Theatre,Point(-90.09996 29.950321),,,"former movie theater in New Orleans, Louisiana, United States, later used as a funeral home"
http://www.wikidata.org/entity/Q42668829,Tivoli Theatre,Point(-90.09996 29.950321),,,"former movie theater in New Orleans, Louisiana, United States, later used as a funeral home"
http://www.wikidata.org/entity/Q42668829,Tivoli Theatre,Point(-90.09996 29.950321),,,"former movie theater in New Orleans, Louisiana, United States, later used as a funeral home"
http://www.wikidata.org/entity/Q42668829,Tivoli Theatre,Point(-90.09996 29.950321),,,"former movie theater in New Orleans, Louisiana, United States, later used as a funeral home"
http://www.wikidata.org/entity/Q42668829,Tivoli Theatre,Point(-90.09996 29.950321),,,"former movie theater in New Orleans, Louisiana, United States, later used as a funeral home"
http://www.wikidata.org/entity/Q42668829,Tivoli Theatre,Point(-90.09996 29.950321),,,"former movie theater in New Orleans, Louisiana, United States, later used as a funeral home"
http://www.wikidata.org/entity/Q42668829,Tivoli Theatre,Point(-90.09996 29.950321),,,"former movie theater in New Orleans, Louisiana, United States, later used as a funeral home"
http://www.wikidata.org/entity/Q42668829,Tivoli Theatre,Point(-90.09996 29.950321),,,"former movie theater in New Orleans, Louisiana, United States, later used as a funeral home"
http://www.wikidata.org/entity/Q42668829,Tivoli Theatre,Point(-90.09996 29.950321),,,"former movie theater in New Orleans, Louisiana, United States, later used as a funeral home"
http://www.wikidata.org/entity/Q42668829,Tivoli Theatre,Point(-90.09996 29.950321),,,"former movie theater in New Orleans, Louisiana, United States, later used as a funeral home"
http://www.wikidata.org/entity/Q42668829,Tivoli Theatre,Point(-90.09996 29.950321),,,"former movie theater in New Orleans, Louisiana, United States, later used as a funeral home"
http://www.wikidata.org/entity/Q42668829,Tivoli Theatre,Point(-90.09996 29.950321),,,"former movie theater in New Orleans, Louisiana, United States, later used as a funeral home"
http://www.wikidata.org/entity/Q42668829,Tivoli Theatre,Point(-90.09996 29.950321),,,"former movie theater in New Orleans, Louisiana, United States, later used as a funeral home"
http://www.wikidata.org/entity/Q42668829,Tivoli Theatre,Point(-90.09996 29.950321),,,"former movie theater in New Orleans, Louisiana, United States, later used as a funeral home"
http://www.wikidata.org/entity/Q42668842,Delta Theatre,Point(-90.0352616 29.9843029),,,"former movie theater in New Orleans, Louisiana, United States"
http://www.wikidata.org/entity/Q42668842,Delta Theatre,Point(-90.0352616 29.9843029),,,"former movie theater in New Orleans, Louisiana, United States"
http://www.wikidata.org/entity/Q42668842,Delta Theatre,Point(-90.0352616 29.9843029),,,"former movie theater in New Orleans, Louisiana, United States"
http://www.wikidata.org/entity/Q42668842,Delta Theatre,Point(-90.0352616 29.9843029),,,"former movie theater in New Orleans, Louisiana, United States"
http://www.wikidata.org/entity/Q42668842,Delta Theatre,Point(-90.0352616 29.9843029),,,"former movie theater in New Orleans, Louisiana, United States"
http://www.wikidata.org/entity/Q42668842,Delta Theatre,Point(-90.0352616 29.9843029),,,"former movie theater in New Orleans, Louisiana, United States"
http://www.wikidata.org/entity/Q42668842,Delta Theatre,Point(-90.0352616 29.9843029),,,"former movie theater in New Orleans, Louisiana, United States"
http://www.wikidata.org/entity/Q42668842,Delta Theatre,Point(-90.0352616 29.9843029),,,"former movie theater in New Orleans, Louisiana, United States"
http://www.wikidata.org/entity/Q42668842,Delta Theatre,Point(-90.0352616 29.9843029),,,"former movie theater in New Orleans, Louisiana, United States"
http://www.wikidata.org/entity/Q42668842,Delta Theatre,Point(-90.0352616 29.9843029),,,"former movie theater in New Orleans, Louisiana, United States"
http://www.wikidata.org/entity/Q42668842,Delta Theatre,Point(-90.0352616 29.9843029),,,"former movie theater in New Orleans, Louisiana, United States"
http://www.wikidata.org/entity/Q42668842,Delta Theatre,Point(-90.0352616 29.9843029),,,"former movie theater in New Orleans, Louisiana, United States"
http://www.wikidata.org/entity/Q42668842,Delta Theatre,Point(-90.0352616 29.9843029),,,"former movie theater in New Orleans, Louisiana, United States"
http://www.wikidata.org/entity/Q42668842,Delta Theatre,Point(-90.0352616 29.9843029),,,"former movie theater in New Orleans, Louisiana, United States"
http://www.wikidata.org/entity/Q42668842,Delta Theatre,Point(-90.0352616 29.9843029),,,"former movie theater in New Orleans, Louisiana, United States"
http://www.wikidata.org/entity/Q42668842,Delta Theatre,Point(-90.0352616 29.9843029),,,"former movie theater in New Orleans, Louisiana, United States"
http://www.wikidata.org/entity/Q42668842,Delta Theatre,Point(-90.0352616 29.9843029),,,"former movie theater in New Orleans, Louisiana, United States"
http://www.wikidata.org/entity/Q42668842,Delta Theatre,Point(-90.0352616 29.9843029),,,"former movie theater in New Orleans, Louisiana, United States"
http://www.wikidata.org/entity/Q42668842,Delta Theatre,Point(-90.0352616 29.9843029),,,"former movie theater in New Orleans, Louisiana, United States"
http://www.wikidata.org/entity/Q42668842,Delta Theatre,Point(-90.0352616 29.9843029),,,"former movie theater in New Orleans, Louisiana, United States"
http://www.wikidata.org/entity/Q42668842,Delta Theatre,Point(-90.0352616 29.9843029),,,"former movie theater in New Orleans, Louisiana, United States"
http://www.wikidata.org/entity/Q42668842,Delta Theatre,Point(-90.0352616 29.9843029),,,"former movie theater in New Orleans, Louisiana, United States"
http://www.wikidata.org/entity/Q42668842,Delta Theatre,Point(-90.0352616 29.9843029),,,"former movie theater in New Orleans, Louisiana, United States"
http://www.wikidata.org/entity/Q42668842,Delta Theatre,Point(-90.0352616 29.9843029),,,"former movie theater in New Orleans, Louisiana, United States"
http://www.wikidata.org/entity/Q42668842,Delta Theatre,Point(-90.0352616 29.9843029),,,"former movie theater in New Orleans, Louisiana, United States"
http://www.wikidata.org/entity/Q42668842,Delta Theatre,Point(-90.0352616 29.9843029),,,"former movie theater in New Orleans, Louisiana, United States"
http://www.wikidata.org/entity/Q42668854,Mecca Theatre,Point(-90.129502 29.941399),,,"former movie theater in New Orleans, Louisiana, United States"
http://www.wikidata.org/entity/Q42668854,Mecca Theatre,Point(-90.129502 29.941399),,,"former movie theater in New Orleans, Louisiana, United States"
http://www.wikidata.org/entity/Q42668854,Mecca Theatre,Point(-90.129502 29.941399),,,"former movie theater in New Orleans, Louisiana, United States"
http://www.wikidata.org/entity/Q42668854,Mecca Theatre,Point(-90.129502 29.941399),,,"former movie theater in New Orleans, Louisiana, United States"
http://www.wikidata.org/entity/Q42668854,Mecca Theatre,Point(-90.129502 29.941399),,,"former movie theater in New Orleans, Louisiana, United States"
http://www.wikidata.org/entity/Q42668854,Mecca Theatre,Point(-90.129502 29.941399),,,"former movie theater in New Orleans, Louisiana, United States"
http://www.wikidata.org/entity/Q42668854,Mecca Theatre,Point(-90.129502 29.941399),,,"former movie theater in New Orleans, Louisiana, United States"
http://www.wikidata.org/entity/Q42668854,Mecca Theatre,Point(-90.129502 29.941399),,,"former movie theater in New Orleans, Louisiana, United States"
http://www.wikidata.org/entity/Q42668854,Mecca Theatre,Point(-90.129502 29.941399),,,"former movie theater in New Orleans, Louisiana, United States"
http://www.wikidata.org/entity/Q42668854,Mecca Theatre,Point(-90.129502 29.941399),,,"former movie theater in New Orleans, Louisiana, United States"
http://www.wikidata.org/entity/Q42668854,Mecca Theatre,Point(-90.129502 29.941399),,,"former movie theater in New Orleans, Louisiana, United States"
http://www.wikidata.org/entity/Q42668854,Mecca Theatre,Point(-90.129502 29.941399),,,"former movie theater in New Orleans, Louisiana, United States"
http://www.wikidata.org/entity/Q42668854,Mecca Theatre,Point(-90.129502 29.941399),,,"former movie theater in New Orleans, Louisiana, United States"
http://www.wikidata.org/entity/Q42668854,Mecca Theatre,Point(-90.129502 29.941399),,,"former movie theater in New Orleans, Louisiana, United States"
http://www.wikidata.org/entity/Q42668854,Mecca Theatre,Point(-90.129502 29.941399),,,"former movie theater in New Orleans, Louisiana, United States"
http://www.wikidata.org/entity/Q42668854,Mecca Theatre,Point(-90.129502 29.941399),,,"former movie theater in New Orleans, Louisiana, United States"
http://www.wikidata.org/entity/Q42668854,Mecca Theatre,Point(-90.129502 29.941399),,,"former movie theater in New Orleans, Louisiana, United States"
http://www.wikidata.org/entity/Q42668854,Mecca Theatre,Point(-90.129502 29.941399),,,"former movie theater in New Orleans, Louisiana, United States"
http://www.wikidata.org/entity/Q42668854,Mecca Theatre,Point(-90.129502 29.941399),,,"former movie theater in New Orleans, Louisiana, United States"
http://www.wikidata.org/entity/Q42668854,Mecca Theatre,Point(-90.129502 29.941399),,,"former movie theater in New Orleans, Louisiana, United States"
http://www.wikidata.org/entity/Q42668854,Mecca Theatre,Point(-90.129502 29.941399),,,"former movie theater in New Orleans, Louisiana, United States"
http://www.wikidata.org/entity/Q42668854,Mecca Theatre,Point(-90.129502 29.941399),,,"former movie theater in New Orleans, Louisiana, United States"
http://www.wikidata.org/entity/Q42668854,Mecca Theatre,Point(-90.129502 29.941399),,,"former movie theater in New Orleans, Louisiana, United States"
http://www.wikidata.org/entity/Q42668854,Mecca Theatre,Point(-90.129502 29.941399),,,"former movie theater in New Orleans, Louisiana, United States"
http://www.wikidata.org/entity/Q42668854,Mecca Theatre,Point(-90.129502 29.941399),,,"former movie theater in New Orleans, Louisiana, United States"
http://www.wikidata.org/entity/Q42668854,Mecca Theatre,Point(-90.129502 29.941399),,,"former movie theater in New Orleans, Louisiana, United States"
http://www.wikidata.org/entity/Q42668866,Garden Theatre,Point(-90.0881053 29.9232714),,,"former movie theater in New Orleans, Louisiana, United States"
http://www.wikidata.org/entity/Q42668866,Garden Theatre,Point(-90.0881053 29.9232714),,,"former movie theater in New Orleans, Louisiana, United States"
http://www.wikidata.org/entity/Q42668866,Garden Theatre,Point(-90.0881053 29.9232714),,,"former movie theater in New Orleans, Louisiana, United States"
http://www.wikidata.org/entity/Q42668866,Garden Theatre,Point(-90.0881053 29.9232714),,,"former movie theater in New Orleans, Louisiana, United States"
http://www.wikidata.org/entity/Q42668866,Garden Theatre,Point(-90.0881053 29.9232714),,,"former movie theater in New Orleans, Louisiana, United States"
http://www.wikidata.org/entity/Q42668866,Garden Theatre,Point(-90.0881053 29.9232714),,,"former movie theater in New Orleans, Louisiana, United States"
http://www.wikidata.org/entity/Q42668866,Garden Theatre,Point(-90.0881053 29.9232714),,,"former movie theater in New Orleans, Louisiana, United States"
http://www.wikidata.org/entity/Q42668866,Garden Theatre,Point(-90.0881053 29.9232714),,,"former movie theater in New Orleans, Louisiana, United States"
http://www.wikidata.org/entity/Q42668866,Garden Theatre,Point(-90.0881053 29.9232714),,,"former movie theater in New Orleans, Louisiana, United States"
http://www.wikidata.org/entity/Q42668866,Garden Theatre,Point(-90.0881053 29.9232714),,,"former movie theater in New Orleans, Louisiana, United States"
http://www.wikidata.org/entity/Q42668866,Garden Theatre,Point(-90.0881053 29.9232714),,,"former movie theater in New Orleans, Louisiana, United States"
http://www.wikidata.org/entity/Q42668866,Garden Theatre,Point(-90.0881053 29.9232714),,,"former movie theater in New Orleans, Louisiana, United States"
http://www.wikidata.org/entity/Q42668866,Garden Theatre,Point(-90.0881053 29.9232714),,,"former movie theater in New Orleans, Louisiana, United States"
http://www.wikidata.org/entity/Q42668866,Garden Theatre,Point(-90.0881053 29.9232714),,,"former movie theater in New Orleans, Louisiana, United States"
http://www.wikidata.org/entity/Q42668866,Garden Theatre,Point(-90.0881053 29.9232714),,,"former movie theater in New Orleans, Louisiana, United States"
http://www.wikidata.org/entity/Q42668866,Garden Theatre,Point(-90.0881053 29.9232714),,,"former movie theater in New Orleans, Louisiana, United States"
http://www.wikidata.org/entity/Q42668866,Garden Theatre,Point(-90.0881053 29.9232714),,,"former movie theater in New Orleans, Louisiana, United States"
http://www.wikidata.org/entity/Q42668866,Garden Theatre,Point(-90.0881053 29.9232714),,,"former movie theater in New Orleans, Louisiana, United States"
http://www.wikidata.org/entity/Q42668866,Garden Theatre,Point(-90.0881053 29.9232714),,,"former movie theater in New Orleans, Louisiana, United States"
http://www.wikidata.org/entity/Q42668866,Garden Theatre,Point(-90.0881053 29.9232714),,,"former movie theater in New Orleans, Louisiana, United States"
http://www.wikidata.org/entity/Q42668866,Garden Theatre,Point(-90.0881053 29.9232714),,,"former movie theater in New Orleans, Louisiana, United States"
http://www.wikidata.org/entity/Q42668866,Garden Theatre,Point(-90.0881053 29.9232714),,,"former movie theater in New Orleans, Louisiana, United States"
http://www.wikidata.org/entity/Q42668866,Garden Theatre,Point(-90.0881053 29.9232714),,,"former movie theater in New Orleans, Louisiana, United States"
http://www.wikidata.org/entity/Q42668866,Garden Theatre,Point(-90.0881053 29.9232714),,,"former movie theater in New Orleans, Louisiana, United States"
http://www.wikidata.org/entity/Q42668866,Garden Theatre,Point(-90.0881053 29.9232714),,,"former movie theater in New Orleans, Louisiana, United States"
http://www.wikidata.org/entity/Q42668866,Garden Theatre,Point(-90.0881053 29.9232714),,,"former movie theater in New Orleans, Louisiana, United States"
http://www.wikidata.org/entity/Q42668877,Laurel Theatre.,Point(-90.0957649 29.9191711),,,"former movie theater in New Orleans, Louisiana, United States"
http://www.wikidata.org/entity/Q42668877,Laurel Theatre.,Point(-90.0957649 29.9191711),,,"former movie theater in New Orleans, Louisiana, United States"
http://www.wikidata.org/entity/Q42668877,Laurel Theatre.,Point(-90.0957649 29.9191711),,,"former movie theater in New Orleans, Louisiana, United States"
http://www.wikidata.org/entity/Q42668877,Laurel Theatre.,Point(-90.0957649 29.9191711),,,"former movie theater in New Orleans, Louisiana, United States"
http://www.wikidata.org/entity/Q42668877,Laurel Theatre.,Point(-90.0957649 29.9191711),,,"former movie theater in New Orleans, Louisiana, United States"
http://www.wikidata.org/entity/Q42668877,Laurel Theatre.,Point(-90.0957649 29.9191711),,,"former movie theater in New Orleans, Louisiana, United States"
http://www.wikidata.org/entity/Q42668877,Laurel Theatre.,Point(-90.0957649 29.9191711),,,"former movie theater in New Orleans, Louisiana, United States"
http://www.wikidata.org/entity/Q42668877,Laurel Theatre.,Point(-90.0957649 29.9191711),,,"former movie theater in New Orleans, Louisiana, United States"
http://www.wikidata.org/entity/Q42668877,Laurel Theatre.,Point(-90.0957649 29.9191711),,,"former movie theater in New Orleans, Louisiana, United States"
http://www.wikidata.org/entity/Q42668877,Laurel Theatre.,Point(-90.0957649 29.9191711),,,"former movie theater in New Orleans, Louisiana, United States"
http://www.wikidata.org/entity/Q42668877,Laurel Theatre.,Point(-90.0957649 29.9191711),,,"former movie theater in New Orleans, Louisiana, United States"
http://www.wikidata.org/entity/Q42668877,Laurel Theatre.,Point(-90.0957649 29.9191711),,,"former movie theater in New Orleans, Louisiana, United States"
http://www.wikidata.org/entity/Q42668877,Laurel Theatre.,Point(-90.0957649 29.9191711),,,"former movie theater in New Orleans, Louisiana, United States"
http://www.wikidata.org/entity/Q42668877,Laurel Theatre.,Point(-90.0957649 29.9191711),,,"former movie theater in New Orleans, Louisiana, United States"
http://www.wikidata.org/entity/Q42668877,Laurel Theatre.,Point(-90.0957649 29.9191711),,,"former movie theater in New Orleans, Louisiana, United States"
http://www.wikidata.org/entity/Q42668877,Laurel Theatre.,Point(-90.0957649 29.9191711),,,"former movie theater in New Orleans, Louisiana, United States"
http://www.wikidata.org/entity/Q42668877,Laurel Theatre.,Point(-90.0957649 29.9191711),,,"former movie theater in New Orleans, Louisiana, United States"
http://www.wikidata.org/entity/Q42668877,Laurel Theatre.,Point(-90.0957649 29.9191711),,,"former movie theater in New Orleans, Louisiana, United States"
http://www.wikidata.org/entity/Q42668877,Laurel Theatre.,Point(-90.0957649 29.9191711),,,"former movie theater in New Orleans, Louisiana, United States"
http://www.wikidata.org/entity/Q42668877,Laurel Theatre.,Point(-90.0957649 29.9191711),,,"former movie theater in New Orleans, Louisiana, United States"
http://www.wikidata.org/entity/Q42668877,Laurel Theatre.,Point(-90.0957649 29.9191711),,,"former movie theater in New Orleans, Louisiana, United States"
http://www.wikidata.org/entity/Q42668877,Laurel Theatre.,Point(-90.0957649 29.9191711),,,"former movie theater in New Orleans, Louisiana, United States"
http://www.wikidata.org/entity/Q42668877,Laurel Theatre.,Point(-90.0957649 29.9191711),,,"former movie theater in New Orleans, Louisiana, United States"
http://www.wikidata.org/entity/Q42668877,Laurel Theatre.,Point(-90.0957649 29.9191711),,,"former movie theater in New Orleans, Louisiana, United States"
http://www.wikidata.org/entity/Q42668877,Laurel Theatre.,Point(-90.0957649 29.9191711),,,"former movie theater in New Orleans, Louisiana, United States"
http://www.wikidata.org/entity/Q42668877,Laurel Theatre.,Point(-90.0957649 29.9191711),,,"former movie theater in New Orleans, Louisiana, United States"
http://www.wikidata.org/entity/Q42668885,Elmwood Cinema IV,Point(-90.1885228 29.9603494),,,"former movie theater in New Orleans, Louisiana, United States"
http://www.wikidata.org/entity/Q42668885,Elmwood Cinema IV,Point(-90.1885228 29.9603494),,,"former movie theater in New Orleans, Louisiana, United States"
http://www.wikidata.org/entity/Q42668885,Elmwood Cinema IV,Point(-90.1885228 29.9603494),,,"former movie theater in New Orleans, Louisiana, United States"
http://www.wikidata.org/entity/Q42668885,Elmwood Cinema IV,Point(-90.1885228 29.9603494),,,"former movie theater in New Orleans, Louisiana, United States"
http://www.wikidata.org/entity/Q42668885,Elmwood Cinema IV,Point(-90.1885228 29.9603494),,,"former movie theater in New Orleans, Louisiana, United States"
http://www.wikidata.org/entity/Q42668885,Elmwood Cinema IV,Point(-90.1885228 29.9603494),,,"former movie theater in New Orleans, Louisiana, United States"
http://www.wikidata.org/entity/Q42668885,Elmwood Cinema IV,Point(-90.1885228 29.9603494),,,"former movie theater in New Orleans, Louisiana, United States"
http://www.wikidata.org/entity/Q42668885,Elmwood Cinema IV,Point(-90.1885228 29.9603494),,,"former movie theater in New Orleans, Louisiana, United States"
http://www.wikidata.org/entity/Q42668885,Elmwood Cinema IV,Point(-90.1885228 29.9603494),,,"former movie theater in New Orleans, Louisiana, United States"
http://www.wikidata.org/entity/Q42668885,Elmwood Cinema IV,Point(-90.1885228 29.9603494),,,"former movie theater in New Orleans, Louisiana, United States"
http://www.wikidata.org/entity/Q42668885,Elmwood Cinema IV,Point(-90.1885228 29.9603494),,,"former movie theater in New Orleans, Louisiana, United States"
http://www.wikidata.org/entity/Q42668885,Elmwood Cinema IV,Point(-90.1885228 29.9603494),,,"former movie theater in New Orleans, Louisiana, United States"
http://www.wikidata.org/entity/Q42668885,Elmwood Cinema IV,Point(-90.1885228 29.9603494),,,"former movie theater in New Orleans, Louisiana, United States"
http://www.wikidata.org/entity/Q42668885,Elmwood Cinema IV,Point(-90.1885228 29.9603494),,,"former movie theater in New Orleans, Louisiana, United States"
http://www.wikidata.org/entity/Q42668885,Elmwood Cinema IV,Point(-90.1885228 29.9603494),,,"former movie theater in New Orleans, Louisiana, United States"
http://www.wikidata.org/entity/Q42668885,Elmwood Cinema IV,Point(-90.1885228 29.9603494),,,"former movie theater in New Orleans, Louisiana, United States"
http://www.wikidata.org/entity/Q42668885,Elmwood Cinema IV,Point(-90.1885228 29.9603494),,,"former movie theater in New Orleans, Louisiana, United States"
http://www.wikidata.org/entity/Q42668885,Elmwood Cinema IV,Point(-90.1885228 29.9603494),,,"former movie theater in New Orleans, Louisiana, United States"
http://www.wikidata.org/entity/Q42668885,Elmwood Cinema IV,Point(-90.1885228 29.9603494),,,"former movie theater in New Orleans, Louisiana, United States"
http://www.wikidata.org/entity/Q42668885,Elmwood Cinema IV,Point(-90.1885228 29.9603494),,,"former movie theater in New Orleans, Louisiana, United States"
http://www.wikidata.org/entity/Q42668885,Elmwood Cinema IV,Point(-90.1885228 29.9603494),,,"former movie theater in New Orleans, Louisiana, United States"
http://www.wikidata.org/entity/Q42668885,Elmwood Cinema IV,Point(-90.1885228 29.9603494),,,"former movie theater in New Orleans, Louisiana, United States"
http://www.wikidata.org/entity/Q42668885,Elmwood Cinema IV,Point(-90.1885228 29.9603494),,,"former movie theater in New Orleans, Louisiana, United States"
http://www.wikidata.org/entity/Q42668885,Elmwood Cinema IV,Point(-90.1885228 29.9603494),,,"former movie theater in New Orleans, Louisiana, United States"
http://www.wikidata.org/entity/Q42668885,Elmwood Cinema IV,Point(-90.1885228 29.9603494),,,"former movie theater in New Orleans, Louisiana, United States"
http://www.wikidata.org/entity/Q42668885,Elmwood Cinema IV,Point(-90.1885228 29.9603494),,,"former movie theater in New Orleans, Louisiana, United States"
http://www.wikidata.org/entity/Q42668898,Bell Theatre,Point(-90.077997 29.979401),,,"former movie theater in New Orleans, Louisiana, United States"
http://www.wikidata.org/entity/Q42668898,Bell Theatre,Point(-90.077997 29.979401),,,"former movie theater in New Orleans, Louisiana, United States"
http://www.wikidata.org/entity/Q42668898,Bell Theatre,Point(-90.077997 29.979401),,,"former movie theater in New Orleans, Louisiana, United States"
http://www.wikidata.org/entity/Q42668898,Bell Theatre,Point(-90.077997 29.979401),,,"former movie theater in New Orleans, Louisiana, United States"
http://www.wikidata.org/entity/Q42668898,Bell Theatre,Point(-90.077997 29.979401),,,"former movie theater in New Orleans, Louisiana, United States"
http://www.wikidata.org/entity/Q42668898,Bell Theatre,Point(-90.077997 29.979401),,,"former movie theater in New Orleans, Louisiana, United States"
http://www.wikidata.org/entity/Q42668898,Bell Theatre,Point(-90.077997 29.979401),,,"former movie theater in New Orleans, Louisiana, United States"
http://www.wikidata.org/entity/Q42668898,Bell Theatre,Point(-90.077997 29.979401),,,"former movie theater in New Orleans, Louisiana, United States"
http://www.wikidata.org/entity/Q42668898,Bell Theatre,Point(-90.077997 29.979401),,,"former movie theater in New Orleans, Louisiana, United States"
http://www.wikidata.org/entity/Q42668898,Bell Theatre,Point(-90.077997 29.979401),,,"former movie theater in New Orleans, Louisiana, United States"
http://www.wikidata.org/entity/Q42668898,Bell Theatre,Point(-90.077997 29.979401),,,"former movie theater in New Orleans, Louisiana, United States"
http://www.wikidata.org/entity/Q42668898,Bell Theatre,Point(-90.077997 29.979401),,,"former movie theater in New Orleans, Louisiana, United States"
http://www.wikidata.org/entity/Q42668898,Bell Theatre,Point(-90.077997 29.979401),,,"former movie theater in New Orleans, Louisiana, United States"
http://www.wikidata.org/entity/Q42668898,Bell Theatre,Point(-90.077997 29.979401),,,"former movie theater in New Orleans, Louisiana, United States"
http://www.wikidata.org/entity/Q42668898,Bell Theatre,Point(-90.077997 29.979401),,,"former movie theater in New Orleans, Louisiana, United States"
http://www.wikidata.org/entity/Q42668898,Bell Theatre,Point(-90.077997 29.979401),,,"former movie theater in New Orleans, Louisiana, United States"
http://www.wikidata.org/entity/Q42668898,Bell Theatre,Point(-90.077997 29.979401),,,"former movie theater in New Orleans, Louisiana, United States"
http://www.wikidata.org/entity/Q42668898,Bell Theatre,Point(-90.077997 29.979401),,,"former movie theater in New Orleans, Louisiana, United States"
http://www.wikidata.org/entity/Q42668898,Bell Theatre,Point(-90.077997 29.979401),,,"former movie theater in New Orleans, Louisiana, United States"
http://www.wikidata.org/entity/Q42668898,Bell Theatre,Point(-90.077997 29.979401),,,"former movie theater in New Orleans, Louisiana, United States"
http://www.wikidata.org/entity/Q42668898,Bell Theatre,Point(-90.077997 29.979401),,,"former movie theater in New Orleans, Louisiana, United States"
http://www.wikidata.org/entity/Q42668898,Bell Theatre,Point(-90.077997 29.979401),,,"former movie theater in New Orleans, Louisiana, United States"
http://www.wikidata.org/entity/Q42668898,Bell Theatre,Point(-90.077997 29.979401),,,"former movie theater in New Orleans, Louisiana, United States"
http://www.wikidata.org/entity/Q42668898,Bell Theatre,Point(-90.077997 29.979401),,,"former movie theater in New Orleans, Louisiana, United States"
http://www.wikidata.org/entity/Q42668898,Bell Theatre,Point(-90.077997 29.979401),,,"former movie theater in New Orleans, Louisiana, United States"
http://www.wikidata.org/entity/Q42668898,Bell Theatre,Point(-90.077997 29.979401),,,"former movie theater in New Orleans, Louisiana, United States"
http://www.wikidata.org/entity/Q42668908,Aurora Cinema 6,Point(-90.0430442 29.9303527),,,"former movie theater in New Orleans, Louisiana, United States"
http://www.wikidata.org/entity/Q42668908,Aurora Cinema 6,Point(-90.0430442 29.9303527),,,"former movie theater in New Orleans, Louisiana, United States"
http://www.wikidata.org/entity/Q42668908,Aurora Cinema 6,Point(-90.0430442 29.9303527),,,"former movie theater in New Orleans, Louisiana, United States"
http://www.wikidata.org/entity/Q42668908,Aurora Cinema 6,Point(-90.0430442 29.9303527),,,"former movie theater in New Orleans, Louisiana, United States"
http://www.wikidata.org/entity/Q42668908,Aurora Cinema 6,Point(-90.0430442 29.9303527),,,"former movie theater in New Orleans, Louisiana, United States"
http://www.wikidata.org/entity/Q42668908,Aurora Cinema 6,Point(-90.0430442 29.9303527),,,"former movie theater in New Orleans, Louisiana, United States"
http://www.wikidata.org/entity/Q42668908,Aurora Cinema 6,Point(-90.0430442 29.9303527),,,"former movie theater in New Orleans, Louisiana, United States"
http://www.wikidata.org/entity/Q42668908,Aurora Cinema 6,Point(-90.0430442 29.9303527),,,"former movie theater in New Orleans, Louisiana, United States"
http://www.wikidata.org/entity/Q42668908,Aurora Cinema 6,Point(-90.0430442 29.9303527),,,"former movie theater in New Orleans, Louisiana, United States"
http://www.wikidata.org/entity/Q42668908,Aurora Cinema 6,Point(-90.0430442 29.9303527),,,"former movie theater in New Orleans, Louisiana, United States"
http://www.wikidata.org/entity/Q42668908,Aurora Cinema 6,Point(-90.0430442 29.9303527),,,"former movie theater in New Orleans, Louisiana, United States"
http://www.wikidata.org/entity/Q42668908,Aurora Cinema 6,Point(-90.0430442 29.9303527),,,"former movie theater in New Orleans, Louisiana, United States"
http://www.wikidata.org/entity/Q42668908,Aurora Cinema 6,Point(-90.0430442 29.9303527),,,"former movie theater in New Orleans, Louisiana, United States"
http://www.wikidata.org/entity/Q42668908,Aurora Cinema 6,Point(-90.0430442 29.9303527),,,"former movie theater in New Orleans, Louisiana, United States"
http://www.wikidata.org/entity/Q42668908,Aurora Cinema 6,Point(-90.0430442 29.9303527),,,"former movie theater in New Orleans, Louisiana, United States"
http://www.wikidata.org/entity/Q42668908,Aurora Cinema 6,Point(-90.0430442 29.9303527),,,"former movie theater in New Orleans, Louisiana, United States"
http://www.wikidata.org/entity/Q42668908,Aurora Cinema 6,Point(-90.0430442 29.9303527),,,"former movie theater in New Orleans, Louisiana, United States"
http://www.wikidata.org/entity/Q42668908,Aurora Cinema 6,Point(-90.0430442 29.9303527),,,"former movie theater in New Orleans, Louisiana, United States"
http://www.wikidata.org/entity/Q42668908,Aurora Cinema 6,Point(-90.0430442 29.9303527),,,"former movie theater in New Orleans, Louisiana, United States"
http://www.wikidata.org/entity/Q42668908,Aurora Cinema 6,Point(-90.0430442 29.9303527),,,"former movie theater in New Orleans, Louisiana, United States"
http://www.wikidata.org/entity/Q42668908,Aurora Cinema 6,Point(-90.0430442 29.9303527),,,"former movie theater in New Orleans, Louisiana, United States"
http://www.wikidata.org/entity/Q42668908,Aurora Cinema 6,Point(-90.0430442 29.9303527),,,"former movie theater in New Orleans, Louisiana, United States"
http://www.wikidata.org/entity/Q42668908,Aurora Cinema 6,Point(-90.0430442 29.9303527),,,"former movie theater in New Orleans, Louisiana, United States"
http://www.wikidata.org/entity/Q42668908,Aurora Cinema 6,Point(-90.0430442 29.9303527),,,"former movie theater in New Orleans, Louisiana, United States"
http://www.wikidata.org/entity/Q42668908,Aurora Cinema 6,Point(-90.0430442 29.9303527),,,"former movie theater in New Orleans, Louisiana, United States"
http://www.wikidata.org/entity/Q42668908,Aurora Cinema 6,Point(-90.0430442 29.9303527),,,"former movie theater in New Orleans, Louisiana, United States"
http://www.wikidata.org/entity/Q42668918,Bank Theatre,Point(-90.0608234 29.9589978),,,"former movie theater in New Orleans, Louisiana, United States"
http://www.wikidata.org/entity/Q42668918,Bank Theatre,Point(-90.0608234 29.9589978),,,"former movie theater in New Orleans, Louisiana, United States"
http://www.wikidata.org/entity/Q42668918,Bank Theatre,Point(-90.0608234 29.9589978),,,"former movie theater in New Orleans, Louisiana, United States"
http://www.wikidata.org/entity/Q42668918,Bank Theatre,Point(-90.0608234 29.9589978),,,"former movie theater in New Orleans, Louisiana, United States"
http://www.wikidata.org/entity/Q42668918,Bank Theatre,Point(-90.0608234 29.9589978),,,"former movie theater in New Orleans, Louisiana, United States"
http://www.wikidata.org/entity/Q42668918,Bank Theatre,Point(-90.0608234 29.9589978),,,"former movie theater in New Orleans, Louisiana, United States"
http://www.wikidata.org/entity/Q42668918,Bank Theatre,Point(-90.0608234 29.9589978),,,"former movie theater in New Orleans, Louisiana, United States"
http://www.wikidata.org/entity/Q42668918,Bank Theatre,Point(-90.0608234 29.9589978),,,"former movie theater in New Orleans, Louisiana, United States"
http://www.wikidata.org/entity/Q42668918,Bank Theatre,Point(-90.0608234 29.9589978),,,"former movie theater in New Orleans, Louisiana, United States"
http://www.wikidata.org/entity/Q42668918,Bank Theatre,Point(-90.0608234 29.9589978),,,"former movie theater in New Orleans, Louisiana, United States"
http://www.wikidata.org/entity/Q42668918,Bank Theatre,Point(-90.0608234 29.9589978),,,"former movie theater in New Orleans, Louisiana, United States"
http://www.wikidata.org/entity/Q42668918,Bank Theatre,Point(-90.0608234 29.9589978),,,"former movie theater in New Orleans, Louisiana, United States"
http://www.wikidata.org/entity/Q42668918,Bank Theatre,Point(-90.0608234 29.9589978),,,"former movie theater in New Orleans, Louisiana, United States"
http://www.wikidata.org/entity/Q42668918,Bank Theatre,Point(-90.0608234 29.9589978),,,"former movie theater in New Orleans, Louisiana, United States"
http://www.wikidata.org/entity/Q42668918,Bank Theatre,Point(-90.0608234 29.9589978),,,"former movie theater in New Orleans, Louisiana, United States"
http://www.wikidata.org/entity/Q42668918,Bank Theatre,Point(-90.0608234 29.9589978),,,"former movie theater in New Orleans, Louisiana, United States"
http://www.wikidata.org/entity/Q42668918,Bank Theatre,Point(-90.0608234 29.9589978),,,"former movie theater in New Orleans, Louisiana, United States"
http://www.wikidata.org/entity/Q42668918,Bank Theatre,Point(-90.0608234 29.9589978),,,"former movie theater in New Orleans, Louisiana, United States"
http://www.wikidata.org/entity/Q42668918,Bank Theatre,Point(-90.0608234 29.9589978),,,"former movie theater in New Orleans, Louisiana, United States"
http://www.wikidata.org/entity/Q42668918,Bank Theatre,Point(-90.0608234 29.9589978),,,"former movie theater in New Orleans, Louisiana, United States"
http://www.wikidata.org/entity/Q42668918,Bank Theatre,Point(-90.0608234 29.9589978),,,"former movie theater in New Orleans, Louisiana, United States"
http://www.wikidata.org/entity/Q42668918,Bank Theatre,Point(-90.0608234 29.9589978),,,"former movie theater in New Orleans, Louisiana, United States"
http://www.wikidata.org/entity/Q42668918,Bank Theatre,Point(-90.0608234 29.9589978),,,"former movie theater in New Orleans, Louisiana, United States"
http://www.wikidata.org/entity/Q42668918,Bank Theatre,Point(-90.0608234 29.9589978),,,"former movie theater in New Orleans, Louisiana, United States"
http://www.wikidata.org/entity/Q42668918,Bank Theatre,Point(-90.0608234 29.9589978),,,"former movie theater in New Orleans, Louisiana, United States"
http://www.wikidata.org/entity/Q42668918,Bank Theatre,Point(-90.0608234 29.9589978),,,"former movie theater in New Orleans, Louisiana, United States"
http://www.wikidata.org/entity/Q42668930,Cinema Theatre,Point(-90.0664124 29.9626449),,,"former movie theater in New Orleans, Louisiana, United States"
http://www.wikidata.org/entity/Q42668930,Cinema Theatre,Point(-90.0664124 29.9626449),,,"former movie theater in New Orleans, Louisiana, United States"
http://www.wikidata.org/entity/Q42668930,Cinema Theatre,Point(-90.0664124 29.9626449),,,"former movie theater in New Orleans, Louisiana, United States"
http://www.wikidata.org/entity/Q42668930,Cinema Theatre,Point(-90.0664124 29.9626449),,,"former movie theater in New Orleans, Louisiana, United States"
http://www.wikidata.org/entity/Q42668930,Cinema Theatre,Point(-90.0664124 29.9626449),,,"former movie theater in New Orleans, Louisiana, United States"
http://www.wikidata.org/entity/Q42668930,Cinema Theatre,Point(-90.0664124 29.9626449),,,"former movie theater in New Orleans, Louisiana, United States"
http://www.wikidata.org/entity/Q42668930,Cinema Theatre,Point(-90.0664124 29.9626449),,,"former movie theater in New Orleans, Louisiana, United States"
http://www.wikidata.org/entity/Q42668930,Cinema Theatre,Point(-90.0664124 29.9626449),,,"former movie theater in New Orleans, Louisiana, United States"
http://www.wikidata.org/entity/Q42668930,Cinema Theatre,Point(-90.0664124 29.9626449),,,"former movie theater in New Orleans, Louisiana, United States"
http://www.wikidata.org/entity/Q42668930,Cinema Theatre,Point(-90.0664124 29.9626449),,,"former movie theater in New Orleans, Louisiana, United States"
http://www.wikidata.org/entity/Q42668930,Cinema Theatre,Point(-90.0664124 29.9626449),,,"former movie theater in New Orleans, Louisiana, United States"
http://www.wikidata.org/entity/Q42668930,Cinema Theatre,Point(-90.0664124 29.9626449),,,"former movie theater in New Orleans, Louisiana, United States"
http://www.wikidata.org/entity/Q42668930,Cinema Theatre,Point(-90.0664124 29.9626449),,,"former movie theater in New Orleans, Louisiana, United States"
http://www.wikidata.org/entity/Q42668930,Cinema Theatre,Point(-90.0664124 29.9626449),,,"former movie theater in New Orleans, Louisiana, United States"
http://www.wikidata.org/entity/Q42668930,Cinema Theatre,Point(-90.0664124 29.9626449),,,"former movie theater in New Orleans, Louisiana, United States"
http://www.wikidata.org/entity/Q42668930,Cinema Theatre,Point(-90.0664124 29.9626449),,,"former movie theater in New Orleans, Louisiana, United States"
http://www.wikidata.org/entity/Q42668930,Cinema Theatre,Point(-90.0664124 29.9626449),,,"former movie theater in New Orleans, Louisiana, United States"
http://www.wikidata.org/entity/Q42668930,Cinema Theatre,Point(-90.0664124 29.9626449),,,"former movie theater in New Orleans, Louisiana, United States"
http://www.wikidata.org/entity/Q42668930,Cinema Theatre,Point(-90.0664124 29.9626449),,,"former movie theater in New Orleans, Louisiana, United States"
http://www.wikidata.org/entity/Q42668930,Cinema Theatre,Point(-90.0664124 29.9626449),,,"former movie theater in New Orleans, Louisiana, United States"
http://www.wikidata.org/entity/Q42668930,Cinema Theatre,Point(-90.0664124 29.9626449),,,"former movie theater in New Orleans, Louisiana, United States"
http://www.wikidata.org/entity/Q42668930,Cinema Theatre,Point(-90.0664124 29.9626449),,,"former movie theater in New Orleans, Louisiana, United States"
http://www.wikidata.org/entity/Q42668930,Cinema Theatre,Point(-90.0664124 29.9626449),,,"former movie theater in New Orleans, Louisiana, United States"
http://www.wikidata.org/entity/Q42668930,Cinema Theatre,Point(-90.0664124 29.9626449),,,"former movie theater in New Orleans, Louisiana, United States"
http://www.wikidata.org/entity/Q42668930,Cinema Theatre,Point(-90.0664124 29.9626449),,,"former movie theater in New Orleans, Louisiana, United States"
http://www.wikidata.org/entity/Q42668930,Cinema Theatre,Point(-90.0664124 29.9626449),,,"former movie theater in New Orleans, Louisiana, United States"
http://www.wikidata.org/entity/Q42668938,Diamond Theatre,Point(-90.0709286 29.9559326),,,"former movie theater in New Orleans, Louisiana, United States"
http://www.wikidata.org/entity/Q42668938,Diamond Theatre,Point(-90.0709286 29.9559326),,,"former movie theater in New Orleans, Louisiana, United States"
http://www.wikidata.org/entity/Q42668938,Diamond Theatre,Point(-90.0709286 29.9559326),,,"former movie theater in New Orleans, Louisiana, United States"
http://www.wikidata.org/entity/Q42668938,Diamond Theatre,Point(-90.0709286 29.9559326),,,"former movie theater in New Orleans, Louisiana, United States"
http://www.wikidata.org/entity/Q42668938,Diamond Theatre,Point(-90.0709286 29.9559326),,,"former movie theater in New Orleans, Louisiana, United States"
http://www.wikidata.org/entity/Q42668938,Diamond Theatre,Point(-90.0709286 29.9559326),,,"former movie theater in New Orleans, Louisiana, United States"
http://www.wikidata.org/entity/Q42668938,Diamond Theatre,Point(-90.0709286 29.9559326),,,"former movie theater in New Orleans, Louisiana, United States"
http://www.wikidata.org/entity/Q42668938,Diamond Theatre,Point(-90.0709286 29.9559326),,,"former movie theater in New Orleans, Louisiana, United States"
http://www.wikidata.org/entity/Q42668938,Diamond Theatre,Point(-90.0709286 29.9559326),,,"former movie theater in New Orleans, Louisiana, United States"
http://www.wikidata.org/entity/Q42668938,Diamond Theatre,Point(-90.0709286 29.9559326),,,"former movie theater in New Orleans, Louisiana, United States"
http://www.wikidata.org/entity/Q42668938,Diamond Theatre,Point(-90.0709286 29.9559326),,,"former movie theater in New Orleans, Louisiana, United States"
http://www.wikidata.org/entity/Q42668938,Diamond Theatre,Point(-90.0709286 29.9559326),,,"former movie theater in New Orleans, Louisiana, United States"
http://www.wikidata.org/entity/Q42668938,Diamond Theatre,Point(-90.0709286 29.9559326),,,"former movie theater in New Orleans, Louisiana, United States"
http://www.wikidata.org/entity/Q42668938,Diamond Theatre,Point(-90.0709286 29.9559326),,,"former movie theater in New Orleans, Louisiana, United States"
http://www.wikidata.org/entity/Q42668938,Diamond Theatre,Point(-90.0709286 29.9559326),,,"former movie theater in New Orleans, Louisiana, United States"
http://www.wikidata.org/entity/Q42668938,Diamond Theatre,Point(-90.0709286 29.9559326),,,"former movie theater in New Orleans, Louisiana, United States"
http://www.wikidata.org/entity/Q42668938,Diamond Theatre,Point(-90.0709286 29.9559326),,,"former movie theater in New Orleans, Louisiana, United States"
http://www.wikidata.org/entity/Q42668938,Diamond Theatre,Point(-90.0709286 29.9559326),,,"former movie theater in New Orleans, Louisiana, United States"
http://www.wikidata.org/entity/Q42668938,Diamond Theatre,Point(-90.0709286 29.9559326),,,"former movie theater in New Orleans, Louisiana, United States"
http://www.wikidata.org/entity/Q42668938,Diamond Theatre,Point(-90.0709286 29.9559326),,,"former movie theater in New Orleans, Louisiana, United States"
http://www.wikidata.org/entity/Q42668938,Diamond Theatre,Point(-90.0709286 29.9559326),,,"former movie theater in New Orleans, Louisiana, United States"
http://www.wikidata.org/entity/Q42668938,Diamond Theatre,Point(-90.0709286 29.9559326),,,"former movie theater in New Orleans, Louisiana, United States"
http://www.wikidata.org/entity/Q42668938,Diamond Theatre,Point(-90.0709286 29.9559326),,,"former movie theater in New Orleans, Louisiana, United States"
http://www.wikidata.org/entity/Q42668938,Diamond Theatre,Point(-90.0709286 29.9559326),,,"former movie theater in New Orleans, Louisiana, United States"
http://www.wikidata.org/entity/Q42668938,Diamond Theatre,Point(-90.0709286 29.9559326),,,"former movie theater in New Orleans, Louisiana, United States"
http://www.wikidata.org/entity/Q42668938,Diamond Theatre,Point(-90.0709286 29.9559326),,,"former movie theater in New Orleans, Louisiana, United States"
http://www.wikidata.org/entity/Q42668946,Palace Theatre,Point(-90.0700057 29.9553282),,,"former movie theater in New Orleans, Louisiana, United States"
http://www.wikidata.org/entity/Q42668946,Palace Theatre,Point(-90.0700057 29.9553282),,,"former movie theater in New Orleans, Louisiana, United States"
http://www.wikidata.org/entity/Q42668946,Palace Theatre,Point(-90.0700057 29.9553282),,,"former movie theater in New Orleans, Louisiana, United States"
http://www.wikidata.org/entity/Q42668946,Palace Theatre,Point(-90.0700057 29.9553282),,,"former movie theater in New Orleans, Louisiana, United States"
http://www.wikidata.org/entity/Q42668946,Palace Theatre,Point(-90.0700057 29.9553282),,,"former movie theater in New Orleans, Louisiana, United States"
http://www.wikidata.org/entity/Q42668946,Palace Theatre,Point(-90.0700057 29.9553282),,,"former movie theater in New Orleans, Louisiana, United States"
http://www.wikidata.org/entity/Q42668946,Palace Theatre,Point(-90.0700057 29.9553282),,,"former movie theater in New Orleans, Louisiana, United States"
http://www.wikidata.org/entity/Q42668946,Palace Theatre,Point(-90.0700057 29.9553282),,,"former movie theater in New Orleans, Louisiana, United States"
http://www.wikidata.org/entity/Q42668946,Palace Theatre,Point(-90.0700057 29.9553282),,,"former movie theater in New Orleans, Louisiana, United States"
http://www.wikidata.org/entity/Q42668946,Palace Theatre,Point(-90.0700057 29.9553282),,,"former movie theater in New Orleans, Louisiana, United States"
http://www.wikidata.org/entity/Q42668946,Palace Theatre,Point(-90.0700057 29.9553282),,,"former movie theater in New Orleans, Louisiana, United States"
http://www.wikidata.org/entity/Q42668946,Palace Theatre,Point(-90.0700057 29.9553282),,,"former movie theater in New Orleans, Louisiana, United States"
http://www.wikidata.org/entity/Q42668946,Palace Theatre,Point(-90.0700057 29.9553282),,,"former movie theater in New Orleans, Louisiana, United States"
http://www.wikidata.org/entity/Q42668946,Palace Theatre,Point(-90.0700057 29.9553282),,,"former movie theater in New Orleans, Louisiana, United States"
http://www.wikidata.org/entity/Q42668946,Palace Theatre,Point(-90.0700057 29.9553282),,,"former movie theater in New Orleans, Louisiana, United States"
http://www.wikidata.org/entity/Q42668946,Palace Theatre,Point(-90.0700057 29.9553282),,,"former movie theater in New Orleans, Louisiana, United States"
http://www.wikidata.org/entity/Q42668946,Palace Theatre,Point(-90.0700057 29.9553282),,,"former movie theater in New Orleans, Louisiana, United States"
http://www.wikidata.org/entity/Q42668946,Palace Theatre,Point(-90.0700057 29.9553282),,,"former movie theater in New Orleans, Louisiana, United States"
http://www.wikidata.org/entity/Q42668946,Palace Theatre,Point(-90.0700057 29.9553282),,,"former movie theater in New Orleans, Louisiana, United States"
http://www.wikidata.org/entity/Q42668946,Palace Theatre,Point(-90.0700057 29.9553282),,,"former movie theater in New Orleans, Louisiana, United States"
http://www.wikidata.org/entity/Q42668946,Palace Theatre,Point(-90.0700057 29.9553282),,,"former movie theater in New Orleans, Louisiana, United States"
http://www.wikidata.org/entity/Q42668946,Palace Theatre,Point(-90.0700057 29.9553282),,,"former movie theater in New Orleans, Louisiana, United States"
http://www.wikidata.org/entity/Q42668946,Palace Theatre,Point(-90.0700057 29.9553282),,,"former movie theater in New Orleans, Louisiana, United States"
http://www.wikidata.org/entity/Q42668946,Palace Theatre,Point(-90.0700057 29.9553282),,,"former movie theater in New Orleans, Louisiana, United States"
http://www.wikidata.org/entity/Q42668946,Palace Theatre,Point(-90.0700057 29.9553282),,,"former movie theater in New Orleans, Louisiana, United States"
http://www.wikidata.org/entity/Q42668946,Palace Theatre,Point(-90.0700057 29.9553282),,,"former movie theater in New Orleans, Louisiana, United States"
http://www.wikidata.org/entity/Q42668946,Palace Theatre,Point(-90.0700057 29.9553282),,,"former movie theater in New Orleans, Louisiana, United States"
http://www.wikidata.org/entity/Q42668946,Palace Theatre,Point(-90.0700057 29.9553282),,,"former movie theater in New Orleans, Louisiana, United States"
http://www.wikidata.org/entity/Q42668946,Palace Theatre,Point(-90.0700057 29.9553282),,,"former movie theater in New Orleans, Louisiana, United States"
http://www.wikidata.org/entity/Q42668946,Palace Theatre,Point(-90.0700057 29.9553282),,,"former movie theater in New Orleans, Louisiana, United States"
http://www.wikidata.org/entity/Q42668946,Palace Theatre,Point(-90.0700057 29.9553282),,,"former movie theater in New Orleans, Louisiana, United States"
http://www.wikidata.org/entity/Q42668946,Palace Theatre,Point(-90.0700057 29.9553282),,,"former movie theater in New Orleans, Louisiana, United States"
http://www.wikidata.org/entity/Q42668946,Palace Theatre,Point(-90.0700057 29.9553282),,,"former movie theater in New Orleans, Louisiana, United States"
http://www.wikidata.org/entity/Q42668946,Palace Theatre,Point(-90.0700057 29.9553282),,,"former movie theater in New Orleans, Louisiana, United States"
http://www.wikidata.org/entity/Q42668946,Palace Theatre,Point(-90.0700057 29.9553282),,,"former movie theater in New Orleans, Louisiana, United States"
http://www.wikidata.org/entity/Q42668946,Palace Theatre,Point(-90.0700057 29.9553282),,,"former movie theater in New Orleans, Louisiana, United States"
http://www.wikidata.org/entity/Q42668946,Palace Theatre,Point(-90.0700057 29.9553282),,,"former movie theater in New Orleans, Louisiana, United States"
http://www.wikidata.org/entity/Q42668946,Palace Theatre,Point(-90.0700057 29.9553282),,,"former movie theater in New Orleans, Louisiana, United States"
http://www.wikidata.org/entity/Q42668946,Palace Theatre,Point(-90.0700057 29.9553282),,,"former movie theater in New Orleans, Louisiana, United States"
http://www.wikidata.org/entity/Q42668946,Palace Theatre,Point(-90.0700057 29.9553282),,,"former movie theater in New Orleans, Louisiana, United States"
http://www.wikidata.org/entity/Q42668946,Palace Theatre,Point(-90.0700057 29.9553282),,,"former movie theater in New Orleans, Louisiana, United States"
http://www.wikidata.org/entity/Q42668946,Palace Theatre,Point(-90.0700057 29.9553282),,,"former movie theater in New Orleans, Louisiana, United States"
http://www.wikidata.org/entity/Q42668946,Palace Theatre,Point(-90.0700057 29.9553282),,,"former movie theater in New Orleans, Louisiana, United States"
http://www.wikidata.org/entity/Q42668946,Palace Theatre,Point(-90.0700057 29.9553282),,,"former movie theater in New Orleans, Louisiana, United States"
http://www.wikidata.org/entity/Q42668946,Palace Theatre,Point(-90.0700057 29.9553282),,,"former movie theater in New Orleans, Louisiana, United States"
http://www.wikidata.org/entity/Q42668946,Palace Theatre,Point(-90.0700057 29.9553282),,,"former movie theater in New Orleans, Louisiana, United States"
http://www.wikidata.org/entity/Q42668946,Palace Theatre,Point(-90.0700057 29.9553282),,,"former movie theater in New Orleans, Louisiana, United States"
http://www.wikidata.org/entity/Q42668946,Palace Theatre,Point(-90.0700057 29.9553282),,,"former movie theater in New Orleans, Louisiana, United States"
http://www.wikidata.org/entity/Q42668946,Palace Theatre,Point(-90.0700057 29.9553282),,,"former movie theater in New Orleans, Louisiana, United States"
http://www.wikidata.org/entity/Q42668946,Palace Theatre,Point(-90.0700057 29.9553282),,,"former movie theater in New Orleans, Louisiana, United States"
http://www.wikidata.org/entity/Q42668946,Palace Theatre,Point(-90.0700057 29.9553282),,,"former movie theater in New Orleans, Louisiana, United States"
http://www.wikidata.org/entity/Q42668946,Palace Theatre,Point(-90.0700057 29.9553282),,,"former movie theater in New Orleans, Louisiana, United States"
http://www.wikidata.org/entity/Q42668961,Trianon Theatre,Point(-90.070641 29.953694),,,"former movie theater in New Orleans, Louisiana, United States"
http://www.wikidata.org/entity/Q42668961,Trianon Theatre,Point(-90.070641 29.953694),,,"former movie theater in New Orleans, Louisiana, United States"
http://www.wikidata.org/entity/Q42668961,Trianon Theatre,Point(-90.070641 29.953694),,,"former movie theater in New Orleans, Louisiana, United States"
http://www.wikidata.org/entity/Q42668961,Trianon Theatre,Point(-90.070641 29.953694),,,"former movie theater in New Orleans, Louisiana, United States"
http://www.wikidata.org/entity/Q42668961,Trianon Theatre,Point(-90.070641 29.953694),,,"former movie theater in New Orleans, Louisiana, United States"
http://www.wikidata.org/entity/Q42668961,Trianon Theatre,Point(-90.070641 29.953694),,,"former movie theater in New Orleans, Louisiana, United States"
http://www.wikidata.org/entity/Q42668961,Trianon Theatre,Point(-90.070641 29.953694),,,"former movie theater in New Orleans, Louisiana, United States"
http://www.wikidata.org/entity/Q42668961,Trianon Theatre,Point(-90.070641 29.953694),,,"former movie theater in New Orleans, Louisiana, United States"
http://www.wikidata.org/entity/Q42668961,Trianon Theatre,Point(-90.070641 29.953694),,,"former movie theater in New Orleans, Louisiana, United States"
http://www.wikidata.org/entity/Q42668961,Trianon Theatre,Point(-90.070641 29.953694),,,"former movie theater in New Orleans, Louisiana, United States"
http://www.wikidata.org/entity/Q42668961,Trianon Theatre,Point(-90.070641 29.953694),,,"former movie theater in New Orleans, Louisiana, United States"
http://www.wikidata.org/entity/Q42668961,Trianon Theatre,Point(-90.070641 29.953694),,,"former movie theater in New Orleans, Louisiana, United States"
http://www.wikidata.org/entity/Q42668961,Trianon Theatre,Point(-90.070641 29.953694),,,"former movie theater in New Orleans, Louisiana, United States"
http://www.wikidata.org/entity/Q42668961,Trianon Theatre,Point(-90.070641 29.953694),,,"former movie theater in New Orleans, Louisiana, United States"
http://www.wikidata.org/entity/Q42668961,Trianon Theatre,Point(-90.070641 29.953694),,,"former movie theater in New Orleans, Louisiana, United States"
http://www.wikidata.org/entity/Q42668961,Trianon Theatre,Point(-90.070641 29.953694),,,"former movie theater in New Orleans, Louisiana, United States"
http://www.wikidata.org/entity/Q42668961,Trianon Theatre,Point(-90.070641 29.953694),,,"former movie theater in New Orleans, Louisiana, United States"
http://www.wikidata.org/entity/Q42668961,Trianon Theatre,Point(-90.070641 29.953694),,,"former movie theater in New Orleans, Louisiana, United States"
http://www.wikidata.org/entity/Q42668961,Trianon Theatre,Point(-90.070641 29.953694),,,"former movie theater in New Orleans, Louisiana, United States"
http://www.wikidata.org/entity/Q42668961,Trianon Theatre,Point(-90.070641 29.953694),,,"former movie theater in New Orleans, Louisiana, United States"
http://www.wikidata.org/entity/Q42668961,Trianon Theatre,Point(-90.070641 29.953694),,,"former movie theater in New Orleans, Louisiana, United States"
http://www.wikidata.org/entity/Q42668961,Trianon Theatre,Point(-90.070641 29.953694),,,"former movie theater in New Orleans, Louisiana, United States"
http://www.wikidata.org/entity/Q42668961,Trianon Theatre,Point(-90.070641 29.953694),,,"former movie theater in New Orleans, Louisiana, United States"
http://www.wikidata.org/entity/Q42668961,Trianon Theatre,Point(-90.070641 29.953694),,,"former movie theater in New Orleans, Louisiana, United States"
http://www.wikidata.org/entity/Q42668961,Trianon Theatre,Point(-90.070641 29.953694),,,"former movie theater in New Orleans, Louisiana, United States"
http://www.wikidata.org/entity/Q42668961,Trianon Theatre,Point(-90.070641 29.953694),,,"former movie theater in New Orleans, Louisiana, United States"
http://www.wikidata.org/entity/Q42668971,Washington Theatre,Point(-90.082542 29.9263218),,,"former movie theater in New Orleans, Louisiana, United States"
http://www.wikidata.org/entity/Q42668971,Washington Theatre,Point(-90.082542 29.9263218),,,"former movie theater in New Orleans, Louisiana, United States"
http://www.wikidata.org/entity/Q42668971,Washington Theatre,Point(-90.082542 29.9263218),,,"former movie theater in New Orleans, Louisiana, United States"
http://www.wikidata.org/entity/Q42668971,Washington Theatre,Point(-90.082542 29.9263218),,,"former movie theater in New Orleans, Louisiana, United States"
http://www.wikidata.org/entity/Q42668971,Washington Theatre,Point(-90.082542 29.9263218),,,"former movie theater in New Orleans, Louisiana, United States"
http://www.wikidata.org/entity/Q42668971,Washington Theatre,Point(-90.082542 29.9263218),,,"former movie theater in New Orleans, Louisiana, United States"
http://www.wikidata.org/entity/Q42668971,Washington Theatre,Point(-90.082542 29.9263218),,,"former movie theater in New Orleans, Louisiana, United States"
http://www.wikidata.org/entity/Q42668971,Washington Theatre,Point(-90.082542 29.9263218),,,"former movie theater in New Orleans, Louisiana, United States"
http://www.wikidata.org/entity/Q42668971,Washington Theatre,Point(-90.082542 29.9263218),,,"former movie theater in New Orleans, Louisiana, United States"
http://www.wikidata.org/entity/Q42668971,Washington Theatre,Point(-90.082542 29.9263218),,,"former movie theater in New Orleans, Louisiana, United States"
http://www.wikidata.org/entity/Q42668971,Washington Theatre,Point(-90.082542 29.9263218),,,"former movie theater in New Orleans, Louisiana, United States"
http://www.wikidata.org/entity/Q42668971,Washington Theatre,Point(-90.082542 29.9263218),,,"former movie theater in New Orleans, Louisiana, United States"
http://www.wikidata.org/entity/Q42668971,Washington Theatre,Point(-90.082542 29.9263218),,,"former movie theater in New Orleans, Louisiana, United States"
http://www.wikidata.org/entity/Q42668971,Washington Theatre,Point(-90.082542 29.9263218),,,"former movie theater in New Orleans, Louisiana, United States"
http://www.wikidata.org/entity/Q42668971,Washington Theatre,Point(-90.082542 29.9263218),,,"former movie theater in New Orleans, Louisiana, United States"
http://www.wikidata.org/entity/Q42668971,Washington Theatre,Point(-90.082542 29.9263218),,,"former movie theater in New Orleans, Louisiana, United States"
http://www.wikidata.org/entity/Q42668971,Washington Theatre,Point(-90.082542 29.9263218),,,"former movie theater in New Orleans, Louisiana, United States"
http://www.wikidata.org/entity/Q42668971,Washington Theatre,Point(-90.082542 29.9263218),,,"former movie theater in New Orleans, Louisiana, United States"
http://www.wikidata.org/entity/Q42668971,Washington Theatre,Point(-90.082542 29.9263218),,,"former movie theater in New Orleans, Louisiana, United States"
http://www.wikidata.org/entity/Q42668971,Washington Theatre,Point(-90.082542 29.9263218),,,"former movie theater in New Orleans, Louisiana, United States"
http://www.wikidata.org/entity/Q42668971,Washington Theatre,Point(-90.082542 29.9263218),,,"former movie theater in New Orleans, Louisiana, United States"
http://www.wikidata.org/entity/Q42668971,Washington Theatre,Point(-90.082542 29.9263218),,,"former movie theater in New Orleans, Louisiana, United States"
http://www.wikidata.org/entity/Q42668971,Washington Theatre,Point(-90.082542 29.9263218),,,"former movie theater in New Orleans, Louisiana, United States"
http://www.wikidata.org/entity/Q42668971,Washington Theatre,Point(-90.082542 29.9263218),,,"former movie theater in New Orleans, Louisiana, United States"
http://www.wikidata.org/entity/Q42668971,Washington Theatre,Point(-90.082542 29.9263218),,,"former movie theater in New Orleans, Louisiana, United States"
http://www.wikidata.org/entity/Q42668971,Washington Theatre,Point(-90.082542 29.9263218),,,"former movie theater in New Orleans, Louisiana, United States"
http://www.wikidata.org/entity/Q42668979,Fox Theatre,Point(-90.0591313 30.0001734),,,"former movie theater in New Orleans, Louisiana, United States"
http://www.wikidata.org/entity/Q42668979,Fox Theatre,Point(-90.0591313 30.0001734),,,"former movie theater in New Orleans, Louisiana, United States"
http://www.wikidata.org/entity/Q42668979,Fox Theatre,Point(-90.0591313 30.0001734),,,"former movie theater in New Orleans, Louisiana, United States"
http://www.wikidata.org/entity/Q42668979,Fox Theatre,Point(-90.0591313 30.0001734),,,"former movie theater in New Orleans, Louisiana, United States"
http://www.wikidata.org/entity/Q42668979,Fox Theatre,Point(-90.0591313 30.0001734),,,"former movie theater in New Orleans, Louisiana, United States"
http://www.wikidata.org/entity/Q42668979,Fox Theatre,Point(-90.0591313 30.0001734),,,"former movie theater in New Orleans, Louisiana, United States"
http://www.wikidata.org/entity/Q42668979,Fox Theatre,Point(-90.0591313 30.0001734),,,"former movie theater in New Orleans, Louisiana, United States"
http://www.wikidata.org/entity/Q42668979,Fox Theatre,Point(-90.0591313 30.0001734),,,"former movie theater in New Orleans, Louisiana, United States"
http://www.wikidata.org/entity/Q42668979,Fox Theatre,Point(-90.0591313 30.0001734),,,"former movie theater in New Orleans, Louisiana, United States"
http://www.wikidata.org/entity/Q42668979,Fox Theatre,Point(-90.0591313 30.0001734),,,"former movie theater in New Orleans, Louisiana, United States"
http://www.wikidata.org/entity/Q49519566,Louis H Marrero Park,Point(-90.15 29.896666666),,,"park in Jefferson Parish, Louisiana, United States of America"
http://www.wikidata.org/entity/Q49519614,Audubon Louisiana Nature Center,Point(-89.961111111 30.030833333),,https://audubonnatureinstitute.org/nature-center,"nature preserve in New Orleans, Louisiana, United States"
http://www.wikidata.org/entity/Q49519614,Audubon Louisiana Nature Center,Point(-89.961111111 30.030833333),,https://audubonnatureinstitute.org/nature-center,"nature preserve in New Orleans, Louisiana, United States"
http://www.wikidata.org/entity/Q49519614,Audubon Louisiana Nature Center,Point(-89.961111111 30.030833333),,https://audubonnatureinstitute.org/nature-center,"nature preserve in New Orleans, Louisiana, United States"
http://www.wikidata.org/entity/Q49519614,Audubon Louisiana Nature Center,Point(-89.961111111 30.030833333),,https://audubonnatureinstitute.org/nature-center,"nature preserve in New Orleans, Louisiana, United States"
http://www.wikidata.org/entity/Q49522224,Martin Luther King Junior Park,Point(-90.065833333 29.88),,,park in the United States of America
http://www.wikidata.org/entity/Q49523272,McCarty Square,Point(-90.036666666 29.966111111),,,"park in Orleans Parish, Louisiana, United States of America"
http://www.wikidata.org/entity/Q49524013,McNeely Playground,Point(-90.0475 29.954444444),,,park in the United States of America
http://www.wikidata.org/entity/Q49524545,Mel Ott Park,Point(-90.048888888 29.903611111),,,park in the United States of America
http://www.wikidata.org/entity/Q49525637,Metairie Playground,Point(-90.138055555 29.981666666),,,"park in Jefferson Parish, Louisiana, United States of America"
http://www.wikidata.org/entity/Q49525965,Mickey Markey Playground,Point(-90.0425 29.963333333),,,"park in Orleans Parish, Louisiana, United States of America"
http://www.wikidata.org/entity/Q49526166,Miguez Park,Point(-90.259444444 30.017222222),,,"park in Jefferson Parish, Louisiana, United States of America"
http://www.wikidata.org/entity/Q49526182,Mike Miler Park,Point(-90.211111111 29.983611111),,,park in the United States of America
http://www.wikidata.org/entity/Q49526250,Miley Park,Point(-90.210833333 29.9825),,,"park in Jefferson Parish, Louisiana, United States of America"
http://www.wikidata.org/entity/Q49526774,Miltenberger Park,Point(-90.038611111 30.013888888),,,park in the United States of America
http://www.wikidata.org/entity/Q49527043,Mirabeau Park,Point(-90.071388888 30.009722222),,,"park in Orleans Parish, Louisiana, United States of America"
http://www.wikidata.org/entity/Q49528312,Morgan Park,Point(-90.250277777 29.975833333),,,park in the United States of America
http://www.wikidata.org/entity/Q49528334,Morgan Playground,Point(-90.263333333 29.9775),,,"park in Jefferson Parish, Louisiana, United States of America"
http://www.wikidata.org/entity/Q49528524,Morris Park,Point(-90.090555555 29.938611111),,,"park in Orleans Parish, Louisiana, United States of America"
http://www.wikidata.org/entity/Q49530484,National Square,Point(-90.056388888 30.0225),,,park in the United States of America
http://www.wikidata.org/entity/Q49531502,Ney Rey Park,Point(-90.171666666 30.007222222),,,"park in Jefferson Parish, Louisiana, United States of America"
http://www.wikidata.org/entity/Q49531596,Nicholson Park,Point(-90.126944444 29.8875),,,park in the United States of America
http://www.wikidata.org/entity/Q49532033,Norman Playground,Point(-89.998888888 29.92),,,"park in Orleans Parish, Louisiana, United States of America"
http://www.wikidata.org/entity/Q49534273,Oakdale Park,Point(-90.03 29.871666666),,,"park in Jefferson Parish, Louisiana, United States of America"
http://www.wikidata.org/entity/Q49534712,Odile Davis Playground,Point(-90.041111111 29.983333333),,,"park in Orleans Parish, Louisiana, United States of America"
http://www.wikidata.org/entity/Q49536112,Orleans Park,Point(-90.098888888 30.023333333),,,"park in Orleans Parish, Louisiana, United States of America"
http://www.wikidata.org/entity/Q49536830,Ozone Park,Point(-90.091111111 30.026944444),,,"park in Orleans Parish, Louisiana, United States of America"
http://www.wikidata.org/entity/Q42669326,Capitol Theatre,Point(-90.0696339 29.96881),,,"former movie theater in New Orleans, Louisiana, United States"
http://www.wikidata.org/entity/Q42669326,Capitol Theatre,Point(-90.0696339 29.96881),,,"former movie theater in New Orleans, Louisiana, United States"
http://www.wikidata.org/entity/Q42669326,Capitol Theatre,Point(-90.0696339 29.96881),,,"former movie theater in New Orleans, Louisiana, United States"
http://www.wikidata.org/entity/Q42669326,Capitol Theatre,Point(-90.0696339 29.96881),,,"former movie theater in New Orleans, Louisiana, United States"
http://www.wikidata.org/entity/Q42669326,Capitol Theatre,Point(-90.0696339 29.96881),,,"former movie theater in New Orleans, Louisiana, United States"
http://www.wikidata.org/entity/Q42669326,Capitol Theatre,Point(-90.0696339 29.96881),,,"former movie theater in New Orleans, Louisiana, United States"
http://www.wikidata.org/entity/Q42669326,Capitol Theatre,Point(-90.0696339 29.96881),,,"former movie theater in New Orleans, Louisiana, United States"
http://www.wikidata.org/entity/Q42669326,Capitol Theatre,Point(-90.0696339 29.96881),,,"former movie theater in New Orleans, Louisiana, United States"
http://www.wikidata.org/entity/Q42669326,Capitol Theatre,Point(-90.0696339 29.96881),,,"former movie theater in New Orleans, Louisiana, United States"
http://www.wikidata.org/entity/Q42669326,Capitol Theatre,Point(-90.0696339 29.96881),,,"former movie theater in New Orleans, Louisiana, United States"
http://www.wikidata.org/entity/Q42669326,Capitol Theatre,Point(-90.0696339 29.96881),,,"former movie theater in New Orleans, Louisiana, United States"
http://www.wikidata.org/entity/Q42669326,Capitol Theatre,Point(-90.0696339 29.96881),,,"former movie theater in New Orleans, Louisiana, United States"
http://www.wikidata.org/entity/Q42669326,Capitol Theatre,Point(-90.0696339 29.96881),,,"former movie theater in New Orleans, Louisiana, United States"
http://www.wikidata.org/entity/Q42669326,Capitol Theatre,Point(-90.0696339 29.96881),,,"former movie theater in New Orleans, Louisiana, United States"
http://www.wikidata.org/entity/Q42669326,Capitol Theatre,Point(-90.0696339 29.96881),,,"former movie theater in New Orleans, Louisiana, United States"
http://www.wikidata.org/entity/Q42669326,Capitol Theatre,Point(-90.0696339 29.96881),,,"former movie theater in New Orleans, Louisiana, United States"
http://www.wikidata.org/entity/Q42669326,Capitol Theatre,Point(-90.0696339 29.96881),,,"former movie theater in New Orleans, Louisiana, United States"
http://www.wikidata.org/entity/Q42669326,Capitol Theatre,Point(-90.0696339 29.96881),,,"former movie theater in New Orleans, Louisiana, United States"
http://www.wikidata.org/entity/Q42669326,Capitol Theatre,Point(-90.0696339 29.96881),,,"former movie theater in New Orleans, Louisiana, United States"
http://www.wikidata.org/entity/Q42669326,Capitol Theatre,Point(-90.0696339 29.96881),,,"former movie theater in New Orleans, Louisiana, United States"
http://www.wikidata.org/entity/Q42669326,Capitol Theatre,Point(-90.0696339 29.96881),,,"former movie theater in New Orleans, Louisiana, United States"
http://www.wikidata.org/entity/Q42669326,Capitol Theatre,Point(-90.0696339 29.96881),,,"former movie theater in New Orleans, Louisiana, United States"
http://www.wikidata.org/entity/Q42669326,Capitol Theatre,Point(-90.0696339 29.96881),,,"former movie theater in New Orleans, Louisiana, United States"
http://www.wikidata.org/entity/Q42669326,Capitol Theatre,Point(-90.0696339 29.96881),,,"former movie theater in New Orleans, Louisiana, United States"
http://www.wikidata.org/entity/Q42669326,Capitol Theatre,Point(-90.0696339 29.96881),,,"former movie theater in New Orleans, Louisiana, United States"
http://www.wikidata.org/entity/Q42669338,Clabon Theatre,Point(-90.0709725 29.9670694),,,"former movie theater in New Orleans, Louisiana, United States, later used as a church, demolished in 2022"
http://www.wikidata.org/entity/Q42665896,Marrero Drive-In,Point(-90.1066224 29.8964689),,,"former drive-in movie theater in Marrero, Louisiana, United States"
http://www.wikidata.org/entity/Q42665896,Marrero Drive-In,Point(-90.1066224 29.8964689),,,"former drive-in movie theater in Marrero, Louisiana, United States"
http://www.wikidata.org/entity/Q42665896,Marrero Drive-In,Point(-90.1066224 29.8964689),,,"former drive-in movie theater in Marrero, Louisiana, United States"
http://www.wikidata.org/entity/Q42665896,Marrero Drive-In,Point(-90.1066224 29.8964689),,,"former drive-in movie theater in Marrero, Louisiana, United States"
http://www.wikidata.org/entity/Q42665896,Marrero Drive-In,Point(-90.1066224 29.8964689),,,"former drive-in movie theater in Marrero, Louisiana, United States"
http://www.wikidata.org/entity/Q42665896,Marrero Drive-In,Point(-90.1066224 29.8964689),,,"former drive-in movie theater in Marrero, Louisiana, United States"
http://www.wikidata.org/entity/Q42665896,Marrero Drive-In,Point(-90.1066224 29.8964689),,,"former drive-in movie theater in Marrero, Louisiana, United States"
http://www.wikidata.org/entity/Q42665896,Marrero Drive-In,Point(-90.1066224 29.8964689),,,"former drive-in movie theater in Marrero, Louisiana, United States"
http://www.wikidata.org/entity/Q42665896,Marrero Drive-In,Point(-90.1066224 29.8964689),,,"former drive-in movie theater in Marrero, Louisiana, United States"
http://www.wikidata.org/entity/Q42665896,Marrero Drive-In,Point(-90.1066224 29.8964689),,,"former drive-in movie theater in Marrero, Louisiana, United States"
http://www.wikidata.org/entity/Q42665896,Marrero Drive-In,Point(-90.1066224 29.8964689),,,"former drive-in movie theater in Marrero, Louisiana, United States"
http://www.wikidata.org/entity/Q42665896,Marrero Drive-In,Point(-90.1066224 29.8964689),,,"former drive-in movie theater in Marrero, Louisiana, United States"
http://www.wikidata.org/entity/Q115956004,Maylie's Restaurant,Point(-90.07443 29.95069),,,"historic building in New Orleans, United States"
http://www.wikidata.org/entity/Q116457091,Acme Oyster House,Point(-90.06894 29.95429),,,seafood restaurant in New Orleans
http://www.wikidata.org/entity/Q120287708,Shaya,Point(-90.099555555 29.921111111),,,"restaurant in New Orleans, Louisiana, U.S"
http://www.wikidata.org/entity/Q123018564,MaMou,Point(-90.066111111 29.962777777),,,"restaurant in New Orleans, Louisiana, U.S"
http://www.wikidata.org/entity/Q123429402,New Orleans Pharmacy Museum,Point(-90.0649 29.956),,,"pharmacy museum in New Orleans, Louisiana"
http://www.wikidata.org/entity/Q127260222,Cochon,Point(-90.067222222 29.942222222),,,"cajun restaurant in New Orleans, Louisiana, U.S"
http://www.wikidata.org/entity/Q127273776,Ayu Bakehouse,Point(-90.057799 29.96567),,,"bakery in New Orleans, Louisiana, U.S"
http://www.wikidata.org/entity/Q130362941,The Eiffel Tower of New Orleans,Point(-90.079537 29.934703),,,former restaurant in Eiffel Tower removed to New Orleans
http://www.wikidata.org/entity/Q131448790,YAYA,Point(-90.094225835 29.935748977),,,"Art center in New Orleans, Louisiana"
http://www.wikidata.org/entity/Q131448790,YAYA,Point(-90.094225835 29.935748977),,,"Art center in New Orleans, Louisiana"
http://www.wikidata.org/entity/Q131448790,YAYA,Point(-90.094225835 29.935748977),,,"Art center in New Orleans, Louisiana"
http://www.wikidata.org/entity/Q131448790,YAYA,Point(-90.094225835 29.935748977),,,"Art center in New Orleans, Louisiana"
http://www.wikidata.org/entity/Q131676160,"Old Point Bar, New Orleans",Point(-90.050200223 29.954888071),,,bar and live music venue in New Orleans
http://www.wikidata.org/entity/Q131676160,"Old Point Bar, New Orleans",Point(-90.050200223 29.954888071),,,bar and live music venue in New Orleans
http://www.wikidata.org/entity/Q131676160,"Old Point Bar, New Orleans",Point(-90.050200223 29.954888071),,,bar and live music venue in New Orleans
http://www.wikidata.org/entity/Q131676160,"Old Point Bar, New Orleans",Point(-90.050200223 29.954888071),,,bar and live music venue in New Orleans
http://www.wikidata.org/entity/Q131676160,"Old Point Bar, New Orleans",Point(-90.050200223 29.954888071),,,bar and live music venue in New Orleans
http://www.wikidata.org/entity/Q131676160,"Old Point Bar, New Orleans",Point(-90.050200223 29.954888071),,,bar and live music venue in New Orleans
http://www.wikidata.org/entity/Q131676160,"Old Point Bar, New Orleans",Point(-90.050200223 29.954888071),,,bar and live music venue in New Orleans
http://www.wikidata.org/entity/Q131676160,"Old Point Bar, New Orleans",Point(-90.050200223 29.954888071),,,bar and live music venue in New Orleans
http://www.wikidata.org/entity/Q131676160,"Old Point Bar, New Orleans",Point(-90.050200223 29.954888071),,,bar and live music venue in New Orleans
http://www.wikidata.org/entity/Q131676160,"Old Point Bar, New Orleans",Point(-90.050200223 29.954888071),,,bar and live music venue in New Orleans
http://www.wikidata.org/entity/Q131676160,"Old Point Bar, New Orleans",Point(-90.050200223 29.954888071),,,bar and live music venue in New Orleans
http://www.wikidata.org/entity/Q131676160,"Old Point Bar, New Orleans",Point(-90.050200223 29.954888071),,,bar and live music venue in New Orleans
http://www.wikidata.org/entity/Q131676160,"Old Point Bar, New Orleans",Point(-90.050200223 29.954888071),,,bar and live music venue in New Orleans
http://www.wikidata.org/entity/Q134581303,JAMNOLA,Point(-90.0581524 29.9673659),,,art installation and museum in New Orleans
http://www.wikidata.org/entity/Q136432160,Saint Claire,Point(-90.015277777 29.940555555),,,"restaurant in New Orleans, Louisiana, U.S"
http://www.wikidata.org/entity/Q137516097,Emeril's,Point(-90.0673 29.9447),,,"restaurant in Louisiana, United States"
http://www.wikidata.org/entity/Q137784327,Compère Lapin,Point(-90.0673 29.9479),,,"restaurant in New Orleans, Louisiana, U.S"
http://www.wikidata.org/entity/Q42668776,Dixie Theatre,Point(-90.0791748 29.9429033),,,"former movie theater in New Orleans, Louisiana, United States"
http://www.wikidata.org/entity/Q42668776,Dixie Theatre,Point(-90.0791748 29.9429033),,,"former movie theater in New Orleans, Louisiana, United States"
http://www.wikidata.org/entity/Q42668776,Dixie Theatre,Point(-90.0791748 29.9429033),,,"former movie theater in New Orleans, Louisiana, United States"
http://www.wikidata.org/entity/Q42668776,Dixie Theatre,Point(-90.0791748 29.9429033),,,"former movie theater in New Orleans, Louisiana, United States"
http://www.wikidata.org/entity/Q42668776,Dixie Theatre,Point(-90.0791748 29.9429033),,,"former movie theater in New Orleans, Louisiana, United States"
http://www.wikidata.org/entity/Q42668776,Dixie Theatre,Point(-90.0791748 29.9429033),,,"former movie theater in New Orleans, Louisiana, United States"
http://www.wikidata.org/entity/Q42668776,Dixie Theatre,Point(-90.0791748 29.9429033),,,"former movie theater in New Orleans, Louisiana, United States"
http://www.wikidata.org/entity/Q42668776,Dixie Theatre,Point(-90.0791748 29.9429033),,,"former movie theater in New Orleans, Louisiana, United States"
http://www.wikidata.org/entity/Q42668776,Dixie Theatre,Point(-90.0791748 29.9429033),,,"former movie theater in New Orleans, Louisiana, United States"
http://www.wikidata.org/entity/Q42668776,Dixie Theatre,Point(-90.0791748 29.9429033),,,"former movie theater in New Orleans, Louisiana, United States"
http://www.wikidata.org/entity/Q42668776,Dixie Theatre,Point(-90.0791748 29.9429033),,,"former movie theater in New Orleans, Louisiana, United States"
http://www.wikidata.org/entity/Q42668776,Dixie Theatre,Point(-90.0791748 29.9429033),,,"former movie theater in New Orleans, Louisiana, United States"
http://www.wikidata.org/entity/Q42668776,Dixie Theatre,Point(-90.0791748 29.9429033),,,"former movie theater in New Orleans, Louisiana, United States"
http://www.wikidata.org/entity/Q42668776,Dixie Theatre,Point(-90.0791748 29.9429033),,,"former movie theater in New Orleans, Louisiana, United States"
http://www.wikidata.org/entity/Q42668776,Dixie Theatre,Point(-90.0791748 29.9429033),,,"former movie theater in New Orleans, Louisiana, United States"
http://www.wikidata.org/entity/Q42668776,Dixie Theatre,Point(-90.0791748 29.9429033),,,"former movie theater in New Orleans, Louisiana, United States"
http://www.wikidata.org/entity/Q42668783,Gallo Theater,Point(-90.0902212 29.9447385),,,"former movie theater in New Orleans, Louisiana, United States"
http://www.wikidata.org/entity/Q42668783,Gallo Theater,Point(-90.0902212 29.9447385),,,"former movie theater in New Orleans, Louisiana, United States"
http://www.wikidata.org/entity/Q42668783,Gallo Theater,Point(-90.0902212 29.9447385),,,"former movie theater in New Orleans, Louisiana, United States"
http://www.wikidata.org/entity/Q42668783,Gallo Theater,Point(-90.0902212 29.9447385),,,"former movie theater in New Orleans, Louisiana, United States"
http://www.wikidata.org/entity/Q42668783,Gallo Theater,Point(-90.0902212 29.9447385),,,"former movie theater in New Orleans, Louisiana, United States"
http://www.wikidata.org/entity/Q42668783,Gallo Theater,Point(-90.0902212 29.9447385),,,"former movie theater in New Orleans, Louisiana, United States"
http://www.wikidata.org/entity/Q42668783,Gallo Theater,Point(-90.0902212 29.9447385),,,"former movie theater in New Orleans, Louisiana, United States"
http://www.wikidata.org/entity/Q42668783,Gallo Theater,Point(-90.0902212 29.9447385),,,"former movie theater in New Orleans, Louisiana, United States"
http://www.wikidata.org/entity/Q42668783,Gallo Theater,Point(-90.0902212 29.9447385),,,"former movie theater in New Orleans, Louisiana, United States"
http://www.wikidata.org/entity/Q42668783,Gallo Theater,Point(-90.0902212 29.9447385),,,"former movie theater in New Orleans, Louisiana, United States"
http://www.wikidata.org/entity/Q42668979,Fox Theatre,Point(-90.0591313 30.0001734),,,"former movie theater in New Orleans, Louisiana, United States"
http://www.wikidata.org/entity/Q42668979,Fox Theatre,Point(-90.0591313 30.0001734),,,"former movie theater in New Orleans, Louisiana, United States"
http://www.wikidata.org/entity/Q42668979,Fox Theatre,Point(-90.0591313 30.0001734),,,"former movie theater in New Orleans, Louisiana, United States"
http://www.wikidata.org/entity/Q42668979,Fox Theatre,Point(-90.0591313 30.0001734),,,"former movie theater in New Orleans, Louisiana, United States"
http://www.wikidata.org/entity/Q42668979,Fox Theatre,Point(-90.0591313 30.0001734),,,"former movie theater in New Orleans, Louisiana, United States"
http://www.wikidata.org/entity/Q42668979,Fox Theatre,Point(-90.0591313 30.0001734),,,"former movie theater in New Orleans, Louisiana, United States"
http://www.wikidata.org/entity/Q42668979,Fox Theatre,Point(-90.0591313 30.0001734),,,"former movie theater in New Orleans, Louisiana, United States"
http://www.wikidata.org/entity/Q42668979,Fox Theatre,Point(-90.0591313 30.0001734),,,"former movie theater in New Orleans, Louisiana, United States"
http://www.wikidata.org/entity/Q42668979,Fox Theatre,Point(-90.0591313 30.0001734),,,"former movie theater in New Orleans, Louisiana, United States"
http://www.wikidata.org/entity/Q42668979,Fox Theatre,Point(-90.0591313 30.0001734),,,"former movie theater in New Orleans, Louisiana, United States"
http://www.wikidata.org/entity/Q42668979,Fox Theatre,Point(-90.0591313 30.0001734),,,"former movie theater in New Orleans, Louisiana, United States"
http://www.wikidata.org/entity/Q42668979,Fox Theatre,Point(-90.0591313 30.0001734),,,"former movie theater in New Orleans, Louisiana, United States"
http://www.wikidata.org/entity/Q42668979,Fox Theatre,Point(-90.0591313 30.0001734),,,"former movie theater in New Orleans, Louisiana, United States"
http://www.wikidata.org/entity/Q42668979,Fox Theatre,Point(-90.0591313 30.0001734),,,"former movie theater in New Orleans, Louisiana, United States"
http://www.wikidata.org/entity/Q42668979,Fox Theatre,Point(-90.0591313 30.0001734),,,"former movie theater in New Orleans, Louisiana, United States"
http://www.wikidata.org/entity/Q42668979,Fox Theatre,Point(-90.0591313 30.0001734),,,"former movie theater in New Orleans, Louisiana, United States"
http://www.wikidata.org/entity/Q42668989,Gentilly Theatre,Point(-90.0462468 30.0027848),,,"former movie theater in New Orleans, Louisiana, United States"
http://www.wikidata.org/entity/Q42668989,Gentilly Theatre,Point(-90.0462468 30.0027848),,,"former movie theater in New Orleans, Louisiana, United States"
http://www.wikidata.org/entity/Q42668989,Gentilly Theatre,Point(-90.0462468 30.0027848),,,"former movie theater in New Orleans, Louisiana, United States"
http://www.wikidata.org/entity/Q42668989,Gentilly Theatre,Point(-90.0462468 30.0027848),,,"former movie theater in New Orleans, Louisiana, United States"
http://www.wikidata.org/entity/Q42668989,Gentilly Theatre,Point(-90.0462468 30.0027848),,,"former movie theater in New Orleans, Louisiana, United States"
http://www.wikidata.org/entity/Q42668989,Gentilly Theatre,Point(-90.0462468 30.0027848),,,"former movie theater in New Orleans, Louisiana, United States"
http://www.wikidata.org/entity/Q42668989,Gentilly Theatre,Point(-90.0462468 30.0027848),,,"former movie theater in New Orleans, Louisiana, United States"
http://www.wikidata.org/entity/Q42668989,Gentilly Theatre,Point(-90.0462468 30.0027848),,,"former movie theater in New Orleans, Louisiana, United States"
http://www.wikidata.org/entity/Q42668989,Gentilly Theatre,Point(-90.0462468 30.0027848),,,"former movie theater in New Orleans, Louisiana, United States"
http://www.wikidata.org/entity/Q42668989,Gentilly Theatre,Point(-90.0462468 30.0027848),,,"former movie theater in New Orleans, Louisiana, United States"
http://www.wikidata.org/entity/Q49537050,Pakenham Oaks,Point(-89.968611111 29.934722222),,,"park in St. Bernard Parish, Louisiana, United States of America"
http://www.wikidata.org/entity/Q49537218,Palmer Park,Point(-90.121944444 29.955555555),,,"park in Orleans Parish, Louisiana, United States of America"
http://www.wikidata.org/entity/Q49539198,Pard Park,Point(-90.105555555 29.863888888),,,park in the United States of America
http://www.wikidata.org/entity/Q49541411,Peridot Park,Point(-90.105 30.020277777),,,"park in Orleans Parish, Louisiana, United States of America"
http://www.wikidata.org/entity/Q49542682,Pilsbury Park,Point(-90.113055555 30.01),,,park in the United States of America
http://www.wikidata.org/entity/Q49544886,Pontchartrain Park,Point(-90.041111111 30.022222222),,,"park in Orleans Parish, Louisiana, United States of America"
http://www.wikidata.org/entity/Q49545303,Possum Hollow Park,Point(-89.777222222 30.274166666),,,park in the United States of America
http://www.wikidata.org/entity/Q49545708,Pradat Playground,Point(-90.003055555 30.018611111),,,park in the United States of America
http://www.wikidata.org/entity/Q49545908,Pratt Park,Point(-90.071944444 30.016666666),,,park in the United States of America
http://www.wikidata.org/entity/Q49546067,Preston B Delcazel Memorial Playground,Point(-90.050833333 29.949166666),,,"park in Orleans Parish, Louisiana, United States of America"
http://www.wikidata.org/entity/Q49549503,Retif Park,Point(-90.12 30.021666666),,,park in the United States of America
http://www.wikidata.org/entity/Q49552064,Robert Playground,Point(-90.001111111 30.0175),,,"park in Orleans Parish, Louisiana, United States of America"
http://www.wikidata.org/entity/Q49553005,Roehm Park,Point(-90.061944444 29.988333333),,,"park in Orleans Parish, Louisiana, United States of America"
http://www.wikidata.org/entity/Q49553339,Rome Park,Point(-90.056111111 30.021944444),,,"park in Orleans Parish, Louisiana, United States of America"
http://www.wikidata.org/entity/Q49553871,Rosethorn Park,Point(-90.1025 29.759444444),,,park in the United States of America
http://www.wikidata.org/entity/Q49555579,Westbank Bridge Park,Point(-90.376111111 29.936111111),,,"park in St. Charles Parish, Louisiana, United States of America"
http://www.wikidata.org/entity/Q49555582,Eastbank Bridge Park,Point(-90.368888888 29.948333333),,,park in the United States of America
http://www.wikidata.org/entity/Q49555787,Saint James Playground,Point(-90.055833333 30.013611111),,,park in the United States of America
http://www.wikidata.org/entity/Q49555813,Saint John Park,Point(-90.081666666 30.023611111),,,park in the United States of America
http://www.wikidata.org/entity/Q49556184,Saint Patrick Playground,Point(-90.110555555 29.975277777),,,"park in Orleans Parish, Louisiana, United States of America"
http://www.wikidata.org/entity/Q49556286,Saint Tammany State Game Refuge,Point(-89.988055555 30.298333333),,,park in the United States of America
http://www.wikidata.org/entity/Q49556806,Samuel Square,Point(-90.103055555 29.931944444),,,"park in Orleans Parish, Louisiana, United States of America"
http://www.wikidata.org/entity/Q49560290,Shakespeare Park,Point(-90.090277777 29.938611111),,,"park in Orleans Parish, Louisiana, United States of America"
http://www.wikidata.org/entity/Q3361075,New Orleans Morial Convention Center,Point(-90.063174653 29.938844839),,,convention center
http://www.wikidata.org/entity/Q3361075,New Orleans Morial Convention Center,Point(-90.063174653 29.938844839),,,convention center
http://www.wikidata.org/entity/Q3361075,New Orleans Morial Convention Center,Point(-90.0629 29.9397),,,convention center
http://www.wikidata.org/entity/Q3361075,New Orleans Morial Convention Center,Point(-90.0629 29.9397),,,convention center
http://www.wikidata.org/entity/Q3361075,New Orleans Morial Convention Center,Point(-90.063174653 29.938844839),,,convention center
http://www.wikidata.org/entity/Q3361075,New Orleans Morial Convention Center,Point(-90.063174653 29.938844839),,,convention center
http://www.wikidata.org/entity/Q3361075,New Orleans Morial Convention Center,Point(-90.0629 29.9397),,,convention center
http://www.wikidata.org/entity/Q3361075,New Orleans Morial Convention Center,Point(-90.0629 29.9397),,,convention center
http://www.wikidata.org/entity/Q3527714,Théâtre de la Rue Saint Pierre,Point(-90.07 29.95),,,"former theater in New Orleans, Louisiana"
http://www.wikidata.org/entity/Q3527714,Théâtre de la Rue Saint Pierre,Point(-90.07 29.95),,,"former theater in New Orleans, Louisiana"
http://www.wikidata.org/entity/Q3527714,Théâtre de la Rue Saint Pierre,Point(-90.07 29.95),,,"former theater in New Orleans, Louisiana"
http://www.wikidata.org/entity/Q3527714,Théâtre de la Rue Saint Pierre,Point(-90.07 29.95),,,"former theater in New Orleans, Louisiana"
http://www.wikidata.org/entity/Q3527714,Théâtre de la Rue Saint Pierre,Point(-90.07 29.95),,,"former theater in New Orleans, Louisiana"
http://www.wikidata.org/entity/Q3527714,Théâtre de la Rue Saint Pierre,Point(-90.07 29.95),,,"former theater in New Orleans, Louisiana"
http://www.wikidata.org/entity/Q3527714,Théâtre de la Rue Saint Pierre,Point(-90.07 29.95),,,"former theater in New Orleans, Louisiana"
http://www.wikidata.org/entity/Q3527714,Théâtre de la Rue Saint Pierre,Point(-90.07 29.95),,,"former theater in New Orleans, Louisiana"
http://www.wikidata.org/entity/Q3527714,Théâtre de la Rue Saint Pierre,Point(-90.07 29.95),,,"former theater in New Orleans, Louisiana"
http://www.wikidata.org/entity/Q3527714,Théâtre de la Rue Saint Pierre,Point(-90.07 29.95),,,"former theater in New Orleans, Louisiana"
http://www.wikidata.org/entity/Q3527714,Théâtre de la Rue Saint Pierre,Point(-90.07 29.95),,,"former theater in New Orleans, Louisiana"
http://www.wikidata.org/entity/Q3527714,Théâtre de la Rue Saint Pierre,Point(-90.07 29.95),,,"former theater in New Orleans, Louisiana"
http://www.wikidata.org/entity/Q3527714,Théâtre de la Rue Saint Pierre,Point(-90.07 29.95),,,"former theater in New Orleans, Louisiana"
http://www.wikidata.org/entity/Q3527714,Théâtre de la Rue Saint Pierre,Point(-90.07 29.95),,,"former theater in New Orleans, Louisiana"
http://www.wikidata.org/entity/Q3527714,Théâtre de la Rue Saint Pierre,Point(-90.07 29.95),,,"former theater in New Orleans, Louisiana"
http://www.wikidata.org/entity/Q3527714,Théâtre de la Rue Saint Pierre,Point(-90.07 29.95),,,"former theater in New Orleans, Louisiana"
http://www.wikidata.org/entity/Q3527714,Théâtre de la Rue Saint Pierre,Point(-90.07 29.95),,,"former theater in New Orleans, Louisiana"
http://www.wikidata.org/entity/Q3527714,Théâtre de la Rue Saint Pierre,Point(-90.07 29.95),,,"former theater in New Orleans, Louisiana"
http://www.wikidata.org/entity/Q3527714,Théâtre de la Rue Saint Pierre,Point(-90.07 29.95),,,"former theater in New Orleans, Louisiana"
http://www.wikidata.org/entity/Q3527714,Théâtre de la Rue Saint Pierre,Point(-90.07 29.95),,,"former theater in New Orleans, Louisiana"
http://www.wikidata.org/entity/Q3527714,Théâtre de la Rue Saint Pierre,Point(-90.07 29.95),,,"former theater in New Orleans, Louisiana"
http://www.wikidata.org/entity/Q3527714,Théâtre de la Rue Saint Pierre,Point(-90.07 29.95),,,"former theater in New Orleans, Louisiana"
http://www.wikidata.org/entity/Q3527714,Théâtre de la Rue Saint Pierre,Point(-90.07 29.95),,,"former theater in New Orleans, Louisiana"
http://www.wikidata.org/entity/Q3527714,Théâtre de la Rue Saint Pierre,Point(-90.07 29.95),,,"former theater in New Orleans, Louisiana"
http://www.wikidata.org/entity/Q3527714,Théâtre de la Rue Saint Pierre,Point(-90.07 29.95),,,"former theater in New Orleans, Louisiana"
http://www.wikidata.org/entity/Q3527714,Théâtre de la Rue Saint Pierre,Point(-90.07 29.95),,,"former theater in New Orleans, Louisiana"
http://www.wikidata.org/entity/Q3567767,White City,Point(-90.106 29.968),,,"amusement park in New Orleans, Louisiana, United States"
http://www.wikidata.org/entity/Q3567767,White City,Point(-90.106 29.968),,,"amusement park in New Orleans, Louisiana, United States"
http://www.wikidata.org/entity/Q3567767,White City,Point(-90.106 29.968),,,"amusement park in New Orleans, Louisiana, United States"
http://www.wikidata.org/entity/Q3567767,White City,Point(-90.106 29.968),,,"amusement park in New Orleans, Louisiana, United States"
http://www.wikidata.org/entity/Q3567767,White City,Point(-90.106 29.968),,,"amusement park in New Orleans, Louisiana, United States"
http://www.wikidata.org/entity/Q3567767,White City,Point(-90.106 29.968),,,"amusement park in New Orleans, Louisiana, United States"
http://www.wikidata.org/entity/Q3567767,White City,Point(-90.106 29.968),,,"amusement park in New Orleans, Louisiana, United States"
http://www.wikidata.org/entity/Q3567767,White City,Point(-90.106 29.968),,,"amusement park in New Orleans, Louisiana, United States"
http://www.wikidata.org/entity/Q3567767,White City,Point(-90.106 29.968),,,"amusement park in New Orleans, Louisiana, United States"
http://www.wikidata.org/entity/Q4554796,1850 House,Point(-90.063 29.9596),,https://louisianastatemuseum.org/museum/1850-house,"museum in Louisiana, United States"
http://www.wikidata.org/entity/Q4762842,Angelo Brocato Original Italian Ice Cream Parlor,Point(-90.099052 29.975853),,,"family-owned ice cream parlor located in the Mid-City neighborhood of New Orleans, Louisiana"
http://www.wikidata.org/entity/Q4762842,Angelo Brocato Original Italian Ice Cream Parlor,Point(-90.099052 29.975853),,,"family-owned ice cream parlor located in the Mid-City neighborhood of New Orleans, Louisiana"
http://www.wikidata.org/entity/Q4762842,Angelo Brocato Original Italian Ice Cream Parlor,Point(-90.099052 29.975853),,,"family-owned ice cream parlor located in the Mid-City neighborhood of New Orleans, Louisiana"
http://www.wikidata.org/entity/Q4762842,Angelo Brocato Original Italian Ice Cream Parlor,Point(-90.099052 29.975853),,,"family-owned ice cream parlor located in the Mid-City neighborhood of New Orleans, Louisiana"
http://www.wikidata.org/entity/Q4794474,Arnaud's,Point(-90.0688 29.9557),,,"Restaurant in New Orleans, Louisiana, U.S."
http://www.wikidata.org/entity/Q4820238,Audubon Insectarium,Point(-90.064 29.95),,http://www.auduboninstitute.org/insectarium,"insectarium in Louisiana, United States"
http://www.wikidata.org/entity/Q4820238,Audubon Insectarium,Point(-90.064 29.95),,http://www.auduboninstitute.org/insectarium,"insectarium in Louisiana, United States"
http://www.wikidata.org/entity/Q4820238,Audubon Insectarium,Point(-90.064 29.95),,http://www.auduboninstitute.org/insectarium,"insectarium in Louisiana, United States"
http://www.wikidata.org/entity/Q4820238,Audubon Insectarium,Point(-90.064 29.95),,http://www.auduboninstitute.org/insectarium,"insectarium in Louisiana, United States"
http://www.wikidata.org/entity/Q4820238,Audubon Insectarium,Point(-90.064 29.95),,http://www.auduboninstitute.org/insectarium,"insectarium in Louisiana, United States"
http://www.wikidata.org/entity/Q4820238,Audubon Insectarium,Point(-90.064 29.95),,http://www.auduboninstitute.org/insectarium,"insectarium in Louisiana, United States"
http://www.wikidata.org/entity/Q4820238,Audubon Insectarium,Point(-90.064 29.95),,http://www.auduboninstitute.org/insectarium,"insectarium in Louisiana, United States"
http://www.wikidata.org/entity/Q4820238,Audubon Insectarium,Point(-90.064 29.95),,http://www.auduboninstitute.org/insectarium,"insectarium in Louisiana, United States"
http://www.wikidata.org/entity/Q4820238,Audubon Insectarium,Point(-90.064 29.95),,http://www.auduboninstitute.org/insectarium,"insectarium in Louisiana, United States"
http://www.wikidata.org/entity/Q4820238,Audubon Insectarium,Point(-90.064 29.95),,http://www.auduboninstitute.org/insectarium,"insectarium in Louisiana, United States"
http://www.wikidata.org/entity/Q4820238,Audubon Insectarium,Point(-90.064 29.95),,http://www.auduboninstitute.org/insectarium,"insectarium in Louisiana, United States"
http://www.wikidata.org/entity/Q4820238,Audubon Insectarium,Point(-90.064 29.95),,http://www.auduboninstitute.org/insectarium,"insectarium in Louisiana, United States"
http://www.wikidata.org/entity/Q4820238,Audubon Insectarium,Point(-90.064 29.95),,http://www.auduboninstitute.org/insectarium,"insectarium in Louisiana, United States"
http://www.wikidata.org/entity/Q4820238,Audubon Insectarium,Point(-90.064 29.95),,http://www.auduboninstitute.org/insectarium,"insectarium in Louisiana, United States"
http://www.wikidata.org/entity/Q4820238,Audubon Insectarium,Point(-90.064 29.95),,http://www.auduboninstitute.org/insectarium,"insectarium in Louisiana, United States"
http://www.wikidata.org/entity/Q4820238,Audubon Insectarium,Point(-90.064 29.95),,http://www.auduboninstitute.org/insectarium,"insectarium in Louisiana, United States"
http://www.wikidata.org/entity/Q4820238,Audubon Insectarium,Point(-90.064 29.95),,http://www.auduboninstitute.org/insectarium,"insectarium in Louisiana, United States"
http://www.wikidata.org/entity/Q4820238,Audubon Insectarium,Point(-90.064 29.95),,http://www.auduboninstitute.org/insectarium,"insectarium in Louisiana, United States"
http://www.wikidata.org/entity/Q4820238,Audubon Insectarium,Point(-90.064 29.95),,http://www.auduboninstitute.org/insectarium,"insectarium in Louisiana, United States"
http://www.wikidata.org/entity/Q4820238,Audubon Insectarium,Point(-90.064 29.95),,http://www.auduboninstitute.org/insectarium,"insectarium in Louisiana, United States"
http://www.wikidata.org/entity/Q4820238,Audubon Insectarium,Point(-90.064 29.95),,http://www.auduboninstitute.org/insectarium,"insectarium in Louisiana, United States"
http://www.wikidata.org/entity/Q4820238,Audubon Insectarium,Point(-90.064 29.95),,http://www.auduboninstitute.org/insectarium,"insectarium in Louisiana, United States"
http://www.wikidata.org/entity/Q4820238,Audubon Insectarium,Point(-90.064 29.95),,http://www.auduboninstitute.org/insectarium,"insectarium in Louisiana, United States"
http://www.wikidata.org/entity/Q4820238,Audubon Insectarium,Point(-90.064 29.95),,http://www.auduboninstitute.org/insectarium,"insectarium in Louisiana, United States"
http://www.wikidata.org/entity/Q4820238,Audubon Insectarium,Point(-90.064 29.95),,http://www.auduboninstitute.org/insectarium,"insectarium in Louisiana, United States"
http://www.wikidata.org/entity/Q4820238,Audubon Insectarium,Point(-90.064 29.95),,http://www.auduboninstitute.org/insectarium,"insectarium in Louisiana, United States"
http://www.wikidata.org/entity/Q4820238,Audubon Insectarium,Point(-90.064 29.95),,http://www.auduboninstitute.org/insectarium,"insectarium in Louisiana, United States"
http://www.wikidata.org/entity/Q4820238,Audubon Insectarium,Point(-90.064 29.95),,http://www.auduboninstitute.org/insectarium,"insectarium in Louisiana, United States"
http://www.wikidata.org/entity/Q4820238,Audubon Insectarium,Point(-90.064 29.95),,http://www.auduboninstitute.org/insectarium,"insectarium in Louisiana, United States"
http://www.wikidata.org/entity/Q4820238,Audubon Insectarium,Point(-90.064 29.95),,http://www.auduboninstitute.org/insectarium,"insectarium in Louisiana, United States"
http://www.wikidata.org/entity/Q4820238,Audubon Insectarium,Point(-90.064 29.95),,http://www.auduboninstitute.org/insectarium,"insectarium in Louisiana, United States"
http://www.wikidata.org/entity/Q4820238,Audubon Insectarium,Point(-90.064 29.95),,http://www.auduboninstitute.org/insectarium,"insectarium in Louisiana, United States"
http://www.wikidata.org/entity/Q4820238,Audubon Insectarium,Point(-90.064 29.95),,http://www.auduboninstitute.org/insectarium,"insectarium in Louisiana, United States"
http://www.wikidata.org/entity/Q4820238,Audubon Insectarium,Point(-90.064 29.95),,http://www.auduboninstitute.org/insectarium,"insectarium in Louisiana, United States"
http://www.wikidata.org/entity/Q4820238,Audubon Insectarium,Point(-90.064 29.95),,http://www.auduboninstitute.org/insectarium,"insectarium in Louisiana, United States"
http://www.wikidata.org/entity/Q4820238,Audubon Insectarium,Point(-90.064 29.95),,http://www.auduboninstitute.org/insectarium,"insectarium in Louisiana, United States"
http://www.wikidata.org/entity/Q4820238,Audubon Insectarium,Point(-90.064 29.95),,http://www.auduboninstitute.org/insectarium,"insectarium in Louisiana, United States"
http://www.wikidata.org/entity/Q4820247,Audubon Park,Point(-90.126388888 29.930833333),,,"city park in the Uptown neighborhood of New Orleans, Louisiana, United States"
http://www.wikidata.org/entity/Q4820263,Audubon Zoo,Point(-90.1322 29.9231),,https://audubonnatureinstitute.org/zoo,"zoo in Uptown New Orleans, Louisiana, United States"
http://www.wikidata.org/entity/Q4820263,Audubon Zoo,Point(-90.1322 29.9231),,https://audubonnatureinstitute.org/zoo,"zoo in Uptown New Orleans, Louisiana, United States"
http://www.wikidata.org/entity/Q4820263,Audubon Zoo,Point(-90.1322 29.9231),,https://audubonnatureinstitute.org/zoo,"zoo in Uptown New Orleans, Louisiana, United States"
http://www.wikidata.org/entity/Q4820263,Audubon Zoo,Point(-90.1322 29.9231),,https://audubonnatureinstitute.org/zoo,"zoo in Uptown New Orleans, Louisiana, United States"
http://www.wikidata.org/entity/Q4820263,Audubon Zoo,Point(-90.1322 29.9231),,https://audubonnatureinstitute.org/zoo,"zoo in Uptown New Orleans, Louisiana, United States"
http://www.wikidata.org/entity/Q4820263,Audubon Zoo,Point(-90.1322 29.9231),,https://audubonnatureinstitute.org/zoo,"zoo in Uptown New Orleans, Louisiana, United States"
http://www.wikidata.org/entity/Q4820263,Audubon Zoo,Point(-90.1322 29.9231),,https://audubonnatureinstitute.org/zoo,"zoo in Uptown New Orleans, Louisiana, United States"
http://www.wikidata.org/entity/Q4820263,Audubon Zoo,Point(-90.1322 29.9231),,https://audubonnatureinstitute.org/zoo,"zoo in Uptown New Orleans, Louisiana, United States"
http://www.wikidata.org/entity/Q4820263,Audubon Zoo,Point(-90.1322 29.9231),,https://audubonnatureinstitute.org/zoo,"zoo in Uptown New Orleans, Louisiana, United States"
http://www.wikidata.org/entity/Q4820263,Audubon Zoo,Point(-90.1322 29.9231),,https://audubonnatureinstitute.org/zoo,"zoo in Uptown New Orleans, Louisiana, United States"
http://www.wikidata.org/entity/Q4820263,Audubon Zoo,Point(-90.1322 29.9231),,https://audubonnatureinstitute.org/zoo,"zoo in Uptown New Orleans, Louisiana, United States"
http://www.wikidata.org/entity/Q4820263,Audubon Zoo,Point(-90.1322 29.9231),,https://audubonnatureinstitute.org/zoo,"zoo in Uptown New Orleans, Louisiana, United States"
http://www.wikidata.org/entity/Q4820263,Audubon Zoo,Point(-90.1322 29.9231),,https://audubonnatureinstitute.org/zoo,"zoo in Uptown New Orleans, Louisiana, United States"
http://www.wikidata.org/entity/Q4820263,Audubon Zoo,Point(-90.1322 29.9231),,https://audubonnatureinstitute.org/zoo,"zoo in Uptown New Orleans, Louisiana, United States"
http://www.wikidata.org/entity/Q4820263,Audubon Zoo,Point(-90.1322 29.9231),,https://audubonnatureinstitute.org/zoo,"zoo in Uptown New Orleans, Louisiana, United States"
http://www.wikidata.org/entity/Q4820263,Audubon Zoo,Point(-90.1322 29.9231),,https://audubonnatureinstitute.org/zoo,"zoo in Uptown New Orleans, Louisiana, United States"
http://www.wikidata.org/entity/Q4820263,Audubon Zoo,Point(-90.1322 29.9231),,https://audubonnatureinstitute.org/zoo,"zoo in Uptown New Orleans, Louisiana, United States"
http://www.wikidata.org/entity/Q4820263,Audubon Zoo,Point(-90.1322 29.9231),,https://audubonnatureinstitute.org/zoo,"zoo in Uptown New Orleans, Louisiana, United States"
http://www.wikidata.org/entity/Q4820263,Audubon Zoo,Point(-90.1322 29.9231),,https://audubonnatureinstitute.org/zoo,"zoo in Uptown New Orleans, Louisiana, United States"
http://www.wikidata.org/entity/Q4820263,Audubon Zoo,Point(-90.1322 29.9231),,https://audubonnatureinstitute.org/zoo,"zoo in Uptown New Orleans, Louisiana, United States"
http://www.wikidata.org/entity/Q4820263,Audubon Zoo,Point(-90.1322 29.9231),,https://audubonnatureinstitute.org/zoo,"zoo in Uptown New Orleans, Louisiana, United States"
http://www.wikidata.org/entity/Q4820263,Audubon Zoo,Point(-90.1322 29.9231),,https://audubonnatureinstitute.org/zoo,"zoo in Uptown New Orleans, Louisiana, United States"
http://www.wikidata.org/entity/Q4820263,Audubon Zoo,Point(-90.1322 29.9231),,https://audubonnatureinstitute.org/zoo,"zoo in Uptown New Orleans, Louisiana, United States"
http://www.wikidata.org/entity/Q4820263,Audubon Zoo,Point(-90.1322 29.9231),,https://audubonnatureinstitute.org/zoo,"zoo in Uptown New Orleans, Louisiana, United States"
http://www.wikidata.org/entity/Q4820263,Audubon Zoo,Point(-90.1322 29.9231),,https://audubonnatureinstitute.org/zoo,"zoo in Uptown New Orleans, Louisiana, United States"
http://www.wikidata.org/entity/Q4820263,Audubon Zoo,Point(-90.1322 29.9231),,https://audubonnatureinstitute.org/zoo,"zoo in Uptown New Orleans, Louisiana, United States"
http://www.wikidata.org/entity/Q4820263,Audubon Zoo,Point(-90.1322 29.9231),,https://audubonnatureinstitute.org/zoo,"zoo in Uptown New Orleans, Louisiana, United States"
http://www.wikidata.org/entity/Q4820263,Audubon Zoo,Point(-90.1322 29.9231),,https://audubonnatureinstitute.org/zoo,"zoo in Uptown New Orleans, Louisiana, United States"
http://www.wikidata.org/entity/Q4820263,Audubon Zoo,Point(-90.1322 29.9231),,https://audubonnatureinstitute.org/zoo,"zoo in Uptown New Orleans, Louisiana, United States"
http://www.wikidata.org/entity/Q4820263,Audubon Zoo,Point(-90.1322 29.9231),,https://audubonnatureinstitute.org/zoo,"zoo in Uptown New Orleans, Louisiana, United States"
http://www.wikidata.org/entity/Q4820263,Audubon Zoo,Point(-90.1322 29.9231),,https://audubonnatureinstitute.org/zoo,"zoo in Uptown New Orleans, Louisiana, United States"
http://www.wikidata.org/entity/Q4820263,Audubon Zoo,Point(-90.1322 29.9231),,https://audubonnatureinstitute.org/zoo,"zoo in Uptown New Orleans, Louisiana, United States"
http://www.wikidata.org/entity/Q4820263,Audubon Zoo,Point(-90.1322 29.9231),,https://audubonnatureinstitute.org/zoo,"zoo in Uptown New Orleans, Louisiana, United States"
http://www.wikidata.org/entity/Q4820263,Audubon Zoo,Point(-90.1322 29.9231),,https://audubonnatureinstitute.org/zoo,"zoo in Uptown New Orleans, Louisiana, United States"
http://www.wikidata.org/entity/Q4820263,Audubon Zoo,Point(-90.1322 29.9231),,https://audubonnatureinstitute.org/zoo,"zoo in Uptown New Orleans, Louisiana, United States"
http://www.wikidata.org/entity/Q4820263,Audubon Zoo,Point(-90.1322 29.9231),,https://audubonnatureinstitute.org/zoo,"zoo in Uptown New Orleans, Louisiana, United States"
http://www.wikidata.org/entity/Q4820263,Audubon Zoo,Point(-90.1322 29.9231),,https://audubonnatureinstitute.org/zoo,"zoo in Uptown New Orleans, Louisiana, United States"
http://www.wikidata.org/entity/Q4839767,Backstreet Cultural Museum,Point(-90.070145 29.965971),,https://www.backstreetmuseum.org/,"museum in New Orleans, Louisiana, that emphasizes the African American history of New Orleans, second lines, Jazz funerals, and the Mardi Gras Indians"
http://www.wikidata.org/entity/Q4839767,Backstreet Cultural Museum,Point(-90.070145 29.965971),,https://www.backstreetmuseum.org/,"museum in New Orleans, Louisiana, that emphasizes the African American history of New Orleans, second lines, Jazz funerals, and the Mardi Gras Indians"
http://www.wikidata.org/entity/Q4839767,Backstreet Cultural Museum,Point(-90.070145 29.965971),,https://www.backstreetmuseum.org/,"museum in New Orleans, Louisiana, that emphasizes the African American history of New Orleans, second lines, Jazz funerals, and the Mardi Gras Indians"
http://www.wikidata.org/entity/Q4839767,Backstreet Cultural Museum,Point(-90.070145 29.965971),,https://www.backstreetmuseum.org/,"museum in New Orleans, Louisiana, that emphasizes the African American history of New Orleans, second lines, Jazz funerals, and the Mardi Gras Indians"
http://www.wikidata.org/entity/Q4839767,Backstreet Cultural Museum,Point(-90.070145 29.965971),,https://www.backstreetmuseum.org/,"museum in New Orleans, Louisiana, that emphasizes the African American history of New Orleans, second lines, Jazz funerals, and the Mardi Gras Indians"
http://www.wikidata.org/entity/Q4839767,Backstreet Cultural Museum,Point(-90.070145 29.965971),,https://www.backstreetmuseum.org/,"museum in New Orleans, Louisiana, that emphasizes the African American history of New Orleans, second lines, Jazz funerals, and the Mardi Gras Indians"
http://www.wikidata.org/entity/Q4839767,Backstreet Cultural Museum,Point(-90.070145 29.965971),,https://www.backstreetmuseum.org/,"museum in New Orleans, Louisiana, that emphasizes the African American history of New Orleans, second lines, Jazz funerals, and the Mardi Gras Indians"
http://www.wikidata.org/entity/Q4839767,Backstreet Cultural Museum,Point(-90.070145 29.965971),,https://www.backstreetmuseum.org/,"museum in New Orleans, Louisiana, that emphasizes the African American history of New Orleans, second lines, Jazz funerals, and the Mardi Gras Indians"
http://www.wikidata.org/entity/Q4839767,Backstreet Cultural Museum,Point(-90.070145 29.965971),,https://www.backstreetmuseum.org/,"museum in New Orleans, Louisiana, that emphasizes the African American history of New Orleans, second lines, Jazz funerals, and the Mardi Gras Indians"
http://www.wikidata.org/entity/Q4874735,Bayou Segnette State Park,Point(-90.1545 29.903),,https://www.lastateparks.com/parks-preserves/bayou-segnette-state-park,"state park in Louisiana, United States"
http://www.wikidata.org/entity/Q4874735,Bayou Segnette State Park,Point(-90.1545 29.903),,https://www.lastateparks.com/parks-preserves/bayou-segnette-state-park,"state park in Louisiana, United States"
http://www.wikidata.org/entity/Q4874735,Bayou Segnette State Park,Point(-90.1545 29.903),,https://www.lastateparks.com/parks-preserves/bayou-segnette-state-park,"state park in Louisiana, United States"
http://www.wikidata.org/entity/Q4874735,Bayou Segnette State Park,Point(-90.1545 29.903),,https://www.lastateparks.com/parks-preserves/bayou-segnette-state-park,"state park in Louisiana, United States"
http://www.wikidata.org/entity/Q4960014,Brechtel Park,Point(-90.0159 29.91159),,,"park in Louisiana, United States of America, United States of America"
http://www.wikidata.org/entity/Q4960014,Brechtel Park,Point(-90.0076 29.9102),,,"park in Louisiana, United States of America, United States of America"
http://www.wikidata.org/entity/Q4975867,Broussard's,Point(-90.0682 29.9566),,http://www.Broussards.com,"restaurant in Louisiana, United States"
http://www.wikidata.org/entity/Q5017256,Café Reconcile,Point(-90.0803 29.9399),,http://www.cafereconcile.com,non-profit organisation and restaurant in New Orleans
http://www.wikidata.org/entity/Q5025904,Camellia Grill,Point(-90.134 29.9435),,http://www.camelliagrillnola.com/,"restaurant in Louisiana, United States"
http://www.wikidata.org/entity/Q5045561,Carousel Gardens Amusement Park,Point(-90.0985 29.9875),,,amusement park
http://www.wikidata.org/entity/Q5045561,Carousel Gardens Amusement Park,Point(-90.0985 29.9875),,,amusement park
http://www.wikidata.org/entity/Q5045561,Carousel Gardens Amusement Park,Point(-90.0985 29.9875),,,amusement park
http://www.wikidata.org/entity/Q5045561,Carousel Gardens Amusement Park,Point(-90.0985 29.9875),,,amusement park
http://www.wikidata.org/entity/Q5045561,Carousel Gardens Amusement Park,Point(-90.0985 29.9875),,,amusement park
http://www.wikidata.org/entity/Q5045561,Carousel Gardens Amusement Park,Point(-90.0985 29.9875),,,amusement park
http://www.wikidata.org/entity/Q5045561,Carousel Gardens Amusement Park,Point(-90.0985 29.9875),,,amusement park
http://www.wikidata.org/entity/Q5045561,Carousel Gardens Amusement Park,Point(-90.0985 29.9875),,,amusement park
http://www.wikidata.org/entity/Q5045561,Carousel Gardens Amusement Park,Point(-90.0985 29.9875),,,amusement park
http://www.wikidata.org/entity/Q5061142,Central Grocery,Point(-90.061 29.9588),,http://www.centralgrocerynola.com/,"restaurant in Louisiana, United States"
http://www.wikidata.org/entity/Q5152153,Commander's Palace,Point(-90.134 29.9435),,http://www.commanderspalace.com,Restaurant in New Orleans
http://www.wikidata.org/entity/Q5159685,Confederate Memorial Hall,Point(-90.0714 29.9433),,http://www.confederatemuseum.com,"war museum in New Orleans, Louisiana"
http://www.wikidata.org/entity/Q5184204,Creole Kosher Kitchen,Point(-90.06784722 29.95305556),,,"restaurant in New Orleans, Louisiana"
http://www.wikidata.org/entity/Q5273679,Dickie Brennan's Steakhouse,Point(-90.0687 29.9543),,http://www.dickiebrennanssteakhouse.com/,"restaurant in Louisiana, United States"
http://www.wikidata.org/entity/Q5295759,Dong Phuong Oriental Bakery,Point(-89.915 30.0359),,,"Vietnamese bakery and restaurant in New Orleans, Louisiana, United STates"
http://www.wikidata.org/entity/Q5465118,Fontainebleau State Park,Point(-90.0227 30.3452),,https://www.lastateparks.com/parks-preserves/fontainebleau-state-park,"State park in Louisiana, United States"
http://www.wikidata.org/entity/Q5465118,Fontainebleau State Park,Point(-90.0227 30.3452),,https://www.lastateparks.com/parks-preserves/fontainebleau-state-park,"State park in Louisiana, United States"
http://www.wikidata.org/entity/Q5465118,Fontainebleau State Park,Point(-90.0227 30.3452),,https://www.lastateparks.com/parks-preserves/fontainebleau-state-park,"State park in Louisiana, United States"
http://www.wikidata.org/entity/Q5465118,Fontainebleau State Park,Point(-90.0227 30.3452),,https://www.lastateparks.com/parks-preserves/fontainebleau-state-park,"State park in Louisiana, United States"
http://www.wikidata.org/entity/Q5501861,French Opera House,Point(-90.0664 29.9579),,,"former theater in New Orleans, Louisiana, United States"
http://www.wikidata.org/entity/Q5501861,French Opera House,Point(-90.0664 29.9579),,,"former theater in New Orleans, Louisiana, United States"
http://www.wikidata.org/entity/Q5501861,French Opera House,Point(-90.0664 29.9579),,,"former theater in New Orleans, Louisiana, United States"
http://www.wikidata.org/entity/Q5501861,French Opera House,Point(-90.0664 29.9579),,,"former theater in New Orleans, Louisiana, United States"
http://www.wikidata.org/entity/Q5501861,French Opera House,Point(-90.0664 29.9579),,,"former theater in New Orleans, Louisiana, United States"
http://www.wikidata.org/entity/Q5501861,French Opera House,Point(-90.0664 29.9579),,,"former theater in New Orleans, Louisiana, United States"
http://www.wikidata.org/entity/Q5501861,French Opera House,Point(-90.0664 29.9579),,,"former theater in New Orleans, Louisiana, United States"
http://www.wikidata.org/entity/Q5501861,French Opera House,Point(-90.0664 29.9579),,,"former theater in New Orleans, Louisiana, United States"
http://www.wikidata.org/entity/Q5501861,French Opera House,Point(-90.0664 29.9579),,,"former theater in New Orleans, Louisiana, United States"
http://www.wikidata.org/entity/Q5501861,French Opera House,Point(-90.0664 29.9579),,,"former theater in New Orleans, Louisiana, United States"
http://www.wikidata.org/entity/Q5501861,French Opera House,Point(-90.0664 29.9579),,,"former theater in New Orleans, Louisiana, United States"
http://www.wikidata.org/entity/Q5501861,French Opera House,Point(-90.0664 29.9579),,,"former theater in New Orleans, Louisiana, United States"
http://www.wikidata.org/entity/Q5501861,French Opera House,Point(-90.0664 29.9579),,,"former theater in New Orleans, Louisiana, United States"
http://www.wikidata.org/entity/Q5501861,French Opera House,Point(-90.0664 29.9579),,,"former theater in New Orleans, Louisiana, United States"
http://www.wikidata.org/entity/Q5501861,French Opera House,Point(-90.0664 29.9579),,,"former theater in New Orleans, Louisiana, United States"
http://www.wikidata.org/entity/Q5501861,French Opera House,Point(-90.0664 29.9579),,,"former theater in New Orleans, Louisiana, United States"
http://www.wikidata.org/entity/Q7603450,State Palace Theatre,Point(-90.0734 29.95546944),,,"theater and movie theater in New Orleans, Louisiana"
http://www.wikidata.org/entity/Q7603450,State Palace Theatre,Point(-90.0734 29.95546944),,,"theater and movie theater in New Orleans, Louisiana"
http://www.wikidata.org/entity/Q7603450,State Palace Theatre,Point(-90.0734 29.95546944),,,"theater and movie theater in New Orleans, Louisiana"
http://www.wikidata.org/entity/Q7603450,State Palace Theatre,Point(-90.0734 29.95546944),,,"theater and movie theater in New Orleans, Louisiana"
http://www.wikidata.org/entity/Q7603450,State Palace Theatre,Point(-90.0734 29.95546944),,,"theater and movie theater in New Orleans, Louisiana"
http://www.wikidata.org/entity/Q7603450,State Palace Theatre,Point(-90.0734 29.95546944),,,"theater and movie theater in New Orleans, Louisiana"
http://www.wikidata.org/entity/Q7603450,State Palace Theatre,Point(-90.0734 29.95546944),,,"theater and movie theater in New Orleans, Louisiana"
http://www.wikidata.org/entity/Q7603450,State Palace Theatre,Point(-90.0734 29.95546944),,,"theater and movie theater in New Orleans, Louisiana"
http://www.wikidata.org/entity/Q7603450,State Palace Theatre,Point(-90.0734 29.95546944),,,"theater and movie theater in New Orleans, Louisiana"
http://www.wikidata.org/entity/Q7603450,State Palace Theatre,Point(-90.0734 29.95546944),,,"theater and movie theater in New Orleans, Louisiana"
http://www.wikidata.org/entity/Q7603450,State Palace Theatre,Point(-90.0734 29.95546944),,,"theater and movie theater in New Orleans, Louisiana"
http://www.wikidata.org/entity/Q7603450,State Palace Theatre,Point(-90.0734 29.95546944),,,"theater and movie theater in New Orleans, Louisiana"
http://www.wikidata.org/entity/Q7603450,State Palace Theatre,Point(-90.0734 29.95546944),,,"theater and movie theater in New Orleans, Louisiana"
http://www.wikidata.org/entity/Q7603450,State Palace Theatre,Point(-90.0734 29.95546944),,,"theater and movie theater in New Orleans, Louisiana"
http://www.wikidata.org/entity/Q7603450,State Palace Theatre,Point(-90.0734 29.95546944),,,"theater and movie theater in New Orleans, Louisiana"
http://www.wikidata.org/entity/Q7603450,State Palace Theatre,Point(-90.0734 29.95546944),,,"theater and movie theater in New Orleans, Louisiana"
http://www.wikidata.org/entity/Q7603450,State Palace Theatre,Point(-90.0734 29.95546944),,,"theater and movie theater in New Orleans, Louisiana"
http://www.wikidata.org/entity/Q7603450,State Palace Theatre,Point(-90.0734 29.95546944),,,"theater and movie theater in New Orleans, Louisiana"
http://www.wikidata.org/entity/Q7603450,State Palace Theatre,Point(-90.0734 29.95546944),,,"theater and movie theater in New Orleans, Louisiana"
http://www.wikidata.org/entity/Q7603450,State Palace Theatre,Point(-90.0734 29.95546944),,,"theater and movie theater in New Orleans, Louisiana"
http://www.wikidata.org/entity/Q7603450,State Palace Theatre,Point(-90.0734 29.95546944),,,"theater and movie theater in New Orleans, Louisiana"
http://www.wikidata.org/entity/Q7603450,State Palace Theatre,Point(-90.0734 29.95546944),,,"theater and movie theater in New Orleans, Louisiana"
http://www.wikidata.org/entity/Q7603450,State Palace Theatre,Point(-90.0734 29.95546944),,,"theater and movie theater in New Orleans, Louisiana"
http://www.wikidata.org/entity/Q7603450,State Palace Theatre,Point(-90.0734 29.95546944),,,"theater and movie theater in New Orleans, Louisiana"
http://www.wikidata.org/entity/Q7603450,State Palace Theatre,Point(-90.0734 29.95546944),,,"theater and movie theater in New Orleans, Louisiana"
http://www.wikidata.org/entity/Q7603450,State Palace Theatre,Point(-90.0734 29.95546944),,,"theater and movie theater in New Orleans, Louisiana"
http://www.wikidata.org/entity/Q7603450,State Palace Theatre,Point(-90.0734 29.95546944),,,"theater and movie theater in New Orleans, Louisiana"
http://www.wikidata.org/entity/Q7720883,The Cabildo,Point(-90.064167 29.957222),,https://louisianastatemuseum.org/museum/cabildo,"historic building in New Orleans, Louisiana"
http://www.wikidata.org/entity/Q7759129,The Quorum,Point(-90.0592 29.9631),,,New Orleans coffee house famous for being a seat of racial integration during the 60s
http://www.wikidata.org/entity/Q7777476,Théâtre de la Renaissance,Point(-90.0566 29.9656),,,"former theater in New Orleans, Louisiana"
http://www.wikidata.org/entity/Q7777476,Théâtre de la Renaissance,Point(-90.0566 29.9656),,,"former theater in New Orleans, Louisiana"
http://www.wikidata.org/entity/Q7777476,Théâtre de la Renaissance,Point(-90.0566 29.9656),,,"former theater in New Orleans, Louisiana"
http://www.wikidata.org/entity/Q7777476,Théâtre de la Renaissance,Point(-90.0566 29.9656),,,"former theater in New Orleans, Louisiana"
http://www.wikidata.org/entity/Q7777476,Théâtre de la Renaissance,Point(-90.0566 29.9656),,,"former theater in New Orleans, Louisiana"
http://www.wikidata.org/entity/Q7777476,Théâtre de la Renaissance,Point(-90.0566 29.9656),,,"former theater in New Orleans, Louisiana"
http://www.wikidata.org/entity/Q7777476,Théâtre de la Renaissance,Point(-90.0566 29.9656),,,"former theater in New Orleans, Louisiana"
http://www.wikidata.org/entity/Q7777476,Théâtre de la Renaissance,Point(-90.0566 29.9656),,,"former theater in New Orleans, Louisiana"
http://www.wikidata.org/entity/Q7777476,Théâtre de la Renaissance,Point(-90.0566 29.9656),,,"former theater in New Orleans, Louisiana"
http://www.wikidata.org/entity/Q7777476,Théâtre de la Renaissance,Point(-90.0566 29.9656),,,"former theater in New Orleans, Louisiana"
http://www.wikidata.org/entity/Q7777476,Théâtre de la Renaissance,Point(-90.0566 29.9656),,,"former theater in New Orleans, Louisiana"
http://www.wikidata.org/entity/Q7777476,Théâtre de la Renaissance,Point(-90.0566 29.9656),,,"former theater in New Orleans, Louisiana"
http://www.wikidata.org/entity/Q7777476,Théâtre de la Renaissance,Point(-90.0566 29.9656),,,"former theater in New Orleans, Louisiana"
http://www.wikidata.org/entity/Q7777476,Théâtre de la Renaissance,Point(-90.0566 29.9656),,,"former theater in New Orleans, Louisiana"
http://www.wikidata.org/entity/Q7777476,Théâtre de la Renaissance,Point(-90.0566 29.9656),,,"former theater in New Orleans, Louisiana"
http://www.wikidata.org/entity/Q7777476,Théâtre de la Renaissance,Point(-90.0566 29.9656),,,"former theater in New Orleans, Louisiana"
http://www.wikidata.org/entity/Q7777476,Théâtre de la Renaissance,Point(-90.0566 29.9656),,,"former theater in New Orleans, Louisiana"
http://www.wikidata.org/entity/Q7777476,Théâtre de la Renaissance,Point(-90.0566 29.9656),,,"former theater in New Orleans, Louisiana"
http://www.wikidata.org/entity/Q7777476,Théâtre de la Renaissance,Point(-90.0566 29.9656),,,"former theater in New Orleans, Louisiana"
http://www.wikidata.org/entity/Q7777476,Théâtre de la Renaissance,Point(-90.0566 29.9656),,,"former theater in New Orleans, Louisiana"
http://www.wikidata.org/entity/Q7777476,Théâtre de la Renaissance,Point(-90.0566 29.9656),,,"former theater in New Orleans, Louisiana"
http://www.wikidata.org/entity/Q7777476,Théâtre de la Renaissance,Point(-90.0566 29.9656),,,"former theater in New Orleans, Louisiana"
http://www.wikidata.org/entity/Q7777476,Théâtre de la Renaissance,Point(-90.0566 29.9656),,,"former theater in New Orleans, Louisiana"
http://www.wikidata.org/entity/Q7777476,Théâtre de la Renaissance,Point(-90.0566 29.9656),,,"former theater in New Orleans, Louisiana"
http://www.wikidata.org/entity/Q7777476,Théâtre de la Renaissance,Point(-90.0566 29.9656),,,"former theater in New Orleans, Louisiana"
http://www.wikidata.org/entity/Q7777476,Théâtre de la Renaissance,Point(-90.0566 29.9656),,,"former theater in New Orleans, Louisiana"
http://www.wikidata.org/entity/Q6033435,New Orleans Historic Voodoo Museum,Point(-90.06361111 29.96),,https://www.voodoomuseum.com/,"religious museum, art museum, history museum in Louisiana, US"
http://www.wikidata.org/entity/Q6297271,Joy Theater,Point(-90.074 29.9564),,http://www.thejoytheater.com,"theater, music venue and former movie theater in New Orleans, Louisiana, United States"
http://www.wikidata.org/entity/Q6297271,Joy Theater,Point(-90.074 29.9564),,http://www.thejoytheater.com,"theater, music venue and former movie theater in New Orleans, Louisiana, United States"
http://www.wikidata.org/entity/Q6297271,Joy Theater,Point(-90.074 29.9564),,http://www.thejoytheater.com,"theater, music venue and former movie theater in New Orleans, Louisiana, United States"
http://www.wikidata.org/entity/Q6297271,Joy Theater,Point(-90.074 29.9564),,http://www.thejoytheater.com,"theater, music venue and former movie theater in New Orleans, Louisiana, United States"
http://www.wikidata.org/entity/Q6297271,Joy Theater,Point(-90.074 29.9564),,http://www.thejoytheater.com,"theater, music venue and former movie theater in New Orleans, Louisiana, United States"
http://www.wikidata.org/entity/Q6297271,Joy Theater,Point(-90.074 29.9564),,http://www.thejoytheater.com,"theater, music venue and former movie theater in New Orleans, Louisiana, United States"
http://www.wikidata.org/entity/Q6297271,Joy Theater,Point(-90.074 29.9564),,http://www.thejoytheater.com,"theater, music venue and former movie theater in New Orleans, Louisiana, United States"
http://www.wikidata.org/entity/Q6297271,Joy Theater,Point(-90.074 29.9564),,http://www.thejoytheater.com,"theater, music venue and former movie theater in New Orleans, Louisiana, United States"
http://www.wikidata.org/entity/Q6297271,Joy Theater,Point(-90.074 29.9564),,http://www.thejoytheater.com,"theater, music venue and former movie theater in New Orleans, Louisiana, United States"
http://www.wikidata.org/entity/Q6297271,Joy Theater,Point(-90.074 29.9564),,http://www.thejoytheater.com,"theater, music venue and former movie theater in New Orleans, Louisiana, United States"
http://www.wikidata.org/entity/Q6297271,Joy Theater,Point(-90.074 29.9564),,http://www.thejoytheater.com,"theater, music venue and former movie theater in New Orleans, Louisiana, United States"
http://www.wikidata.org/entity/Q6297271,Joy Theater,Point(-90.074 29.9564),,http://www.thejoytheater.com,"theater, music venue and former movie theater in New Orleans, Louisiana, United States"
http://www.wikidata.org/entity/Q6297271,Joy Theater,Point(-90.074 29.9564),,http://www.thejoytheater.com,"theater, music venue and former movie theater in New Orleans, Louisiana, United States"
http://www.wikidata.org/entity/Q6297271,Joy Theater,Point(-90.074 29.9564),,http://www.thejoytheater.com,"theater, music venue and former movie theater in New Orleans, Louisiana, United States"
http://www.wikidata.org/entity/Q6297271,Joy Theater,Point(-90.074 29.9564),,http://www.thejoytheater.com,"theater, music venue and former movie theater in New Orleans, Louisiana, United States"
http://www.wikidata.org/entity/Q6297271,Joy Theater,Point(-90.074 29.9564),,http://www.thejoytheater.com,"theater, music venue and former movie theater in New Orleans, Louisiana, United States"
http://www.wikidata.org/entity/Q6297271,Joy Theater,Point(-90.074 29.9564),,http://www.thejoytheater.com,"theater, music venue and former movie theater in New Orleans, Louisiana, United States"
http://www.wikidata.org/entity/Q6297271,Joy Theater,Point(-90.074 29.9564),,http://www.thejoytheater.com,"theater, music venue and former movie theater in New Orleans, Louisiana, United States"
http://www.wikidata.org/entity/Q6297271,Joy Theater,Point(-90.074 29.9564),,http://www.thejoytheater.com,"theater, music venue and former movie theater in New Orleans, Louisiana, United States"
http://www.wikidata.org/entity/Q6297271,Joy Theater,Point(-90.074 29.9564),,http://www.thejoytheater.com,"theater, music venue and former movie theater in New Orleans, Louisiana, United States"
http://www.wikidata.org/entity/Q6297271,Joy Theater,Point(-90.074 29.9564),,http://www.thejoytheater.com,"theater, music venue and former movie theater in New Orleans, Louisiana, United States"
http://www.wikidata.org/entity/Q6297271,Joy Theater,Point(-90.074 29.9564),,http://www.thejoytheater.com,"theater, music venue and former movie theater in New Orleans, Louisiana, United States"
http://www.wikidata.org/entity/Q6297271,Joy Theater,Point(-90.074 29.9564),,http://www.thejoytheater.com,"theater, music venue and former movie theater in New Orleans, Louisiana, United States"
http://www.wikidata.org/entity/Q6297271,Joy Theater,Point(-90.074 29.9564),,http://www.thejoytheater.com,"theater, music venue and former movie theater in New Orleans, Louisiana, United States"
http://www.wikidata.org/entity/Q6297271,Joy Theater,Point(-90.074 29.9564),,http://www.thejoytheater.com,"theater, music venue and former movie theater in New Orleans, Louisiana, United States"
http://www.wikidata.org/entity/Q6297271,Joy Theater,Point(-90.074 29.9564),,http://www.thejoytheater.com,"theater, music venue and former movie theater in New Orleans, Louisiana, United States"
http://www.wikidata.org/entity/Q6297271,Joy Theater,Point(-90.074 29.9564),,http://www.thejoytheater.com,"theater, music venue and former movie theater in New Orleans, Louisiana, United States"
http://www.wikidata.org/entity/Q6297271,Joy Theater,Point(-90.074 29.9564),,http://www.thejoytheater.com,"theater, music venue and former movie theater in New Orleans, Louisiana, United States"
http://www.wikidata.org/entity/Q6297271,Joy Theater,Point(-90.074 29.9564),,http://www.thejoytheater.com,"theater, music venue and former movie theater in New Orleans, Louisiana, United States"
http://www.wikidata.org/entity/Q6297271,Joy Theater,Point(-90.074 29.9564),,http://www.thejoytheater.com,"theater, music venue and former movie theater in New Orleans, Louisiana, United States"
http://www.wikidata.org/entity/Q6297271,Joy Theater,Point(-90.074 29.9564),,http://www.thejoytheater.com,"theater, music venue and former movie theater in New Orleans, Louisiana, United States"
http://www.wikidata.org/entity/Q6297271,Joy Theater,Point(-90.074 29.9564),,http://www.thejoytheater.com,"theater, music venue and former movie theater in New Orleans, Louisiana, United States"
http://www.wikidata.org/entity/Q6297271,Joy Theater,Point(-90.074 29.9564),,http://www.thejoytheater.com,"theater, music venue and former movie theater in New Orleans, Louisiana, United States"
http://www.wikidata.org/entity/Q6297271,Joy Theater,Point(-90.074 29.9564),,http://www.thejoytheater.com,"theater, music venue and former movie theater in New Orleans, Louisiana, United States"
http://www.wikidata.org/entity/Q6297271,Joy Theater,Point(-90.074 29.9564),,http://www.thejoytheater.com,"theater, music venue and former movie theater in New Orleans, Louisiana, United States"
http://www.wikidata.org/entity/Q6297271,Joy Theater,Point(-90.074 29.9564),,http://www.thejoytheater.com,"theater, music venue and former movie theater in New Orleans, Louisiana, United States"
http://www.wikidata.org/entity/Q6297271,Joy Theater,Point(-90.074 29.9564),,http://www.thejoytheater.com,"theater, music venue and former movie theater in New Orleans, Louisiana, United States"
http://www.wikidata.org/entity/Q6297271,Joy Theater,Point(-90.074 29.9564),,http://www.thejoytheater.com,"theater, music venue and former movie theater in New Orleans, Louisiana, United States"
http://www.wikidata.org/entity/Q6297271,Joy Theater,Point(-90.074 29.9564),,http://www.thejoytheater.com,"theater, music venue and former movie theater in New Orleans, Louisiana, United States"
http://www.wikidata.org/entity/Q6297271,Joy Theater,Point(-90.074 29.9564),,http://www.thejoytheater.com,"theater, music venue and former movie theater in New Orleans, Louisiana, United States"
http://www.wikidata.org/entity/Q6297271,Joy Theater,Point(-90.074 29.9564),,http://www.thejoytheater.com,"theater, music venue and former movie theater in New Orleans, Louisiana, United States"
http://www.wikidata.org/entity/Q6297271,Joy Theater,Point(-90.074 29.9564),,http://www.thejoytheater.com,"theater, music venue and former movie theater in New Orleans, Louisiana, United States"
http://www.wikidata.org/entity/Q6297271,Joy Theater,Point(-90.074 29.9564),,http://www.thejoytheater.com,"theater, music venue and former movie theater in New Orleans, Louisiana, United States"
http://www.wikidata.org/entity/Q6297271,Joy Theater,Point(-90.074 29.9564),,http://www.thejoytheater.com,"theater, music venue and former movie theater in New Orleans, Louisiana, United States"
http://www.wikidata.org/entity/Q6297271,Joy Theater,Point(-90.074 29.9564),,http://www.thejoytheater.com,"theater, music venue and former movie theater in New Orleans, Louisiana, United States"
http://www.wikidata.org/entity/Q6297271,Joy Theater,Point(-90.074 29.9564),,http://www.thejoytheater.com,"theater, music venue and former movie theater in New Orleans, Louisiana, United States"
http://www.wikidata.org/entity/Q6297271,Joy Theater,Point(-90.074 29.9564),,http://www.thejoytheater.com,"theater, music venue and former movie theater in New Orleans, Louisiana, United States"
http://www.wikidata.org/entity/Q6297271,Joy Theater,Point(-90.074 29.9564),,http://www.thejoytheater.com,"theater, music venue and former movie theater in New Orleans, Louisiana, United States"
http://www.wikidata.org/entity/Q6297271,Joy Theater,Point(-90.074 29.9564),,http://www.thejoytheater.com,"theater, music venue and former movie theater in New Orleans, Louisiana, United States"
http://www.wikidata.org/entity/Q6297271,Joy Theater,Point(-90.074 29.9564),,http://www.thejoytheater.com,"theater, music venue and former movie theater in New Orleans, Louisiana, United States"
http://www.wikidata.org/entity/Q6297271,Joy Theater,Point(-90.074 29.9564),,http://www.thejoytheater.com,"theater, music venue and former movie theater in New Orleans, Louisiana, United States"
http://www.wikidata.org/entity/Q6297271,Joy Theater,Point(-90.074 29.9564),,http://www.thejoytheater.com,"theater, music venue and former movie theater in New Orleans, Louisiana, United States"
http://www.wikidata.org/entity/Q6297271,Joy Theater,Point(-90.074 29.9564),,http://www.thejoytheater.com,"theater, music venue and former movie theater in New Orleans, Louisiana, United States"
http://www.wikidata.org/entity/Q6297271,Joy Theater,Point(-90.074 29.9564),,http://www.thejoytheater.com,"theater, music venue and former movie theater in New Orleans, Louisiana, United States"
http://www.wikidata.org/entity/Q6297271,Joy Theater,Point(-90.074 29.9564),,http://www.thejoytheater.com,"theater, music venue and former movie theater in New Orleans, Louisiana, United States"
http://www.wikidata.org/entity/Q6297271,Joy Theater,Point(-90.074 29.9564),,http://www.thejoytheater.com,"theater, music venue and former movie theater in New Orleans, Louisiana, United States"
http://www.wikidata.org/entity/Q6471528,Lafayette Square,Point(-90.0703 29.9483),,,"park in New Orleans, Louisiana"
http://www.wikidata.org/entity/Q6507443,Le Petit Theatre du Vieux Carre,Point(-90.0642 29.9575),lepetit_nola,,"community theatre in New Orleans, Louisiana, United States"
http://www.wikidata.org/entity/Q6507443,Le Petit Theatre du Vieux Carre,Point(-90.0642 29.9575),lepetit_nola,,"community theatre in New Orleans, Louisiana, United States"
http://www.wikidata.org/entity/Q6507443,Le Petit Theatre du Vieux Carre,Point(-90.0642 29.9575),lepetit_nola,,"community theatre in New Orleans, Louisiana, United States"
http://www.wikidata.org/entity/Q6507443,Le Petit Theatre du Vieux Carre,Point(-90.0642 29.9575),lepetit_nola,,"community theatre in New Orleans, Louisiana, United States"
http://www.wikidata.org/entity/Q6507443,Le Petit Theatre du Vieux Carre,Point(-90.0642 29.9575),lepetit_nola,,"community theatre in New Orleans, Louisiana, United States"
http://www.wikidata.org/entity/Q6507443,Le Petit Theatre du Vieux Carre,Point(-90.0642 29.9575),lepetit_nola,,"community theatre in New Orleans, Louisiana, United States"
http://www.wikidata.org/entity/Q6507443,Le Petit Theatre du Vieux Carre,Point(-90.0642 29.9575),lepetit_nola,,"community theatre in New Orleans, Louisiana, United States"
http://www.wikidata.org/entity/Q6507443,Le Petit Theatre du Vieux Carre,Point(-90.0642 29.9575),lepetit_nola,,"community theatre in New Orleans, Louisiana, United States"
http://www.wikidata.org/entity/Q6507443,Le Petit Theatre du Vieux Carre,Point(-90.0642 29.9575),lepetit_nola,,"community theatre in New Orleans, Louisiana, United States"
http://www.wikidata.org/entity/Q6507443,Le Petit Theatre du Vieux Carre,Point(-90.0642 29.9575),lepetit_nola,,"community theatre in New Orleans, Louisiana, United States"
http://www.wikidata.org/entity/Q6507443,Le Petit Theatre du Vieux Carre,Point(-90.0642 29.9575),lepetit_nola,,"community theatre in New Orleans, Louisiana, United States"
http://www.wikidata.org/entity/Q6507443,Le Petit Theatre du Vieux Carre,Point(-90.0642 29.9575),lepetit_nola,,"community theatre in New Orleans, Louisiana, United States"
http://www.wikidata.org/entity/Q6507443,Le Petit Theatre du Vieux Carre,Point(-90.0642 29.9575),lepetit_nola,,"community theatre in New Orleans, Louisiana, United States"
http://www.wikidata.org/entity/Q6507443,Le Petit Theatre du Vieux Carre,Point(-90.0642 29.9575),lepetit_nola,,"community theatre in New Orleans, Louisiana, United States"
http://www.wikidata.org/entity/Q6507443,Le Petit Theatre du Vieux Carre,Point(-90.0642 29.9575),lepetit_nola,,"community theatre in New Orleans, Louisiana, United States"
http://www.wikidata.org/entity/Q6507443,Le Petit Theatre du Vieux Carre,Point(-90.0642 29.9575),lepetit_nola,,"community theatre in New Orleans, Louisiana, United States"
http://www.wikidata.org/entity/Q6507443,Le Petit Theatre du Vieux Carre,Point(-90.0642 29.9575),lepetit_nola,,"community theatre in New Orleans, Louisiana, United States"
http://www.wikidata.org/entity/Q6507443,Le Petit Theatre du Vieux Carre,Point(-90.0642 29.9575),lepetit_nola,,"community theatre in New Orleans, Louisiana, United States"
http://www.wikidata.org/entity/Q6507443,Le Petit Theatre du Vieux Carre,Point(-90.0642 29.9575),lepetit_nola,,"community theatre in New Orleans, Louisiana, United States"
http://www.wikidata.org/entity/Q6507443,Le Petit Theatre du Vieux Carre,Point(-90.0642 29.9575),lepetit_nola,,"community theatre in New Orleans, Louisiana, United States"
http://www.wikidata.org/entity/Q6507443,Le Petit Theatre du Vieux Carre,Point(-90.0642 29.9575),lepetit_nola,,"community theatre in New Orleans, Louisiana, United States"
http://www.wikidata.org/entity/Q6507443,Le Petit Theatre du Vieux Carre,Point(-90.0642 29.9575),lepetit_nola,,"community theatre in New Orleans, Louisiana, United States"
http://www.wikidata.org/entity/Q6507443,Le Petit Theatre du Vieux Carre,Point(-90.0642 29.9575),lepetit_nola,,"community theatre in New Orleans, Louisiana, United States"
http://www.wikidata.org/entity/Q6507443,Le Petit Theatre du Vieux Carre,Point(-90.0642 29.9575),lepetit_nola,,"community theatre in New Orleans, Louisiana, United States"
http://www.wikidata.org/entity/Q6507443,Le Petit Theatre du Vieux Carre,Point(-90.0642 29.9575),lepetit_nola,,"community theatre in New Orleans, Louisiana, United States"
http://www.wikidata.org/entity/Q6507443,Le Petit Theatre du Vieux Carre,Point(-90.0642 29.9575),lepetit_nola,,"community theatre in New Orleans, Louisiana, United States"
http://www.wikidata.org/entity/Q6550495,Lincoln Beach amusement park,Point(-89.953076 30.069688),,,"former amusement park in New Orleans, Louisiana, United States"
http://www.wikidata.org/entity/Q6550495,Lincoln Beach amusement park,Point(-89.953076 30.069688),,,"former amusement park in New Orleans, Louisiana, United States"
http://www.wikidata.org/entity/Q6550495,Lincoln Beach amusement park,Point(-89.953076 30.069688),,,"former amusement park in New Orleans, Louisiana, United States"
http://www.wikidata.org/entity/Q6550495,Lincoln Beach amusement park,Point(-89.953076 30.069688),,,"former amusement park in New Orleans, Louisiana, United States"
http://www.wikidata.org/entity/Q6550495,Lincoln Beach amusement park,Point(-89.953076 30.069688),,,"former amusement park in New Orleans, Louisiana, United States"
http://www.wikidata.org/entity/Q6550495,Lincoln Beach amusement park,Point(-89.953076 30.069688),,,"former amusement park in New Orleans, Louisiana, United States"
http://www.wikidata.org/entity/Q6550495,Lincoln Beach amusement park,Point(-89.953076 30.069688),,,"former amusement park in New Orleans, Louisiana, United States"
http://www.wikidata.org/entity/Q6550495,Lincoln Beach amusement park,Point(-89.953076 30.069688),,,"former amusement park in New Orleans, Louisiana, United States"
http://www.wikidata.org/entity/Q6550495,Lincoln Beach amusement park,Point(-89.953076 30.069688),,,"former amusement park in New Orleans, Louisiana, United States"
http://www.wikidata.org/entity/Q6550920,Lincoln Park,Point(-90.1161842 29.9649259),,,"noted amusement park in New Orleans, Louisiana"
http://www.wikidata.org/entity/Q6674383,Longue Vue House and Gardens,Point(-90.123092 29.976753),,https://longuevue.com/,"historic house in Louisiana, United States"
http://www.wikidata.org/entity/Q6674383,Longue Vue House and Gardens,Point(-90.123092 29.976753),,https://longuevue.com/,"historic house in Louisiana, United States"
http://www.wikidata.org/entity/Q6674383,Longue Vue House and Gardens,Point(-90.123092 29.976753),,https://longuevue.com/,"historic house in Louisiana, United States"
http://www.wikidata.org/entity/Q6674383,Longue Vue House and Gardens,Point(-90.123092 29.976753),,https://longuevue.com/,"historic house in Louisiana, United States"
http://www.wikidata.org/entity/Q6674383,Longue Vue House and Gardens,Point(-90.123092 29.976753),,https://longuevue.com/,"historic house in Louisiana, United States"
http://www.wikidata.org/entity/Q6674383,Longue Vue House and Gardens,Point(-90.123092 29.976753),,https://longuevue.com/,"historic house in Louisiana, United States"
http://www.wikidata.org/entity/Q7103963,Orpheum Theater,Point(-90.0725 29.954444),,,"theater and movie theater in New Orleans, Louisiana, United States"
http://www.wikidata.org/entity/Q7103963,Orpheum Theater,Point(-90.0725 29.954444),,,"theater and movie theater in New Orleans, Louisiana, United States"
http://www.wikidata.org/entity/Q7103963,Orpheum Theater,Point(-90.0725 29.954444),,,"theater and movie theater in New Orleans, Louisiana, United States"
http://www.wikidata.org/entity/Q7103963,Orpheum Theater,Point(-90.0725 29.954444),,,"theater and movie theater in New Orleans, Louisiana, United States"
http://www.wikidata.org/entity/Q7103963,Orpheum Theater,Point(-90.0725 29.954444),,,"theater and movie theater in New Orleans, Louisiana, United States"
http://www.wikidata.org/entity/Q7103963,Orpheum Theater,Point(-90.0725 29.954444),,,"theater and movie theater in New Orleans, Louisiana, United States"
http://www.wikidata.org/entity/Q7103963,Orpheum Theater,Point(-90.0725 29.954444),,,"theater and movie theater in New Orleans, Louisiana, United States"
http://www.wikidata.org/entity/Q7103963,Orpheum Theater,Point(-90.0725 29.954444),,,"theater and movie theater in New Orleans, Louisiana, United States"
http://www.wikidata.org/entity/Q7143844,Pat O'Brien's Bar,Point(-90.065223 29.958244),,http://www.patobriens.com,"bar in New Orleans, Louisiana, United States"
http://www.wikidata.org/entity/Q7143844,Pat O'Brien's Bar,Point(-90.065223 29.958244),,http://www.patobriens.com,"bar in New Orleans, Louisiana, United States"
http://www.wikidata.org/entity/Q7143844,Pat O'Brien's Bar,Point(-90.065223 29.958244),,http://www.patobriens.com,"bar in New Orleans, Louisiana, United States"
http://www.wikidata.org/entity/Q7143844,Pat O'Brien's Bar,Point(-90.065223 29.958244),,http://www.patobriens.com,"bar in New Orleans, Louisiana, United States"
http://www.wikidata.org/entity/Q7143844,Pat O'Brien's Bar,Point(-90.065223 29.958244),,http://www.patobriens.com,"bar in New Orleans, Louisiana, United States"
http://www.wikidata.org/entity/Q7143844,Pat O'Brien's Bar,Point(-90.065223 29.958244),,http://www.patobriens.com,"bar in New Orleans, Louisiana, United States"
http://www.wikidata.org/entity/Q7143844,Pat O'Brien's Bar,Point(-90.065223 29.958244),,http://www.patobriens.com,"bar in New Orleans, Louisiana, United States"
http://www.wikidata.org/entity/Q7143844,Pat O'Brien's Bar,Point(-90.065223 29.958244),,http://www.patobriens.com,"bar in New Orleans, Louisiana, United States"
http://www.wikidata.org/entity/Q7143844,Pat O'Brien's Bar,Point(-90.065223 29.958244),,http://www.patobriens.com,"bar in New Orleans, Louisiana, United States"
http://www.wikidata.org/entity/Q7143844,Pat O'Brien's Bar,Point(-90.065223 29.958244),,http://www.patobriens.com,"bar in New Orleans, Louisiana, United States"
http://www.wikidata.org/entity/Q7143844,Pat O'Brien's Bar,Point(-90.065223 29.958244),,http://www.patobriens.com,"bar in New Orleans, Louisiana, United States"
http://www.wikidata.org/entity/Q7143844,Pat O'Brien's Bar,Point(-90.065223 29.958244),,http://www.patobriens.com,"bar in New Orleans, Louisiana, United States"
http://www.wikidata.org/entity/Q7143844,Pat O'Brien's Bar,Point(-90.065223 29.958244),,http://www.patobriens.com,"bar in New Orleans, Louisiana, United States"
http://www.wikidata.org/entity/Q7143844,Pat O'Brien's Bar,Point(-90.065223 29.958244),,http://www.patobriens.com,"bar in New Orleans, Louisiana, United States"
http://www.wikidata.org/entity/Q7143844,Pat O'Brien's Bar,Point(-90.065223 29.958244),,http://www.patobriens.com,"bar in New Orleans, Louisiana, United States"
http://www.wikidata.org/entity/Q7143844,Pat O'Brien's Bar,Point(-90.065223 29.958244),,http://www.patobriens.com,"bar in New Orleans, Louisiana, United States"
http://www.wikidata.org/entity/Q7143844,Pat O'Brien's Bar,Point(-90.065223 29.958244),,http://www.patobriens.com,"bar in New Orleans, Louisiana, United States"
http://www.wikidata.org/entity/Q7143844,Pat O'Brien's Bar,Point(-90.065223 29.958244),,http://www.patobriens.com,"bar in New Orleans, Louisiana, United States"
http://www.wikidata.org/entity/Q7143844,Pat O'Brien's Bar,Point(-90.065223 29.958244),,http://www.patobriens.com,"bar in New Orleans, Louisiana, United States"
http://www.wikidata.org/entity/Q7143844,Pat O'Brien's Bar,Point(-90.065223 29.958244),,http://www.patobriens.com,"bar in New Orleans, Louisiana, United States"
http://www.wikidata.org/entity/Q7143844,Pat O'Brien's Bar,Point(-90.065223 29.958244),,http://www.patobriens.com,"bar in New Orleans, Louisiana, United States"
http://www.wikidata.org/entity/Q7143844,Pat O'Brien's Bar,Point(-90.065223 29.958244),,http://www.patobriens.com,"bar in New Orleans, Louisiana, United States"
http://www.wikidata.org/entity/Q7143844,Pat O'Brien's Bar,Point(-90.065223 29.958244),,http://www.patobriens.com,"bar in New Orleans, Louisiana, United States"
http://www.wikidata.org/entity/Q7143844,Pat O'Brien's Bar,Point(-90.065223 29.958244),,http://www.patobriens.com,"bar in New Orleans, Louisiana, United States"
http://www.wikidata.org/entity/Q7143844,Pat O'Brien's Bar,Point(-90.065223 29.958244),,http://www.patobriens.com,"bar in New Orleans, Louisiana, United States"
http://www.wikidata.org/entity/Q7143844,Pat O'Brien's Bar,Point(-90.065223 29.958244),,http://www.patobriens.com,"bar in New Orleans, Louisiana, United States"
http://www.wikidata.org/entity/Q7143844,Pat O'Brien's Bar,Point(-90.065223 29.958244),,http://www.patobriens.com,"bar in New Orleans, Louisiana, United States"
http://www.wikidata.org/entity/Q7143844,Pat O'Brien's Bar,Point(-90.065223 29.958244),,http://www.patobriens.com,"bar in New Orleans, Louisiana, United States"
http://www.wikidata.org/entity/Q7143844,Pat O'Brien's Bar,Point(-90.065223 29.958244),,http://www.patobriens.com,"bar in New Orleans, Louisiana, United States"
http://www.wikidata.org/entity/Q7143844,Pat O'Brien's Bar,Point(-90.065223 29.958244),,http://www.patobriens.com,"bar in New Orleans, Louisiana, United States"
http://www.wikidata.org/entity/Q7143844,Pat O'Brien's Bar,Point(-90.065223 29.958244),,http://www.patobriens.com,"bar in New Orleans, Louisiana, United States"
http://www.wikidata.org/entity/Q7143844,Pat O'Brien's Bar,Point(-90.065223 29.958244),,http://www.patobriens.com,"bar in New Orleans, Louisiana, United States"
http://www.wikidata.org/entity/Q7143844,Pat O'Brien's Bar,Point(-90.065223 29.958244),,http://www.patobriens.com,"bar in New Orleans, Louisiana, United States"
http://www.wikidata.org/entity/Q7143844,Pat O'Brien's Bar,Point(-90.065223 29.958244),,http://www.patobriens.com,"bar in New Orleans, Louisiana, United States"
http://www.wikidata.org/entity/Q7143844,Pat O'Brien's Bar,Point(-90.065223 29.958244),,http://www.patobriens.com,"bar in New Orleans, Louisiana, United States"
http://www.wikidata.org/entity/Q7170145,Perseverance Hall,Point(-90.067778 29.962778),,,"building in Louisiana, United States of America"
http://www.wikidata.org/entity/Q7170145,Perseverance Hall,Point(-90.067778 29.962778),,,"building in Louisiana, United States of America"
http://www.wikidata.org/entity/Q7170145,Perseverance Hall,Point(-90.067778 29.962778),,,"building in Louisiana, United States of America"
http://www.wikidata.org/entity/Q7170145,Perseverance Hall,Point(-90.067778 29.962778),,,"building in Louisiana, United States of America"
http://www.wikidata.org/entity/Q7170145,Perseverance Hall,Point(-90.067778 29.962778),,,"building in Louisiana, United States of America"
http://www.wikidata.org/entity/Q7170145,Perseverance Hall,Point(-90.067778 29.962778),,,"building in Louisiana, United States of America"
http://www.wikidata.org/entity/Q7170145,Perseverance Hall,Point(-90.067778 29.962778),,,"building in Louisiana, United States of America"
http://www.wikidata.org/entity/Q7170145,Perseverance Hall,Point(-90.067778 29.962778),,,"building in Louisiana, United States of America"
http://www.wikidata.org/entity/Q7170145,Perseverance Hall,Point(-90.067778 29.962778),,,"building in Louisiana, United States of America"
http://www.wikidata.org/entity/Q7228085,Pontchartrain Beach,Point(-90.062 30.032),,,"former amusement park in New Orleans, Louisiana, United States"
http://www.wikidata.org/entity/Q7228085,Pontchartrain Beach,Point(-90.062 30.032),,,"former amusement park in New Orleans, Louisiana, United States"
http://www.wikidata.org/entity/Q7228085,Pontchartrain Beach,Point(-90.062 30.032),,,"former amusement park in New Orleans, Louisiana, United States"
http://www.wikidata.org/entity/Q7228085,Pontchartrain Beach,Point(-90.062 30.032),,,"former amusement park in New Orleans, Louisiana, United States"
http://www.wikidata.org/entity/Q7228085,Pontchartrain Beach,Point(-90.062 30.032),,,"former amusement park in New Orleans, Louisiana, United States"
http://www.wikidata.org/entity/Q7228085,Pontchartrain Beach,Point(-90.062 30.032),,,"former amusement park in New Orleans, Louisiana, United States"
http://www.wikidata.org/entity/Q7228085,Pontchartrain Beach,Point(-90.062 30.032),,,"former amusement park in New Orleans, Louisiana, United States"
http://www.wikidata.org/entity/Q7228085,Pontchartrain Beach,Point(-90.062 30.032),,,"former amusement park in New Orleans, Louisiana, United States"
http://www.wikidata.org/entity/Q7228085,Pontchartrain Beach,Point(-90.062 30.032),,,"former amusement park in New Orleans, Louisiana, United States"
http://www.wikidata.org/entity/Q7337243,River City Casino,Point(-90.0613 29.9329),,,"casino complex in Louisiana, USA"
http://www.wikidata.org/entity/Q7337243,River City Casino,Point(-90.0613 29.9329),,,"casino complex in Louisiana, USA"
http://www.wikidata.org/entity/Q7337243,River City Casino,Point(-90.0613 29.9329),,,"casino complex in Louisiana, USA"
http://www.wikidata.org/entity/Q7337243,River City Casino,Point(-90.0613 29.9329),,,"casino complex in Louisiana, USA"
http://www.wikidata.org/entity/Q7398302,Saenger Theatre,Point(-90.072844 29.955797),,https://us.atgtickets.com/venues/saenger-theatre/,"theater in New Orleans, Louisiana, United States"
http://www.wikidata.org/entity/Q7398302,Saenger Theatre,Point(-90.072844 29.955797),,https://us.atgtickets.com/venues/saenger-theatre/,"theater in New Orleans, Louisiana, United States"
http://www.wikidata.org/entity/Q7398302,Saenger Theatre,Point(-90.072844 29.955797),,https://us.atgtickets.com/venues/saenger-theatre/,"theater in New Orleans, Louisiana, United States"
http://www.wikidata.org/entity/Q7398302,Saenger Theatre,Point(-90.072844 29.955797),,https://us.atgtickets.com/venues/saenger-theatre/,"theater in New Orleans, Louisiana, United States"
http://www.wikidata.org/entity/Q7398302,Saenger Theatre,Point(-90.072844 29.955797),,https://us.atgtickets.com/venues/saenger-theatre/,"theater in New Orleans, Louisiana, United States"
http://www.wikidata.org/entity/Q7398302,Saenger Theatre,Point(-90.072844 29.955797),,https://us.atgtickets.com/venues/saenger-theatre/,"theater in New Orleans, Louisiana, United States"
http://www.wikidata.org/entity/Q7398302,Saenger Theatre,Point(-90.072844 29.955797),,https://us.atgtickets.com/venues/saenger-theatre/,"theater in New Orleans, Louisiana, United States"
http://www.wikidata.org/entity/Q7398302,Saenger Theatre,Point(-90.072844 29.955797),,https://us.atgtickets.com/venues/saenger-theatre/,"theater in New Orleans, Louisiana, United States"
http://www.wikidata.org/entity/Q7398302,Saenger Theatre,Point(-90.072844 29.955797),,https://us.atgtickets.com/venues/saenger-theatre/,"theater in New Orleans, Louisiana, United States"
http://www.wikidata.org/entity/Q7398302,Saenger Theatre,Point(-90.072844 29.955797),,https://us.atgtickets.com/venues/saenger-theatre/,"theater in New Orleans, Louisiana, United States"
http://www.wikidata.org/entity/Q7398302,Saenger Theatre,Point(-90.072844 29.955797),,https://us.atgtickets.com/venues/saenger-theatre/,"theater in New Orleans, Louisiana, United States"
http://www.wikidata.org/entity/Q7398302,Saenger Theatre,Point(-90.072844 29.955797),,https://us.atgtickets.com/venues/saenger-theatre/,"theater in New Orleans, Louisiana, United States"
http://www.wikidata.org/entity/Q7398302,Saenger Theatre,Point(-90.072844 29.955797),,https://us.atgtickets.com/venues/saenger-theatre/,"theater in New Orleans, Louisiana, United States"
http://www.wikidata.org/entity/Q7398302,Saenger Theatre,Point(-90.072844 29.955797),,https://us.atgtickets.com/venues/saenger-theatre/,"theater in New Orleans, Louisiana, United States"
http://www.wikidata.org/entity/Q7398302,Saenger Theatre,Point(-90.072844 29.955797),,https://us.atgtickets.com/venues/saenger-theatre/,"theater in New Orleans, Louisiana, United States"
http://www.wikidata.org/entity/Q7398302,Saenger Theatre,Point(-90.072844 29.955797),,https://us.atgtickets.com/venues/saenger-theatre/,"theater in New Orleans, Louisiana, United States"
http://www.wikidata.org/entity/Q7398302,Saenger Theatre,Point(-90.072844 29.955797),,https://us.atgtickets.com/venues/saenger-theatre/,"theater in New Orleans, Louisiana, United States"
http://www.wikidata.org/entity/Q7398302,Saenger Theatre,Point(-90.072844 29.955797),,https://us.atgtickets.com/venues/saenger-theatre/,"theater in New Orleans, Louisiana, United States"
http://www.wikidata.org/entity/Q7398302,Saenger Theatre,Point(-90.072844 29.955797),,https://us.atgtickets.com/venues/saenger-theatre/,"theater in New Orleans, Louisiana, United States"
http://www.wikidata.org/entity/Q7398302,Saenger Theatre,Point(-90.072844 29.955797),,https://us.atgtickets.com/venues/saenger-theatre/,"theater in New Orleans, Louisiana, United States"
http://www.wikidata.org/entity/Q7398302,Saenger Theatre,Point(-90.072844 29.955797),,https://us.atgtickets.com/venues/saenger-theatre/,"theater in New Orleans, Louisiana, United States"
http://www.wikidata.org/entity/Q7398302,Saenger Theatre,Point(-90.072844 29.955797),,https://us.atgtickets.com/venues/saenger-theatre/,"theater in New Orleans, Louisiana, United States"
http://www.wikidata.org/entity/Q7398302,Saenger Theatre,Point(-90.072844 29.955797),,https://us.atgtickets.com/venues/saenger-theatre/,"theater in New Orleans, Louisiana, United States"
http://www.wikidata.org/entity/Q7398302,Saenger Theatre,Point(-90.072844 29.955797),,https://us.atgtickets.com/venues/saenger-theatre/,"theater in New Orleans, Louisiana, United States"
http://www.wikidata.org/entity/Q7398302,Saenger Theatre,Point(-90.072844 29.955797),,https://us.atgtickets.com/venues/saenger-theatre/,"theater in New Orleans, Louisiana, United States"
http://www.wikidata.org/entity/Q7398302,Saenger Theatre,Point(-90.072844 29.955797),,https://us.atgtickets.com/venues/saenger-theatre/,"theater in New Orleans, Louisiana, United States"
http://www.wikidata.org/entity/Q7398302,Saenger Theatre,Point(-90.072844 29.955797),,https://us.atgtickets.com/venues/saenger-theatre/,"theater in New Orleans, Louisiana, United States"
http://www.wikidata.org/entity/Q7398302,Saenger Theatre,Point(-90.072844 29.955797),,https://us.atgtickets.com/venues/saenger-theatre/,"theater in New Orleans, Louisiana, United States"
http://www.wikidata.org/entity/Q7398302,Saenger Theatre,Point(-90.072844 29.955797),,https://us.atgtickets.com/venues/saenger-theatre/,"theater in New Orleans, Louisiana, United States"
http://www.wikidata.org/entity/Q7398302,Saenger Theatre,Point(-90.072844 29.955797),,https://us.atgtickets.com/venues/saenger-theatre/,"theater in New Orleans, Louisiana, United States"
http://www.wikidata.org/entity/Q7398302,Saenger Theatre,Point(-90.072844 29.955797),,https://us.atgtickets.com/venues/saenger-theatre/,"theater in New Orleans, Louisiana, United States"
http://www.wikidata.org/entity/Q7398302,Saenger Theatre,Point(-90.072844 29.955797),,https://us.atgtickets.com/venues/saenger-theatre/,"theater in New Orleans, Louisiana, United States"
http://www.wikidata.org/entity/Q7398302,Saenger Theatre,Point(-90.072844 29.955797),,https://us.atgtickets.com/venues/saenger-theatre/,"theater in New Orleans, Louisiana, United States"
http://www.wikidata.org/entity/Q7398302,Saenger Theatre,Point(-90.072844 29.955797),,https://us.atgtickets.com/venues/saenger-theatre/,"theater in New Orleans, Louisiana, United States"
http://www.wikidata.org/entity/Q7398302,Saenger Theatre,Point(-90.072844 29.955797),,https://us.atgtickets.com/venues/saenger-theatre/,"theater in New Orleans, Louisiana, United States"
http://www.wikidata.org/entity/Q6674383,Longue Vue House and Gardens,Point(-90.123092 29.976753),,https://longuevue.com/,"historic house in Louisiana, United States"
http://www.wikidata.org/entity/Q6674383,Longue Vue House and Gardens,Point(-90.123092 29.976753),,https://longuevue.com/,"historic house in Louisiana, United States"
http://www.wikidata.org/entity/Q6674383,Longue Vue House and Gardens,Point(-90.123092 29.976753),,https://longuevue.com/,"historic house in Louisiana, United States"
http://www.wikidata.org/entity/Q6674383,Longue Vue House and Gardens,Point(-90.123092 29.976753),,https://longuevue.com/,"historic house in Louisiana, United States"
http://www.wikidata.org/entity/Q6689293,Louisiana State Museum,Point(-90.06375 29.95771),lastatemuseum,https://louisianastatemuseum.org/,system of museums and historic sites in the U.S. state of Louisiana
http://www.wikidata.org/entity/Q6732941,Mahalia Jackson Theater of the Performing Arts,Point(-90.06931 29.96312),,http://www.mahaliajacksontheater.com,"theater in New Orleans, Louisiana"
http://www.wikidata.org/entity/Q6732941,Mahalia Jackson Theater of the Performing Arts,Point(-90.06931 29.96312),,http://www.mahaliajacksontheater.com,"theater in New Orleans, Louisiana"
http://www.wikidata.org/entity/Q6732941,Mahalia Jackson Theater of the Performing Arts,Point(-90.06931 29.96312),,http://www.mahaliajacksontheater.com,"theater in New Orleans, Louisiana"
http://www.wikidata.org/entity/Q6732941,Mahalia Jackson Theater of the Performing Arts,Point(-90.06931 29.96312),,http://www.mahaliajacksontheater.com,"theater in New Orleans, Louisiana"
http://www.wikidata.org/entity/Q6732941,Mahalia Jackson Theater of the Performing Arts,Point(-90.06931 29.96312),,http://www.mahaliajacksontheater.com,"theater in New Orleans, Louisiana"
http://www.wikidata.org/entity/Q6732941,Mahalia Jackson Theater of the Performing Arts,Point(-90.06931 29.96312),,http://www.mahaliajacksontheater.com,"theater in New Orleans, Louisiana"
http://www.wikidata.org/entity/Q6732941,Mahalia Jackson Theater of the Performing Arts,Point(-90.06931 29.96312),,http://www.mahaliajacksontheater.com,"theater in New Orleans, Louisiana"
http://www.wikidata.org/entity/Q6732941,Mahalia Jackson Theater of the Performing Arts,Point(-90.06931 29.96312),,http://www.mahaliajacksontheater.com,"theater in New Orleans, Louisiana"
http://www.wikidata.org/entity/Q6732941,Mahalia Jackson Theater of the Performing Arts,Point(-90.06931 29.96312),,http://www.mahaliajacksontheater.com,"theater in New Orleans, Louisiana"
http://www.wikidata.org/entity/Q6732941,Mahalia Jackson Theater of the Performing Arts,Point(-90.06931 29.96312),,http://www.mahaliajacksontheater.com,"theater in New Orleans, Louisiana"
http://www.wikidata.org/entity/Q6732941,Mahalia Jackson Theater of the Performing Arts,Point(-90.06931 29.96312),,http://www.mahaliajacksontheater.com,"theater in New Orleans, Louisiana"
http://www.wikidata.org/entity/Q6732941,Mahalia Jackson Theater of the Performing Arts,Point(-90.06931 29.96312),,http://www.mahaliajacksontheater.com,"theater in New Orleans, Louisiana"
http://www.wikidata.org/entity/Q6732941,Mahalia Jackson Theater of the Performing Arts,Point(-90.06931 29.96312),,http://www.mahaliajacksontheater.com,"theater in New Orleans, Louisiana"
http://www.wikidata.org/entity/Q6732941,Mahalia Jackson Theater of the Performing Arts,Point(-90.06931 29.96312),,http://www.mahaliajacksontheater.com,"theater in New Orleans, Louisiana"
http://www.wikidata.org/entity/Q6732941,Mahalia Jackson Theater of the Performing Arts,Point(-90.06931 29.96312),,http://www.mahaliajacksontheater.com,"theater in New Orleans, Louisiana"
http://www.wikidata.org/entity/Q6732941,Mahalia Jackson Theater of the Performing Arts,Point(-90.06931 29.96312),,http://www.mahaliajacksontheater.com,"theater in New Orleans, Louisiana"
http://www.wikidata.org/entity/Q6732941,Mahalia Jackson Theater of the Performing Arts,Point(-90.06931 29.96312),,http://www.mahaliajacksontheater.com,"theater in New Orleans, Louisiana"
http://www.wikidata.org/entity/Q6732941,Mahalia Jackson Theater of the Performing Arts,Point(-90.06931 29.96312),,http://www.mahaliajacksontheater.com,"theater in New Orleans, Louisiana"
http://www.wikidata.org/entity/Q6732941,Mahalia Jackson Theater of the Performing Arts,Point(-90.06931 29.96312),,http://www.mahaliajacksontheater.com,"theater in New Orleans, Louisiana"
http://www.wikidata.org/entity/Q6732941,Mahalia Jackson Theater of the Performing Arts,Point(-90.06931 29.96312),,http://www.mahaliajacksontheater.com,"theater in New Orleans, Louisiana"
http://www.wikidata.org/entity/Q6732941,Mahalia Jackson Theater of the Performing Arts,Point(-90.06931 29.96312),,http://www.mahaliajacksontheater.com,"theater in New Orleans, Louisiana"
http://www.wikidata.org/entity/Q6732941,Mahalia Jackson Theater of the Performing Arts,Point(-90.06931 29.96312),,http://www.mahaliajacksontheater.com,"theater in New Orleans, Louisiana"
http://www.wikidata.org/entity/Q6732941,Mahalia Jackson Theater of the Performing Arts,Point(-90.06931 29.96312),,http://www.mahaliajacksontheater.com,"theater in New Orleans, Louisiana"
http://www.wikidata.org/entity/Q6732941,Mahalia Jackson Theater of the Performing Arts,Point(-90.06931 29.96312),,http://www.mahaliajacksontheater.com,"theater in New Orleans, Louisiana"
http://www.wikidata.org/entity/Q6732941,Mahalia Jackson Theater of the Performing Arts,Point(-90.06931 29.96312),,http://www.mahaliajacksontheater.com,"theater in New Orleans, Louisiana"
http://www.wikidata.org/entity/Q6732941,Mahalia Jackson Theater of the Performing Arts,Point(-90.06931 29.96312),,http://www.mahaliajacksontheater.com,"theater in New Orleans, Louisiana"
http://www.wikidata.org/entity/Q6732941,Mahalia Jackson Theater of the Performing Arts,Point(-90.06931 29.96312),,http://www.mahaliajacksontheater.com,"theater in New Orleans, Louisiana"
http://www.wikidata.org/entity/Q6732941,Mahalia Jackson Theater of the Performing Arts,Point(-90.06931 29.96312),,http://www.mahaliajacksontheater.com,"theater in New Orleans, Louisiana"
http://www.wikidata.org/entity/Q6732941,Mahalia Jackson Theater of the Performing Arts,Point(-90.06931 29.96312),,http://www.mahaliajacksontheater.com,"theater in New Orleans, Louisiana"
http://www.wikidata.org/entity/Q6732941,Mahalia Jackson Theater of the Performing Arts,Point(-90.06931 29.96312),,http://www.mahaliajacksontheater.com,"theater in New Orleans, Louisiana"
http://www.wikidata.org/entity/Q6753928,Maple Leaf Bar,Point(-90.131986 29.94908),,https://www.mapleleafbar.com/,night club in New Orleans
http://www.wikidata.org/entity/Q6753928,Maple Leaf Bar,Point(-90.131986 29.94908),,https://www.mapleleafbar.com/,night club in New Orleans
http://www.wikidata.org/entity/Q6753928,Maple Leaf Bar,Point(-90.131986 29.94908),,https://www.mapleleafbar.com/,night club in New Orleans
http://www.wikidata.org/entity/Q6753928,Maple Leaf Bar,Point(-90.131986 29.94908),,https://www.mapleleafbar.com/,night club in New Orleans
http://www.wikidata.org/entity/Q6753928,Maple Leaf Bar,Point(-90.131986 29.94908),,https://www.mapleleafbar.com/,night club in New Orleans
http://www.wikidata.org/entity/Q6841166,Middendorf's,Point(-90.401111111 30.29),,http://www.middendorfsrestaurant.com,"restaurant in Louisiana, United States"
http://www.wikidata.org/entity/Q6915388,Mosca's,Point(-90.23048 29.911929),,http://www.moscasrestaurant.com,"restaurant in Louisiana, United States"
http://www.wikidata.org/entity/Q7010684,New Orleans African American Museum,Point(-90.067967 29.966512),,https://www.noaam.org/,"history and culture museum in New Orleans, Louisiana"
http://www.wikidata.org/entity/Q7010684,New Orleans African American Museum,Point(-90.067967 29.966512),,https://www.noaam.org/,"history and culture museum in New Orleans, Louisiana"
http://www.wikidata.org/entity/Q7010684,New Orleans African American Museum,Point(-90.067967 29.966512),,https://www.noaam.org/,"history and culture museum in New Orleans, Louisiana"
http://www.wikidata.org/entity/Q7010684,New Orleans African American Museum,Point(-90.067967 29.966512),,https://www.noaam.org/,"history and culture museum in New Orleans, Louisiana"
http://www.wikidata.org/entity/Q7010698,New Orleans Botanical Garden,Point(-90.0969 29.9874),,,"botanical garden in City Park, New Orleans, Louisiana"
http://www.wikidata.org/entity/Q7010698,New Orleans Botanical Garden,Point(-90.0969 29.9874),,,"botanical garden in City Park, New Orleans, Louisiana"
http://www.wikidata.org/entity/Q7010698,New Orleans Botanical Garden,Point(-90.0969 29.9874),,,"botanical garden in City Park, New Orleans, Louisiana"
http://www.wikidata.org/entity/Q7010698,New Orleans Botanical Garden,Point(-90.0969 29.9874),,,"botanical garden in City Park, New Orleans, Louisiana"
http://www.wikidata.org/entity/Q7010698,New Orleans Botanical Garden,Point(-90.0969 29.9874),,,"botanical garden in City Park, New Orleans, Louisiana"
http://www.wikidata.org/entity/Q7010698,New Orleans Botanical Garden,Point(-90.0969 29.9874),,,"botanical garden in City Park, New Orleans, Louisiana"
http://www.wikidata.org/entity/Q7010698,New Orleans Botanical Garden,Point(-90.0969 29.9874),,,"botanical garden in City Park, New Orleans, Louisiana"
http://www.wikidata.org/entity/Q7010698,New Orleans Botanical Garden,Point(-90.0969 29.9874),,,"botanical garden in City Park, New Orleans, Louisiana"
http://www.wikidata.org/entity/Q7010698,New Orleans Botanical Garden,Point(-90.0969 29.9874),,,"botanical garden in City Park, New Orleans, Louisiana"
http://www.wikidata.org/entity/Q7010698,New Orleans Botanical Garden,Point(-90.0969 29.9874),,,"botanical garden in City Park, New Orleans, Louisiana"
http://www.wikidata.org/entity/Q7103963,Orpheum Theater,Point(-90.0725 29.954444),,,"theater and movie theater in New Orleans, Louisiana, United States"
http://www.wikidata.org/entity/Q7103963,Orpheum Theater,Point(-90.0725 29.954444),,,"theater and movie theater in New Orleans, Louisiana, United States"
http://www.wikidata.org/entity/Q7103963,Orpheum Theater,Point(-90.0725 29.954444),,,"theater and movie theater in New Orleans, Louisiana, United States"
http://www.wikidata.org/entity/Q7103963,Orpheum Theater,Point(-90.0725 29.954444),,,"theater and movie theater in New Orleans, Louisiana, United States"
http://www.wikidata.org/entity/Q7103963,Orpheum Theater,Point(-90.0725 29.954444),,,"theater and movie theater in New Orleans, Louisiana, United States"
http://www.wikidata.org/entity/Q7103963,Orpheum Theater,Point(-90.0725 29.954444),,,"theater and movie theater in New Orleans, Louisiana, United States"
http://www.wikidata.org/entity/Q7103963,Orpheum Theater,Point(-90.0725 29.954444),,,"theater and movie theater in New Orleans, Louisiana, United States"
http://www.wikidata.org/entity/Q7103963,Orpheum Theater,Point(-90.0725 29.954444),,,"theater and movie theater in New Orleans, Louisiana, United States"
http://www.wikidata.org/entity/Q7103963,Orpheum Theater,Point(-90.0725 29.954444),,,"theater and movie theater in New Orleans, Louisiana, United States"
http://www.wikidata.org/entity/Q7103963,Orpheum Theater,Point(-90.0725 29.954444),,,"theater and movie theater in New Orleans, Louisiana, United States"
http://www.wikidata.org/entity/Q7103963,Orpheum Theater,Point(-90.0725 29.954444),,,"theater and movie theater in New Orleans, Louisiana, United States"
http://www.wikidata.org/entity/Q7103963,Orpheum Theater,Point(-90.0725 29.954444),,,"theater and movie theater in New Orleans, Louisiana, United States"
http://www.wikidata.org/entity/Q7103963,Orpheum Theater,Point(-90.0725 29.954444),,,"theater and movie theater in New Orleans, Louisiana, United States"
http://www.wikidata.org/entity/Q7103963,Orpheum Theater,Point(-90.0725 29.954444),,,"theater and movie theater in New Orleans, Louisiana, United States"
http://www.wikidata.org/entity/Q7103963,Orpheum Theater,Point(-90.0725 29.954444),,,"theater and movie theater in New Orleans, Louisiana, United States"
http://www.wikidata.org/entity/Q7103963,Orpheum Theater,Point(-90.0725 29.954444),,,"theater and movie theater in New Orleans, Louisiana, United States"
http://www.wikidata.org/entity/Q7103963,Orpheum Theater,Point(-90.0725 29.954444),,,"theater and movie theater in New Orleans, Louisiana, United States"
http://www.wikidata.org/entity/Q7103963,Orpheum Theater,Point(-90.0725 29.954444),,,"theater and movie theater in New Orleans, Louisiana, United States"
http://www.wikidata.org/entity/Q7103963,Orpheum Theater,Point(-90.0725 29.954444),,,"theater and movie theater in New Orleans, Louisiana, United States"
http://www.wikidata.org/entity/Q7103963,Orpheum Theater,Point(-90.0725 29.954444),,,"theater and movie theater in New Orleans, Louisiana, United States"
http://www.wikidata.org/entity/Q7103963,Orpheum Theater,Point(-90.0725 29.954444),,,"theater and movie theater in New Orleans, Louisiana, United States"
http://www.wikidata.org/entity/Q7103963,Orpheum Theater,Point(-90.0725 29.954444),,,"theater and movie theater in New Orleans, Louisiana, United States"
http://www.wikidata.org/entity/Q7103963,Orpheum Theater,Point(-90.0725 29.954444),,,"theater and movie theater in New Orleans, Louisiana, United States"
http://www.wikidata.org/entity/Q7103963,Orpheum Theater,Point(-90.0725 29.954444),,,"theater and movie theater in New Orleans, Louisiana, United States"
http://www.wikidata.org/entity/Q7103963,Orpheum Theater,Point(-90.0725 29.954444),,,"theater and movie theater in New Orleans, Louisiana, United States"
http://www.wikidata.org/entity/Q7103963,Orpheum Theater,Point(-90.0725 29.954444),,,"theater and movie theater in New Orleans, Louisiana, United States"
http://www.wikidata.org/entity/Q7103963,Orpheum Theater,Point(-90.0725 29.954444),,,"theater and movie theater in New Orleans, Louisiana, United States"
http://www.wikidata.org/entity/Q7103963,Orpheum Theater,Point(-90.0725 29.954444),,,"theater and movie theater in New Orleans, Louisiana, United States"
http://www.wikidata.org/entity/Q7103963,Orpheum Theater,Point(-90.0725 29.954444),,,"theater and movie theater in New Orleans, Louisiana, United States"
http://www.wikidata.org/entity/Q7103963,Orpheum Theater,Point(-90.0725 29.954444),,,"theater and movie theater in New Orleans, Louisiana, United States"
http://www.wikidata.org/entity/Q7103963,Orpheum Theater,Point(-90.0725 29.954444),,,"theater and movie theater in New Orleans, Louisiana, United States"
http://www.wikidata.org/entity/Q7103963,Orpheum Theater,Point(-90.0725 29.954444),,,"theater and movie theater in New Orleans, Louisiana, United States"
http://www.wikidata.org/entity/Q7103963,Orpheum Theater,Point(-90.0725 29.954444),,,"theater and movie theater in New Orleans, Louisiana, United States"
http://www.wikidata.org/entity/Q7103963,Orpheum Theater,Point(-90.0725 29.954444),,,"theater and movie theater in New Orleans, Louisiana, United States"
http://www.wikidata.org/entity/Q7103963,Orpheum Theater,Point(-90.0725 29.954444),,,"theater and movie theater in New Orleans, Louisiana, United States"
http://www.wikidata.org/entity/Q7103963,Orpheum Theater,Point(-90.0725 29.954444),,,"theater and movie theater in New Orleans, Louisiana, United States"
http://www.wikidata.org/entity/Q7103963,Orpheum Theater,Point(-90.0725 29.954444),,,"theater and movie theater in New Orleans, Louisiana, United States"
http://www.wikidata.org/entity/Q7103963,Orpheum Theater,Point(-90.0725 29.954444),,,"theater and movie theater in New Orleans, Louisiana, United States"
http://www.wikidata.org/entity/Q7103963,Orpheum Theater,Point(-90.0725 29.954444),,,"theater and movie theater in New Orleans, Louisiana, United States"
http://www.wikidata.org/entity/Q7103963,Orpheum Theater,Point(-90.0725 29.954444),,,"theater and movie theater in New Orleans, Louisiana, United States"
http://www.wikidata.org/entity/Q7103963,Orpheum Theater,Point(-90.0725 29.954444),,,"theater and movie theater in New Orleans, Louisiana, United States"
http://www.wikidata.org/entity/Q7103963,Orpheum Theater,Point(-90.0725 29.954444),,,"theater and movie theater in New Orleans, Louisiana, United States"
http://www.wikidata.org/entity/Q7103963,Orpheum Theater,Point(-90.0725 29.954444),,,"theater and movie theater in New Orleans, Louisiana, United States"
http://www.wikidata.org/entity/Q7103963,Orpheum Theater,Point(-90.0725 29.954444),,,"theater and movie theater in New Orleans, Louisiana, United States"
http://www.wikidata.org/entity/Q49564227,Spanish Plaza,Point(-90.063055555 29.948888888),,,park in the United States of America
http://www.wikidata.org/entity/Q49565137,Stallings Playground,Point(-90.076944444 29.98),,,"park in Orleans Parish, Louisiana, United States of America"
http://www.wikidata.org/entity/Q49568157,Susan Park,Point(-90.262777777 30.006944444),,,park in the United States of America
http://www.wikidata.org/entity/Q49568620,Sydney D Torres Memorial Park,Point(-89.980555555 29.957777777),,,"park in St. Bernard Parish, Louisiana, United States of America"
http://www.wikidata.org/entity/Q49569303,Taylor Park,Point(-90.094722222 29.944444444),,,"park in Orleans Parish, Louisiana, United States of America"
http://www.wikidata.org/entity/Q49570218,Thomas Jefferson Park,Point(-90.236111111 29.955555555),,,park in Louisiana
http://www.wikidata.org/entity/Q49570639,Tiara Park,Point(-90.106666666 30.020277777),,,"park in Orleans Parish, Louisiana, United States of America"
http://www.wikidata.org/entity/Q49571383,Tourmaline Park,Point(-90.101944444 30.0225),,,"park in Orleans Parish, Louisiana, United States of America"
http://www.wikidata.org/entity/Q49574023,Valreiss Park,Point(-89.945833333 29.953055555),,,park in the United States of America
http://www.wikidata.org/entity/Q49576952,Washington Artillery Park,Point(-90.062222222 29.957222222),,,"park in Orleans Parish, Louisiana, United States of America"
http://www.wikidata.org/entity/Q49577309,Washington Square,Point(-90.057222222 29.965),,,"park in Orleans Parish, Louisiana, United States of America"
http://www.wikidata.org/entity/Q49578382,Wentwood Park,Point(-90.274722222 30.013055555),,,"park in Jefferson Parish, Louisiana, United States of America"
http://www.wikidata.org/entity/Q49578401,Werner Playground,Point(-89.993888888 30.018333333),,,park in the United States of America
http://www.wikidata.org/entity/Q49578614,West End Park,Point(-90.116666666 30.025277777),,,"park in Orleans Parish, Louisiana, United States of America"
http://www.wikidata.org/entity/Q49579578,Westwego Park,Point(-90.146666666 29.901666666),,,park in the United States of America
http://www.wikidata.org/entity/Q49582703,Woodlake Park,Point(-90.276666666 30.021666666),,,"park in Jefferson Parish, United States of America"
http://www.wikidata.org/entity/Q49582871,Woodlawn West Park,Point(-90.057777777 29.869166666),,,park in the United States of America
http://www.wikidata.org/entity/Q49582900,Woodmere Park,Point(-90.084166666 29.8675),,,park in the United States of America
http://www.wikidata.org/entity/Q49583930,Zephyr Park,Point(-90.088055555 30.025),,,"park in Orleans Parish, Louisiana, United States of America"
http://www.wikidata.org/entity/Q65119724,Willie Mae’s Scotch House,Point(-90.078889 29.969167),,https://williemaesnola.com/,"Restaurant in New Orleans, Louisiana, U.S."
http://www.wikidata.org/entity/Q65121278,Peche Seafood Grill,Point(-90.0691 29.9452),,,"restaurant in Louisiana, USA"
http://www.wikidata.org/entity/Q88292087,Zeitgeist Theatre and Lounge,Point(-90.00486 29.95804),,https://www.zeitgeistnola.org/,"arts venue and movie theater in Arabi, Louisiana"
http://www.wikidata.org/entity/Q88292087,Zeitgeist Theatre and Lounge,Point(-90.00486 29.95804),,https://www.zeitgeistnola.org/,"arts venue and movie theater in Arabi, Louisiana"
http://www.wikidata.org/entity/Q88292087,Zeitgeist Theatre and Lounge,Point(-90.00486 29.95804),,https://www.zeitgeistnola.org/,"arts venue and movie theater in Arabi, Louisiana"
http://www.wikidata.org/entity/Q88292087,Zeitgeist Theatre and Lounge,Point(-90.00486 29.95804),,https://www.zeitgeistnola.org/,"arts venue and movie theater in Arabi, Louisiana"
http://www.wikidata.org/entity/Q88292087,Zeitgeist Theatre and Lounge,Point(-90.00486 29.95804),,https://www.zeitgeistnola.org/,"arts venue and movie theater in Arabi, Louisiana"
http://www.wikidata.org/entity/Q88292087,Zeitgeist Theatre and Lounge,Point(-90.00486 29.95804),,https://www.zeitgeistnola.org/,"arts venue and movie theater in Arabi, Louisiana"
http://www.wikidata.org/entity/Q88292087,Zeitgeist Theatre and Lounge,Point(-90.00486 29.95804),,https://www.zeitgeistnola.org/,"arts venue and movie theater in Arabi, Louisiana"
http://www.wikidata.org/entity/Q88292087,Zeitgeist Theatre and Lounge,Point(-90.00486 29.95804),,https://www.zeitgeistnola.org/,"arts venue and movie theater in Arabi, Louisiana"
http://www.wikidata.org/entity/Q88292087,Zeitgeist Theatre and Lounge,Point(-90.00486 29.95804),,https://www.zeitgeistnola.org/,"arts venue and movie theater in Arabi, Louisiana"
http://www.wikidata.org/entity/Q88292087,Zeitgeist Theatre and Lounge,Point(-90.00486 29.95804),,https://www.zeitgeistnola.org/,"arts venue and movie theater in Arabi, Louisiana"
http://www.wikidata.org/entity/Q88292087,Zeitgeist Theatre and Lounge,Point(-90.00486 29.95804),,https://www.zeitgeistnola.org/,"arts venue and movie theater in Arabi, Louisiana"
http://www.wikidata.org/entity/Q88292087,Zeitgeist Theatre and Lounge,Point(-90.00486 29.95804),,https://www.zeitgeistnola.org/,"arts venue and movie theater in Arabi, Louisiana"
http://www.wikidata.org/entity/Q88292087,Zeitgeist Theatre and Lounge,Point(-90.00486 29.95804),,https://www.zeitgeistnola.org/,"arts venue and movie theater in Arabi, Louisiana"
http://www.wikidata.org/entity/Q88292087,Zeitgeist Theatre and Lounge,Point(-90.00486 29.95804),,https://www.zeitgeistnola.org/,"arts venue and movie theater in Arabi, Louisiana"
http://www.wikidata.org/entity/Q88292087,Zeitgeist Theatre and Lounge,Point(-90.00486 29.95804),,https://www.zeitgeistnola.org/,"arts venue and movie theater in Arabi, Louisiana"
http://www.wikidata.org/entity/Q88292087,Zeitgeist Theatre and Lounge,Point(-90.00486 29.95804),,https://www.zeitgeistnola.org/,"arts venue and movie theater in Arabi, Louisiana"
http://www.wikidata.org/entity/Q88292087,Zeitgeist Theatre and Lounge,Point(-90.00486 29.95804),,https://www.zeitgeistnola.org/,"arts venue and movie theater in Arabi, Louisiana"
http://www.wikidata.org/entity/Q88292087,Zeitgeist Theatre and Lounge,Point(-90.00486 29.95804),,https://www.zeitgeistnola.org/,"arts venue and movie theater in Arabi, Louisiana"
http://www.wikidata.org/entity/Q88292087,Zeitgeist Theatre and Lounge,Point(-90.00486 29.95804),,https://www.zeitgeistnola.org/,"arts venue and movie theater in Arabi, Louisiana"
http://www.wikidata.org/entity/Q88292087,Zeitgeist Theatre and Lounge,Point(-90.00486 29.95804),,https://www.zeitgeistnola.org/,"arts venue and movie theater in Arabi, Louisiana"
http://www.wikidata.org/entity/Q88292087,Zeitgeist Theatre and Lounge,Point(-90.00486 29.95804),,https://www.zeitgeistnola.org/,"arts venue and movie theater in Arabi, Louisiana"
http://www.wikidata.org/entity/Q88292087,Zeitgeist Theatre and Lounge,Point(-90.00486 29.95804),,https://www.zeitgeistnola.org/,"arts venue and movie theater in Arabi, Louisiana"
http://www.wikidata.org/entity/Q88292087,Zeitgeist Theatre and Lounge,Point(-90.00486 29.95804),,https://www.zeitgeistnola.org/,"arts venue and movie theater in Arabi, Louisiana"
http://www.wikidata.org/entity/Q88292087,Zeitgeist Theatre and Lounge,Point(-90.00486 29.95804),,https://www.zeitgeistnola.org/,"arts venue and movie theater in Arabi, Louisiana"
http://www.wikidata.org/entity/Q88292087,Zeitgeist Theatre and Lounge,Point(-90.00486 29.95804),,https://www.zeitgeistnola.org/,"arts venue and movie theater in Arabi, Louisiana"
http://www.wikidata.org/entity/Q88292087,Zeitgeist Theatre and Lounge,Point(-90.00486 29.95804),,https://www.zeitgeistnola.org/,"arts venue and movie theater in Arabi, Louisiana"
http://www.wikidata.org/entity/Q88292087,Zeitgeist Theatre and Lounge,Point(-90.00486 29.95804),,https://www.zeitgeistnola.org/,"arts venue and movie theater in Arabi, Louisiana"
http://www.wikidata.org/entity/Q88292087,Zeitgeist Theatre and Lounge,Point(-90.00486 29.95804),,https://www.zeitgeistnola.org/,"arts venue and movie theater in Arabi, Louisiana"
http://www.wikidata.org/entity/Q88292087,Zeitgeist Theatre and Lounge,Point(-90.00486 29.95804),,https://www.zeitgeistnola.org/,"arts venue and movie theater in Arabi, Louisiana"
http://www.wikidata.org/entity/Q88292087,Zeitgeist Theatre and Lounge,Point(-90.00486 29.95804),,https://www.zeitgeistnola.org/,"arts venue and movie theater in Arabi, Louisiana"
http://www.wikidata.org/entity/Q93929789,Bakery Bar,Point(-90.068692 29.938902),bakerybarnola,http://bakery.bar/,"restaurant in New Orleans, Louisiana"
http://www.wikidata.org/entity/Q93929789,Bakery Bar,Point(-90.068692 29.938902),bakerybarnola,http://bakery.bar/,"restaurant in New Orleans, Louisiana"
http://www.wikidata.org/entity/Q93932210,Breads On Oak,Point(-90.134927 29.95104),,https://breadsonoak.com/,"bakery in New Orleans, Louisiana"
http://www.wikidata.org/entity/Q94210206,The Gumbo Shop,Point(-90.064529 29.957716),,http://www.gumboshop.com/,"restaurant in New Orleans, Louisiana"
http://www.wikidata.org/entity/Q94920407,Tacos & Beer,Point(-90.076114 29.937751),,,"restaurant in New Orleans, Louisiana"
http://www.wikidata.org/entity/Q95971993,NOLA,Point(-90.065074 29.955558),,https://emerilsrestaurants.com/nola/,"restaurant in New Orleans, Louisiana"
http://www.wikidata.org/entity/Q102397692,Tulane Theatre and Crescent Theatre,Point(-90.07109 29.95348),,,"former complex of two adjacent theatres in downtown New Orleans, Louisiana, United States"
http://www.wikidata.org/entity/Q102397692,Tulane Theatre and Crescent Theatre,Point(-90.07109 29.95348),,,"former complex of two adjacent theatres in downtown New Orleans, Louisiana, United States"
http://www.wikidata.org/entity/Q102397692,Tulane Theatre and Crescent Theatre,Point(-90.07109 29.95348),,,"former complex of two adjacent theatres in downtown New Orleans, Louisiana, United States"
http://www.wikidata.org/entity/Q102397692,Tulane Theatre and Crescent Theatre,Point(-90.07109 29.95348),,,"former complex of two adjacent theatres in downtown New Orleans, Louisiana, United States"
http://www.wikidata.org/entity/Q102397692,Tulane Theatre and Crescent Theatre,Point(-90.07109 29.95348),,,"former complex of two adjacent theatres in downtown New Orleans, Louisiana, United States"
http://www.wikidata.org/entity/Q102397692,Tulane Theatre and Crescent Theatre,Point(-90.07109 29.95348),,,"former complex of two adjacent theatres in downtown New Orleans, Louisiana, United States"
http://www.wikidata.org/entity/Q102397692,Tulane Theatre and Crescent Theatre,Point(-90.07109 29.95348),,,"former complex of two adjacent theatres in downtown New Orleans, Louisiana, United States"
http://www.wikidata.org/entity/Q102397692,Tulane Theatre and Crescent Theatre,Point(-90.07109 29.95348),,,"former complex of two adjacent theatres in downtown New Orleans, Louisiana, United States"
http://www.wikidata.org/entity/Q102397692,Tulane Theatre and Crescent Theatre,Point(-90.07109 29.95348),,,"former complex of two adjacent theatres in downtown New Orleans, Louisiana, United States"
http://www.wikidata.org/entity/Q102397692,Tulane Theatre and Crescent Theatre,Point(-90.07109 29.95348),,,"former complex of two adjacent theatres in downtown New Orleans, Louisiana, United States"
http://www.wikidata.org/entity/Q102397692,Tulane Theatre and Crescent Theatre,Point(-90.07109 29.95348),,,"former complex of two adjacent theatres in downtown New Orleans, Louisiana, United States"
http://www.wikidata.org/entity/Q102397692,Tulane Theatre and Crescent Theatre,Point(-90.07109 29.95348),,,"former complex of two adjacent theatres in downtown New Orleans, Louisiana, United States"
http://www.wikidata.org/entity/Q102397692,Tulane Theatre and Crescent Theatre,Point(-90.07109 29.95348),,,"former complex of two adjacent theatres in downtown New Orleans, Louisiana, United States"
http://www.wikidata.org/entity/Q102397692,Tulane Theatre and Crescent Theatre,Point(-90.07109 29.95348),,,"former complex of two adjacent theatres in downtown New Orleans, Louisiana, United States"
http://www.wikidata.org/entity/Q102397692,Tulane Theatre and Crescent Theatre,Point(-90.07109 29.95348),,,"former complex of two adjacent theatres in downtown New Orleans, Louisiana, United States"
http://www.wikidata.org/entity/Q102397692,Tulane Theatre and Crescent Theatre,Point(-90.07109 29.95348),,,"former complex of two adjacent theatres in downtown New Orleans, Louisiana, United States"
http://www.wikidata.org/entity/Q102397692,Tulane Theatre and Crescent Theatre,Point(-90.07109 29.95348),,,"former complex of two adjacent theatres in downtown New Orleans, Louisiana, United States"
http://www.wikidata.org/entity/Q102397692,Tulane Theatre and Crescent Theatre,Point(-90.07109 29.95348),,,"former complex of two adjacent theatres in downtown New Orleans, Louisiana, United States"
http://www.wikidata.org/entity/Q102397692,Tulane Theatre and Crescent Theatre,Point(-90.07109 29.95348),,,"former complex of two adjacent theatres in downtown New Orleans, Louisiana, United States"
http://www.wikidata.org/entity/Q102397692,Tulane Theatre and Crescent Theatre,Point(-90.07109 29.95348),,,"former complex of two adjacent theatres in downtown New Orleans, Louisiana, United States"
http://www.wikidata.org/entity/Q102397692,Tulane Theatre and Crescent Theatre,Point(-90.07109 29.95348),,,"former complex of two adjacent theatres in downtown New Orleans, Louisiana, United States"
http://www.wikidata.org/entity/Q102397692,Tulane Theatre and Crescent Theatre,Point(-90.07109 29.95348),,,"former complex of two adjacent theatres in downtown New Orleans, Louisiana, United States"
http://www.wikidata.org/entity/Q102397692,Tulane Theatre and Crescent Theatre,Point(-90.07109 29.95348),,,"former complex of two adjacent theatres in downtown New Orleans, Louisiana, United States"
http://www.wikidata.org/entity/Q102397692,Tulane Theatre and Crescent Theatre,Point(-90.07109 29.95348),,,"former complex of two adjacent theatres in downtown New Orleans, Louisiana, United States"
http://www.wikidata.org/entity/Q102397692,Tulane Theatre and Crescent Theatre,Point(-90.07109 29.95348),,,"former complex of two adjacent theatres in downtown New Orleans, Louisiana, United States"
http://www.wikidata.org/entity/Q102397692,Tulane Theatre and Crescent Theatre,Point(-90.07109 29.95348),,,"former complex of two adjacent theatres in downtown New Orleans, Louisiana, United States"
http://www.wikidata.org/entity/Q104157096,Al Hirt's Club,Point(-90.067068691 29.957205038),,,"former nightclub in New Orleans, Louisiana, United States"
http://www.wikidata.org/entity/Q104157096,Al Hirt's Club,Point(-90.067068691 29.957205038),,,"former nightclub in New Orleans, Louisiana, United States"
http://www.wikidata.org/entity/Q104157096,Al Hirt's Club,Point(-90.067068691 29.957205038),,,"former nightclub in New Orleans, Louisiana, United States"
http://www.wikidata.org/entity/Q104157096,Al Hirt's Club,Point(-90.067068691 29.957205038),,,"former nightclub in New Orleans, Louisiana, United States"
http://www.wikidata.org/entity/Q104157096,Al Hirt's Club,Point(-90.067068691 29.957205038),,,"former nightclub in New Orleans, Louisiana, United States"
http://www.wikidata.org/entity/Q104157096,Al Hirt's Club,Point(-90.067068691 29.957205038),,,"former nightclub in New Orleans, Louisiana, United States"
http://www.wikidata.org/entity/Q104157096,Al Hirt's Club,Point(-90.067068691 29.957205038),,,"former nightclub in New Orleans, Louisiana, United States"
http://www.wikidata.org/entity/Q104157096,Al Hirt's Club,Point(-90.067068691 29.957205038),,,"former nightclub in New Orleans, Louisiana, United States"
http://www.wikidata.org/entity/Q104157096,Al Hirt's Club,Point(-90.067068691 29.957205038),,,"former nightclub in New Orleans, Louisiana, United States"
http://www.wikidata.org/entity/Q108497311,Buffa's Lounge,Point(-90.0625485 29.9654359),,http://buffasrestaurant.com/,restaurant in New Orleans
http://www.wikidata.org/entity/Q111507993,New Orleans Musical Legends Park,Point(-90.068477617 29.956113232),,http://neworleansmusicallegends.com/,"Outdoor venue in New Orleans, Louisiana, United States, that commemorates certain local entertainers and provides free outdoor musical performances."
http://www.wikidata.org/entity/Q111507993,New Orleans Musical Legends Park,Point(-90.068477617 29.956113232),,http://neworleansmusicallegends.com/,"Outdoor venue in New Orleans, Louisiana, United States, that commemorates certain local entertainers and provides free outdoor musical performances."
http://www.wikidata.org/entity/Q111507993,New Orleans Musical Legends Park,Point(-90.068477617 29.956113232),,http://neworleansmusicallegends.com/,"Outdoor venue in New Orleans, Louisiana, United States, that commemorates certain local entertainers and provides free outdoor musical performances."
http://www.wikidata.org/entity/Q111507993,New Orleans Musical Legends Park,Point(-90.068477617 29.956113232),,http://neworleansmusicallegends.com/,"Outdoor venue in New Orleans, Louisiana, United States, that commemorates certain local entertainers and provides free outdoor musical performances."
http://www.wikidata.org/entity/Q112210826,Joe Brown Park,Point(-89.966935661 30.029701577),,,Park in New Orleans
http://www.wikidata.org/entity/Q113676605,1811 Kid Ory Historic House,Point(-90.482777777 30.060833333),,,"museum in LaPlace, Louisiana"
http://www.wikidata.org/entity/Q115802173,Dooky Chase’s Restaurant,Point(-90.0785 29.96821),,,New Orleans Restaurant
http://www.wikidata.org/entity/Q20708699,Civic Theatre,Point(-90.07421 29.94953),,http://www.civicnola.com,"theater in New Orleans, Louisiana"
http://www.wikidata.org/entity/Q20708699,Civic Theatre,Point(-90.07421 29.94953),,http://www.civicnola.com,"theater in New Orleans, Louisiana"
http://www.wikidata.org/entity/Q20708699,Civic Theatre,Point(-90.07421 29.94953),,http://www.civicnola.com,"theater in New Orleans, Louisiana"
http://www.wikidata.org/entity/Q20708699,Civic Theatre,Point(-90.07421 29.94953),,http://www.civicnola.com,"theater in New Orleans, Louisiana"
http://www.wikidata.org/entity/Q20708699,Civic Theatre,Point(-90.07421 29.94953),,http://www.civicnola.com,"theater in New Orleans, Louisiana"
http://www.wikidata.org/entity/Q20708699,Civic Theatre,Point(-90.07421 29.94953),,http://www.civicnola.com,"theater in New Orleans, Louisiana"
http://www.wikidata.org/entity/Q20708699,Civic Theatre,Point(-90.07421 29.94953),,http://www.civicnola.com,"theater in New Orleans, Louisiana"
http://www.wikidata.org/entity/Q20708699,Civic Theatre,Point(-90.07421 29.94953),,http://www.civicnola.com,"theater in New Orleans, Louisiana"
http://www.wikidata.org/entity/Q20708699,Civic Theatre,Point(-90.07421 29.94953),,http://www.civicnola.com,"theater in New Orleans, Louisiana"
http://www.wikidata.org/entity/Q20708699,Civic Theatre,Point(-90.07421 29.94953),,http://www.civicnola.com,"theater in New Orleans, Louisiana"
http://www.wikidata.org/entity/Q20708699,Civic Theatre,Point(-90.07421 29.94953),,http://www.civicnola.com,"theater in New Orleans, Louisiana"
http://www.wikidata.org/entity/Q20708699,Civic Theatre,Point(-90.07421 29.94953),,http://www.civicnola.com,"theater in New Orleans, Louisiana"
http://www.wikidata.org/entity/Q20708699,Civic Theatre,Point(-90.07421 29.94953),,http://www.civicnola.com,"theater in New Orleans, Louisiana"
http://www.wikidata.org/entity/Q20708699,Civic Theatre,Point(-90.07421 29.94953),,http://www.civicnola.com,"theater in New Orleans, Louisiana"
http://www.wikidata.org/entity/Q20708699,Civic Theatre,Point(-90.07421 29.94953),,http://www.civicnola.com,"theater in New Orleans, Louisiana"
http://www.wikidata.org/entity/Q20709280,Jefferson Performing Arts Center,Point(-90.20367 29.97628),,http://jeffersonpac.com/,"theater in LaSalle Park in Metairie, Louisiana, United States"
http://www.wikidata.org/entity/Q20709280,Jefferson Performing Arts Center,Point(-90.20367 29.97628),,http://jeffersonpac.com/,"theater in LaSalle Park in Metairie, Louisiana, United States"
http://www.wikidata.org/entity/Q20709280,Jefferson Performing Arts Center,Point(-90.20367 29.97628),,http://jeffersonpac.com/,"theater in LaSalle Park in Metairie, Louisiana, United States"
http://www.wikidata.org/entity/Q20709280,Jefferson Performing Arts Center,Point(-90.20367 29.97628),,http://jeffersonpac.com/,"theater in LaSalle Park in Metairie, Louisiana, United States"
http://www.wikidata.org/entity/Q20709280,Jefferson Performing Arts Center,Point(-90.20367 29.97628),,http://jeffersonpac.com/,"theater in LaSalle Park in Metairie, Louisiana, United States"
http://www.wikidata.org/entity/Q20709280,Jefferson Performing Arts Center,Point(-90.20367 29.97628),,http://jeffersonpac.com/,"theater in LaSalle Park in Metairie, Louisiana, United States"
http://www.wikidata.org/entity/Q20709280,Jefferson Performing Arts Center,Point(-90.20367 29.97628),,http://jeffersonpac.com/,"theater in LaSalle Park in Metairie, Louisiana, United States"
http://www.wikidata.org/entity/Q20709280,Jefferson Performing Arts Center,Point(-90.20367 29.97628),,http://jeffersonpac.com/,"theater in LaSalle Park in Metairie, Louisiana, United States"
http://www.wikidata.org/entity/Q20709280,Jefferson Performing Arts Center,Point(-90.20367 29.97628),,http://jeffersonpac.com/,"theater in LaSalle Park in Metairie, Louisiana, United States"
http://www.wikidata.org/entity/Q20709280,Jefferson Performing Arts Center,Point(-90.20367 29.97628),,http://jeffersonpac.com/,"theater in LaSalle Park in Metairie, Louisiana, United States"
http://www.wikidata.org/entity/Q20709280,Jefferson Performing Arts Center,Point(-90.20367 29.97628),,http://jeffersonpac.com/,"theater in LaSalle Park in Metairie, Louisiana, United States"
http://www.wikidata.org/entity/Q20709280,Jefferson Performing Arts Center,Point(-90.20367 29.97628),,http://jeffersonpac.com/,"theater in LaSalle Park in Metairie, Louisiana, United States"
http://www.wikidata.org/entity/Q20709280,Jefferson Performing Arts Center,Point(-90.20367 29.97628),,http://jeffersonpac.com/,"theater in LaSalle Park in Metairie, Louisiana, United States"
http://www.wikidata.org/entity/Q20709280,Jefferson Performing Arts Center,Point(-90.20367 29.97628),,http://jeffersonpac.com/,"theater in LaSalle Park in Metairie, Louisiana, United States"
http://www.wikidata.org/entity/Q20709280,Jefferson Performing Arts Center,Point(-90.20367 29.97628),,http://jeffersonpac.com/,"theater in LaSalle Park in Metairie, Louisiana, United States"
http://www.wikidata.org/entity/Q20709280,Jefferson Performing Arts Center,Point(-90.20367 29.97628),,http://jeffersonpac.com/,"theater in LaSalle Park in Metairie, Louisiana, United States"
http://www.wikidata.org/entity/Q20709280,Jefferson Performing Arts Center,Point(-90.20367 29.97628),,http://jeffersonpac.com/,"theater in LaSalle Park in Metairie, Louisiana, United States"
http://www.wikidata.org/entity/Q20709280,Jefferson Performing Arts Center,Point(-90.20367 29.97628),,http://jeffersonpac.com/,"theater in LaSalle Park in Metairie, Louisiana, United States"
http://www.wikidata.org/entity/Q20709280,Jefferson Performing Arts Center,Point(-90.20367 29.97628),,http://jeffersonpac.com/,"theater in LaSalle Park in Metairie, Louisiana, United States"
http://www.wikidata.org/entity/Q20709280,Jefferson Performing Arts Center,Point(-90.20367 29.97628),,http://jeffersonpac.com/,"theater in LaSalle Park in Metairie, Louisiana, United States"
http://www.wikidata.org/entity/Q20709280,Jefferson Performing Arts Center,Point(-90.20367 29.97628),,http://jeffersonpac.com/,"theater in LaSalle Park in Metairie, Louisiana, United States"
http://www.wikidata.org/entity/Q20709280,Jefferson Performing Arts Center,Point(-90.20367 29.97628),,http://jeffersonpac.com/,"theater in LaSalle Park in Metairie, Louisiana, United States"
http://www.wikidata.org/entity/Q20709280,Jefferson Performing Arts Center,Point(-90.20367 29.97628),,http://jeffersonpac.com/,"theater in LaSalle Park in Metairie, Louisiana, United States"
http://www.wikidata.org/entity/Q20709280,Jefferson Performing Arts Center,Point(-90.20367 29.97628),,http://jeffersonpac.com/,"theater in LaSalle Park in Metairie, Louisiana, United States"
http://www.wikidata.org/entity/Q20709280,Jefferson Performing Arts Center,Point(-90.20367 29.97628),,http://jeffersonpac.com/,"theater in LaSalle Park in Metairie, Louisiana, United States"
http://www.wikidata.org/entity/Q20709280,Jefferson Performing Arts Center,Point(-90.20367 29.97628),,http://jeffersonpac.com/,"theater in LaSalle Park in Metairie, Louisiana, United States"
http://www.wikidata.org/entity/Q20709280,Jefferson Performing Arts Center,Point(-90.20367 29.97628),,http://jeffersonpac.com/,"theater in LaSalle Park in Metairie, Louisiana, United States"
http://www.wikidata.org/entity/Q20709280,Jefferson Performing Arts Center,Point(-90.20367 29.97628),,http://jeffersonpac.com/,"theater in LaSalle Park in Metairie, Louisiana, United States"
http://www.wikidata.org/entity/Q20709280,Jefferson Performing Arts Center,Point(-90.20367 29.97628),,http://jeffersonpac.com/,"theater in LaSalle Park in Metairie, Louisiana, United States"
http://www.wikidata.org/entity/Q20709280,Jefferson Performing Arts Center,Point(-90.20367 29.97628),,http://jeffersonpac.com/,"theater in LaSalle Park in Metairie, Louisiana, United States"
http://www.wikidata.org/entity/Q22059284,Carver Theater,Point(-90.07665 29.96708),,http://www.carvertheater.org,"movie theater in New Orleans, Louisiana, United States"
http://www.wikidata.org/entity/Q22059284,Carver Theater,Point(-90.07665 29.96708),,http://www.carvertheater.org,"movie theater in New Orleans, Louisiana, United States"
http://www.wikidata.org/entity/Q22059284,Carver Theater,Point(-90.07665 29.96708),,http://www.carvertheater.org,"movie theater in New Orleans, Louisiana, United States"
http://www.wikidata.org/entity/Q22059284,Carver Theater,Point(-90.07665 29.96708),,http://www.carvertheater.org,"movie theater in New Orleans, Louisiana, United States"
http://www.wikidata.org/entity/Q22059284,Carver Theater,Point(-90.07665 29.96708),,http://www.carvertheater.org,"movie theater in New Orleans, Louisiana, United States"
http://www.wikidata.org/entity/Q22059284,Carver Theater,Point(-90.07665 29.96708),,http://www.carvertheater.org,"movie theater in New Orleans, Louisiana, United States"
http://www.wikidata.org/entity/Q22059284,Carver Theater,Point(-90.07665 29.96708),,http://www.carvertheater.org,"movie theater in New Orleans, Louisiana, United States"
http://www.wikidata.org/entity/Q22059284,Carver Theater,Point(-90.07665 29.96708),,http://www.carvertheater.org,"movie theater in New Orleans, Louisiana, United States"
http://www.wikidata.org/entity/Q22059284,Carver Theater,Point(-90.07665 29.96708),,http://www.carvertheater.org,"movie theater in New Orleans, Louisiana, United States"
http://www.wikidata.org/entity/Q22059284,Carver Theater,Point(-90.07665 29.96708),,http://www.carvertheater.org,"movie theater in New Orleans, Louisiana, United States"
http://www.wikidata.org/entity/Q22059284,Carver Theater,Point(-90.07665 29.96708),,http://www.carvertheater.org,"movie theater in New Orleans, Louisiana, United States"
http://www.wikidata.org/entity/Q22059284,Carver Theater,Point(-90.07665 29.96708),,http://www.carvertheater.org,"movie theater in New Orleans, Louisiana, United States"
http://www.wikidata.org/entity/Q22059284,Carver Theater,Point(-90.07665 29.96708),,http://www.carvertheater.org,"movie theater in New Orleans, Louisiana, United States"
http://www.wikidata.org/entity/Q22059284,Carver Theater,Point(-90.07665 29.96708),,http://www.carvertheater.org,"movie theater in New Orleans, Louisiana, United States"
http://www.wikidata.org/entity/Q22059284,Carver Theater,Point(-90.07665 29.96708),,http://www.carvertheater.org,"movie theater in New Orleans, Louisiana, United States"
http://www.wikidata.org/entity/Q22059284,Carver Theater,Point(-90.07665 29.96708),,http://www.carvertheater.org,"movie theater in New Orleans, Louisiana, United States"
http://www.wikidata.org/entity/Q22059284,Carver Theater,Point(-90.07665 29.96708),,http://www.carvertheater.org,"movie theater in New Orleans, Louisiana, United States"
http://www.wikidata.org/entity/Q22059284,Carver Theater,Point(-90.07665 29.96708),,http://www.carvertheater.org,"movie theater in New Orleans, Louisiana, United States"
http://www.wikidata.org/entity/Q22059284,Carver Theater,Point(-90.07665 29.96708),,http://www.carvertheater.org,"movie theater in New Orleans, Louisiana, United States"
http://www.wikidata.org/entity/Q22059284,Carver Theater,Point(-90.07665 29.96708),,http://www.carvertheater.org,"movie theater in New Orleans, Louisiana, United States"
http://www.wikidata.org/entity/Q22059284,Carver Theater,Point(-90.07665 29.96708),,http://www.carvertheater.org,"movie theater in New Orleans, Louisiana, United States"
http://www.wikidata.org/entity/Q22059284,Carver Theater,Point(-90.07665 29.96708),,http://www.carvertheater.org,"movie theater in New Orleans, Louisiana, United States"
http://www.wikidata.org/entity/Q22059284,Carver Theater,Point(-90.07665 29.96708),,http://www.carvertheater.org,"movie theater in New Orleans, Louisiana, United States"
http://www.wikidata.org/entity/Q22059284,Carver Theater,Point(-90.07665 29.96708),,http://www.carvertheater.org,"movie theater in New Orleans, Louisiana, United States"
http://www.wikidata.org/entity/Q22059284,Carver Theater,Point(-90.07665 29.96708),,http://www.carvertheater.org,"movie theater in New Orleans, Louisiana, United States"
http://www.wikidata.org/entity/Q22059284,Carver Theater,Point(-90.07665 29.96708),,http://www.carvertheater.org,"movie theater in New Orleans, Louisiana, United States"
http://www.wikidata.org/entity/Q24435935,Lafitte Greenway,Point(-90.09138889 29.97277778),,,linear park in New Orleans
http://www.wikidata.org/entity/Q24435935,Lafitte Greenway,Point(-90.09138889 29.97277778),,,linear park in New Orleans
http://www.wikidata.org/entity/Q24435935,Lafitte Greenway,Point(-90.09138889 29.97277778),,,linear park in New Orleans
http://www.wikidata.org/entity/Q24435935,Lafitte Greenway,Point(-90.09138889 29.97277778),,,linear park in New Orleans
http://www.wikidata.org/entity/Q25212557,Dew Drop Inn,Point(-90.091638888 29.936916666),,,former hotel and nightclub in New Orleans
http://www.wikidata.org/entity/Q25212557,Dew Drop Inn,Point(-90.091638888 29.936916666),,,former hotel and nightclub in New Orleans
http://www.wikidata.org/entity/Q25212557,Dew Drop Inn,Point(-90.091638888 29.936916666),,,former hotel and nightclub in New Orleans
http://www.wikidata.org/entity/Q25212557,Dew Drop Inn,Point(-90.091638888 29.936916666),,,former hotel and nightclub in New Orleans
http://www.wikidata.org/entity/Q25212557,Dew Drop Inn,Point(-90.091638888 29.936916666),,,former hotel and nightclub in New Orleans
http://www.wikidata.org/entity/Q25212557,Dew Drop Inn,Point(-90.091638888 29.936916666),,,former hotel and nightclub in New Orleans
http://www.wikidata.org/entity/Q25212557,Dew Drop Inn,Point(-90.091638888 29.936916666),,,former hotel and nightclub in New Orleans
http://www.wikidata.org/entity/Q25212557,Dew Drop Inn,Point(-90.091638888 29.936916666),,,former hotel and nightclub in New Orleans
http://www.wikidata.org/entity/Q25212557,Dew Drop Inn,Point(-90.091638888 29.936916666),,,former hotel and nightclub in New Orleans
http://www.wikidata.org/entity/Q30591923,Middle American Research Institute,Point(-90.12219 29.935012),,,"archaeology museum in Louisiana, U.S."
http://www.wikidata.org/entity/Q34805264,A J Muss Bertolino Park,Point(-90.259166666 30.023055555),,,park in the United States of America
http://www.wikidata.org/entity/Q34811526,Ama Park,Point(-90.289722222 29.946388888),,,park in the United States of America
http://www.wikidata.org/entity/Q34814493,Annunciation Square,Point(-90.069722222 29.933333333),,,park in the United States of America
http://www.wikidata.org/entity/Q34817403,Armstrong Park,Point(-90.0675 29.963055555),,,"park in Orleans Parish, Louisiana, United States of America"
http://www.wikidata.org/entity/Q34826366,Avondale Park,Point(-90.208333333 29.892777777),,,"park in Jefferson Parish, Louisiana, United States of America"
http://www.wikidata.org/entity/Q34836797,Beauregard Square,Point(-90.068611111 29.961388888),,,park in the United States of America
http://www.wikidata.org/entity/Q34839704,Behrman Memorial Park,Point(-90.029722222 29.94),,,park in the United States of America
http://www.wikidata.org/entity/Q34842842,Bethune Park,Point(-90.42057 30.00426),,,"park in Louisiana, United States of America"
http://www.wikidata.org/entity/Q34854873,Bodenger Park,Point(-90.026944444 29.923055555),,,park in the United States of America
http://www.wikidata.org/entity/Q42669034,Jeff Theatre,Point(-90.1724649 29.9595218),,,"former movie theater in New Orleans, Louisiana, United States"
http://www.wikidata.org/entity/Q42669034,Jeff Theatre,Point(-90.1724649 29.9595218),,,"former movie theater in New Orleans, Louisiana, United States"
http://www.wikidata.org/entity/Q42669034,Jeff Theatre,Point(-90.1724649 29.9595218),,,"former movie theater in New Orleans, Louisiana, United States"
http://www.wikidata.org/entity/Q42669034,Jeff Theatre,Point(-90.1724649 29.9595218),,,"former movie theater in New Orleans, Louisiana, United States"
http://www.wikidata.org/entity/Q42669034,Jeff Theatre,Point(-90.1724649 29.9595218),,,"former movie theater in New Orleans, Louisiana, United States"
http://www.wikidata.org/entity/Q42669034,Jeff Theatre,Point(-90.1724649 29.9595218),,,"former movie theater in New Orleans, Louisiana, United States"
http://www.wikidata.org/entity/Q42669034,Jeff Theatre,Point(-90.1724649 29.9595218),,,"former movie theater in New Orleans, Louisiana, United States"
http://www.wikidata.org/entity/Q42669034,Jeff Theatre,Point(-90.1724649 29.9595218),,,"former movie theater in New Orleans, Louisiana, United States"
http://www.wikidata.org/entity/Q42669034,Jeff Theatre,Point(-90.1724649 29.9595218),,,"former movie theater in New Orleans, Louisiana, United States"
http://www.wikidata.org/entity/Q42669034,Jeff Theatre,Point(-90.1724649 29.9595218),,,"former movie theater in New Orleans, Louisiana, United States"
http://www.wikidata.org/entity/Q42669034,Jeff Theatre,Point(-90.1724649 29.9595218),,,"former movie theater in New Orleans, Louisiana, United States"
http://www.wikidata.org/entity/Q42669034,Jeff Theatre,Point(-90.1724649 29.9595218),,,"former movie theater in New Orleans, Louisiana, United States"
http://www.wikidata.org/entity/Q42669034,Jeff Theatre,Point(-90.1724649 29.9595218),,,"former movie theater in New Orleans, Louisiana, United States"
http://www.wikidata.org/entity/Q42669034,Jeff Theatre,Point(-90.1724649 29.9595218),,,"former movie theater in New Orleans, Louisiana, United States"
http://www.wikidata.org/entity/Q42669034,Jeff Theatre,Point(-90.1724649 29.9595218),,,"former movie theater in New Orleans, Louisiana, United States"
http://www.wikidata.org/entity/Q42669034,Jeff Theatre,Point(-90.1724649 29.9595218),,,"former movie theater in New Orleans, Louisiana, United States"
http://www.wikidata.org/entity/Q42669034,Jeff Theatre,Point(-90.1724649 29.9595218),,,"former movie theater in New Orleans, Louisiana, United States"
http://www.wikidata.org/entity/Q42669034,Jeff Theatre,Point(-90.1724649 29.9595218),,,"former movie theater in New Orleans, Louisiana, United States"
http://www.wikidata.org/entity/Q42669034,Jeff Theatre,Point(-90.1724649 29.9595218),,,"former movie theater in New Orleans, Louisiana, United States"
http://www.wikidata.org/entity/Q42669034,Jeff Theatre,Point(-90.1724649 29.9595218),,,"former movie theater in New Orleans, Louisiana, United States"
http://www.wikidata.org/entity/Q42669034,Jeff Theatre,Point(-90.1724649 29.9595218),,,"former movie theater in New Orleans, Louisiana, United States"
http://www.wikidata.org/entity/Q42669034,Jeff Theatre,Point(-90.1724649 29.9595218),,,"former movie theater in New Orleans, Louisiana, United States"
http://www.wikidata.org/entity/Q42669034,Jeff Theatre,Point(-90.1724649 29.9595218),,,"former movie theater in New Orleans, Louisiana, United States"
http://www.wikidata.org/entity/Q42669034,Jeff Theatre,Point(-90.1724649 29.9595218),,,"former movie theater in New Orleans, Louisiana, United States"
http://www.wikidata.org/entity/Q42669034,Jeff Theatre,Point(-90.1724649 29.9595218),,,"former movie theater in New Orleans, Louisiana, United States"
http://www.wikidata.org/entity/Q42669034,Jeff Theatre,Point(-90.1724649 29.9595218),,,"former movie theater in New Orleans, Louisiana, United States"
http://www.wikidata.org/entity/Q49513921,Lakeshore Playground,Point(-90.131388888 30.012777777),,,park in the United States of America
http://www.wikidata.org/entity/Q49515221,Lawrence Square,Point(-90.101944444 29.921388888),,,"park in Orleans Parish, Louisiana, United States of America"
http://www.wikidata.org/entity/Q49515510,Lee Playground,Point(-90.015 29.973888888),,,park in the United States of America
http://www.wikidata.org/entity/Q49516994,Lincoln Park,Point(-90.261944444 30.012777777),,,"park in Jefferson Parish, Louisiana, United States of America"
http://www.wikidata.org/entity/Q49516997,Lincoln Park,Point(-90.116111111 29.965),,,"park in Orleans Parish, Louisiana, United States of America"
http://www.wikidata.org/entity/Q49517876,Lions Playground,Point(-90.242777777 29.989166666),,,"park in Jefferson Parish, Louisiana, United States of America"
http://www.wikidata.org/entity/Q49518031,Little Farms Park,Point(-90.218333333 29.969722222),,,park in the United States of America
http://www.wikidata.org/entity/Q49518038,Little Flower Playground,Point(-90.115 29.970555555),,,"park in Orleans Parish, Louisiana, United States of America"
http://www.wikidata.org/entity/Q49518341,Live Oak Park,Point(-90.060833333 30.027777777),,,"park in Orleans Parish, Louisiana, United States of America"
http://www.wikidata.org/entity/Q49518798,London Park,Point(-90.072222222 30.026388888),,,park in the United States of America
http://www.wikidata.org/entity/Q5501861,French Opera House,Point(-90.0664 29.9579),,,"former theater in New Orleans, Louisiana, United States"
http://www.wikidata.org/entity/Q5501861,French Opera House,Point(-90.0664 29.9579),,,"former theater in New Orleans, Louisiana, United States"
http://www.wikidata.org/entity/Q5501861,French Opera House,Point(-90.0664 29.9579),,,"former theater in New Orleans, Louisiana, United States"
http://www.wikidata.org/entity/Q5501861,French Opera House,Point(-90.0664 29.9579),,,"former theater in New Orleans, Louisiana, United States"
http://www.wikidata.org/entity/Q5501861,French Opera House,Point(-90.0664 29.9579),,,"former theater in New Orleans, Louisiana, United States"
http://www.wikidata.org/entity/Q5501861,French Opera House,Point(-90.0664 29.9579),,,"former theater in New Orleans, Louisiana, United States"
http://www.wikidata.org/entity/Q5501861,French Opera House,Point(-90.0664 29.9579),,,"former theater in New Orleans, Louisiana, United States"
http://www.wikidata.org/entity/Q5501861,French Opera House,Point(-90.0664 29.9579),,,"former theater in New Orleans, Louisiana, United States"
http://www.wikidata.org/entity/Q5501861,French Opera House,Point(-90.0664 29.9579),,,"former theater in New Orleans, Louisiana, United States"
http://www.wikidata.org/entity/Q5501861,French Opera House,Point(-90.0664 29.9579),,,"former theater in New Orleans, Louisiana, United States"
http://www.wikidata.org/entity/Q5501861,French Opera House,Point(-90.0664 29.9579),,,"former theater in New Orleans, Louisiana, United States"
http://www.wikidata.org/entity/Q5501861,French Opera House,Point(-90.0664 29.9579),,,"former theater in New Orleans, Louisiana, United States"
http://www.wikidata.org/entity/Q5501861,French Opera House,Point(-90.0664 29.9579),,,"former theater in New Orleans, Louisiana, United States"
http://www.wikidata.org/entity/Q5501861,French Opera House,Point(-90.0664 29.9579),,,"former theater in New Orleans, Louisiana, United States"
http://www.wikidata.org/entity/Q5501861,French Opera House,Point(-90.0664 29.9579),,,"former theater in New Orleans, Louisiana, United States"
http://www.wikidata.org/entity/Q5501861,French Opera House,Point(-90.0664 29.9579),,,"former theater in New Orleans, Louisiana, United States"
http://www.wikidata.org/entity/Q5501861,French Opera House,Point(-90.0664 29.9579),,,"former theater in New Orleans, Louisiana, United States"
http://www.wikidata.org/entity/Q5501861,French Opera House,Point(-90.0664 29.9579),,,"former theater in New Orleans, Louisiana, United States"
http://www.wikidata.org/entity/Q5501861,French Opera House,Point(-90.0664 29.9579),,,"former theater in New Orleans, Louisiana, United States"
http://www.wikidata.org/entity/Q5501861,French Opera House,Point(-90.0664 29.9579),,,"former theater in New Orleans, Louisiana, United States"
http://www.wikidata.org/entity/Q5501861,French Opera House,Point(-90.0664 29.9579),,,"former theater in New Orleans, Louisiana, United States"
http://www.wikidata.org/entity/Q5501861,French Opera House,Point(-90.0664 29.9579),,,"former theater in New Orleans, Louisiana, United States"
http://www.wikidata.org/entity/Q5501861,French Opera House,Point(-90.0664 29.9579),,,"former theater in New Orleans, Louisiana, United States"
http://www.wikidata.org/entity/Q5501861,French Opera House,Point(-90.0664 29.9579),,,"former theater in New Orleans, Louisiana, United States"
http://www.wikidata.org/entity/Q5501861,French Opera House,Point(-90.0664 29.9579),,,"former theater in New Orleans, Louisiana, United States"
http://www.wikidata.org/entity/Q5501861,French Opera House,Point(-90.0664 29.9579),,,"former theater in New Orleans, Louisiana, United States"
http://www.wikidata.org/entity/Q5501861,French Opera House,Point(-90.0664 29.9579),,,"former theater in New Orleans, Louisiana, United States"
http://www.wikidata.org/entity/Q5501861,French Opera House,Point(-90.0664 29.9579),,,"former theater in New Orleans, Louisiana, United States"
http://www.wikidata.org/entity/Q5518045,Galatoire's,Point(-90.069 29.955),,http://www.galatoires.com/,"restaurant in Louisiana, United States"
http://www.wikidata.org/entity/Q5651022,Hansen's Sno-Bliz,Point(-90.1059 29.9169),,http://www.snobliz.com/,"restaurant in Louisiana, United States"
http://www.wikidata.org/entity/Q34859991,Joe W. Brown Park,Point(-89.968888888 30.031666666),,https://nordc.org/parks/joe-w-brown-park/,"park in New Orleans, Louisiana, United States"
http://www.wikidata.org/entity/Q34864958,Bunny Friend Playground,Point(-90.0375 29.975),,,park in the United States of America
http://www.wikidata.org/entity/Q34871068,Carlson Park,Point(-90.071388888 30.022222222),,,park in the United States of America
http://www.wikidata.org/entity/Q34895824,Bella Terra Park,Point(-90.111111111 29.880555555),,,park in the United States of America
http://www.wikidata.org/entity/Q34896026,Bellevue Park,Point(-90.046388888 29.897222222),,,"park in Louisiana, United States"
http://www.wikidata.org/entity/Q34902595,Bolivar Place,Point(-90.087222222 29.965555555),,,park in the United States of America
http://www.wikidata.org/entity/Q34902741,Bonart Playground,Point(-90.020277777 29.963888888),,,park in the United States of America
http://www.wikidata.org/entity/Q34903308,Boreas Park,Point(-90.078888888 30.023611111),,,park in the United States of America
http://www.wikidata.org/entity/Q7398302,Saenger Theatre,Point(-90.072844 29.955797),,https://us.atgtickets.com/venues/saenger-theatre/,"theater in New Orleans, Louisiana, United States"
http://www.wikidata.org/entity/Q7398302,Saenger Theatre,Point(-90.072844 29.955797),,https://us.atgtickets.com/venues/saenger-theatre/,"theater in New Orleans, Louisiana, United States"
http://www.wikidata.org/entity/Q7398302,Saenger Theatre,Point(-90.072844 29.955797),,https://us.atgtickets.com/venues/saenger-theatre/,"theater in New Orleans, Louisiana, United States"
http://www.wikidata.org/entity/Q7398302,Saenger Theatre,Point(-90.072844 29.955797),,https://us.atgtickets.com/venues/saenger-theatre/,"theater in New Orleans, Louisiana, United States"
http://www.wikidata.org/entity/Q7398302,Saenger Theatre,Point(-90.072844 29.955797),,https://us.atgtickets.com/venues/saenger-theatre/,"theater in New Orleans, Louisiana, United States"
http://www.wikidata.org/entity/Q7398302,Saenger Theatre,Point(-90.072844 29.955797),,https://us.atgtickets.com/venues/saenger-theatre/,"theater in New Orleans, Louisiana, United States"
http://www.wikidata.org/entity/Q7398302,Saenger Theatre,Point(-90.072844 29.955797),,https://us.atgtickets.com/venues/saenger-theatre/,"theater in New Orleans, Louisiana, United States"
http://www.wikidata.org/entity/Q7398302,Saenger Theatre,Point(-90.072844 29.955797),,https://us.atgtickets.com/venues/saenger-theatre/,"theater in New Orleans, Louisiana, United States"
http://www.wikidata.org/entity/Q7398302,Saenger Theatre,Point(-90.072844 29.955797),,https://us.atgtickets.com/venues/saenger-theatre/,"theater in New Orleans, Louisiana, United States"
http://www.wikidata.org/entity/Q7398302,Saenger Theatre,Point(-90.072844 29.955797),,https://us.atgtickets.com/venues/saenger-theatre/,"theater in New Orleans, Louisiana, United States"
http://www.wikidata.org/entity/Q7398302,Saenger Theatre,Point(-90.072844 29.955797),,https://us.atgtickets.com/venues/saenger-theatre/,"theater in New Orleans, Louisiana, United States"
http://www.wikidata.org/entity/Q7398302,Saenger Theatre,Point(-90.072844 29.955797),,https://us.atgtickets.com/venues/saenger-theatre/,"theater in New Orleans, Louisiana, United States"
http://www.wikidata.org/entity/Q7398302,Saenger Theatre,Point(-90.072844 29.955797),,https://us.atgtickets.com/venues/saenger-theatre/,"theater in New Orleans, Louisiana, United States"
http://www.wikidata.org/entity/Q7398302,Saenger Theatre,Point(-90.072844 29.955797),,https://us.atgtickets.com/venues/saenger-theatre/,"theater in New Orleans, Louisiana, United States"
http://www.wikidata.org/entity/Q7398302,Saenger Theatre,Point(-90.072844 29.955797),,https://us.atgtickets.com/venues/saenger-theatre/,"theater in New Orleans, Louisiana, United States"
http://www.wikidata.org/entity/Q7398302,Saenger Theatre,Point(-90.072844 29.955797),,https://us.atgtickets.com/venues/saenger-theatre/,"theater in New Orleans, Louisiana, United States"
http://www.wikidata.org/entity/Q7398302,Saenger Theatre,Point(-90.072844 29.955797),,https://us.atgtickets.com/venues/saenger-theatre/,"theater in New Orleans, Louisiana, United States"
http://www.wikidata.org/entity/Q7548847,Snug Harbor,Point(-90.0579 29.9641),,,"jazz club in New Orleans, Louisiana"
http://www.wikidata.org/entity/Q7548847,Snug Harbor,Point(-90.0579 29.9641),,,"jazz club in New Orleans, Louisiana"
http://www.wikidata.org/entity/Q7548847,Snug Harbor,Point(-90.0579 29.9641),,,"jazz club in New Orleans, Louisiana"
http://www.wikidata.org/entity/Q7548847,Snug Harbor,Point(-90.0579 29.9641),,,"jazz club in New Orleans, Louisiana"
http://www.wikidata.org/entity/Q7548847,Snug Harbor,Point(-90.0579 29.9641),,,"jazz club in New Orleans, Louisiana"
http://www.wikidata.org/entity/Q7548847,Snug Harbor,Point(-90.0579 29.9641),,,"jazz club in New Orleans, Louisiana"
http://www.wikidata.org/entity/Q7548847,Snug Harbor,Point(-90.0579 29.9641),,,"jazz club in New Orleans, Louisiana"
http://www.wikidata.org/entity/Q7548847,Snug Harbor,Point(-90.0579 29.9641),,,"jazz club in New Orleans, Louisiana"
http://www.wikidata.org/entity/Q7569917,Southern Food and Beverage Museum,Point(-90.079166666 29.940833333),,http://sofabinstitute.org,"Museum in New Orleans, Louisiana, U.S."
http://www.wikidata.org/entity/Q7569917,Southern Food and Beverage Museum,Point(-90.079166666 29.940833333),,http://sofabinstitute.org,"Museum in New Orleans, Louisiana, U.S."
http://www.wikidata.org/entity/Q7569917,Southern Food and Beverage Museum,Point(-90.079166666 29.940833333),,http://sofabinstitute.org,"Museum in New Orleans, Louisiana, U.S."
http://www.wikidata.org/entity/Q7569917,Southern Food and Beverage Museum,Point(-90.079166666 29.940833333),,http://sofabinstitute.org,"Museum in New Orleans, Louisiana, U.S."
http://www.wikidata.org/entity/Q7603450,State Palace Theatre,Point(-90.0734 29.95546944),,,"theater and movie theater in New Orleans, Louisiana"
http://www.wikidata.org/entity/Q7603450,State Palace Theatre,Point(-90.0734 29.95546944),,,"theater and movie theater in New Orleans, Louisiana"
http://www.wikidata.org/entity/Q7603450,State Palace Theatre,Point(-90.0734 29.95546944),,,"theater and movie theater in New Orleans, Louisiana"
http://www.wikidata.org/entity/Q7603450,State Palace Theatre,Point(-90.0734 29.95546944),,,"theater and movie theater in New Orleans, Louisiana"
http://www.wikidata.org/entity/Q7603450,State Palace Theatre,Point(-90.0734 29.95546944),,,"theater and movie theater in New Orleans, Louisiana"
http://www.wikidata.org/entity/Q3001753,Old Ursuline Convent,Point(-90.060697 29.960306),,https://www.oldursulineconventmuseum.com/,
http://www.wikidata.org/entity/Q16255341,Boyd Satellite Gallery,Point(-90.0686 29.9451),,http://www.boydsatellitegallery.com,
http://www.wikidata.org/entity/Q49514625,Larayo Youth Park,Point(-90.49124 30.07032),,,
http://www.wikidata.org/entity/Q49527935,Montz Park,Point(-90.45508 30.00298),,,
http://www.wikidata.org/entity/Q49563058,Soniat Playground,Point(-90.20307 29.95259),,,
http://www.wikidata.org/entity/Q64703462,Dooky Chase's Restaurant,Point(-90.0784663 29.9680736),,https://www.dookychaserestaurant.com,
http://www.wikidata.org/entity/Q65085105,Dew Drop Social and Benevolent Hall,Point(-90.062222222 30.355555555),,,
http://www.wikidata.org/entity/Q65085105,Dew Drop Social and Benevolent Hall,Point(-90.062222222 30.355555555),,,
http://www.wikidata.org/entity/Q65085105,Dew Drop Social and Benevolent Hall,Point(-90.062222222 30.355555555),,,
http://www.wikidata.org/entity/Q65085105,Dew Drop Social and Benevolent Hall,Point(-90.062222222 30.355555555),,,
http://www.wikidata.org/entity/Q65085105,Dew Drop Social and Benevolent Hall,Point(-90.062222222 30.355555555),,,
http://www.wikidata.org/entity/Q65085105,Dew Drop Social and Benevolent Hall,Point(-90.062222222 30.355555555),,,
http://www.wikidata.org/entity/Q65085105,Dew Drop Social and Benevolent Hall,Point(-90.062222222 30.355555555),,,
http://www.wikidata.org/entity/Q65085105,Dew Drop Social and Benevolent Hall,Point(-90.062222222 30.355555555),,,
http://www.wikidata.org/entity/Q65085105,Dew Drop Social and Benevolent Hall,Point(-90.062222222 30.355555555),,,
http://www.wikidata.org/entity/Q131677807,Guy's Po-Boys,Point(-90.112636685 29.920539305),,,
http://www.wikidata.org/entity/Q131677807,Guy's Po-Boys,Point(-90.112636685 29.920539305),,,
http://www.wikidata.org/entity/Q131677807,Guy's Po-Boys,Point(-90.112636685 29.920539305),,,
http://www.wikidata.org/entity/Q131677807,Guy's Po-Boys,Point(-90.112636685 29.920539305),,,
http://www.wikidata.org/entity/Q7799913,Théâtre d'Orléans,Point(-90.0647 29.959),,,"former opera theater in New Orleans, Louisiana, United States"
http://www.wikidata.org/entity/Q7799913,Théâtre d'Orléans,Point(-90.0647 29.959),,,"former opera theater in New Orleans, Louisiana, United States"
http://www.wikidata.org/entity/Q7799913,Théâtre d'Orléans,Point(-90.0647 29.959),,,"former opera theater in New Orleans, Louisiana, United States"
http://www.wikidata.org/entity/Q7799913,Théâtre d'Orléans,Point(-90.0647 29.959),,,"former opera theater in New Orleans, Louisiana, United States"
http://www.wikidata.org/entity/Q7799913,Théâtre d'Orléans,Point(-90.0647 29.959),,,"former opera theater in New Orleans, Louisiana, United States"
http://www.wikidata.org/entity/Q7799913,Théâtre d'Orléans,Point(-90.0647 29.959),,,"former opera theater in New Orleans, Louisiana, United States"
http://www.wikidata.org/entity/Q7799913,Théâtre d'Orléans,Point(-90.0647 29.959),,,"former opera theater in New Orleans, Louisiana, United States"
http://www.wikidata.org/entity/Q7799913,Théâtre d'Orléans,Point(-90.0647 29.959),,,"former opera theater in New Orleans, Louisiana, United States"
http://www.wikidata.org/entity/Q7799913,Théâtre d'Orléans,Point(-90.0647 29.959),,,"former opera theater in New Orleans, Louisiana, United States"
http://www.wikidata.org/entity/Q7799913,Théâtre d'Orléans,Point(-90.0647 29.959),,,"former opera theater in New Orleans, Louisiana, United States"
http://www.wikidata.org/entity/Q7799913,Théâtre d'Orléans,Point(-90.0647 29.959),,,"former opera theater in New Orleans, Louisiana, United States"
http://www.wikidata.org/entity/Q7799913,Théâtre d'Orléans,Point(-90.0647 29.959),,,"former opera theater in New Orleans, Louisiana, United States"
http://www.wikidata.org/entity/Q7799913,Théâtre d'Orléans,Point(-90.0647 29.959),,,"former opera theater in New Orleans, Louisiana, United States"
http://www.wikidata.org/entity/Q7799913,Théâtre d'Orléans,Point(-90.0647 29.959),,,"former opera theater in New Orleans, Louisiana, United States"
http://www.wikidata.org/entity/Q7799913,Théâtre d'Orléans,Point(-90.0647 29.959),,,"former opera theater in New Orleans, Louisiana, United States"
http://www.wikidata.org/entity/Q7799913,Théâtre d'Orléans,Point(-90.0647 29.959),,,"former opera theater in New Orleans, Louisiana, United States"
http://www.wikidata.org/entity/Q7799913,Théâtre d'Orléans,Point(-90.0647 29.959),,,"former opera theater in New Orleans, Louisiana, United States"
http://www.wikidata.org/entity/Q7799913,Théâtre d'Orléans,Point(-90.0647 29.959),,,"former opera theater in New Orleans, Louisiana, United States"
http://www.wikidata.org/entity/Q7799913,Théâtre d'Orléans,Point(-90.0647 29.959),,,"former opera theater in New Orleans, Louisiana, United States"
http://www.wikidata.org/entity/Q7799913,Théâtre d'Orléans,Point(-90.0647 29.959),,,"former opera theater in New Orleans, Louisiana, United States"
http://www.wikidata.org/entity/Q7799913,Théâtre d'Orléans,Point(-90.0647 29.959),,,"former opera theater in New Orleans, Louisiana, United States"
http://www.wikidata.org/entity/Q7799913,Théâtre d'Orléans,Point(-90.0647 29.959),,,"former opera theater in New Orleans, Louisiana, United States"
http://www.wikidata.org/entity/Q7799913,Théâtre d'Orléans,Point(-90.0647 29.959),,,"former opera theater in New Orleans, Louisiana, United States"
http://www.wikidata.org/entity/Q7799913,Théâtre d'Orléans,Point(-90.0647 29.959),,,"former opera theater in New Orleans, Louisiana, United States"
http://www.wikidata.org/entity/Q7799913,Théâtre d'Orléans,Point(-90.0647 29.959),,,"former opera theater in New Orleans, Louisiana, United States"
http://www.wikidata.org/entity/Q7799913,Théâtre d'Orléans,Point(-90.0647 29.959),,,"former opera theater in New Orleans, Louisiana, United States"
http://www.wikidata.org/entity/Q7799913,Théâtre d'Orléans,Point(-90.0647 29.959),,,"former opera theater in New Orleans, Louisiana, United States"
http://www.wikidata.org/entity/Q7799913,Théâtre d'Orléans,Point(-90.0647 29.959),,,"former opera theater in New Orleans, Louisiana, United States"
http://www.wikidata.org/entity/Q7799913,Théâtre d'Orléans,Point(-90.0647 29.959),,,"former opera theater in New Orleans, Louisiana, United States"
http://www.wikidata.org/entity/Q7799913,Théâtre d'Orléans,Point(-90.0647 29.959),,,"former opera theater in New Orleans, Louisiana, United States"
http://www.wikidata.org/entity/Q7799913,Théâtre d'Orléans,Point(-90.0647 29.959),,,"former opera theater in New Orleans, Louisiana, United States"
http://www.wikidata.org/entity/Q7799913,Théâtre d'Orléans,Point(-90.0647 29.959),,,"former opera theater in New Orleans, Louisiana, United States"
http://www.wikidata.org/entity/Q7799913,Théâtre d'Orléans,Point(-90.0647 29.959),,,"former opera theater in New Orleans, Louisiana, United States"
http://www.wikidata.org/entity/Q7799913,Théâtre d'Orléans,Point(-90.0647 29.959),,,"former opera theater in New Orleans, Louisiana, United States"
http://www.wikidata.org/entity/Q7799913,Théâtre d'Orléans,Point(-90.0647 29.959),,,"former opera theater in New Orleans, Louisiana, United States"
http://www.wikidata.org/entity/Q7799913,Théâtre d'Orléans,Point(-90.0647 29.959),,,"former opera theater in New Orleans, Louisiana, United States"
http://www.wikidata.org/entity/Q7799913,Théâtre d'Orléans,Point(-90.0647 29.959),,,"former opera theater in New Orleans, Louisiana, United States"
http://www.wikidata.org/entity/Q7799913,Théâtre d'Orléans,Point(-90.0647 29.959),,,"former opera theater in New Orleans, Louisiana, United States"
http://www.wikidata.org/entity/Q7799913,Théâtre d'Orléans,Point(-90.0647 29.959),,,"former opera theater in New Orleans, Louisiana, United States"
http://www.wikidata.org/entity/Q7799913,Théâtre d'Orléans,Point(-90.0647 29.959),,,"former opera theater in New Orleans, Louisiana, United States"
http://www.wikidata.org/entity/Q7799913,Théâtre d'Orléans,Point(-90.0647 29.959),,,"former opera theater in New Orleans, Louisiana, United States"
http://www.wikidata.org/entity/Q7799913,Théâtre d'Orléans,Point(-90.0647 29.959),,,"former opera theater in New Orleans, Louisiana, United States"
http://www.wikidata.org/entity/Q7799913,Théâtre d'Orléans,Point(-90.0647 29.959),,,"former opera theater in New Orleans, Louisiana, United States"
http://www.wikidata.org/entity/Q7799913,Théâtre d'Orléans,Point(-90.0647 29.959),,,"former opera theater in New Orleans, Louisiana, United States"
http://www.wikidata.org/entity/Q8037460,Wow Cafe and Wingery,Point(-89.9475 29.9373),,,"restaurant in Covington, Louisiana, U.S"
http://www.wikidata.org/entity/Q11939296,Old Absinthe House,Point(-90.068445 29.955373),,,"historic bar in New Orleans, Louisiana, United States"
http://www.wikidata.org/entity/Q12061073,Lafreniere Park,Point(-90.212222222 29.998611111),,http://www.lafrenierepark.org/,"park in Metairie Louisiana, United States of America"
http://www.wikidata.org/entity/Q16974514,Domilise's Restaurant,Point(-90.1124 29.9175),,http://www.domilisespoboys.com,"restaurant in Louisiana, USA"
http://www.wikidata.org/entity/Q16974720,Newcomb Art Gallery,Point(-90.1211 29.9418),,http://newcombartmuseum.tulane.edu/,"art museum in Tulane University, New Orleans"
http://www.wikidata.org/entity/Q16974720,Newcomb Art Gallery,Point(-90.1211 29.9418),,http://newcombartmuseum.tulane.edu/,"art museum in Tulane University, New Orleans"
http://www.wikidata.org/entity/Q16974720,Newcomb Art Gallery,Point(-90.1211 29.9418),,http://newcombartmuseum.tulane.edu/,"art museum in Tulane University, New Orleans"
http://www.wikidata.org/entity/Q16974720,Newcomb Art Gallery,Point(-90.1211 29.9418),,http://newcombartmuseum.tulane.edu/,"art museum in Tulane University, New Orleans"
http://www.wikidata.org/entity/Q16974720,Newcomb Art Gallery,Point(-90.1211 29.9418),,http://newcombartmuseum.tulane.edu/,"art museum in Tulane University, New Orleans"
http://www.wikidata.org/entity/Q16974720,Newcomb Art Gallery,Point(-90.1211 29.9418),,http://newcombartmuseum.tulane.edu/,"art museum in Tulane University, New Orleans"
http://www.wikidata.org/entity/Q16974720,Newcomb Art Gallery,Point(-90.1211 29.9418),,http://newcombartmuseum.tulane.edu/,"art museum in Tulane University, New Orleans"
http://www.wikidata.org/entity/Q16974720,Newcomb Art Gallery,Point(-90.1211 29.9418),,http://newcombartmuseum.tulane.edu/,"art museum in Tulane University, New Orleans"
http://www.wikidata.org/entity/Q16974720,Newcomb Art Gallery,Point(-90.1211 29.9418),,http://newcombartmuseum.tulane.edu/,"art museum in Tulane University, New Orleans"
http://www.wikidata.org/entity/Q16982313,Mr. B's Bistro,Point(-90.06826 29.95429),,http://www.mrbsbistro.com,"restaurant in Louisiana, United States"
http://www.wikidata.org/entity/Q16984211,Rosa F. Keller Library and Community Center,Point(-90.103272 29.949295),,,"library and community center in New Orleans, Louisiana, U.S"
http://www.wikidata.org/entity/Q16984211,Rosa F. Keller Library and Community Center,Point(-90.103272 29.949295),,,"library and community center in New Orleans, Louisiana, U.S"
http://www.wikidata.org/entity/Q16984211,Rosa F. Keller Library and Community Center,Point(-90.103272 29.949295),,,"library and community center in New Orleans, Louisiana, U.S"
http://www.wikidata.org/entity/Q16984211,Rosa F. Keller Library and Community Center,Point(-90.103272 29.949295),,,"library and community center in New Orleans, Louisiana, U.S"
http://www.wikidata.org/entity/Q19312550,Clancy's,Point(-90.1251 29.919),,http://www.clancysneworleans.com/?splash=0,restaurant in New Orleans
http://www.wikidata.org/entity/Q20708699,Civic Theatre,Point(-90.07421 29.94953),,http://www.civicnola.com,"theater in New Orleans, Louisiana"
http://www.wikidata.org/entity/Q20708699,Civic Theatre,Point(-90.07421 29.94953),,http://www.civicnola.com,"theater in New Orleans, Louisiana"
http://www.wikidata.org/entity/Q20708699,Civic Theatre,Point(-90.07421 29.94953),,http://www.civicnola.com,"theater in New Orleans, Louisiana"
http://www.wikidata.org/entity/Q20708699,Civic Theatre,Point(-90.07421 29.94953),,http://www.civicnola.com,"theater in New Orleans, Louisiana"
http://www.wikidata.org/entity/Q20708699,Civic Theatre,Point(-90.07421 29.94953),,http://www.civicnola.com,"theater in New Orleans, Louisiana"
http://www.wikidata.org/entity/Q20708699,Civic Theatre,Point(-90.07421 29.94953),,http://www.civicnola.com,"theater in New Orleans, Louisiana"
http://www.wikidata.org/entity/Q20708699,Civic Theatre,Point(-90.07421 29.94953),,http://www.civicnola.com,"theater in New Orleans, Louisiana"
http://www.wikidata.org/entity/Q20708699,Civic Theatre,Point(-90.07421 29.94953),,http://www.civicnola.com,"theater in New Orleans, Louisiana"
http://www.wikidata.org/entity/Q20708699,Civic Theatre,Point(-90.07421 29.94953),,http://www.civicnola.com,"theater in New Orleans, Louisiana"
http://www.wikidata.org/entity/Q20708699,Civic Theatre,Point(-90.07421 29.94953),,http://www.civicnola.com,"theater in New Orleans, Louisiana"
http://www.wikidata.org/entity/Q20708699,Civic Theatre,Point(-90.07421 29.94953),,http://www.civicnola.com,"theater in New Orleans, Louisiana"
http://www.wikidata.org/entity/Q20708699,Civic Theatre,Point(-90.07421 29.94953),,http://www.civicnola.com,"theater in New Orleans, Louisiana"
http://www.wikidata.org/entity/Q20708699,Civic Theatre,Point(-90.07421 29.94953),,http://www.civicnola.com,"theater in New Orleans, Louisiana"
http://www.wikidata.org/entity/Q20708699,Civic Theatre,Point(-90.07421 29.94953),,http://www.civicnola.com,"theater in New Orleans, Louisiana"
http://www.wikidata.org/entity/Q20708699,Civic Theatre,Point(-90.07421 29.94953),,http://www.civicnola.com,"theater in New Orleans, Louisiana"
http://www.wikidata.org/entity/Q20708699,Civic Theatre,Point(-90.07421 29.94953),,http://www.civicnola.com,"theater in New Orleans, Louisiana"
http://www.wikidata.org/entity/Q20708699,Civic Theatre,Point(-90.07421 29.94953),,http://www.civicnola.com,"theater in New Orleans, Louisiana"
http://www.wikidata.org/entity/Q20708699,Civic Theatre,Point(-90.07421 29.94953),,http://www.civicnola.com,"theater in New Orleans, Louisiana"
http://www.wikidata.org/entity/Q20708699,Civic Theatre,Point(-90.07421 29.94953),,http://www.civicnola.com,"theater in New Orleans, Louisiana"
http://www.wikidata.org/entity/Q20708699,Civic Theatre,Point(-90.07421 29.94953),,http://www.civicnola.com,"theater in New Orleans, Louisiana"
http://www.wikidata.org/entity/Q20708699,Civic Theatre,Point(-90.07421 29.94953),,http://www.civicnola.com,"theater in New Orleans, Louisiana"
http://www.wikidata.org/entity/Q20708699,Civic Theatre,Point(-90.07421 29.94953),,http://www.civicnola.com,"theater in New Orleans, Louisiana"
http://www.wikidata.org/entity/Q20708699,Civic Theatre,Point(-90.07421 29.94953),,http://www.civicnola.com,"theater in New Orleans, Louisiana"
http://www.wikidata.org/entity/Q20708699,Civic Theatre,Point(-90.07421 29.94953),,http://www.civicnola.com,"theater in New Orleans, Louisiana"
http://www.wikidata.org/entity/Q20708699,Civic Theatre,Point(-90.07421 29.94953),,http://www.civicnola.com,"theater in New Orleans, Louisiana"
http://www.wikidata.org/entity/Q20708699,Civic Theatre,Point(-90.07421 29.94953),,http://www.civicnola.com,"theater in New Orleans, Louisiana"
http://www.wikidata.org/entity/Q20708699,Civic Theatre,Point(-90.07421 29.94953),,http://www.civicnola.com,"theater in New Orleans, Louisiana"
http://www.wikidata.org/entity/Q20708699,Civic Theatre,Point(-90.07421 29.94953),,http://www.civicnola.com,"theater in New Orleans, Louisiana"
http://www.wikidata.org/entity/Q20708699,Civic Theatre,Point(-90.07421 29.94953),,http://www.civicnola.com,"theater in New Orleans, Louisiana"
http://www.wikidata.org/entity/Q20708699,Civic Theatre,Point(-90.07421 29.94953),,http://www.civicnola.com,"theater in New Orleans, Louisiana"
http://www.wikidata.org/entity/Q20708699,Civic Theatre,Point(-90.07421 29.94953),,http://www.civicnola.com,"theater in New Orleans, Louisiana"
http://www.wikidata.org/entity/Q20708699,Civic Theatre,Point(-90.07421 29.94953),,http://www.civicnola.com,"theater in New Orleans, Louisiana"
http://www.wikidata.org/entity/Q20708699,Civic Theatre,Point(-90.07421 29.94953),,http://www.civicnola.com,"theater in New Orleans, Louisiana"
http://www.wikidata.org/entity/Q20708699,Civic Theatre,Point(-90.07421 29.94953),,http://www.civicnola.com,"theater in New Orleans, Louisiana"
http://www.wikidata.org/entity/Q20708699,Civic Theatre,Point(-90.07421 29.94953),,http://www.civicnola.com,"theater in New Orleans, Louisiana"
http://www.wikidata.org/entity/Q20708699,Civic Theatre,Point(-90.07421 29.94953),,http://www.civicnola.com,"theater in New Orleans, Louisiana"
http://www.wikidata.org/entity/Q20708699,Civic Theatre,Point(-90.07421 29.94953),,http://www.civicnola.com,"theater in New Orleans, Louisiana"
