item,itemLabel,coord,instagram,website,desc
http://www.wikidata.org/entity/Q42305380,Flix Brewhouse,Point(-97.6879983 30.5168816),,http://www.flixbrewhouse.com,"movie theater in Round Rock, Texas, United States"
http://www.wikidata.org/entity/Q42305380,Flix Brewhouse,Point(-97.6879983 30.5168816),,http://www.flixbrewhouse.com,"movie theater in Round Rock, Texas, United States"
http://www.wikidata.org/entity/Q42305380,Flix Brewhouse,Point(-97.6879983 30.5168816),,http://www.flixbrewhouse.com,"movie theater in Round Rock, Texas, United States"
http://www.wikidata.org/entity/Q42305380,Flix Brewhouse,Point(-97.6879983 30.5168816),,http://www.flixbrewhouse.com,"movie theater in Round Rock, Texas, United States"
http://www.wikidata.org/entity/Q42305380,Flix Brewhouse,Point(-97.6879983 30.5168816),,http://www.flixbrewhouse.com,"movie theater in Round Rock, Texas, United States"
http://www.wikidata.org/entity/Q42305380,Flix Brewhouse,Point(-97.6879983 30.5168816),,http://www.flixbrewhouse.com,"movie theater in Round Rock, Texas, United States"
http://www.wikidata.org/entity/Q42305380,Flix Brewhouse,Point(-97.6879983 30.5168816),,http://www.flixbrewhouse.com,"movie theater in Round Rock, Texas, United States"
http://www.wikidata.org/entity/Q42305380,Flix Brewhouse,Point(-97.6879983 30.5168816),,http://www.flixbrewhouse.com,"movie theater in Round Rock, Texas, United States"
http://www.wikidata.org/entity/Q42305380,Flix Brewhouse,Point(-97.6879983 30.5168816),,http://www.flixbrewhouse.com,"movie theater in Round Rock, Texas, United States"
http://www.wikidata.org/entity/Q42305380,Flix Brewhouse,Point(-97.6879983 30.5168816),,http://www.flixbrewhouse.com,"movie theater in Round Rock, Texas, United States"
http://www.wikidata.org/entity/Q42305380,Flix Brewhouse,Point(-97.6879983 30.5168816),,http://www.flixbrewhouse.com,"movie theater in Round Rock, Texas, United States"
http://www.wikidata.org/entity/Q42305390,Palace Theatre,Point(-98.092801 30.385071),,,"former movie theater in San Marcos, Texas, United States"
http://www.wikidata.org/entity/Q42305390,Palace Theatre,Point(-98.092801 30.385071),,,"former movie theater in San Marcos, Texas, United States"
http://www.wikidata.org/entity/Q42305390,Palace Theatre,Point(-98.092801 30.385071),,,"former movie theater in San Marcos, Texas, United States"
http://www.wikidata.org/entity/Q42305390,Palace Theatre,Point(-98.092801 30.385071),,,"former movie theater in San Marcos, Texas, United States"
http://www.wikidata.org/entity/Q42305390,Palace Theatre,Point(-98.092801 30.385071),,,"former movie theater in San Marcos, Texas, United States"
http://www.wikidata.org/entity/Q42305390,Palace Theatre,Point(-98.092801 30.385071),,,"former movie theater in San Marcos, Texas, United States"
http://www.wikidata.org/entity/Q42305390,Palace Theatre,Point(-98.092801 30.385071),,,"former movie theater in San Marcos, Texas, United States"
http://www.wikidata.org/entity/Q42305390,Palace Theatre,Point(-98.092801 30.385071),,,"former movie theater in San Marcos, Texas, United States"
http://www.wikidata.org/entity/Q42305390,Palace Theatre,Point(-98.092801 30.385071),,,"former movie theater in San Marcos, Texas, United States"
http://www.wikidata.org/entity/Q42305390,Palace Theatre,Point(-98.092801 30.385071),,,"former movie theater in San Marcos, Texas, United States"
http://www.wikidata.org/entity/Q42305390,Palace Theatre,Point(-98.092801 30.385071),,,"former movie theater in San Marcos, Texas, United States"
http://www.wikidata.org/entity/Q42305390,Palace Theatre,Point(-98.092801 30.385071),,,"former movie theater in San Marcos, Texas, United States"
http://www.wikidata.org/entity/Q42305390,Palace Theatre,Point(-98.092801 30.385071),,,"former movie theater in San Marcos, Texas, United States"
http://www.wikidata.org/entity/Q42305390,Palace Theatre,Point(-98.092801 30.385071),,,"former movie theater in San Marcos, Texas, United States"
http://www.wikidata.org/entity/Q42305390,Palace Theatre,Point(-98.092801 30.385071),,,"former movie theater in San Marcos, Texas, United States"
http://www.wikidata.org/entity/Q42305390,Palace Theatre,Point(-98.092801 30.385071),,,"former movie theater in San Marcos, Texas, United States"
http://www.wikidata.org/entity/Q42305390,Palace Theatre,Point(-98.092801 30.385071),,,"former movie theater in San Marcos, Texas, United States"
http://www.wikidata.org/entity/Q42305390,Palace Theatre,Point(-98.092801 30.385071),,,"former movie theater in San Marcos, Texas, United States"
http://www.wikidata.org/entity/Q42305390,Palace Theatre,Point(-98.092801 30.385071),,,"former movie theater in San Marcos, Texas, United States"
http://www.wikidata.org/entity/Q42305390,Palace Theatre,Point(-98.092801 30.385071),,,"former movie theater in San Marcos, Texas, United States"
http://www.wikidata.org/entity/Q42305390,Palace Theatre,Point(-98.092801 30.385071),,,"former movie theater in San Marcos, Texas, United States"
http://www.wikidata.org/entity/Q42305390,Palace Theatre,Point(-98.092801 30.385071),,,"former movie theater in San Marcos, Texas, United States"
http://www.wikidata.org/entity/Q42305390,Palace Theatre,Point(-98.092801 30.385071),,,"former movie theater in San Marcos, Texas, United States"
http://www.wikidata.org/entity/Q42305390,Palace Theatre,Point(-98.092801 30.385071),,,"former movie theater in San Marcos, Texas, United States"
http://www.wikidata.org/entity/Q42305390,Palace Theatre,Point(-98.092801 30.385071),,,"former movie theater in San Marcos, Texas, United States"
http://www.wikidata.org/entity/Q42305390,Palace Theatre,Point(-98.092801 30.385071),,,"former movie theater in San Marcos, Texas, United States"
http://www.wikidata.org/entity/Q42305390,Palace Theatre,Point(-98.092801 30.385071),,,"former movie theater in San Marcos, Texas, United States"
http://www.wikidata.org/entity/Q42305390,Palace Theatre,Point(-98.092801 30.385071),,,"former movie theater in San Marcos, Texas, United States"
http://www.wikidata.org/entity/Q42305390,Palace Theatre,Point(-98.092801 30.385071),,,"former movie theater in San Marcos, Texas, United States"
http://www.wikidata.org/entity/Q42305390,Palace Theatre,Point(-98.092801 30.385071),,,"former movie theater in San Marcos, Texas, United States"
http://www.wikidata.org/entity/Q42305390,Palace Theatre,Point(-98.092801 30.385071),,,"former movie theater in San Marcos, Texas, United States"
http://www.wikidata.org/entity/Q42305390,Palace Theatre,Point(-98.092801 30.385071),,,"former movie theater in San Marcos, Texas, United States"
http://www.wikidata.org/entity/Q42305390,Palace Theatre,Point(-98.092801 30.385071),,,"former movie theater in San Marcos, Texas, United States"
http://www.wikidata.org/entity/Q42305390,Palace Theatre,Point(-98.092801 30.385071),,,"former movie theater in San Marcos, Texas, United States"
http://www.wikidata.org/entity/Q42305390,Palace Theatre,Point(-98.092801 30.385071),,,"former movie theater in San Marcos, Texas, United States"
http://www.wikidata.org/entity/Q42305390,Palace Theatre,Point(-98.092801 30.385071),,,"former movie theater in San Marcos, Texas, United States"
http://www.wikidata.org/entity/Q42305390,Palace Theatre,Point(-98.092801 30.385071),,,"former movie theater in San Marcos, Texas, United States"
http://www.wikidata.org/entity/Q42305391,Showplace Cinema,Point(-97.9413941 29.8832749),,,"former movie theater in San Marcos, Texas, United States"
http://www.wikidata.org/entity/Q42305391,Showplace Cinema,Point(-97.9413941 29.8832749),,,"former movie theater in San Marcos, Texas, United States"
http://www.wikidata.org/entity/Q42305391,Showplace Cinema,Point(-97.9413941 29.8832749),,,"former movie theater in San Marcos, Texas, United States"
http://www.wikidata.org/entity/Q42305391,Showplace Cinema,Point(-97.9413941 29.8832749),,,"former movie theater in San Marcos, Texas, United States"
http://www.wikidata.org/entity/Q42305391,Showplace Cinema,Point(-97.9413941 29.8832749),,,"former movie theater in San Marcos, Texas, United States"
http://www.wikidata.org/entity/Q42305391,Showplace Cinema,Point(-97.9413941 29.8832749),,,"former movie theater in San Marcos, Texas, United States"
http://www.wikidata.org/entity/Q42305391,Showplace Cinema,Point(-97.9413941 29.8832749),,,"former movie theater in San Marcos, Texas, United States"
http://www.wikidata.org/entity/Q42305391,Showplace Cinema,Point(-97.9413941 29.8832749),,,"former movie theater in San Marcos, Texas, United States"
http://www.wikidata.org/entity/Q42305391,Showplace Cinema,Point(-97.9413941 29.8832749),,,"former movie theater in San Marcos, Texas, United States"
http://www.wikidata.org/entity/Q42305391,Showplace Cinema,Point(-97.9413941 29.8832749),,,"former movie theater in San Marcos, Texas, United States"
http://www.wikidata.org/entity/Q42305391,Showplace Cinema,Point(-97.9413941 29.8832749),,,"former movie theater in San Marcos, Texas, United States"
http://www.wikidata.org/entity/Q42305391,Showplace Cinema,Point(-97.9413941 29.8832749),,,"former movie theater in San Marcos, Texas, United States"
http://www.wikidata.org/entity/Q42305391,Showplace Cinema,Point(-97.9413941 29.8832749),,,"former movie theater in San Marcos, Texas, United States"
http://www.wikidata.org/entity/Q42305391,Showplace Cinema,Point(-97.9413941 29.8832749),,,"former movie theater in San Marcos, Texas, United States"
http://www.wikidata.org/entity/Q42305391,Showplace Cinema,Point(-97.9413941 29.8832749),,,"former movie theater in San Marcos, Texas, United States"
http://www.wikidata.org/entity/Q42305391,Showplace Cinema,Point(-97.9413941 29.8832749),,,"former movie theater in San Marcos, Texas, United States"
http://www.wikidata.org/entity/Q42305391,Showplace Cinema,Point(-97.9413941 29.8832749),,,"former movie theater in San Marcos, Texas, United States"
http://www.wikidata.org/entity/Q42305391,Showplace Cinema,Point(-97.9413941 29.8832749),,,"former movie theater in San Marcos, Texas, United States"
http://www.wikidata.org/entity/Q42305391,Showplace Cinema,Point(-97.9413941 29.8832749),,,"former movie theater in San Marcos, Texas, United States"
http://www.wikidata.org/entity/Q42305391,Showplace Cinema,Point(-97.9413941 29.8832749),,,"former movie theater in San Marcos, Texas, United States"
http://www.wikidata.org/entity/Q42305391,Showplace Cinema,Point(-97.9413941 29.8832749),,,"former movie theater in San Marcos, Texas, United States"
http://www.wikidata.org/entity/Q42305391,Showplace Cinema,Point(-97.9413941 29.8832749),,,"former movie theater in San Marcos, Texas, United States"
http://www.wikidata.org/entity/Q42305391,Showplace Cinema,Point(-97.9413941 29.8832749),,,"former movie theater in San Marcos, Texas, United States"
http://www.wikidata.org/entity/Q42305391,Showplace Cinema,Point(-97.9413941 29.8832749),,,"former movie theater in San Marcos, Texas, United States"
http://www.wikidata.org/entity/Q42305391,Showplace Cinema,Point(-97.9413941 29.8832749),,,"former movie theater in San Marcos, Texas, United States"
http://www.wikidata.org/entity/Q42305391,Showplace Cinema,Point(-97.9413941 29.8832749),,,"former movie theater in San Marcos, Texas, United States"
http://www.wikidata.org/entity/Q42305391,Showplace Cinema,Point(-97.9413941 29.8832749),,,"former movie theater in San Marcos, Texas, United States"
http://www.wikidata.org/entity/Q42305391,Showplace Cinema,Point(-97.9413941 29.8832749),,,"former movie theater in San Marcos, Texas, United States"
http://www.wikidata.org/entity/Q42305391,Showplace Cinema,Point(-97.9413941 29.8832749),,,"former movie theater in San Marcos, Texas, United States"
http://www.wikidata.org/entity/Q42305391,Showplace Cinema,Point(-97.9413941 29.8832749),,,"former movie theater in San Marcos, Texas, United States"
http://www.wikidata.org/entity/Q42305391,Showplace Cinema,Point(-97.9413941 29.8832749),,,"former movie theater in San Marcos, Texas, United States"
http://www.wikidata.org/entity/Q42305391,Showplace Cinema,Point(-97.9413941 29.8832749),,,"former movie theater in San Marcos, Texas, United States"
http://www.wikidata.org/entity/Q42305391,Showplace Cinema,Point(-97.9413941 29.8832749),,,"former movie theater in San Marcos, Texas, United States"
http://www.wikidata.org/entity/Q42305391,Showplace Cinema,Point(-97.9413941 29.8832749),,,"former movie theater in San Marcos, Texas, United States"
http://www.wikidata.org/entity/Q42305391,Showplace Cinema,Point(-97.9413941 29.8832749),,,"former movie theater in San Marcos, Texas, United States"
http://www.wikidata.org/entity/Q42305391,Showplace Cinema,Point(-97.9413941 29.8832749),,,"former movie theater in San Marcos, Texas, United States"
http://www.wikidata.org/entity/Q42305391,Showplace Cinema,Point(-97.9413941 29.8832749),,,"former movie theater in San Marcos, Texas, United States"
http://www.wikidata.org/entity/Q42305395,Texas Music Theater,Point(-97.940488 29.881944),,http://texasmusictheatersanmarcos.com,"movie theater in San Marcos, Texas, United States"
http://www.wikidata.org/entity/Q42305395,Texas Music Theater,Point(-97.940488 29.881944),,http://texasmusictheatersanmarcos.com,"movie theater in San Marcos, Texas, United States"
http://www.wikidata.org/entity/Q42305395,Texas Music Theater,Point(-97.940488 29.881944),,http://texasmusictheatersanmarcos.com,"movie theater in San Marcos, Texas, United States"
http://www.wikidata.org/entity/Q42305395,Texas Music Theater,Point(-97.940488 29.881944),,http://texasmusictheatersanmarcos.com,"movie theater in San Marcos, Texas, United States"
http://www.wikidata.org/entity/Q42305395,Texas Music Theater,Point(-97.940488 29.881944),,http://texasmusictheatersanmarcos.com,"movie theater in San Marcos, Texas, United States"
http://www.wikidata.org/entity/Q42305395,Texas Music Theater,Point(-97.940488 29.881944),,http://texasmusictheatersanmarcos.com,"movie theater in San Marcos, Texas, United States"
http://www.wikidata.org/entity/Q42305395,Texas Music Theater,Point(-97.940488 29.881944),,http://texasmusictheatersanmarcos.com,"movie theater in San Marcos, Texas, United States"
http://www.wikidata.org/entity/Q42305395,Texas Music Theater,Point(-97.940488 29.881944),,http://texasmusictheatersanmarcos.com,"movie theater in San Marcos, Texas, United States"
http://www.wikidata.org/entity/Q42305395,Texas Music Theater,Point(-97.940488 29.881944),,http://texasmusictheatersanmarcos.com,"movie theater in San Marcos, Texas, United States"
http://www.wikidata.org/entity/Q42305395,Texas Music Theater,Point(-97.940488 29.881944),,http://texasmusictheatersanmarcos.com,"movie theater in San Marcos, Texas, United States"
http://www.wikidata.org/entity/Q42305395,Texas Music Theater,Point(-97.940488 29.881944),,http://texasmusictheatersanmarcos.com,"movie theater in San Marcos, Texas, United States"
http://www.wikidata.org/entity/Q42305395,Texas Music Theater,Point(-97.940488 29.881944),,http://texasmusictheatersanmarcos.com,"movie theater in San Marcos, Texas, United States"
http://www.wikidata.org/entity/Q42305395,Texas Music Theater,Point(-97.940488 29.881944),,http://texasmusictheatersanmarcos.com,"movie theater in San Marcos, Texas, United States"
http://www.wikidata.org/entity/Q42305395,Texas Music Theater,Point(-97.940488 29.881944),,http://texasmusictheatersanmarcos.com,"movie theater in San Marcos, Texas, United States"
http://www.wikidata.org/entity/Q42305395,Texas Music Theater,Point(-97.940488 29.881944),,http://texasmusictheatersanmarcos.com,"movie theater in San Marcos, Texas, United States"
http://www.wikidata.org/entity/Q42305395,Texas Music Theater,Point(-97.940488 29.881944),,http://texasmusictheatersanmarcos.com,"movie theater in San Marcos, Texas, United States"
http://www.wikidata.org/entity/Q42305395,Texas Music Theater,Point(-97.940488 29.881944),,http://texasmusictheatersanmarcos.com,"movie theater in San Marcos, Texas, United States"
http://www.wikidata.org/entity/Q42305395,Texas Music Theater,Point(-97.940488 29.881944),,http://texasmusictheatersanmarcos.com,"movie theater in San Marcos, Texas, United States"
http://www.wikidata.org/entity/Q42305395,Texas Music Theater,Point(-97.940488 29.881944),,http://texasmusictheatersanmarcos.com,"movie theater in San Marcos, Texas, United States"
http://www.wikidata.org/entity/Q42305395,Texas Music Theater,Point(-97.940488 29.881944),,http://texasmusictheatersanmarcos.com,"movie theater in San Marcos, Texas, United States"
http://www.wikidata.org/entity/Q42305395,Texas Music Theater,Point(-97.940488 29.881944),,http://texasmusictheatersanmarcos.com,"movie theater in San Marcos, Texas, United States"
http://www.wikidata.org/entity/Q42305395,Texas Music Theater,Point(-97.940488 29.881944),,http://texasmusictheatersanmarcos.com,"movie theater in San Marcos, Texas, United States"
http://www.wikidata.org/entity/Q42305395,Texas Music Theater,Point(-97.940488 29.881944),,http://texasmusictheatersanmarcos.com,"movie theater in San Marcos, Texas, United States"
http://www.wikidata.org/entity/Q42305395,Texas Music Theater,Point(-97.940488 29.881944),,http://texasmusictheatersanmarcos.com,"movie theater in San Marcos, Texas, United States"
http://www.wikidata.org/entity/Q42305395,Texas Music Theater,Point(-97.940488 29.881944),,http://texasmusictheatersanmarcos.com,"movie theater in San Marcos, Texas, United States"
http://www.wikidata.org/entity/Q42305395,Texas Music Theater,Point(-97.940488 29.881944),,http://texasmusictheatersanmarcos.com,"movie theater in San Marcos, Texas, United States"
http://www.wikidata.org/entity/Q42305395,Texas Music Theater,Point(-97.940488 29.881944),,http://texasmusictheatersanmarcos.com,"movie theater in San Marcos, Texas, United States"
http://www.wikidata.org/entity/Q42305395,Texas Music Theater,Point(-97.940488 29.881944),,http://texasmusictheatersanmarcos.com,"movie theater in San Marcos, Texas, United States"
http://www.wikidata.org/entity/Q42305395,Texas Music Theater,Point(-97.940488 29.881944),,http://texasmusictheatersanmarcos.com,"movie theater in San Marcos, Texas, United States"
http://www.wikidata.org/entity/Q42305395,Texas Music Theater,Point(-97.940488 29.881944),,http://texasmusictheatersanmarcos.com,"movie theater in San Marcos, Texas, United States"
http://www.wikidata.org/entity/Q42305395,Texas Music Theater,Point(-97.940488 29.881944),,http://texasmusictheatersanmarcos.com,"movie theater in San Marcos, Texas, United States"
http://www.wikidata.org/entity/Q42305395,Texas Music Theater,Point(-97.940488 29.881944),,http://texasmusictheatersanmarcos.com,"movie theater in San Marcos, Texas, United States"
http://www.wikidata.org/entity/Q42305395,Texas Music Theater,Point(-97.940488 29.881944),,http://texasmusictheatersanmarcos.com,"movie theater in San Marcos, Texas, United States"
http://www.wikidata.org/entity/Q42305395,Texas Music Theater,Point(-97.940488 29.881944),,http://texasmusictheatersanmarcos.com,"movie theater in San Marcos, Texas, United States"
http://www.wikidata.org/entity/Q42305395,Texas Music Theater,Point(-97.940488 29.881944),,http://texasmusictheatersanmarcos.com,"movie theater in San Marcos, Texas, United States"
http://www.wikidata.org/entity/Q42305395,Texas Music Theater,Point(-97.940488 29.881944),,http://texasmusictheatersanmarcos.com,"movie theater in San Marcos, Texas, United States"
http://www.wikidata.org/entity/Q42305395,Texas Music Theater,Point(-97.940488 29.881944),,http://texasmusictheatersanmarcos.com,"movie theater in San Marcos, Texas, United States"
http://www.wikidata.org/entity/Q42305393,Spot Theatre,Point(-97.9233803 29.886161),,http://www.evo-entertainment.com/films/evx/#,"movie theater in San Marcos, Texas, United States"
http://www.wikidata.org/entity/Q42305393,Spot Theatre,Point(-97.9233803 29.886161),,http://www.evo-entertainment.com/films/evx/#,"movie theater in San Marcos, Texas, United States"
http://www.wikidata.org/entity/Q42305393,Spot Theatre,Point(-97.9233803 29.886161),,http://www.evo-entertainment.com/films/evx/#,"movie theater in San Marcos, Texas, United States"
http://www.wikidata.org/entity/Q42305393,Spot Theatre,Point(-97.9233803 29.886161),,http://www.evo-entertainment.com/films/evx/#,"movie theater in San Marcos, Texas, United States"
http://www.wikidata.org/entity/Q42305393,Spot Theatre,Point(-97.9233803 29.886161),,http://www.evo-entertainment.com/films/evx/#,"movie theater in San Marcos, Texas, United States"
http://www.wikidata.org/entity/Q42305393,Spot Theatre,Point(-97.9233803 29.886161),,http://www.evo-entertainment.com/films/evx/#,"movie theater in San Marcos, Texas, United States"
http://www.wikidata.org/entity/Q42305393,Spot Theatre,Point(-97.9233803 29.886161),,http://www.evo-entertainment.com/films/evx/#,"movie theater in San Marcos, Texas, United States"
http://www.wikidata.org/entity/Q42305393,Spot Theatre,Point(-97.9233803 29.886161),,http://www.evo-entertainment.com/films/evx/#,"movie theater in San Marcos, Texas, United States"
http://www.wikidata.org/entity/Q42305393,Spot Theatre,Point(-97.9233803 29.886161),,http://www.evo-entertainment.com/films/evx/#,"movie theater in San Marcos, Texas, United States"
http://www.wikidata.org/entity/Q42305393,Spot Theatre,Point(-97.9233803 29.886161),,http://www.evo-entertainment.com/films/evx/#,"movie theater in San Marcos, Texas, United States"
http://www.wikidata.org/entity/Q42305393,Spot Theatre,Point(-97.9233803 29.886161),,http://www.evo-entertainment.com/films/evx/#,"movie theater in San Marcos, Texas, United States"
http://www.wikidata.org/entity/Q42305393,Spot Theatre,Point(-97.9233803 29.886161),,http://www.evo-entertainment.com/films/evx/#,"movie theater in San Marcos, Texas, United States"
http://www.wikidata.org/entity/Q42305393,Spot Theatre,Point(-97.9233803 29.886161),,http://www.evo-entertainment.com/films/evx/#,"movie theater in San Marcos, Texas, United States"
http://www.wikidata.org/entity/Q42305393,Spot Theatre,Point(-97.9233803 29.886161),,http://www.evo-entertainment.com/films/evx/#,"movie theater in San Marcos, Texas, United States"
http://www.wikidata.org/entity/Q42305393,Spot Theatre,Point(-97.9233803 29.886161),,http://www.evo-entertainment.com/films/evx/#,"movie theater in San Marcos, Texas, United States"
http://www.wikidata.org/entity/Q42305393,Spot Theatre,Point(-97.9233803 29.886161),,http://www.evo-entertainment.com/films/evx/#,"movie theater in San Marcos, Texas, United States"
http://www.wikidata.org/entity/Q42305393,Spot Theatre,Point(-97.9233803 29.886161),,http://www.evo-entertainment.com/films/evx/#,"movie theater in San Marcos, Texas, United States"
http://www.wikidata.org/entity/Q42305393,Spot Theatre,Point(-97.9233803 29.886161),,http://www.evo-entertainment.com/films/evx/#,"movie theater in San Marcos, Texas, United States"
http://www.wikidata.org/entity/Q42305393,Spot Theatre,Point(-97.9233803 29.886161),,http://www.evo-entertainment.com/films/evx/#,"movie theater in San Marcos, Texas, United States"
http://www.wikidata.org/entity/Q42305393,Spot Theatre,Point(-97.9233803 29.886161),,http://www.evo-entertainment.com/films/evx/#,"movie theater in San Marcos, Texas, United States"
http://www.wikidata.org/entity/Q42305393,Spot Theatre,Point(-97.9233803 29.886161),,http://www.evo-entertainment.com/films/evx/#,"movie theater in San Marcos, Texas, United States"
http://www.wikidata.org/entity/Q42305393,Spot Theatre,Point(-97.9233803 29.886161),,http://www.evo-entertainment.com/films/evx/#,"movie theater in San Marcos, Texas, United States"
http://www.wikidata.org/entity/Q42305393,Spot Theatre,Point(-97.9233803 29.886161),,http://www.evo-entertainment.com/films/evx/#,"movie theater in San Marcos, Texas, United States"
http://www.wikidata.org/entity/Q42305393,Spot Theatre,Point(-97.9233803 29.886161),,http://www.evo-entertainment.com/films/evx/#,"movie theater in San Marcos, Texas, United States"
http://www.wikidata.org/entity/Q42305393,Spot Theatre,Point(-97.9233803 29.886161),,http://www.evo-entertainment.com/films/evx/#,"movie theater in San Marcos, Texas, United States"
http://www.wikidata.org/entity/Q42305393,Spot Theatre,Point(-97.9233803 29.886161),,http://www.evo-entertainment.com/films/evx/#,"movie theater in San Marcos, Texas, United States"
http://www.wikidata.org/entity/Q42305393,Spot Theatre,Point(-97.9233803 29.886161),,http://www.evo-entertainment.com/films/evx/#,"movie theater in San Marcos, Texas, United States"
http://www.wikidata.org/entity/Q42305393,Spot Theatre,Point(-97.9233803 29.886161),,http://www.evo-entertainment.com/films/evx/#,"movie theater in San Marcos, Texas, United States"
http://www.wikidata.org/entity/Q42305393,Spot Theatre,Point(-97.9233803 29.886161),,http://www.evo-entertainment.com/films/evx/#,"movie theater in San Marcos, Texas, United States"
http://www.wikidata.org/entity/Q42305393,Spot Theatre,Point(-97.9233803 29.886161),,http://www.evo-entertainment.com/films/evx/#,"movie theater in San Marcos, Texas, United States"
http://www.wikidata.org/entity/Q42305393,Spot Theatre,Point(-97.9233803 29.886161),,http://www.evo-entertainment.com/films/evx/#,"movie theater in San Marcos, Texas, United States"
http://www.wikidata.org/entity/Q42305393,Spot Theatre,Point(-97.9233803 29.886161),,http://www.evo-entertainment.com/films/evx/#,"movie theater in San Marcos, Texas, United States"
http://www.wikidata.org/entity/Q42305393,Spot Theatre,Point(-97.9233803 29.886161),,http://www.evo-entertainment.com/films/evx/#,"movie theater in San Marcos, Texas, United States"
http://www.wikidata.org/entity/Q42305393,Spot Theatre,Point(-97.9233803 29.886161),,http://www.evo-entertainment.com/films/evx/#,"movie theater in San Marcos, Texas, United States"
http://www.wikidata.org/entity/Q42305393,Spot Theatre,Point(-97.9233803 29.886161),,http://www.evo-entertainment.com/films/evx/#,"movie theater in San Marcos, Texas, United States"
http://www.wikidata.org/entity/Q42305393,Spot Theatre,Point(-97.9233803 29.886161),,http://www.evo-entertainment.com/films/evx/#,"movie theater in San Marcos, Texas, United States"
http://www.wikidata.org/entity/Q42305393,Spot Theatre,Point(-97.9233803 29.886161),,http://www.evo-entertainment.com/films/evx/#,"movie theater in San Marcos, Texas, United States"
http://www.wikidata.org/entity/Q42305502,Colonial Theatre,Point(-97.4100065 30.5702865),,,"former movie theater in Taylor, Texas, United States"
http://www.wikidata.org/entity/Q42305502,Colonial Theatre,Point(-97.4100065 30.5702865),,,"former movie theater in Taylor, Texas, United States"
http://www.wikidata.org/entity/Q42305502,Colonial Theatre,Point(-97.4100065 30.5702865),,,"former movie theater in Taylor, Texas, United States"
http://www.wikidata.org/entity/Q42305502,Colonial Theatre,Point(-97.4100065 30.5702865),,,"former movie theater in Taylor, Texas, United States"
http://www.wikidata.org/entity/Q42305502,Colonial Theatre,Point(-97.4100065 30.5702865),,,"former movie theater in Taylor, Texas, United States"
http://www.wikidata.org/entity/Q42305502,Colonial Theatre,Point(-97.4100065 30.5702865),,,"former movie theater in Taylor, Texas, United States"
http://www.wikidata.org/entity/Q42305502,Colonial Theatre,Point(-97.4100065 30.5702865),,,"former movie theater in Taylor, Texas, United States"
http://www.wikidata.org/entity/Q42305502,Colonial Theatre,Point(-97.4100065 30.5702865),,,"former movie theater in Taylor, Texas, United States"
http://www.wikidata.org/entity/Q42305502,Colonial Theatre,Point(-97.4100065 30.5702865),,,"former movie theater in Taylor, Texas, United States"
http://www.wikidata.org/entity/Q42305502,Colonial Theatre,Point(-97.4100065 30.5702865),,,"former movie theater in Taylor, Texas, United States"
http://www.wikidata.org/entity/Q42305502,Colonial Theatre,Point(-97.4100065 30.5702865),,,"former movie theater in Taylor, Texas, United States"
http://www.wikidata.org/entity/Q42305502,Colonial Theatre,Point(-97.4100065 30.5702865),,,"former movie theater in Taylor, Texas, United States"
http://www.wikidata.org/entity/Q42305502,Colonial Theatre,Point(-97.4100065 30.5702865),,,"former movie theater in Taylor, Texas, United States"
http://www.wikidata.org/entity/Q42305502,Colonial Theatre,Point(-97.4100065 30.5702865),,,"former movie theater in Taylor, Texas, United States"
http://www.wikidata.org/entity/Q42305502,Colonial Theatre,Point(-97.4100065 30.5702865),,,"former movie theater in Taylor, Texas, United States"
http://www.wikidata.org/entity/Q42305502,Colonial Theatre,Point(-97.4100065 30.5702865),,,"former movie theater in Taylor, Texas, United States"
http://www.wikidata.org/entity/Q42305502,Colonial Theatre,Point(-97.4100065 30.5702865),,,"former movie theater in Taylor, Texas, United States"
http://www.wikidata.org/entity/Q42305502,Colonial Theatre,Point(-97.4100065 30.5702865),,,"former movie theater in Taylor, Texas, United States"
http://www.wikidata.org/entity/Q42305502,Colonial Theatre,Point(-97.4100065 30.5702865),,,"former movie theater in Taylor, Texas, United States"
http://www.wikidata.org/entity/Q42305502,Colonial Theatre,Point(-97.4100065 30.5702865),,,"former movie theater in Taylor, Texas, United States"
http://www.wikidata.org/entity/Q42305502,Colonial Theatre,Point(-97.4100065 30.5702865),,,"former movie theater in Taylor, Texas, United States"
http://www.wikidata.org/entity/Q42305502,Colonial Theatre,Point(-97.4100065 30.5702865),,,"former movie theater in Taylor, Texas, United States"
http://www.wikidata.org/entity/Q42305502,Colonial Theatre,Point(-97.4100065 30.5702865),,,"former movie theater in Taylor, Texas, United States"
http://www.wikidata.org/entity/Q42305502,Colonial Theatre,Point(-97.4100065 30.5702865),,,"former movie theater in Taylor, Texas, United States"
http://www.wikidata.org/entity/Q42305502,Colonial Theatre,Point(-97.4100065 30.5702865),,,"former movie theater in Taylor, Texas, United States"
http://www.wikidata.org/entity/Q42305502,Colonial Theatre,Point(-97.4100065 30.5702865),,,"former movie theater in Taylor, Texas, United States"
http://www.wikidata.org/entity/Q42305502,Colonial Theatre,Point(-97.4100065 30.5702865),,,"former movie theater in Taylor, Texas, United States"
http://www.wikidata.org/entity/Q42305502,Colonial Theatre,Point(-97.4100065 30.5702865),,,"former movie theater in Taylor, Texas, United States"
http://www.wikidata.org/entity/Q42305502,Colonial Theatre,Point(-97.4100065 30.5702865),,,"former movie theater in Taylor, Texas, United States"
http://www.wikidata.org/entity/Q42305502,Colonial Theatre,Point(-97.4100065 30.5702865),,,"former movie theater in Taylor, Texas, United States"
http://www.wikidata.org/entity/Q42305502,Colonial Theatre,Point(-97.4100065 30.5702865),,,"former movie theater in Taylor, Texas, United States"
http://www.wikidata.org/entity/Q42305502,Colonial Theatre,Point(-97.4100065 30.5702865),,,"former movie theater in Taylor, Texas, United States"
http://www.wikidata.org/entity/Q42305502,Colonial Theatre,Point(-97.4100065 30.5702865),,,"former movie theater in Taylor, Texas, United States"
http://www.wikidata.org/entity/Q42305502,Colonial Theatre,Point(-97.4100065 30.5702865),,,"former movie theater in Taylor, Texas, United States"
http://www.wikidata.org/entity/Q42305502,Colonial Theatre,Point(-97.4100065 30.5702865),,,"former movie theater in Taylor, Texas, United States"
http://www.wikidata.org/entity/Q42305502,Colonial Theatre,Point(-97.4100065 30.5702865),,,"former movie theater in Taylor, Texas, United States"
http://www.wikidata.org/entity/Q42305502,Colonial Theatre,Point(-97.4100065 30.5702865),,,"former movie theater in Taylor, Texas, United States"
http://www.wikidata.org/entity/Q42305504,Howard Theatre,Point(-97.409943 30.569938),,,"former movie theater in Taylor, Texas, United States"
http://www.wikidata.org/entity/Q42305504,Howard Theatre,Point(-97.409943 30.569938),,,"former movie theater in Taylor, Texas, United States"
http://www.wikidata.org/entity/Q42305504,Howard Theatre,Point(-97.409943 30.569938),,,"former movie theater in Taylor, Texas, United States"
http://www.wikidata.org/entity/Q42305504,Howard Theatre,Point(-97.409943 30.569938),,,"former movie theater in Taylor, Texas, United States"
http://www.wikidata.org/entity/Q42305504,Howard Theatre,Point(-97.409943 30.569938),,,"former movie theater in Taylor, Texas, United States"
http://www.wikidata.org/entity/Q42305504,Howard Theatre,Point(-97.409943 30.569938),,,"former movie theater in Taylor, Texas, United States"
http://www.wikidata.org/entity/Q42305504,Howard Theatre,Point(-97.409943 30.569938),,,"former movie theater in Taylor, Texas, United States"
http://www.wikidata.org/entity/Q42305504,Howard Theatre,Point(-97.409943 30.569938),,,"former movie theater in Taylor, Texas, United States"
http://www.wikidata.org/entity/Q42305504,Howard Theatre,Point(-97.409943 30.569938),,,"former movie theater in Taylor, Texas, United States"
http://www.wikidata.org/entity/Q42305504,Howard Theatre,Point(-97.409943 30.569938),,,"former movie theater in Taylor, Texas, United States"
http://www.wikidata.org/entity/Q42305504,Howard Theatre,Point(-97.409943 30.569938),,,"former movie theater in Taylor, Texas, United States"
http://www.wikidata.org/entity/Q42305504,Howard Theatre,Point(-97.409943 30.569938),,,"former movie theater in Taylor, Texas, United States"
http://www.wikidata.org/entity/Q42305504,Howard Theatre,Point(-97.409943 30.569938),,,"former movie theater in Taylor, Texas, United States"
http://www.wikidata.org/entity/Q42305504,Howard Theatre,Point(-97.409943 30.569938),,,"former movie theater in Taylor, Texas, United States"
http://www.wikidata.org/entity/Q42305504,Howard Theatre,Point(-97.409943 30.569938),,,"former movie theater in Taylor, Texas, United States"
http://www.wikidata.org/entity/Q42305504,Howard Theatre,Point(-97.409943 30.569938),,,"former movie theater in Taylor, Texas, United States"
http://www.wikidata.org/entity/Q42305504,Howard Theatre,Point(-97.409943 30.569938),,,"former movie theater in Taylor, Texas, United States"
http://www.wikidata.org/entity/Q42305504,Howard Theatre,Point(-97.409943 30.569938),,,"former movie theater in Taylor, Texas, United States"
http://www.wikidata.org/entity/Q42305504,Howard Theatre,Point(-97.409943 30.569938),,,"former movie theater in Taylor, Texas, United States"
http://www.wikidata.org/entity/Q42305504,Howard Theatre,Point(-97.409943 30.569938),,,"former movie theater in Taylor, Texas, United States"
http://www.wikidata.org/entity/Q42305504,Howard Theatre,Point(-97.409943 30.569938),,,"former movie theater in Taylor, Texas, United States"
http://www.wikidata.org/entity/Q42305504,Howard Theatre,Point(-97.409943 30.569938),,,"former movie theater in Taylor, Texas, United States"
http://www.wikidata.org/entity/Q42305504,Howard Theatre,Point(-97.409943 30.569938),,,"former movie theater in Taylor, Texas, United States"
http://www.wikidata.org/entity/Q42305504,Howard Theatre,Point(-97.409943 30.569938),,,"former movie theater in Taylor, Texas, United States"
http://www.wikidata.org/entity/Q42305504,Howard Theatre,Point(-97.409943 30.569938),,,"former movie theater in Taylor, Texas, United States"
http://www.wikidata.org/entity/Q42305504,Howard Theatre,Point(-97.409943 30.569938),,,"former movie theater in Taylor, Texas, United States"
http://www.wikidata.org/entity/Q42305504,Howard Theatre,Point(-97.409943 30.569938),,,"former movie theater in Taylor, Texas, United States"
http://www.wikidata.org/entity/Q42305504,Howard Theatre,Point(-97.409943 30.569938),,,"former movie theater in Taylor, Texas, United States"
http://www.wikidata.org/entity/Q42305504,Howard Theatre,Point(-97.409943 30.569938),,,"former movie theater in Taylor, Texas, United States"
http://www.wikidata.org/entity/Q42305504,Howard Theatre,Point(-97.409943 30.569938),,,"former movie theater in Taylor, Texas, United States"
http://www.wikidata.org/entity/Q42305504,Howard Theatre,Point(-97.409943 30.569938),,,"former movie theater in Taylor, Texas, United States"
http://www.wikidata.org/entity/Q42305504,Howard Theatre,Point(-97.409943 30.569938),,,"former movie theater in Taylor, Texas, United States"
http://www.wikidata.org/entity/Q42305504,Howard Theatre,Point(-97.409943 30.569938),,,"former movie theater in Taylor, Texas, United States"
http://www.wikidata.org/entity/Q42305504,Howard Theatre,Point(-97.409943 30.569938),,,"former movie theater in Taylor, Texas, United States"
http://www.wikidata.org/entity/Q42305504,Howard Theatre,Point(-97.409943 30.569938),,,"former movie theater in Taylor, Texas, United States"
http://www.wikidata.org/entity/Q42305504,Howard Theatre,Point(-97.409943 30.569938),,,"former movie theater in Taylor, Texas, United States"
http://www.wikidata.org/entity/Q42305504,Howard Theatre,Point(-97.409943 30.569938),,,"former movie theater in Taylor, Texas, United States"
http://www.wikidata.org/entity/Q42305505,Howard Theatre,Point(-97.4093793 30.5676149),,http://www.howardtheatre.com,"movie theater in Taylor, Texas, United States"
http://www.wikidata.org/entity/Q42305505,Howard Theatre,Point(-97.4093793 30.5676149),,http://www.howardtheatre.com,"movie theater in Taylor, Texas, United States"
http://www.wikidata.org/entity/Q42305505,Howard Theatre,Point(-97.4093793 30.5676149),,http://www.howardtheatre.com,"movie theater in Taylor, Texas, United States"
http://www.wikidata.org/entity/Q42305505,Howard Theatre,Point(-97.4093793 30.5676149),,http://www.howardtheatre.com,"movie theater in Taylor, Texas, United States"
http://www.wikidata.org/entity/Q42305505,Howard Theatre,Point(-97.4093793 30.5676149),,http://www.howardtheatre.com,"movie theater in Taylor, Texas, United States"
http://www.wikidata.org/entity/Q42305505,Howard Theatre,Point(-97.4093793 30.5676149),,http://www.howardtheatre.com,"movie theater in Taylor, Texas, United States"
http://www.wikidata.org/entity/Q42305505,Howard Theatre,Point(-97.4093793 30.5676149),,http://www.howardtheatre.com,"movie theater in Taylor, Texas, United States"
http://www.wikidata.org/entity/Q42305505,Howard Theatre,Point(-97.4093793 30.5676149),,http://www.howardtheatre.com,"movie theater in Taylor, Texas, United States"
http://www.wikidata.org/entity/Q42305505,Howard Theatre,Point(-97.4093793 30.5676149),,http://www.howardtheatre.com,"movie theater in Taylor, Texas, United States"
http://www.wikidata.org/entity/Q42305505,Howard Theatre,Point(-97.4093793 30.5676149),,http://www.howardtheatre.com,"movie theater in Taylor, Texas, United States"
http://www.wikidata.org/entity/Q42305505,Howard Theatre,Point(-97.4093793 30.5676149),,http://www.howardtheatre.com,"movie theater in Taylor, Texas, United States"
http://www.wikidata.org/entity/Q42305505,Howard Theatre,Point(-97.4093793 30.5676149),,http://www.howardtheatre.com,"movie theater in Taylor, Texas, United States"
http://www.wikidata.org/entity/Q42305505,Howard Theatre,Point(-97.4093793 30.5676149),,http://www.howardtheatre.com,"movie theater in Taylor, Texas, United States"
http://www.wikidata.org/entity/Q42305505,Howard Theatre,Point(-97.4093793 30.5676149),,http://www.howardtheatre.com,"movie theater in Taylor, Texas, United States"
http://www.wikidata.org/entity/Q42305505,Howard Theatre,Point(-97.4093793 30.5676149),,http://www.howardtheatre.com,"movie theater in Taylor, Texas, United States"
http://www.wikidata.org/entity/Q42305505,Howard Theatre,Point(-97.4093793 30.5676149),,http://www.howardtheatre.com,"movie theater in Taylor, Texas, United States"
http://www.wikidata.org/entity/Q42305505,Howard Theatre,Point(-97.4093793 30.5676149),,http://www.howardtheatre.com,"movie theater in Taylor, Texas, United States"
http://www.wikidata.org/entity/Q42305505,Howard Theatre,Point(-97.4093793 30.5676149),,http://www.howardtheatre.com,"movie theater in Taylor, Texas, United States"
http://www.wikidata.org/entity/Q42305505,Howard Theatre,Point(-97.4093793 30.5676149),,http://www.howardtheatre.com,"movie theater in Taylor, Texas, United States"
http://www.wikidata.org/entity/Q42305505,Howard Theatre,Point(-97.4093793 30.5676149),,http://www.howardtheatre.com,"movie theater in Taylor, Texas, United States"
http://www.wikidata.org/entity/Q42305505,Howard Theatre,Point(-97.4093793 30.5676149),,http://www.howardtheatre.com,"movie theater in Taylor, Texas, United States"
http://www.wikidata.org/entity/Q42305505,Howard Theatre,Point(-97.4093793 30.5676149),,http://www.howardtheatre.com,"movie theater in Taylor, Texas, United States"
http://www.wikidata.org/entity/Q42305505,Howard Theatre,Point(-97.4093793 30.5676149),,http://www.howardtheatre.com,"movie theater in Taylor, Texas, United States"
http://www.wikidata.org/entity/Q42305505,Howard Theatre,Point(-97.4093793 30.5676149),,http://www.howardtheatre.com,"movie theater in Taylor, Texas, United States"
http://www.wikidata.org/entity/Q42305505,Howard Theatre,Point(-97.4093793 30.5676149),,http://www.howardtheatre.com,"movie theater in Taylor, Texas, United States"
http://www.wikidata.org/entity/Q42305505,Howard Theatre,Point(-97.4093793 30.5676149),,http://www.howardtheatre.com,"movie theater in Taylor, Texas, United States"
http://www.wikidata.org/entity/Q42305505,Howard Theatre,Point(-97.4093793 30.5676149),,http://www.howardtheatre.com,"movie theater in Taylor, Texas, United States"
http://www.wikidata.org/entity/Q42305505,Howard Theatre,Point(-97.4093793 30.5676149),,http://www.howardtheatre.com,"movie theater in Taylor, Texas, United States"
http://www.wikidata.org/entity/Q42305505,Howard Theatre,Point(-97.4093793 30.5676149),,http://www.howardtheatre.com,"movie theater in Taylor, Texas, United States"
http://www.wikidata.org/entity/Q42305505,Howard Theatre,Point(-97.4093793 30.5676149),,http://www.howardtheatre.com,"movie theater in Taylor, Texas, United States"
http://www.wikidata.org/entity/Q42305505,Howard Theatre,Point(-97.4093793 30.5676149),,http://www.howardtheatre.com,"movie theater in Taylor, Texas, United States"
http://www.wikidata.org/entity/Q42305505,Howard Theatre,Point(-97.4093793 30.5676149),,http://www.howardtheatre.com,"movie theater in Taylor, Texas, United States"
http://www.wikidata.org/entity/Q42305505,Howard Theatre,Point(-97.4093793 30.5676149),,http://www.howardtheatre.com,"movie theater in Taylor, Texas, United States"
http://www.wikidata.org/entity/Q42305505,Howard Theatre,Point(-97.4093793 30.5676149),,http://www.howardtheatre.com,"movie theater in Taylor, Texas, United States"
http://www.wikidata.org/entity/Q42305505,Howard Theatre,Point(-97.4093793 30.5676149),,http://www.howardtheatre.com,"movie theater in Taylor, Texas, United States"
http://www.wikidata.org/entity/Q42305505,Howard Theatre,Point(-97.4093793 30.5676149),,http://www.howardtheatre.com,"movie theater in Taylor, Texas, United States"
http://www.wikidata.org/entity/Q42305505,Howard Theatre,Point(-97.4093793 30.5676149),,http://www.howardtheatre.com,"movie theater in Taylor, Texas, United States"
http://www.wikidata.org/entity/Q49479261,Colony Park,Point(-97.634444444 30.298611111),,,"park in Travis County, Texas, United States of America"
http://www.wikidata.org/entity/Q49479442,Comal Park,Point(-97.728055555 30.260833333),,,"park in Travis County, Texas, United States of America"
http://www.wikidata.org/entity/Q49480682,Covert Park,Point(-97.773565 30.321085),,,"historic site in Austin, Travis County, Texas"
http://www.wikidata.org/entity/Q49480682,Covert Park,Point(-97.77347723 30.32180152),,,"historic site in Austin, Travis County, Texas"
http://www.wikidata.org/entity/Q49480914,Creekmont West Park,Point(-97.705277777 30.4975),,,"park in Williamson County, Texas, United States of America"
http://www.wikidata.org/entity/Q49481545,Cypress Creek Park,Point(-97.873611111 30.436944444),,,"park in Travis County, Texas, United States of America"
http://www.wikidata.org/entity/Q49481989,Dave Reed Park,Point(-97.923055555 30.466388888),,,"park in Travis County, Texas, United States of America"
http://www.wikidata.org/entity/Q49482421,Deep Eddy Park,Point(-97.773055555 30.276666666),,,"park in Travis County, Texas, United States of America"
http://www.wikidata.org/entity/Q49482597,Del Valle High School Baseball Field,Point(-97.651944444 30.2125),,,"Former stadium in Travis County, Texas"
http://www.wikidata.org/entity/Q49483200,Dick Nichols Park,Point(-97.861111111 30.211944444),,,"park in Travis County, Texas, United States of America"
http://www.wikidata.org/entity/Q42305378,Cinemark Movies 8,Point(-97.6902333 30.5313869),,http://www.cinemark.com,"movie theater in Round Rock, Texas, United States"
http://www.wikidata.org/entity/Q42305378,Cinemark Movies 8,Point(-97.6902333 30.5313869),,http://www.cinemark.com,"movie theater in Round Rock, Texas, United States"
http://www.wikidata.org/entity/Q42305378,Cinemark Movies 8,Point(-97.6902333 30.5313869),,http://www.cinemark.com,"movie theater in Round Rock, Texas, United States"
http://www.wikidata.org/entity/Q42305378,Cinemark Movies 8,Point(-97.6902333 30.5313869),,http://www.cinemark.com,"movie theater in Round Rock, Texas, United States"
http://www.wikidata.org/entity/Q42305378,Cinemark Movies 8,Point(-97.6902333 30.5313869),,http://www.cinemark.com,"movie theater in Round Rock, Texas, United States"
http://www.wikidata.org/entity/Q42305378,Cinemark Movies 8,Point(-97.6902333 30.5313869),,http://www.cinemark.com,"movie theater in Round Rock, Texas, United States"
http://www.wikidata.org/entity/Q42305378,Cinemark Movies 8,Point(-97.6902333 30.5313869),,http://www.cinemark.com,"movie theater in Round Rock, Texas, United States"
http://www.wikidata.org/entity/Q42305378,Cinemark Movies 8,Point(-97.6902333 30.5313869),,http://www.cinemark.com,"movie theater in Round Rock, Texas, United States"
http://www.wikidata.org/entity/Q42305378,Cinemark Movies 8,Point(-97.6902333 30.5313869),,http://www.cinemark.com,"movie theater in Round Rock, Texas, United States"
http://www.wikidata.org/entity/Q42305378,Cinemark Movies 8,Point(-97.6902333 30.5313869),,http://www.cinemark.com,"movie theater in Round Rock, Texas, United States"
http://www.wikidata.org/entity/Q42305378,Cinemark Movies 8,Point(-97.6902333 30.5313869),,http://www.cinemark.com,"movie theater in Round Rock, Texas, United States"
http://www.wikidata.org/entity/Q42305378,Cinemark Movies 8,Point(-97.6902333 30.5313869),,http://www.cinemark.com,"movie theater in Round Rock, Texas, United States"
http://www.wikidata.org/entity/Q42305378,Cinemark Movies 8,Point(-97.6902333 30.5313869),,http://www.cinemark.com,"movie theater in Round Rock, Texas, United States"
http://www.wikidata.org/entity/Q42305378,Cinemark Movies 8,Point(-97.6902333 30.5313869),,http://www.cinemark.com,"movie theater in Round Rock, Texas, United States"
http://www.wikidata.org/entity/Q42305378,Cinemark Movies 8,Point(-97.6902333 30.5313869),,http://www.cinemark.com,"movie theater in Round Rock, Texas, United States"
http://www.wikidata.org/entity/Q42305378,Cinemark Movies 8,Point(-97.6902333 30.5313869),,http://www.cinemark.com,"movie theater in Round Rock, Texas, United States"
http://www.wikidata.org/entity/Q42305378,Cinemark Movies 8,Point(-97.6902333 30.5313869),,http://www.cinemark.com,"movie theater in Round Rock, Texas, United States"
http://www.wikidata.org/entity/Q42305378,Cinemark Movies 8,Point(-97.6902333 30.5313869),,http://www.cinemark.com,"movie theater in Round Rock, Texas, United States"
http://www.wikidata.org/entity/Q42305378,Cinemark Movies 8,Point(-97.6902333 30.5313869),,http://www.cinemark.com,"movie theater in Round Rock, Texas, United States"
http://www.wikidata.org/entity/Q42305378,Cinemark Movies 8,Point(-97.6902333 30.5313869),,http://www.cinemark.com,"movie theater in Round Rock, Texas, United States"
http://www.wikidata.org/entity/Q42305378,Cinemark Movies 8,Point(-97.6902333 30.5313869),,http://www.cinemark.com,"movie theater in Round Rock, Texas, United States"
http://www.wikidata.org/entity/Q42305378,Cinemark Movies 8,Point(-97.6902333 30.5313869),,http://www.cinemark.com,"movie theater in Round Rock, Texas, United States"
http://www.wikidata.org/entity/Q42305378,Cinemark Movies 8,Point(-97.6902333 30.5313869),,http://www.cinemark.com,"movie theater in Round Rock, Texas, United States"
http://www.wikidata.org/entity/Q42305378,Cinemark Movies 8,Point(-97.6902333 30.5313869),,http://www.cinemark.com,"movie theater in Round Rock, Texas, United States"
http://www.wikidata.org/entity/Q42305378,Cinemark Movies 8,Point(-97.6902333 30.5313869),,http://www.cinemark.com,"movie theater in Round Rock, Texas, United States"
http://www.wikidata.org/entity/Q42305378,Cinemark Movies 8,Point(-97.6902333 30.5313869),,http://www.cinemark.com,"movie theater in Round Rock, Texas, United States"
http://www.wikidata.org/entity/Q42305378,Cinemark Movies 8,Point(-97.6902333 30.5313869),,http://www.cinemark.com,"movie theater in Round Rock, Texas, United States"
http://www.wikidata.org/entity/Q42305378,Cinemark Movies 8,Point(-97.6902333 30.5313869),,http://www.cinemark.com,"movie theater in Round Rock, Texas, United States"
http://www.wikidata.org/entity/Q42305378,Cinemark Movies 8,Point(-97.6902333 30.5313869),,http://www.cinemark.com,"movie theater in Round Rock, Texas, United States"
http://www.wikidata.org/entity/Q42305378,Cinemark Movies 8,Point(-97.6902333 30.5313869),,http://www.cinemark.com,"movie theater in Round Rock, Texas, United States"
http://www.wikidata.org/entity/Q42305378,Cinemark Movies 8,Point(-97.6902333 30.5313869),,http://www.cinemark.com,"movie theater in Round Rock, Texas, United States"
http://www.wikidata.org/entity/Q42305378,Cinemark Movies 8,Point(-97.6902333 30.5313869),,http://www.cinemark.com,"movie theater in Round Rock, Texas, United States"
http://www.wikidata.org/entity/Q42305378,Cinemark Movies 8,Point(-97.6902333 30.5313869),,http://www.cinemark.com,"movie theater in Round Rock, Texas, United States"
http://www.wikidata.org/entity/Q42305378,Cinemark Movies 8,Point(-97.6902333 30.5313869),,http://www.cinemark.com,"movie theater in Round Rock, Texas, United States"
http://www.wikidata.org/entity/Q42305378,Cinemark Movies 8,Point(-97.6902333 30.5313869),,http://www.cinemark.com,"movie theater in Round Rock, Texas, United States"
http://www.wikidata.org/entity/Q42305378,Cinemark Movies 8,Point(-97.6902333 30.5313869),,http://www.cinemark.com,"movie theater in Round Rock, Texas, United States"
http://www.wikidata.org/entity/Q42305378,Cinemark Movies 8,Point(-97.6902333 30.5313869),,http://www.cinemark.com,"movie theater in Round Rock, Texas, United States"
http://www.wikidata.org/entity/Q42305376,Cinemark 14,Point(-97.6957619 30.5697141),,https://www.cinemark.com/central-texas/cinemark-14-round-rock,"movie theater in Round Rock, Texas, United States"
http://www.wikidata.org/entity/Q42305376,Cinemark 14,Point(-97.6957619 30.5697141),,https://www.cinemark.com/central-texas/cinemark-14-round-rock,"movie theater in Round Rock, Texas, United States"
http://www.wikidata.org/entity/Q42305376,Cinemark 14,Point(-97.6957619 30.5697141),,https://www.cinemark.com/central-texas/cinemark-14-round-rock,"movie theater in Round Rock, Texas, United States"
http://www.wikidata.org/entity/Q42305376,Cinemark 14,Point(-97.6957619 30.5697141),,https://www.cinemark.com/central-texas/cinemark-14-round-rock,"movie theater in Round Rock, Texas, United States"
http://www.wikidata.org/entity/Q42305376,Cinemark 14,Point(-97.6957619 30.5697141),,https://www.cinemark.com/central-texas/cinemark-14-round-rock,"movie theater in Round Rock, Texas, United States"
http://www.wikidata.org/entity/Q42305376,Cinemark 14,Point(-97.6957619 30.5697141),,https://www.cinemark.com/central-texas/cinemark-14-round-rock,"movie theater in Round Rock, Texas, United States"
http://www.wikidata.org/entity/Q42305376,Cinemark 14,Point(-97.6957619 30.5697141),,https://www.cinemark.com/central-texas/cinemark-14-round-rock,"movie theater in Round Rock, Texas, United States"
http://www.wikidata.org/entity/Q42305376,Cinemark 14,Point(-97.6957619 30.5697141),,https://www.cinemark.com/central-texas/cinemark-14-round-rock,"movie theater in Round Rock, Texas, United States"
http://www.wikidata.org/entity/Q42305376,Cinemark 14,Point(-97.6957619 30.5697141),,https://www.cinemark.com/central-texas/cinemark-14-round-rock,"movie theater in Round Rock, Texas, United States"
http://www.wikidata.org/entity/Q42305376,Cinemark 14,Point(-97.6957619 30.5697141),,https://www.cinemark.com/central-texas/cinemark-14-round-rock,"movie theater in Round Rock, Texas, United States"
http://www.wikidata.org/entity/Q42305376,Cinemark 14,Point(-97.6957619 30.5697141),,https://www.cinemark.com/central-texas/cinemark-14-round-rock,"movie theater in Round Rock, Texas, United States"
http://www.wikidata.org/entity/Q42305376,Cinemark 14,Point(-97.6957619 30.5697141),,https://www.cinemark.com/central-texas/cinemark-14-round-rock,"movie theater in Round Rock, Texas, United States"
http://www.wikidata.org/entity/Q42305376,Cinemark 14,Point(-97.6957619 30.5697141),,https://www.cinemark.com/central-texas/cinemark-14-round-rock,"movie theater in Round Rock, Texas, United States"
http://www.wikidata.org/entity/Q42305376,Cinemark 14,Point(-97.6957619 30.5697141),,https://www.cinemark.com/central-texas/cinemark-14-round-rock,"movie theater in Round Rock, Texas, United States"
http://www.wikidata.org/entity/Q42305376,Cinemark 14,Point(-97.6957619 30.5697141),,https://www.cinemark.com/central-texas/cinemark-14-round-rock,"movie theater in Round Rock, Texas, United States"
http://www.wikidata.org/entity/Q42305376,Cinemark 14,Point(-97.6957619 30.5697141),,https://www.cinemark.com/central-texas/cinemark-14-round-rock,"movie theater in Round Rock, Texas, United States"
http://www.wikidata.org/entity/Q42305376,Cinemark 14,Point(-97.6957619 30.5697141),,https://www.cinemark.com/central-texas/cinemark-14-round-rock,"movie theater in Round Rock, Texas, United States"
http://www.wikidata.org/entity/Q42305376,Cinemark 14,Point(-97.6957619 30.5697141),,https://www.cinemark.com/central-texas/cinemark-14-round-rock,"movie theater in Round Rock, Texas, United States"
http://www.wikidata.org/entity/Q42305376,Cinemark 14,Point(-97.6957619 30.5697141),,https://www.cinemark.com/central-texas/cinemark-14-round-rock,"movie theater in Round Rock, Texas, United States"
http://www.wikidata.org/entity/Q42305376,Cinemark 14,Point(-97.6957619 30.5697141),,https://www.cinemark.com/central-texas/cinemark-14-round-rock,"movie theater in Round Rock, Texas, United States"
http://www.wikidata.org/entity/Q42305376,Cinemark 14,Point(-97.6957619 30.5697141),,https://www.cinemark.com/central-texas/cinemark-14-round-rock,"movie theater in Round Rock, Texas, United States"
http://www.wikidata.org/entity/Q42305376,Cinemark 14,Point(-97.6957619 30.5697141),,https://www.cinemark.com/central-texas/cinemark-14-round-rock,"movie theater in Round Rock, Texas, United States"
http://www.wikidata.org/entity/Q42305376,Cinemark 14,Point(-97.6957619 30.5697141),,https://www.cinemark.com/central-texas/cinemark-14-round-rock,"movie theater in Round Rock, Texas, United States"
http://www.wikidata.org/entity/Q42305376,Cinemark 14,Point(-97.6957619 30.5697141),,https://www.cinemark.com/central-texas/cinemark-14-round-rock,"movie theater in Round Rock, Texas, United States"
http://www.wikidata.org/entity/Q42305376,Cinemark 14,Point(-97.6957619 30.5697141),,https://www.cinemark.com/central-texas/cinemark-14-round-rock,"movie theater in Round Rock, Texas, United States"
http://www.wikidata.org/entity/Q42305376,Cinemark 14,Point(-97.6957619 30.5697141),,https://www.cinemark.com/central-texas/cinemark-14-round-rock,"movie theater in Round Rock, Texas, United States"
http://www.wikidata.org/entity/Q42305376,Cinemark 14,Point(-97.6957619 30.5697141),,https://www.cinemark.com/central-texas/cinemark-14-round-rock,"movie theater in Round Rock, Texas, United States"
http://www.wikidata.org/entity/Q42305376,Cinemark 14,Point(-97.6957619 30.5697141),,https://www.cinemark.com/central-texas/cinemark-14-round-rock,"movie theater in Round Rock, Texas, United States"
http://www.wikidata.org/entity/Q42305376,Cinemark 14,Point(-97.6957619 30.5697141),,https://www.cinemark.com/central-texas/cinemark-14-round-rock,"movie theater in Round Rock, Texas, United States"
http://www.wikidata.org/entity/Q42305376,Cinemark 14,Point(-97.6957619 30.5697141),,https://www.cinemark.com/central-texas/cinemark-14-round-rock,"movie theater in Round Rock, Texas, United States"
http://www.wikidata.org/entity/Q42305376,Cinemark 14,Point(-97.6957619 30.5697141),,https://www.cinemark.com/central-texas/cinemark-14-round-rock,"movie theater in Round Rock, Texas, United States"
http://www.wikidata.org/entity/Q42305376,Cinemark 14,Point(-97.6957619 30.5697141),,https://www.cinemark.com/central-texas/cinemark-14-round-rock,"movie theater in Round Rock, Texas, United States"
http://www.wikidata.org/entity/Q42305376,Cinemark 14,Point(-97.6957619 30.5697141),,https://www.cinemark.com/central-texas/cinemark-14-round-rock,"movie theater in Round Rock, Texas, United States"
http://www.wikidata.org/entity/Q42305376,Cinemark 14,Point(-97.6957619 30.5697141),,https://www.cinemark.com/central-texas/cinemark-14-round-rock,"movie theater in Round Rock, Texas, United States"
http://www.wikidata.org/entity/Q42305376,Cinemark 14,Point(-97.6957619 30.5697141),,https://www.cinemark.com/central-texas/cinemark-14-round-rock,"movie theater in Round Rock, Texas, United States"
http://www.wikidata.org/entity/Q42305376,Cinemark 14,Point(-97.6957619 30.5697141),,https://www.cinemark.com/central-texas/cinemark-14-round-rock,"movie theater in Round Rock, Texas, United States"
http://www.wikidata.org/entity/Q42305376,Cinemark 14,Point(-97.6957619 30.5697141),,https://www.cinemark.com/central-texas/cinemark-14-round-rock,"movie theater in Round Rock, Texas, United States"
http://www.wikidata.org/entity/Q42305380,Flix Brewhouse,Point(-97.6879983 30.5168816),,http://www.flixbrewhouse.com,"movie theater in Round Rock, Texas, United States"
http://www.wikidata.org/entity/Q42305380,Flix Brewhouse,Point(-97.6879983 30.5168816),,http://www.flixbrewhouse.com,"movie theater in Round Rock, Texas, United States"
http://www.wikidata.org/entity/Q42305380,Flix Brewhouse,Point(-97.6879983 30.5168816),,http://www.flixbrewhouse.com,"movie theater in Round Rock, Texas, United States"
http://www.wikidata.org/entity/Q42305380,Flix Brewhouse,Point(-97.6879983 30.5168816),,http://www.flixbrewhouse.com,"movie theater in Round Rock, Texas, United States"
http://www.wikidata.org/entity/Q42305380,Flix Brewhouse,Point(-97.6879983 30.5168816),,http://www.flixbrewhouse.com,"movie theater in Round Rock, Texas, United States"
http://www.wikidata.org/entity/Q42305380,Flix Brewhouse,Point(-97.6879983 30.5168816),,http://www.flixbrewhouse.com,"movie theater in Round Rock, Texas, United States"
http://www.wikidata.org/entity/Q42305380,Flix Brewhouse,Point(-97.6879983 30.5168816),,http://www.flixbrewhouse.com,"movie theater in Round Rock, Texas, United States"
http://www.wikidata.org/entity/Q42305380,Flix Brewhouse,Point(-97.6879983 30.5168816),,http://www.flixbrewhouse.com,"movie theater in Round Rock, Texas, United States"
http://www.wikidata.org/entity/Q42305380,Flix Brewhouse,Point(-97.6879983 30.5168816),,http://www.flixbrewhouse.com,"movie theater in Round Rock, Texas, United States"
http://www.wikidata.org/entity/Q42305380,Flix Brewhouse,Point(-97.6879983 30.5168816),,http://www.flixbrewhouse.com,"movie theater in Round Rock, Texas, United States"
http://www.wikidata.org/entity/Q42305380,Flix Brewhouse,Point(-97.6879983 30.5168816),,http://www.flixbrewhouse.com,"movie theater in Round Rock, Texas, United States"
http://www.wikidata.org/entity/Q42305380,Flix Brewhouse,Point(-97.6879983 30.5168816),,http://www.flixbrewhouse.com,"movie theater in Round Rock, Texas, United States"
http://www.wikidata.org/entity/Q42305380,Flix Brewhouse,Point(-97.6879983 30.5168816),,http://www.flixbrewhouse.com,"movie theater in Round Rock, Texas, United States"
http://www.wikidata.org/entity/Q42305380,Flix Brewhouse,Point(-97.6879983 30.5168816),,http://www.flixbrewhouse.com,"movie theater in Round Rock, Texas, United States"
http://www.wikidata.org/entity/Q42305380,Flix Brewhouse,Point(-97.6879983 30.5168816),,http://www.flixbrewhouse.com,"movie theater in Round Rock, Texas, United States"
http://www.wikidata.org/entity/Q42305380,Flix Brewhouse,Point(-97.6879983 30.5168816),,http://www.flixbrewhouse.com,"movie theater in Round Rock, Texas, United States"
http://www.wikidata.org/entity/Q42305380,Flix Brewhouse,Point(-97.6879983 30.5168816),,http://www.flixbrewhouse.com,"movie theater in Round Rock, Texas, United States"
http://www.wikidata.org/entity/Q42305380,Flix Brewhouse,Point(-97.6879983 30.5168816),,http://www.flixbrewhouse.com,"movie theater in Round Rock, Texas, United States"
http://www.wikidata.org/entity/Q42305380,Flix Brewhouse,Point(-97.6879983 30.5168816),,http://www.flixbrewhouse.com,"movie theater in Round Rock, Texas, United States"
http://www.wikidata.org/entity/Q42305380,Flix Brewhouse,Point(-97.6879983 30.5168816),,http://www.flixbrewhouse.com,"movie theater in Round Rock, Texas, United States"
http://www.wikidata.org/entity/Q42305380,Flix Brewhouse,Point(-97.6879983 30.5168816),,http://www.flixbrewhouse.com,"movie theater in Round Rock, Texas, United States"
http://www.wikidata.org/entity/Q42305380,Flix Brewhouse,Point(-97.6879983 30.5168816),,http://www.flixbrewhouse.com,"movie theater in Round Rock, Texas, United States"
http://www.wikidata.org/entity/Q42305380,Flix Brewhouse,Point(-97.6879983 30.5168816),,http://www.flixbrewhouse.com,"movie theater in Round Rock, Texas, United States"
http://www.wikidata.org/entity/Q42305380,Flix Brewhouse,Point(-97.6879983 30.5168816),,http://www.flixbrewhouse.com,"movie theater in Round Rock, Texas, United States"
http://www.wikidata.org/entity/Q42305380,Flix Brewhouse,Point(-97.6879983 30.5168816),,http://www.flixbrewhouse.com,"movie theater in Round Rock, Texas, United States"
http://www.wikidata.org/entity/Q42305380,Flix Brewhouse,Point(-97.6879983 30.5168816),,http://www.flixbrewhouse.com,"movie theater in Round Rock, Texas, United States"
http://www.wikidata.org/entity/Q4868377,Bastrop State Park,Point(-97.26934931 30.11254695),,http://www.tpwd.state.tx.us/spdest/findadest/parks/bastrop/,"historic district in Bastrop (vicinity), Bastrop County, Texas"
http://www.wikidata.org/entity/Q4868377,Bastrop State Park,Point(-97.26934931 30.11254695),,http://www.tpwd.state.tx.us/spdest/findadest/parks/bastrop/,"historic district in Bastrop (vicinity), Bastrop County, Texas"
http://www.wikidata.org/entity/Q4868377,Bastrop State Park,Point(-97.26934931 30.11254695),,http://www.tpwd.state.tx.us/spdest/findadest/parks/bastrop/,"historic district in Bastrop (vicinity), Bastrop County, Texas"
http://www.wikidata.org/entity/Q4868377,Bastrop State Park,Point(-97.26934931 30.11254695),,http://www.tpwd.state.tx.us/spdest/findadest/parks/bastrop/,"historic district in Bastrop (vicinity), Bastrop County, Texas"
http://www.wikidata.org/entity/Q4906655,Big Walnut Creek Nature Preserve,Point(-97.65 30.325),,,"park in Texas, United States of America"
http://www.wikidata.org/entity/Q5016144,Cactus Cafe,Point(-97.7414 30.2861),,,Live music venue at the University of Texas at Austin
http://www.wikidata.org/entity/Q5016144,Cactus Cafe,Point(-97.7414 30.2861),,,Live music venue at the University of Texas at Austin
http://www.wikidata.org/entity/Q5016144,Cactus Cafe,Point(-97.7414 30.2861),,,Live music venue at the University of Texas at Austin
http://www.wikidata.org/entity/Q5016144,Cactus Cafe,Point(-97.7414 30.2861),,,Live music venue at the University of Texas at Austin
http://www.wikidata.org/entity/Q5289588,Dolph Briscoe Center for American History,Point(-97.7292 30.2857),,http://www.cah.utexas.edu/,research unit at The University of Texas at Austin
http://www.wikidata.org/entity/Q5304216,Dr. Joseph M. and Sarah Pound Farmstead,Point(-98.080833 30.199722),,,"building in Dripping Springs, Hays County, Texas"
http://www.wikidata.org/entity/Q5304216,Dr. Joseph M. and Sarah Pound Farmstead,Point(-98.08067476 30.19967718),,,"building in Dripping Springs, Hays County, Texas"
http://www.wikidata.org/entity/Q5361396,Elisabet Ney Museum,Point(-97.72631406 30.3067297),,https://www.austintexas.gov/ney,"art museum in Austin, Texas"
http://www.wikidata.org/entity/Q5361396,Elisabet Ney Museum,Point(-97.72631406 30.3067297),,https://www.austintexas.gov/ney,"art museum in Austin, Texas"
http://www.wikidata.org/entity/Q5361396,Elisabet Ney Museum,Point(-97.72631406 30.3067297),,https://www.austintexas.gov/ney,"art museum in Austin, Texas"
http://www.wikidata.org/entity/Q5361396,Elisabet Ney Museum,Point(-97.72631406 30.3067297),,https://www.austintexas.gov/ney,"art museum in Austin, Texas"
http://www.wikidata.org/entity/Q5361396,Elisabet Ney Museum,Point(-97.72631406 30.3067297),,https://www.austintexas.gov/ney,"art museum in Austin, Texas"
http://www.wikidata.org/entity/Q5361396,Elisabet Ney Museum,Point(-97.72631406 30.3067297),,https://www.austintexas.gov/ney,"art museum in Austin, Texas"
http://www.wikidata.org/entity/Q5361396,Elisabet Ney Museum,Point(-97.72631406 30.3067297),,https://www.austintexas.gov/ney,"art museum in Austin, Texas"
http://www.wikidata.org/entity/Q5361396,Elisabet Ney Museum,Point(-97.72631406 30.3067297),,https://www.austintexas.gov/ney,"art museum in Austin, Texas"
http://www.wikidata.org/entity/Q5361396,Elisabet Ney Museum,Point(-97.72631406 30.3067297),,https://www.austintexas.gov/ney,"art museum in Austin, Texas"
http://www.wikidata.org/entity/Q5372889,Emma Long Metropolitan Park,Point(-97.83 30.335),,,"municipal park in northwest Austin, Texas"
http://www.wikidata.org/entity/Q5401115,Esther's Follies,Point(-97.7375 30.2664),,https://www.esthersfollies.com/,"satirical sketch comedy and variety show in Austin, Texas"
http://www.wikidata.org/entity/Q5401115,Esther's Follies,Point(-97.7375 30.2664),,https://www.esthersfollies.com/,"satirical sketch comedy and variety show in Austin, Texas"
http://www.wikidata.org/entity/Q5401115,Esther's Follies,Point(-97.7375 30.2664),,https://www.esthersfollies.com/,"satirical sketch comedy and variety show in Austin, Texas"
http://www.wikidata.org/entity/Q5401115,Esther's Follies,Point(-97.7375 30.2664),,https://www.esthersfollies.com/,"satirical sketch comedy and variety show in Austin, Texas"
http://www.wikidata.org/entity/Q5401115,Esther's Follies,Point(-97.7375 30.2664),,https://www.esthersfollies.com/,"satirical sketch comedy and variety show in Austin, Texas"
http://www.wikidata.org/entity/Q5401115,Esther's Follies,Point(-97.7375 30.2664),,https://www.esthersfollies.com/,"satirical sketch comedy and variety show in Austin, Texas"
http://www.wikidata.org/entity/Q5401115,Esther's Follies,Point(-97.7375 30.2664),,https://www.esthersfollies.com/,"satirical sketch comedy and variety show in Austin, Texas"
http://www.wikidata.org/entity/Q5401115,Esther's Follies,Point(-97.7375 30.2664),,https://www.esthersfollies.com/,"satirical sketch comedy and variety show in Austin, Texas"
http://www.wikidata.org/entity/Q5401115,Esther's Follies,Point(-97.7375 30.2664),,https://www.esthersfollies.com/,"satirical sketch comedy and variety show in Austin, Texas"
http://www.wikidata.org/entity/Q5401115,Esther's Follies,Point(-97.7375 30.2664),,https://www.esthersfollies.com/,"satirical sketch comedy and variety show in Austin, Texas"
http://www.wikidata.org/entity/Q5401115,Esther's Follies,Point(-97.7375 30.2664),,https://www.esthersfollies.com/,"satirical sketch comedy and variety show in Austin, Texas"
http://www.wikidata.org/entity/Q5401115,Esther's Follies,Point(-97.7375 30.2664),,https://www.esthersfollies.com/,"satirical sketch comedy and variety show in Austin, Texas"
http://www.wikidata.org/entity/Q5401115,Esther's Follies,Point(-97.7375 30.2664),,https://www.esthersfollies.com/,"satirical sketch comedy and variety show in Austin, Texas"
http://www.wikidata.org/entity/Q5401115,Esther's Follies,Point(-97.7375 30.2664),,https://www.esthersfollies.com/,"satirical sketch comedy and variety show in Austin, Texas"
http://www.wikidata.org/entity/Q5401115,Esther's Follies,Point(-97.7375 30.2664),,https://www.esthersfollies.com/,"satirical sketch comedy and variety show in Austin, Texas"
http://www.wikidata.org/entity/Q5401115,Esther's Follies,Point(-97.7375 30.2664),,https://www.esthersfollies.com/,"satirical sketch comedy and variety show in Austin, Texas"
http://www.wikidata.org/entity/Q5401115,Esther's Follies,Point(-97.7375 30.2664),,https://www.esthersfollies.com/,"satirical sketch comedy and variety show in Austin, Texas"
http://www.wikidata.org/entity/Q5401115,Esther's Follies,Point(-97.7375 30.2664),,https://www.esthersfollies.com/,"satirical sketch comedy and variety show in Austin, Texas"
http://www.wikidata.org/entity/Q5401115,Esther's Follies,Point(-97.7375 30.2664),,https://www.esthersfollies.com/,"satirical sketch comedy and variety show in Austin, Texas"
http://www.wikidata.org/entity/Q5401115,Esther's Follies,Point(-97.7375 30.2664),,https://www.esthersfollies.com/,"satirical sketch comedy and variety show in Austin, Texas"
http://www.wikidata.org/entity/Q5401115,Esther's Follies,Point(-97.7375 30.2664),,https://www.esthersfollies.com/,"satirical sketch comedy and variety show in Austin, Texas"
http://www.wikidata.org/entity/Q5401115,Esther's Follies,Point(-97.7375 30.2664),,https://www.esthersfollies.com/,"satirical sketch comedy and variety show in Austin, Texas"
http://www.wikidata.org/entity/Q5401115,Esther's Follies,Point(-97.7375 30.2664),,https://www.esthersfollies.com/,"satirical sketch comedy and variety show in Austin, Texas"
http://www.wikidata.org/entity/Q5401115,Esther's Follies,Point(-97.7375 30.2664),,https://www.esthersfollies.com/,"satirical sketch comedy and variety show in Austin, Texas"
http://www.wikidata.org/entity/Q5401115,Esther's Follies,Point(-97.7375 30.2664),,https://www.esthersfollies.com/,"satirical sketch comedy and variety show in Austin, Texas"
http://www.wikidata.org/entity/Q5401115,Esther's Follies,Point(-97.7375 30.2664),,https://www.esthersfollies.com/,"satirical sketch comedy and variety show in Austin, Texas"
http://www.wikidata.org/entity/Q5531996,General Land Office Building,Point(-97.73930577 30.27257227),,,"historic place in Austin, Travis County, Texas"
http://www.wikidata.org/entity/Q5531996,General Land Office Building,Point(-97.7393 30.2727),,,"historic place in Austin, Travis County, Texas"
http://www.wikidata.org/entity/Q5545947,George Washington Carver Museum and Cultural Center,Point(-97.72403318 30.26951703),,https://www.austintexas.gov/carver,"museum and cultural center in Austin, Texas"
http://www.wikidata.org/entity/Q5545947,George Washington Carver Museum and Cultural Center,Point(-97.72403318 30.26951703),,https://www.austintexas.gov/carver,"museum and cultural center in Austin, Texas"
http://www.wikidata.org/entity/Q5545947,George Washington Carver Museum and Cultural Center,Point(-97.72403318 30.26951703),,https://www.austintexas.gov/carver,"museum and cultural center in Austin, Texas"
http://www.wikidata.org/entity/Q5545947,George Washington Carver Museum and Cultural Center,Point(-97.72403318 30.26951703),,https://www.austintexas.gov/carver,"museum and cultural center in Austin, Texas"
http://www.wikidata.org/entity/Q5545947,George Washington Carver Museum and Cultural Center,Point(-97.72403318 30.26951703),,https://www.austintexas.gov/carver,"museum and cultural center in Austin, Texas"
http://www.wikidata.org/entity/Q5545947,George Washington Carver Museum and Cultural Center,Point(-97.72403318 30.26951703),,https://www.austintexas.gov/carver,"museum and cultural center in Austin, Texas"
http://www.wikidata.org/entity/Q5545947,George Washington Carver Museum and Cultural Center,Point(-97.72403318 30.26951703),,https://www.austintexas.gov/carver,"museum and cultural center in Austin, Texas"
http://www.wikidata.org/entity/Q5545947,George Washington Carver Museum and Cultural Center,Point(-97.72403318 30.26951703),,https://www.austintexas.gov/carver,"museum and cultural center in Austin, Texas"
http://www.wikidata.org/entity/Q5545947,George Washington Carver Museum and Cultural Center,Point(-97.72403318 30.26951703),,https://www.austintexas.gov/carver,"museum and cultural center in Austin, Texas"
http://www.wikidata.org/entity/Q5545947,George Washington Carver Museum and Cultural Center,Point(-97.72403318 30.26951703),,https://www.austintexas.gov/carver,"museum and cultural center in Austin, Texas"
http://www.wikidata.org/entity/Q5545947,George Washington Carver Museum and Cultural Center,Point(-97.72403318 30.26951703),,https://www.austintexas.gov/carver,"museum and cultural center in Austin, Texas"
http://www.wikidata.org/entity/Q5545947,George Washington Carver Museum and Cultural Center,Point(-97.72403318 30.26951703),,https://www.austintexas.gov/carver,"museum and cultural center in Austin, Texas"
http://www.wikidata.org/entity/Q5545947,George Washington Carver Museum and Cultural Center,Point(-97.72403318 30.26951703),,https://www.austintexas.gov/carver,"museum and cultural center in Austin, Texas"
http://www.wikidata.org/entity/Q5545947,George Washington Carver Museum and Cultural Center,Point(-97.72403318 30.26951703),,https://www.austintexas.gov/carver,"museum and cultural center in Austin, Texas"
http://www.wikidata.org/entity/Q5671855,Harry Ransom Center,Point(-97.741237 30.284377),ransomcenter,https://www.hrc.utexas.edu/,"archive, library, and museum at the University of Texas at Austin"
http://www.wikidata.org/entity/Q5671855,Harry Ransom Center,Point(-97.741076 30.284313),ransomcenter,https://www.hrc.utexas.edu/,"archive, library, and museum at the University of Texas at Austin"
http://www.wikidata.org/entity/Q5675001,Hartman Prehistoric Garden,Point(-97.7718 30.2701),,http://hartmanprehistoricgarden.com/,botanical garden
http://www.wikidata.org/entity/Q5675001,Hartman Prehistoric Garden,Point(-97.7718 30.2701),,http://hartmanprehistoricgarden.com/,botanical garden
http://www.wikidata.org/entity/Q5675001,Hartman Prehistoric Garden,Point(-97.7718 30.2701),,http://hartmanprehistoricgarden.com/,botanical garden
http://www.wikidata.org/entity/Q5675001,Hartman Prehistoric Garden,Point(-97.7718 30.2701),,http://hartmanprehistoricgarden.com/,botanical garden
http://www.wikidata.org/entity/Q5675001,Hartman Prehistoric Garden,Point(-97.7718 30.2701),,http://hartmanprehistoricgarden.com/,botanical garden
http://www.wikidata.org/entity/Q5675001,Hartman Prehistoric Garden,Point(-97.7718 30.2701),,http://hartmanprehistoricgarden.com/,botanical garden
http://www.wikidata.org/entity/Q5675001,Hartman Prehistoric Garden,Point(-97.7718 30.2701),,http://hartmanprehistoricgarden.com/,botanical garden
http://www.wikidata.org/entity/Q5675001,Hartman Prehistoric Garden,Point(-97.7718 30.2701),,http://hartmanprehistoricgarden.com/,botanical garden
http://www.wikidata.org/entity/Q5675001,Hartman Prehistoric Garden,Point(-97.7718 30.2701),,http://hartmanprehistoricgarden.com/,botanical garden
http://www.wikidata.org/entity/Q5675001,Hartman Prehistoric Garden,Point(-97.7718 30.2701),,http://hartmanprehistoricgarden.com/,botanical garden
http://www.wikidata.org/entity/Q5768318,Hippie Hollow Park,Point(-97.88334 30.41298),,https://parks.traviscountytx.gov/find-a-park/hippie-hollow,"clothing-optional county park near Austin, Texas"
http://www.wikidata.org/entity/Q5768318,Hippie Hollow Park,Point(-97.88334 30.41298),,https://parks.traviscountytx.gov/find-a-park/hippie-hollow,"clothing-optional county park near Austin, Texas"
http://www.wikidata.org/entity/Q5768318,Hippie Hollow Park,Point(-97.883 30.413),,https://parks.traviscountytx.gov/find-a-park/hippie-hollow,"clothing-optional county park near Austin, Texas"
http://www.wikidata.org/entity/Q5768318,Hippie Hollow Park,Point(-97.883 30.413),,https://parks.traviscountytx.gov/find-a-park/hippie-hollow,"clothing-optional county park near Austin, Texas"
http://www.wikidata.org/entity/Q5768318,Hippie Hollow Park,Point(-97.88334 30.41298),,https://parks.traviscountytx.gov/find-a-park/hippie-hollow,"clothing-optional county park near Austin, Texas"
http://www.wikidata.org/entity/Q5768318,Hippie Hollow Park,Point(-97.88334 30.41298),,https://parks.traviscountytx.gov/find-a-park/hippie-hollow,"clothing-optional county park near Austin, Texas"
http://www.wikidata.org/entity/Q5768318,Hippie Hollow Park,Point(-97.883 30.413),,https://parks.traviscountytx.gov/find-a-park/hippie-hollow,"clothing-optional county park near Austin, Texas"
http://www.wikidata.org/entity/Q5768318,Hippie Hollow Park,Point(-97.883 30.413),,https://parks.traviscountytx.gov/find-a-park/hippie-hollow,"clothing-optional county park near Austin, Texas"
http://www.wikidata.org/entity/Q6394315,Kerr Community Center,Point(-97.31202512 30.10854135),,,"building in Bastrop, Bastrop County, Texas"
http://www.wikidata.org/entity/Q6394315,Kerr Community Center,Point(-97.31202512 30.10854135),,,"building in Bastrop, Bastrop County, Texas"
http://www.wikidata.org/entity/Q6394315,Kerr Community Center,Point(-97.31202512 30.10854135),,,"building in Bastrop, Bastrop County, Texas"
http://www.wikidata.org/entity/Q6394315,Kerr Community Center,Point(-97.31202512 30.10854135),,,"building in Bastrop, Bastrop County, Texas"
http://www.wikidata.org/entity/Q6394315,Kerr Community Center,Point(-97.31202512 30.10854135),,,"building in Bastrop, Bastrop County, Texas"
http://www.wikidata.org/entity/Q6394315,Kerr Community Center,Point(-97.31202512 30.10854135),,,"building in Bastrop, Bastrop County, Texas"
http://www.wikidata.org/entity/Q6394315,Kerr Community Center,Point(-97.31202512 30.10854135),,,"building in Bastrop, Bastrop County, Texas"
http://www.wikidata.org/entity/Q6394315,Kerr Community Center,Point(-97.31202512 30.10854135),,,"building in Bastrop, Bastrop County, Texas"
http://www.wikidata.org/entity/Q6394315,Kerr Community Center,Point(-97.31202512 30.10854135),,,"building in Bastrop, Bastrop County, Texas"
http://www.wikidata.org/entity/Q6541868,Liberty Lunch,Point(-97.74904 30.2658),,,"former live music venue in Austin, TX"
http://www.wikidata.org/entity/Q6541868,Liberty Lunch,Point(-97.74904 30.2658),,,"former live music venue in Austin, TX"
http://www.wikidata.org/entity/Q6541868,Liberty Lunch,Point(-97.74904 30.2658),,,"former live music venue in Austin, TX"
http://www.wikidata.org/entity/Q6541868,Liberty Lunch,Point(-97.74904 30.2658),,,"former live music venue in Austin, TX"
http://www.wikidata.org/entity/Q6672445,Long Center for the Performing Arts,Point(-97.7512 30.2602),,http://www.thelongcenter.org,"venue in Texas, United States"
http://www.wikidata.org/entity/Q6672445,Long Center for the Performing Arts,Point(-97.7512 30.2602),,http://www.thelongcenter.org,"venue in Texas, United States"
http://www.wikidata.org/entity/Q6672445,Long Center for the Performing Arts,Point(-97.7512 30.2602),,http://www.thelongcenter.org,"venue in Texas, United States"
http://www.wikidata.org/entity/Q34910317,Burr Field,Point(-97.6575 30.2975),,,park in the United States of America
http://www.wikidata.org/entity/Q34910509,Bustin Memorial Park,Point(-97.688888888 30.508333333),,,park in the United States of America
http://www.wikidata.org/entity/Q34913847,Cardinal Stadium - Del Valle,Point(-97.652777777 30.213055555),,,"former stadium in Del Valle, Texas"
http://www.wikidata.org/entity/Q34915822,Cedar Breaks Park,Point(-97.740555555 30.671388888),,,"park in Williamson County, Texas, United States"
http://www.wikidata.org/entity/Q34924944,Chisholm Valley Park,Point(-97.687222222 30.496666666),,,park in the United States of America
http://www.wikidata.org/entity/Q34927024,City Park,Point(-97.293888888 30.109722222),,,"park in Bastrop County, Texas, United States of America"
http://www.wikidata.org/entity/Q34927273,Civitan Park,Point(-97.690277777 30.237777777),,,"park in Travis County, Texas, United States of America"
http://www.wikidata.org/entity/Q42298366,Alamo Drafthouse Cinema Downtown,Point(-97.7442669 30.266996),,,"former movie theater in Austin, Texas, United States"
http://www.wikidata.org/entity/Q42298366,Alamo Drafthouse Cinema Downtown,Point(-97.7442669 30.266996),,,"former movie theater in Austin, Texas, United States"
http://www.wikidata.org/entity/Q42298366,Alamo Drafthouse Cinema Downtown,Point(-97.7442669 30.266996),,,"former movie theater in Austin, Texas, United States"
http://www.wikidata.org/entity/Q42298366,Alamo Drafthouse Cinema Downtown,Point(-97.7442669 30.266996),,,"former movie theater in Austin, Texas, United States"
http://www.wikidata.org/entity/Q42298366,Alamo Drafthouse Cinema Downtown,Point(-97.7442669 30.266996),,,"former movie theater in Austin, Texas, United States"
http://www.wikidata.org/entity/Q42298366,Alamo Drafthouse Cinema Downtown,Point(-97.7442669 30.266996),,,"former movie theater in Austin, Texas, United States"
http://www.wikidata.org/entity/Q42298366,Alamo Drafthouse Cinema Downtown,Point(-97.7442669 30.266996),,,"former movie theater in Austin, Texas, United States"
http://www.wikidata.org/entity/Q42298366,Alamo Drafthouse Cinema Downtown,Point(-97.7442669 30.266996),,,"former movie theater in Austin, Texas, United States"
http://www.wikidata.org/entity/Q42298366,Alamo Drafthouse Cinema Downtown,Point(-97.7442669 30.266996),,,"former movie theater in Austin, Texas, United States"
http://www.wikidata.org/entity/Q42298366,Alamo Drafthouse Cinema Downtown,Point(-97.7442669 30.266996),,,"former movie theater in Austin, Texas, United States"
http://www.wikidata.org/entity/Q42298366,Alamo Drafthouse Cinema Downtown,Point(-97.7442669 30.266996),,,"former movie theater in Austin, Texas, United States"
http://www.wikidata.org/entity/Q42298366,Alamo Drafthouse Cinema Downtown,Point(-97.7442669 30.266996),,,"former movie theater in Austin, Texas, United States"
http://www.wikidata.org/entity/Q42298366,Alamo Drafthouse Cinema Downtown,Point(-97.7442669 30.266996),,,"former movie theater in Austin, Texas, United States"
http://www.wikidata.org/entity/Q42298366,Alamo Drafthouse Cinema Downtown,Point(-97.7442669 30.266996),,,"former movie theater in Austin, Texas, United States"
http://www.wikidata.org/entity/Q42298366,Alamo Drafthouse Cinema Downtown,Point(-97.7442669 30.266996),,,"former movie theater in Austin, Texas, United States"
http://www.wikidata.org/entity/Q42298366,Alamo Drafthouse Cinema Downtown,Point(-97.7442669 30.266996),,,"former movie theater in Austin, Texas, United States"
http://www.wikidata.org/entity/Q42298366,Alamo Drafthouse Cinema Downtown,Point(-97.7442669 30.266996),,,"former movie theater in Austin, Texas, United States"
http://www.wikidata.org/entity/Q42298366,Alamo Drafthouse Cinema Downtown,Point(-97.7442669 30.266996),,,"former movie theater in Austin, Texas, United States"
http://www.wikidata.org/entity/Q42298366,Alamo Drafthouse Cinema Downtown,Point(-97.7442669 30.266996),,,"former movie theater in Austin, Texas, United States"
http://www.wikidata.org/entity/Q42298366,Alamo Drafthouse Cinema Downtown,Point(-97.7442669 30.266996),,,"former movie theater in Austin, Texas, United States"
http://www.wikidata.org/entity/Q42298366,Alamo Drafthouse Cinema Downtown,Point(-97.7442669 30.266996),,,"former movie theater in Austin, Texas, United States"
http://www.wikidata.org/entity/Q42298366,Alamo Drafthouse Cinema Downtown,Point(-97.7442669 30.266996),,,"former movie theater in Austin, Texas, United States"
http://www.wikidata.org/entity/Q42298366,Alamo Drafthouse Cinema Downtown,Point(-97.7442669 30.266996),,,"former movie theater in Austin, Texas, United States"
http://www.wikidata.org/entity/Q42298366,Alamo Drafthouse Cinema Downtown,Point(-97.7442669 30.266996),,,"former movie theater in Austin, Texas, United States"
http://www.wikidata.org/entity/Q42298366,Alamo Drafthouse Cinema Downtown,Point(-97.7442669 30.266996),,,"former movie theater in Austin, Texas, United States"
http://www.wikidata.org/entity/Q42298366,Alamo Drafthouse Cinema Downtown,Point(-97.7442669 30.266996),,,"former movie theater in Austin, Texas, United States"
http://www.wikidata.org/entity/Q42298366,Alamo Drafthouse Cinema Downtown,Point(-97.7442669 30.266996),,,"former movie theater in Austin, Texas, United States"
http://www.wikidata.org/entity/Q42298366,Alamo Drafthouse Cinema Downtown,Point(-97.7442669 30.266996),,,"former movie theater in Austin, Texas, United States"
http://www.wikidata.org/entity/Q42298366,Alamo Drafthouse Cinema Downtown,Point(-97.7442669 30.266996),,,"former movie theater in Austin, Texas, United States"
http://www.wikidata.org/entity/Q42298366,Alamo Drafthouse Cinema Downtown,Point(-97.7442669 30.266996),,,"former movie theater in Austin, Texas, United States"
http://www.wikidata.org/entity/Q42298366,Alamo Drafthouse Cinema Downtown,Point(-97.7442669 30.266996),,,"former movie theater in Austin, Texas, United States"
http://www.wikidata.org/entity/Q42298366,Alamo Drafthouse Cinema Downtown,Point(-97.7442669 30.266996),,,"former movie theater in Austin, Texas, United States"
http://www.wikidata.org/entity/Q42298366,Alamo Drafthouse Cinema Downtown,Point(-97.7442669 30.266996),,,"former movie theater in Austin, Texas, United States"
http://www.wikidata.org/entity/Q42298366,Alamo Drafthouse Cinema Downtown,Point(-97.7442669 30.266996),,,"former movie theater in Austin, Texas, United States"
http://www.wikidata.org/entity/Q42298366,Alamo Drafthouse Cinema Downtown,Point(-97.7442669 30.266996),,,"former movie theater in Austin, Texas, United States"
http://www.wikidata.org/entity/Q42298366,Alamo Drafthouse Cinema Downtown,Point(-97.7442669 30.266996),,,"former movie theater in Austin, Texas, United States"
http://www.wikidata.org/entity/Q42298366,Alamo Drafthouse Cinema Downtown,Point(-97.7442669 30.266996),,,"former movie theater in Austin, Texas, United States"
http://www.wikidata.org/entity/Q42298369,Alamo Drafthouse Slaughter Lane,Point(-97.869762 30.2004142),,http://www.drafthouse.com,"movie theater in Austin, Texas, United States"
http://www.wikidata.org/entity/Q42298369,Alamo Drafthouse Slaughter Lane,Point(-97.869762 30.2004142),,http://www.drafthouse.com,"movie theater in Austin, Texas, United States"
http://www.wikidata.org/entity/Q42298369,Alamo Drafthouse Slaughter Lane,Point(-97.869762 30.2004142),,http://www.drafthouse.com,"movie theater in Austin, Texas, United States"
http://www.wikidata.org/entity/Q42298369,Alamo Drafthouse Slaughter Lane,Point(-97.869762 30.2004142),,http://www.drafthouse.com,"movie theater in Austin, Texas, United States"
http://www.wikidata.org/entity/Q42298369,Alamo Drafthouse Slaughter Lane,Point(-97.869762 30.2004142),,http://www.drafthouse.com,"movie theater in Austin, Texas, United States"
http://www.wikidata.org/entity/Q42298369,Alamo Drafthouse Slaughter Lane,Point(-97.869762 30.2004142),,http://www.drafthouse.com,"movie theater in Austin, Texas, United States"
http://www.wikidata.org/entity/Q42298369,Alamo Drafthouse Slaughter Lane,Point(-97.869762 30.2004142),,http://www.drafthouse.com,"movie theater in Austin, Texas, United States"
http://www.wikidata.org/entity/Q42298369,Alamo Drafthouse Slaughter Lane,Point(-97.869762 30.2004142),,http://www.drafthouse.com,"movie theater in Austin, Texas, United States"
http://www.wikidata.org/entity/Q42298369,Alamo Drafthouse Slaughter Lane,Point(-97.869762 30.2004142),,http://www.drafthouse.com,"movie theater in Austin, Texas, United States"
http://www.wikidata.org/entity/Q42298369,Alamo Drafthouse Slaughter Lane,Point(-97.869762 30.2004142),,http://www.drafthouse.com,"movie theater in Austin, Texas, United States"
http://www.wikidata.org/entity/Q42298369,Alamo Drafthouse Slaughter Lane,Point(-97.869762 30.2004142),,http://www.drafthouse.com,"movie theater in Austin, Texas, United States"
http://www.wikidata.org/entity/Q42298369,Alamo Drafthouse Slaughter Lane,Point(-97.869762 30.2004142),,http://www.drafthouse.com,"movie theater in Austin, Texas, United States"
http://www.wikidata.org/entity/Q42298369,Alamo Drafthouse Slaughter Lane,Point(-97.869762 30.2004142),,http://www.drafthouse.com,"movie theater in Austin, Texas, United States"
http://www.wikidata.org/entity/Q42298369,Alamo Drafthouse Slaughter Lane,Point(-97.869762 30.2004142),,http://www.drafthouse.com,"movie theater in Austin, Texas, United States"
http://www.wikidata.org/entity/Q42298369,Alamo Drafthouse Slaughter Lane,Point(-97.869762 30.2004142),,http://www.drafthouse.com,"movie theater in Austin, Texas, United States"
http://www.wikidata.org/entity/Q42298369,Alamo Drafthouse Slaughter Lane,Point(-97.869762 30.2004142),,http://www.drafthouse.com,"movie theater in Austin, Texas, United States"
http://www.wikidata.org/entity/Q42298369,Alamo Drafthouse Slaughter Lane,Point(-97.869762 30.2004142),,http://www.drafthouse.com,"movie theater in Austin, Texas, United States"
http://www.wikidata.org/entity/Q42298369,Alamo Drafthouse Slaughter Lane,Point(-97.869762 30.2004142),,http://www.drafthouse.com,"movie theater in Austin, Texas, United States"
http://www.wikidata.org/entity/Q42298369,Alamo Drafthouse Slaughter Lane,Point(-97.869762 30.2004142),,http://www.drafthouse.com,"movie theater in Austin, Texas, United States"
http://www.wikidata.org/entity/Q42298369,Alamo Drafthouse Slaughter Lane,Point(-97.869762 30.2004142),,http://www.drafthouse.com,"movie theater in Austin, Texas, United States"
http://www.wikidata.org/entity/Q42298369,Alamo Drafthouse Slaughter Lane,Point(-97.869762 30.2004142),,http://www.drafthouse.com,"movie theater in Austin, Texas, United States"
http://www.wikidata.org/entity/Q42298369,Alamo Drafthouse Slaughter Lane,Point(-97.869762 30.2004142),,http://www.drafthouse.com,"movie theater in Austin, Texas, United States"
http://www.wikidata.org/entity/Q42298369,Alamo Drafthouse Slaughter Lane,Point(-97.869762 30.2004142),,http://www.drafthouse.com,"movie theater in Austin, Texas, United States"
http://www.wikidata.org/entity/Q42298369,Alamo Drafthouse Slaughter Lane,Point(-97.869762 30.2004142),,http://www.drafthouse.com,"movie theater in Austin, Texas, United States"
http://www.wikidata.org/entity/Q42298369,Alamo Drafthouse Slaughter Lane,Point(-97.869762 30.2004142),,http://www.drafthouse.com,"movie theater in Austin, Texas, United States"
http://www.wikidata.org/entity/Q42298369,Alamo Drafthouse Slaughter Lane,Point(-97.869762 30.2004142),,http://www.drafthouse.com,"movie theater in Austin, Texas, United States"
http://www.wikidata.org/entity/Q42298369,Alamo Drafthouse Slaughter Lane,Point(-97.869762 30.2004142),,http://www.drafthouse.com,"movie theater in Austin, Texas, United States"
http://www.wikidata.org/entity/Q42298369,Alamo Drafthouse Slaughter Lane,Point(-97.869762 30.2004142),,http://www.drafthouse.com,"movie theater in Austin, Texas, United States"
http://www.wikidata.org/entity/Q42298369,Alamo Drafthouse Slaughter Lane,Point(-97.869762 30.2004142),,http://www.drafthouse.com,"movie theater in Austin, Texas, United States"
http://www.wikidata.org/entity/Q42298369,Alamo Drafthouse Slaughter Lane,Point(-97.869762 30.2004142),,http://www.drafthouse.com,"movie theater in Austin, Texas, United States"
http://www.wikidata.org/entity/Q42298369,Alamo Drafthouse Slaughter Lane,Point(-97.869762 30.2004142),,http://www.drafthouse.com,"movie theater in Austin, Texas, United States"
http://www.wikidata.org/entity/Q42298369,Alamo Drafthouse Slaughter Lane,Point(-97.869762 30.2004142),,http://www.drafthouse.com,"movie theater in Austin, Texas, United States"
http://www.wikidata.org/entity/Q42298369,Alamo Drafthouse Slaughter Lane,Point(-97.869762 30.2004142),,http://www.drafthouse.com,"movie theater in Austin, Texas, United States"
http://www.wikidata.org/entity/Q42298369,Alamo Drafthouse Slaughter Lane,Point(-97.869762 30.2004142),,http://www.drafthouse.com,"movie theater in Austin, Texas, United States"
http://www.wikidata.org/entity/Q42298369,Alamo Drafthouse Slaughter Lane,Point(-97.869762 30.2004142),,http://www.drafthouse.com,"movie theater in Austin, Texas, United States"
http://www.wikidata.org/entity/Q42298369,Alamo Drafthouse Slaughter Lane,Point(-97.869762 30.2004142),,http://www.drafthouse.com,"movie theater in Austin, Texas, United States"
http://www.wikidata.org/entity/Q42298369,Alamo Drafthouse Slaughter Lane,Point(-97.869762 30.2004142),,http://www.drafthouse.com,"movie theater in Austin, Texas, United States"
http://www.wikidata.org/entity/Q42298374,Alamo Drafthouse Mueller,Point(-97.7042744 30.2983453),,http://www.drafthouse.com,"movie theater in Austin, Texas, United States"
http://www.wikidata.org/entity/Q42298374,Alamo Drafthouse Mueller,Point(-97.7042744 30.2983453),,http://www.drafthouse.com,"movie theater in Austin, Texas, United States"
http://www.wikidata.org/entity/Q42298374,Alamo Drafthouse Mueller,Point(-97.7042744 30.2983453),,http://www.drafthouse.com,"movie theater in Austin, Texas, United States"
http://www.wikidata.org/entity/Q42298374,Alamo Drafthouse Mueller,Point(-97.7042744 30.2983453),,http://www.drafthouse.com,"movie theater in Austin, Texas, United States"
http://www.wikidata.org/entity/Q42298374,Alamo Drafthouse Mueller,Point(-97.7042744 30.2983453),,http://www.drafthouse.com,"movie theater in Austin, Texas, United States"
http://www.wikidata.org/entity/Q42298374,Alamo Drafthouse Mueller,Point(-97.7042744 30.2983453),,http://www.drafthouse.com,"movie theater in Austin, Texas, United States"
http://www.wikidata.org/entity/Q42298374,Alamo Drafthouse Mueller,Point(-97.7042744 30.2983453),,http://www.drafthouse.com,"movie theater in Austin, Texas, United States"
http://www.wikidata.org/entity/Q42298374,Alamo Drafthouse Mueller,Point(-97.7042744 30.2983453),,http://www.drafthouse.com,"movie theater in Austin, Texas, United States"
http://www.wikidata.org/entity/Q42298374,Alamo Drafthouse Mueller,Point(-97.7042744 30.2983453),,http://www.drafthouse.com,"movie theater in Austin, Texas, United States"
http://www.wikidata.org/entity/Q42298374,Alamo Drafthouse Mueller,Point(-97.7042744 30.2983453),,http://www.drafthouse.com,"movie theater in Austin, Texas, United States"
http://www.wikidata.org/entity/Q42298374,Alamo Drafthouse Mueller,Point(-97.7042744 30.2983453),,http://www.drafthouse.com,"movie theater in Austin, Texas, United States"
http://www.wikidata.org/entity/Q42298374,Alamo Drafthouse Mueller,Point(-97.7042744 30.2983453),,http://www.drafthouse.com,"movie theater in Austin, Texas, United States"
http://www.wikidata.org/entity/Q42298374,Alamo Drafthouse Mueller,Point(-97.7042744 30.2983453),,http://www.drafthouse.com,"movie theater in Austin, Texas, United States"
http://www.wikidata.org/entity/Q42298374,Alamo Drafthouse Mueller,Point(-97.7042744 30.2983453),,http://www.drafthouse.com,"movie theater in Austin, Texas, United States"
http://www.wikidata.org/entity/Q42298374,Alamo Drafthouse Mueller,Point(-97.7042744 30.2983453),,http://www.drafthouse.com,"movie theater in Austin, Texas, United States"
http://www.wikidata.org/entity/Q42298374,Alamo Drafthouse Mueller,Point(-97.7042744 30.2983453),,http://www.drafthouse.com,"movie theater in Austin, Texas, United States"
http://www.wikidata.org/entity/Q42298374,Alamo Drafthouse Mueller,Point(-97.7042744 30.2983453),,http://www.drafthouse.com,"movie theater in Austin, Texas, United States"
http://www.wikidata.org/entity/Q42298374,Alamo Drafthouse Mueller,Point(-97.7042744 30.2983453),,http://www.drafthouse.com,"movie theater in Austin, Texas, United States"
http://www.wikidata.org/entity/Q42298374,Alamo Drafthouse Mueller,Point(-97.7042744 30.2983453),,http://www.drafthouse.com,"movie theater in Austin, Texas, United States"
http://www.wikidata.org/entity/Q42298382,Alamo Drafthouse South Lamar,Point(-97.7617276 30.2556527),,http://www.drafthouse.com,"movie theater in Austin, Texas, United States"
http://www.wikidata.org/entity/Q42298382,Alamo Drafthouse South Lamar,Point(-97.7617276 30.2556527),,http://www.drafthouse.com,"movie theater in Austin, Texas, United States"
http://www.wikidata.org/entity/Q42298382,Alamo Drafthouse South Lamar,Point(-97.7617276 30.2556527),,http://www.drafthouse.com,"movie theater in Austin, Texas, United States"
http://www.wikidata.org/entity/Q42298382,Alamo Drafthouse South Lamar,Point(-97.7617276 30.2556527),,http://www.drafthouse.com,"movie theater in Austin, Texas, United States"
http://www.wikidata.org/entity/Q42298382,Alamo Drafthouse South Lamar,Point(-97.7617276 30.2556527),,http://www.drafthouse.com,"movie theater in Austin, Texas, United States"
http://www.wikidata.org/entity/Q42298382,Alamo Drafthouse South Lamar,Point(-97.7617276 30.2556527),,http://www.drafthouse.com,"movie theater in Austin, Texas, United States"
http://www.wikidata.org/entity/Q42298382,Alamo Drafthouse South Lamar,Point(-97.7617276 30.2556527),,http://www.drafthouse.com,"movie theater in Austin, Texas, United States"
http://www.wikidata.org/entity/Q42298382,Alamo Drafthouse South Lamar,Point(-97.7617276 30.2556527),,http://www.drafthouse.com,"movie theater in Austin, Texas, United States"
http://www.wikidata.org/entity/Q42298382,Alamo Drafthouse South Lamar,Point(-97.7617276 30.2556527),,http://www.drafthouse.com,"movie theater in Austin, Texas, United States"
http://www.wikidata.org/entity/Q42298382,Alamo Drafthouse South Lamar,Point(-97.7617276 30.2556527),,http://www.drafthouse.com,"movie theater in Austin, Texas, United States"
http://www.wikidata.org/entity/Q42298382,Alamo Drafthouse South Lamar,Point(-97.7617276 30.2556527),,http://www.drafthouse.com,"movie theater in Austin, Texas, United States"
http://www.wikidata.org/entity/Q42298382,Alamo Drafthouse South Lamar,Point(-97.7617276 30.2556527),,http://www.drafthouse.com,"movie theater in Austin, Texas, United States"
http://www.wikidata.org/entity/Q42298382,Alamo Drafthouse South Lamar,Point(-97.7617276 30.2556527),,http://www.drafthouse.com,"movie theater in Austin, Texas, United States"
http://www.wikidata.org/entity/Q42298382,Alamo Drafthouse South Lamar,Point(-97.7617276 30.2556527),,http://www.drafthouse.com,"movie theater in Austin, Texas, United States"
http://www.wikidata.org/entity/Q42298382,Alamo Drafthouse South Lamar,Point(-97.7617276 30.2556527),,http://www.drafthouse.com,"movie theater in Austin, Texas, United States"
http://www.wikidata.org/entity/Q42298382,Alamo Drafthouse South Lamar,Point(-97.7617276 30.2556527),,http://www.drafthouse.com,"movie theater in Austin, Texas, United States"
http://www.wikidata.org/entity/Q42298382,Alamo Drafthouse South Lamar,Point(-97.7617276 30.2556527),,http://www.drafthouse.com,"movie theater in Austin, Texas, United States"
http://www.wikidata.org/entity/Q42298382,Alamo Drafthouse South Lamar,Point(-97.7617276 30.2556527),,http://www.drafthouse.com,"movie theater in Austin, Texas, United States"
http://www.wikidata.org/entity/Q42298382,Alamo Drafthouse South Lamar,Point(-97.7617276 30.2556527),,http://www.drafthouse.com,"movie theater in Austin, Texas, United States"
http://www.wikidata.org/entity/Q42298382,Alamo Drafthouse South Lamar,Point(-97.7617276 30.2556527),,http://www.drafthouse.com,"movie theater in Austin, Texas, United States"
http://www.wikidata.org/entity/Q42298382,Alamo Drafthouse South Lamar,Point(-97.7617276 30.2556527),,http://www.drafthouse.com,"movie theater in Austin, Texas, United States"
http://www.wikidata.org/entity/Q42298382,Alamo Drafthouse South Lamar,Point(-97.7617276 30.2556527),,http://www.drafthouse.com,"movie theater in Austin, Texas, United States"
http://www.wikidata.org/entity/Q42298382,Alamo Drafthouse South Lamar,Point(-97.7617276 30.2556527),,http://www.drafthouse.com,"movie theater in Austin, Texas, United States"
http://www.wikidata.org/entity/Q42298382,Alamo Drafthouse South Lamar,Point(-97.7617276 30.2556527),,http://www.drafthouse.com,"movie theater in Austin, Texas, United States"
http://www.wikidata.org/entity/Q42298382,Alamo Drafthouse South Lamar,Point(-97.7617276 30.2556527),,http://www.drafthouse.com,"movie theater in Austin, Texas, United States"
http://www.wikidata.org/entity/Q42298382,Alamo Drafthouse South Lamar,Point(-97.7617276 30.2556527),,http://www.drafthouse.com,"movie theater in Austin, Texas, United States"
http://www.wikidata.org/entity/Q42298382,Alamo Drafthouse South Lamar,Point(-97.7617276 30.2556527),,http://www.drafthouse.com,"movie theater in Austin, Texas, United States"
http://www.wikidata.org/entity/Q42298382,Alamo Drafthouse South Lamar,Point(-97.7617276 30.2556527),,http://www.drafthouse.com,"movie theater in Austin, Texas, United States"
http://www.wikidata.org/entity/Q42298382,Alamo Drafthouse South Lamar,Point(-97.7617276 30.2556527),,http://www.drafthouse.com,"movie theater in Austin, Texas, United States"
http://www.wikidata.org/entity/Q42298458,AFS Cinema,Point(-97.7094878 30.32453),,https://autinfilm.org,"movie theater in Austin, Texas, United States"
http://www.wikidata.org/entity/Q42298458,AFS Cinema,Point(-97.7094878 30.32453),,https://autinfilm.org,"movie theater in Austin, Texas, United States"
http://www.wikidata.org/entity/Q42298458,AFS Cinema,Point(-97.7094878 30.32453),,https://autinfilm.org,"movie theater in Austin, Texas, United States"
http://www.wikidata.org/entity/Q42298458,AFS Cinema,Point(-97.7094878 30.32453),,https://autinfilm.org,"movie theater in Austin, Texas, United States"
http://www.wikidata.org/entity/Q42298458,AFS Cinema,Point(-97.7094878 30.32453),,https://autinfilm.org,"movie theater in Austin, Texas, United States"
http://www.wikidata.org/entity/Q42298458,AFS Cinema,Point(-97.7094878 30.32453),,https://autinfilm.org,"movie theater in Austin, Texas, United States"
http://www.wikidata.org/entity/Q42298458,AFS Cinema,Point(-97.7094878 30.32453),,https://autinfilm.org,"movie theater in Austin, Texas, United States"
http://www.wikidata.org/entity/Q42298458,AFS Cinema,Point(-97.7094878 30.32453),,https://autinfilm.org,"movie theater in Austin, Texas, United States"
http://www.wikidata.org/entity/Q42298458,AFS Cinema,Point(-97.7094878 30.32453),,https://autinfilm.org,"movie theater in Austin, Texas, United States"
http://www.wikidata.org/entity/Q42298458,AFS Cinema,Point(-97.7094878 30.32453),,https://autinfilm.org,"movie theater in Austin, Texas, United States"
http://www.wikidata.org/entity/Q42298458,AFS Cinema,Point(-97.7094878 30.32453),,https://autinfilm.org,"movie theater in Austin, Texas, United States"
http://www.wikidata.org/entity/Q42298458,AFS Cinema,Point(-97.7094878 30.32453),,https://autinfilm.org,"movie theater in Austin, Texas, United States"
http://www.wikidata.org/entity/Q42298458,AFS Cinema,Point(-97.7094878 30.32453),,https://autinfilm.org,"movie theater in Austin, Texas, United States"
http://www.wikidata.org/entity/Q42298458,AFS Cinema,Point(-97.7094878 30.32453),,https://autinfilm.org,"movie theater in Austin, Texas, United States"
http://www.wikidata.org/entity/Q42298458,AFS Cinema,Point(-97.7094878 30.32453),,https://autinfilm.org,"movie theater in Austin, Texas, United States"
http://www.wikidata.org/entity/Q42298458,AFS Cinema,Point(-97.7094878 30.32453),,https://autinfilm.org,"movie theater in Austin, Texas, United States"
http://www.wikidata.org/entity/Q42298458,AFS Cinema,Point(-97.7094878 30.32453),,https://autinfilm.org,"movie theater in Austin, Texas, United States"
http://www.wikidata.org/entity/Q42298458,AFS Cinema,Point(-97.7094878 30.32453),,https://autinfilm.org,"movie theater in Austin, Texas, United States"
http://www.wikidata.org/entity/Q42298458,AFS Cinema,Point(-97.7094878 30.32453),,https://autinfilm.org,"movie theater in Austin, Texas, United States"
http://www.wikidata.org/entity/Q42298458,AFS Cinema,Point(-97.7094878 30.32453),,https://autinfilm.org,"movie theater in Austin, Texas, United States"
http://www.wikidata.org/entity/Q42298458,AFS Cinema,Point(-97.7094878 30.32453),,https://autinfilm.org,"movie theater in Austin, Texas, United States"
http://www.wikidata.org/entity/Q42298458,AFS Cinema,Point(-97.7094878 30.32453),,https://autinfilm.org,"movie theater in Austin, Texas, United States"
http://www.wikidata.org/entity/Q42298458,AFS Cinema,Point(-97.7094878 30.32453),,https://autinfilm.org,"movie theater in Austin, Texas, United States"
http://www.wikidata.org/entity/Q42298458,AFS Cinema,Point(-97.7094878 30.32453),,https://autinfilm.org,"movie theater in Austin, Texas, United States"
http://www.wikidata.org/entity/Q42298458,AFS Cinema,Point(-97.7094878 30.32453),,https://autinfilm.org,"movie theater in Austin, Texas, United States"
http://www.wikidata.org/entity/Q42298458,AFS Cinema,Point(-97.7094878 30.32453),,https://autinfilm.org,"movie theater in Austin, Texas, United States"
http://www.wikidata.org/entity/Q42298458,AFS Cinema,Point(-97.7094878 30.32453),,https://autinfilm.org,"movie theater in Austin, Texas, United States"
http://www.wikidata.org/entity/Q42298458,AFS Cinema,Point(-97.7094878 30.32453),,https://autinfilm.org,"movie theater in Austin, Texas, United States"
http://www.wikidata.org/entity/Q42298458,AFS Cinema,Point(-97.7094878 30.32453),,https://autinfilm.org,"movie theater in Austin, Texas, United States"
http://www.wikidata.org/entity/Q42298458,AFS Cinema,Point(-97.7094878 30.32453),,https://autinfilm.org,"movie theater in Austin, Texas, United States"
http://www.wikidata.org/entity/Q42298458,AFS Cinema,Point(-97.7094878 30.32453),,https://autinfilm.org,"movie theater in Austin, Texas, United States"
http://www.wikidata.org/entity/Q42298458,AFS Cinema,Point(-97.7094878 30.32453),,https://autinfilm.org,"movie theater in Austin, Texas, United States"
http://www.wikidata.org/entity/Q42298458,AFS Cinema,Point(-97.7094878 30.32453),,https://autinfilm.org,"movie theater in Austin, Texas, United States"
http://www.wikidata.org/entity/Q42298458,AFS Cinema,Point(-97.7094878 30.32453),,https://autinfilm.org,"movie theater in Austin, Texas, United States"
http://www.wikidata.org/entity/Q42298458,AFS Cinema,Point(-97.7094878 30.32453),,https://autinfilm.org,"movie theater in Austin, Texas, United States"
http://www.wikidata.org/entity/Q42298458,AFS Cinema,Point(-97.7094878 30.32453),,https://autinfilm.org,"movie theater in Austin, Texas, United States"
http://www.wikidata.org/entity/Q42298458,AFS Cinema,Point(-97.7094878 30.32453),,https://autinfilm.org,"movie theater in Austin, Texas, United States"
http://www.wikidata.org/entity/Q42298459,Burnet Drive-In,Point(-97.741032 30.340843),,,"former drive-in movie theater in Austin, Texas, United States"
http://www.wikidata.org/entity/Q42298459,Burnet Drive-In,Point(-97.741032 30.340843),,,"former drive-in movie theater in Austin, Texas, United States"
http://www.wikidata.org/entity/Q42298459,Burnet Drive-In,Point(-97.741032 30.340843),,,"former drive-in movie theater in Austin, Texas, United States"
http://www.wikidata.org/entity/Q42298459,Burnet Drive-In,Point(-97.741032 30.340843),,,"former drive-in movie theater in Austin, Texas, United States"
http://www.wikidata.org/entity/Q42298459,Burnet Drive-In,Point(-97.741032 30.340843),,,"former drive-in movie theater in Austin, Texas, United States"
http://www.wikidata.org/entity/Q42298459,Burnet Drive-In,Point(-97.741032 30.340843),,,"former drive-in movie theater in Austin, Texas, United States"
http://www.wikidata.org/entity/Q42298459,Burnet Drive-In,Point(-97.741032 30.340843),,,"former drive-in movie theater in Austin, Texas, United States"
http://www.wikidata.org/entity/Q42298459,Burnet Drive-In,Point(-97.741032 30.340843),,,"former drive-in movie theater in Austin, Texas, United States"
http://www.wikidata.org/entity/Q42298459,Burnet Drive-In,Point(-97.741032 30.340843),,,"former drive-in movie theater in Austin, Texas, United States"
http://www.wikidata.org/entity/Q42298459,Burnet Drive-In,Point(-97.741032 30.340843),,,"former drive-in movie theater in Austin, Texas, United States"
http://www.wikidata.org/entity/Q42298459,Burnet Drive-In,Point(-97.741032 30.340843),,,"former drive-in movie theater in Austin, Texas, United States"
http://www.wikidata.org/entity/Q42298459,Burnet Drive-In,Point(-97.741032 30.340843),,,"former drive-in movie theater in Austin, Texas, United States"
http://www.wikidata.org/entity/Q42298459,Burnet Drive-In,Point(-97.741032 30.340843),,,"former drive-in movie theater in Austin, Texas, United States"
http://www.wikidata.org/entity/Q42298459,Burnet Drive-In,Point(-97.741032 30.340843),,,"former drive-in movie theater in Austin, Texas, United States"
http://www.wikidata.org/entity/Q42298459,Burnet Drive-In,Point(-97.741032 30.340843),,,"former drive-in movie theater in Austin, Texas, United States"
http://www.wikidata.org/entity/Q42298459,Burnet Drive-In,Point(-97.741032 30.340843),,,"former drive-in movie theater in Austin, Texas, United States"
http://www.wikidata.org/entity/Q42298459,Burnet Drive-In,Point(-97.741032 30.340843),,,"former drive-in movie theater in Austin, Texas, United States"
http://www.wikidata.org/entity/Q42298459,Burnet Drive-In,Point(-97.741032 30.340843),,,"former drive-in movie theater in Austin, Texas, United States"
http://www.wikidata.org/entity/Q42298459,Burnet Drive-In,Point(-97.741032 30.340843),,,"former drive-in movie theater in Austin, Texas, United States"
http://www.wikidata.org/entity/Q42298459,Burnet Drive-In,Point(-97.741032 30.340843),,,"former drive-in movie theater in Austin, Texas, United States"
http://www.wikidata.org/entity/Q42298459,Burnet Drive-In,Point(-97.741032 30.340843),,,"former drive-in movie theater in Austin, Texas, United States"
http://www.wikidata.org/entity/Q42298459,Burnet Drive-In,Point(-97.741032 30.340843),,,"former drive-in movie theater in Austin, Texas, United States"
http://www.wikidata.org/entity/Q42298459,Burnet Drive-In,Point(-97.741032 30.340843),,,"former drive-in movie theater in Austin, Texas, United States"
http://www.wikidata.org/entity/Q42298459,Burnet Drive-In,Point(-97.741032 30.340843),,,"former drive-in movie theater in Austin, Texas, United States"
http://www.wikidata.org/entity/Q42298459,Burnet Drive-In,Point(-97.741032 30.340843),,,"former drive-in movie theater in Austin, Texas, United States"
http://www.wikidata.org/entity/Q42298459,Burnet Drive-In,Point(-97.741032 30.340843),,,"former drive-in movie theater in Austin, Texas, United States"
http://www.wikidata.org/entity/Q42298459,Burnet Drive-In,Point(-97.741032 30.340843),,,"former drive-in movie theater in Austin, Texas, United States"
http://www.wikidata.org/entity/Q42298459,Burnet Drive-In,Point(-97.741032 30.340843),,,"former drive-in movie theater in Austin, Texas, United States"
http://www.wikidata.org/entity/Q42298459,Burnet Drive-In,Point(-97.741032 30.340843),,,"former drive-in movie theater in Austin, Texas, United States"
http://www.wikidata.org/entity/Q42298459,Burnet Drive-In,Point(-97.741032 30.340843),,,"former drive-in movie theater in Austin, Texas, United States"
http://www.wikidata.org/entity/Q42298459,Burnet Drive-In,Point(-97.741032 30.340843),,,"former drive-in movie theater in Austin, Texas, United States"
http://www.wikidata.org/entity/Q42298459,Burnet Drive-In,Point(-97.741032 30.340843),,,"former drive-in movie theater in Austin, Texas, United States"
http://www.wikidata.org/entity/Q42298459,Burnet Drive-In,Point(-97.741032 30.340843),,,"former drive-in movie theater in Austin, Texas, United States"
http://www.wikidata.org/entity/Q42298459,Burnet Drive-In,Point(-97.741032 30.340843),,,"former drive-in movie theater in Austin, Texas, United States"
http://www.wikidata.org/entity/Q42298459,Burnet Drive-In,Point(-97.741032 30.340843),,,"former drive-in movie theater in Austin, Texas, United States"
http://www.wikidata.org/entity/Q42298459,Burnet Drive-In,Point(-97.741032 30.340843),,,"former drive-in movie theater in Austin, Texas, United States"
http://www.wikidata.org/entity/Q42298459,Burnet Drive-In,Point(-97.741032 30.340843),,,"former drive-in movie theater in Austin, Texas, United States"
http://www.wikidata.org/entity/Q42298459,Burnet Drive-In,Point(-97.741032 30.340843),,,"former drive-in movie theater in Austin, Texas, United States"
http://www.wikidata.org/entity/Q42298459,Burnet Drive-In,Point(-97.741032 30.340843),,,"former drive-in movie theater in Austin, Texas, United States"
http://www.wikidata.org/entity/Q42298459,Burnet Drive-In,Point(-97.741032 30.340843),,,"former drive-in movie theater in Austin, Texas, United States"
http://www.wikidata.org/entity/Q42298459,Burnet Drive-In,Point(-97.741032 30.340843),,,"former drive-in movie theater in Austin, Texas, United States"
http://www.wikidata.org/entity/Q42298459,Burnet Drive-In,Point(-97.741032 30.340843),,,"former drive-in movie theater in Austin, Texas, United States"
http://www.wikidata.org/entity/Q42298459,Burnet Drive-In,Point(-97.741032 30.340843),,,"former drive-in movie theater in Austin, Texas, United States"
http://www.wikidata.org/entity/Q42298459,Burnet Drive-In,Point(-97.741032 30.340843),,,"former drive-in movie theater in Austin, Texas, United States"
http://www.wikidata.org/entity/Q42298459,Burnet Drive-In,Point(-97.741032 30.340843),,,"former drive-in movie theater in Austin, Texas, United States"
http://www.wikidata.org/entity/Q42298460,Northcross 6 Theatre,Point(-97.733238 30.355082),,,"former movie theater in Austin, Texas, United States"
http://www.wikidata.org/entity/Q42298460,Northcross 6 Theatre,Point(-97.733238 30.355082),,,"former movie theater in Austin, Texas, United States"
http://www.wikidata.org/entity/Q42298460,Northcross 6 Theatre,Point(-97.733238 30.355082),,,"former movie theater in Austin, Texas, United States"
http://www.wikidata.org/entity/Q42298460,Northcross 6 Theatre,Point(-97.733238 30.355082),,,"former movie theater in Austin, Texas, United States"
http://www.wikidata.org/entity/Q42298460,Northcross 6 Theatre,Point(-97.733238 30.355082),,,"former movie theater in Austin, Texas, United States"
http://www.wikidata.org/entity/Q42298460,Northcross 6 Theatre,Point(-97.733238 30.355082),,,"former movie theater in Austin, Texas, United States"
http://www.wikidata.org/entity/Q42298460,Northcross 6 Theatre,Point(-97.733238 30.355082),,,"former movie theater in Austin, Texas, United States"
http://www.wikidata.org/entity/Q42298460,Northcross 6 Theatre,Point(-97.733238 30.355082),,,"former movie theater in Austin, Texas, United States"
http://www.wikidata.org/entity/Q42298460,Northcross 6 Theatre,Point(-97.733238 30.355082),,,"former movie theater in Austin, Texas, United States"
http://www.wikidata.org/entity/Q42298460,Northcross 6 Theatre,Point(-97.733238 30.355082),,,"former movie theater in Austin, Texas, United States"
http://www.wikidata.org/entity/Q42298460,Northcross 6 Theatre,Point(-97.733238 30.355082),,,"former movie theater in Austin, Texas, United States"
http://www.wikidata.org/entity/Q42298460,Northcross 6 Theatre,Point(-97.733238 30.355082),,,"former movie theater in Austin, Texas, United States"
http://www.wikidata.org/entity/Q42298460,Northcross 6 Theatre,Point(-97.733238 30.355082),,,"former movie theater in Austin, Texas, United States"
http://www.wikidata.org/entity/Q42298460,Northcross 6 Theatre,Point(-97.733238 30.355082),,,"former movie theater in Austin, Texas, United States"
http://www.wikidata.org/entity/Q42298460,Northcross 6 Theatre,Point(-97.733238 30.355082),,,"former movie theater in Austin, Texas, United States"
http://www.wikidata.org/entity/Q42298460,Northcross 6 Theatre,Point(-97.733238 30.355082),,,"former movie theater in Austin, Texas, United States"
http://www.wikidata.org/entity/Q42298460,Northcross 6 Theatre,Point(-97.733238 30.355082),,,"former movie theater in Austin, Texas, United States"
http://www.wikidata.org/entity/Q42298460,Northcross 6 Theatre,Point(-97.733238 30.355082),,,"former movie theater in Austin, Texas, United States"
http://www.wikidata.org/entity/Q42298460,Northcross 6 Theatre,Point(-97.733238 30.355082),,,"former movie theater in Austin, Texas, United States"
http://www.wikidata.org/entity/Q42298460,Northcross 6 Theatre,Point(-97.733238 30.355082),,,"former movie theater in Austin, Texas, United States"
http://www.wikidata.org/entity/Q42298460,Northcross 6 Theatre,Point(-97.733238 30.355082),,,"former movie theater in Austin, Texas, United States"
http://www.wikidata.org/entity/Q42298460,Northcross 6 Theatre,Point(-97.733238 30.355082),,,"former movie theater in Austin, Texas, United States"
http://www.wikidata.org/entity/Q42298460,Northcross 6 Theatre,Point(-97.733238 30.355082),,,"former movie theater in Austin, Texas, United States"
http://www.wikidata.org/entity/Q42298460,Northcross 6 Theatre,Point(-97.733238 30.355082),,,"former movie theater in Austin, Texas, United States"
http://www.wikidata.org/entity/Q42298460,Northcross 6 Theatre,Point(-97.733238 30.355082),,,"former movie theater in Austin, Texas, United States"
http://www.wikidata.org/entity/Q42298460,Northcross 6 Theatre,Point(-97.733238 30.355082),,,"former movie theater in Austin, Texas, United States"
http://www.wikidata.org/entity/Q42298460,Northcross 6 Theatre,Point(-97.733238 30.355082),,,"former movie theater in Austin, Texas, United States"
http://www.wikidata.org/entity/Q42298460,Northcross 6 Theatre,Point(-97.733238 30.355082),,,"former movie theater in Austin, Texas, United States"
http://www.wikidata.org/entity/Q42298460,Northcross 6 Theatre,Point(-97.733238 30.355082),,,"former movie theater in Austin, Texas, United States"
http://www.wikidata.org/entity/Q42298460,Northcross 6 Theatre,Point(-97.733238 30.355082),,,"former movie theater in Austin, Texas, United States"
http://www.wikidata.org/entity/Q42298460,Northcross 6 Theatre,Point(-97.733238 30.355082),,,"former movie theater in Austin, Texas, United States"
http://www.wikidata.org/entity/Q42298460,Northcross 6 Theatre,Point(-97.733238 30.355082),,,"former movie theater in Austin, Texas, United States"
http://www.wikidata.org/entity/Q42298460,Northcross 6 Theatre,Point(-97.733238 30.355082),,,"former movie theater in Austin, Texas, United States"
http://www.wikidata.org/entity/Q42298460,Northcross 6 Theatre,Point(-97.733238 30.355082),,,"former movie theater in Austin, Texas, United States"
http://www.wikidata.org/entity/Q42298460,Northcross 6 Theatre,Point(-97.733238 30.355082),,,"former movie theater in Austin, Texas, United States"
http://www.wikidata.org/entity/Q42298460,Northcross 6 Theatre,Point(-97.733238 30.355082),,,"former movie theater in Austin, Texas, United States"
http://www.wikidata.org/entity/Q42298460,Northcross 6 Theatre,Point(-97.733238 30.355082),,,"former movie theater in Austin, Texas, United States"
http://www.wikidata.org/entity/Q42298461,AMC Barton Creek Square 14,Point(-97.8086518 30.256297),,https://www.amctheatres.com/movie-theatres/austin/amc-barton-creek-square-14,"movie theater in Austin, Texas, United States"
http://www.wikidata.org/entity/Q42298461,AMC Barton Creek Square 14,Point(-97.8086518 30.256297),,https://www.amctheatres.com/movie-theatres/austin/amc-barton-creek-square-14,"movie theater in Austin, Texas, United States"
http://www.wikidata.org/entity/Q42298461,AMC Barton Creek Square 14,Point(-97.8086518 30.256297),,https://www.amctheatres.com/movie-theatres/austin/amc-barton-creek-square-14,"movie theater in Austin, Texas, United States"
http://www.wikidata.org/entity/Q42298461,AMC Barton Creek Square 14,Point(-97.8086518 30.256297),,https://www.amctheatres.com/movie-theatres/austin/amc-barton-creek-square-14,"movie theater in Austin, Texas, United States"
http://www.wikidata.org/entity/Q42298461,AMC Barton Creek Square 14,Point(-97.8086518 30.256297),,https://www.amctheatres.com/movie-theatres/austin/amc-barton-creek-square-14,"movie theater in Austin, Texas, United States"
http://www.wikidata.org/entity/Q42298461,AMC Barton Creek Square 14,Point(-97.8086518 30.256297),,https://www.amctheatres.com/movie-theatres/austin/amc-barton-creek-square-14,"movie theater in Austin, Texas, United States"
http://www.wikidata.org/entity/Q42298461,AMC Barton Creek Square 14,Point(-97.8086518 30.256297),,https://www.amctheatres.com/movie-theatres/austin/amc-barton-creek-square-14,"movie theater in Austin, Texas, United States"
http://www.wikidata.org/entity/Q42298461,AMC Barton Creek Square 14,Point(-97.8086518 30.256297),,https://www.amctheatres.com/movie-theatres/austin/amc-barton-creek-square-14,"movie theater in Austin, Texas, United States"
http://www.wikidata.org/entity/Q42298461,AMC Barton Creek Square 14,Point(-97.8086518 30.256297),,https://www.amctheatres.com/movie-theatres/austin/amc-barton-creek-square-14,"movie theater in Austin, Texas, United States"
http://www.wikidata.org/entity/Q42298461,AMC Barton Creek Square 14,Point(-97.8086518 30.256297),,https://www.amctheatres.com/movie-theatres/austin/amc-barton-creek-square-14,"movie theater in Austin, Texas, United States"
http://www.wikidata.org/entity/Q42298461,AMC Barton Creek Square 14,Point(-97.8086518 30.256297),,https://www.amctheatres.com/movie-theatres/austin/amc-barton-creek-square-14,"movie theater in Austin, Texas, United States"
http://www.wikidata.org/entity/Q42298461,AMC Barton Creek Square 14,Point(-97.8086518 30.256297),,https://www.amctheatres.com/movie-theatres/austin/amc-barton-creek-square-14,"movie theater in Austin, Texas, United States"
http://www.wikidata.org/entity/Q42298461,AMC Barton Creek Square 14,Point(-97.8086518 30.256297),,https://www.amctheatres.com/movie-theatres/austin/amc-barton-creek-square-14,"movie theater in Austin, Texas, United States"
http://www.wikidata.org/entity/Q42298461,AMC Barton Creek Square 14,Point(-97.8086518 30.256297),,https://www.amctheatres.com/movie-theatres/austin/amc-barton-creek-square-14,"movie theater in Austin, Texas, United States"
http://www.wikidata.org/entity/Q42298461,AMC Barton Creek Square 14,Point(-97.8086518 30.256297),,https://www.amctheatres.com/movie-theatres/austin/amc-barton-creek-square-14,"movie theater in Austin, Texas, United States"
http://www.wikidata.org/entity/Q42298461,AMC Barton Creek Square 14,Point(-97.8086518 30.256297),,https://www.amctheatres.com/movie-theatres/austin/amc-barton-creek-square-14,"movie theater in Austin, Texas, United States"
http://www.wikidata.org/entity/Q42298461,AMC Barton Creek Square 14,Point(-97.8086518 30.256297),,https://www.amctheatres.com/movie-theatres/austin/amc-barton-creek-square-14,"movie theater in Austin, Texas, United States"
http://www.wikidata.org/entity/Q42298461,AMC Barton Creek Square 14,Point(-97.8086518 30.256297),,https://www.amctheatres.com/movie-theatres/austin/amc-barton-creek-square-14,"movie theater in Austin, Texas, United States"
http://www.wikidata.org/entity/Q42298461,AMC Barton Creek Square 14,Point(-97.8086518 30.256297),,https://www.amctheatres.com/movie-theatres/austin/amc-barton-creek-square-14,"movie theater in Austin, Texas, United States"
http://www.wikidata.org/entity/Q42298461,AMC Barton Creek Square 14,Point(-97.8086518 30.256297),,https://www.amctheatres.com/movie-theatres/austin/amc-barton-creek-square-14,"movie theater in Austin, Texas, United States"
http://www.wikidata.org/entity/Q42298461,AMC Barton Creek Square 14,Point(-97.8086518 30.256297),,https://www.amctheatres.com/movie-theatres/austin/amc-barton-creek-square-14,"movie theater in Austin, Texas, United States"
http://www.wikidata.org/entity/Q42298461,AMC Barton Creek Square 14,Point(-97.8086518 30.256297),,https://www.amctheatres.com/movie-theatres/austin/amc-barton-creek-square-14,"movie theater in Austin, Texas, United States"
http://www.wikidata.org/entity/Q42298461,AMC Barton Creek Square 14,Point(-97.8086518 30.256297),,https://www.amctheatres.com/movie-theatres/austin/amc-barton-creek-square-14,"movie theater in Austin, Texas, United States"
http://www.wikidata.org/entity/Q42298461,AMC Barton Creek Square 14,Point(-97.8086518 30.256297),,https://www.amctheatres.com/movie-theatres/austin/amc-barton-creek-square-14,"movie theater in Austin, Texas, United States"
http://www.wikidata.org/entity/Q42298461,AMC Barton Creek Square 14,Point(-97.8086518 30.256297),,https://www.amctheatres.com/movie-theatres/austin/amc-barton-creek-square-14,"movie theater in Austin, Texas, United States"
http://www.wikidata.org/entity/Q42298461,AMC Barton Creek Square 14,Point(-97.8086518 30.256297),,https://www.amctheatres.com/movie-theatres/austin/amc-barton-creek-square-14,"movie theater in Austin, Texas, United States"
http://www.wikidata.org/entity/Q42298461,AMC Barton Creek Square 14,Point(-97.8086518 30.256297),,https://www.amctheatres.com/movie-theatres/austin/amc-barton-creek-square-14,"movie theater in Austin, Texas, United States"
http://www.wikidata.org/entity/Q42298461,AMC Barton Creek Square 14,Point(-97.8086518 30.256297),,https://www.amctheatres.com/movie-theatres/austin/amc-barton-creek-square-14,"movie theater in Austin, Texas, United States"
http://www.wikidata.org/entity/Q42298461,AMC Barton Creek Square 14,Point(-97.8086518 30.256297),,https://www.amctheatres.com/movie-theatres/austin/amc-barton-creek-square-14,"movie theater in Austin, Texas, United States"
http://www.wikidata.org/entity/Q42298461,AMC Barton Creek Square 14,Point(-97.8086518 30.256297),,https://www.amctheatres.com/movie-theatres/austin/amc-barton-creek-square-14,"movie theater in Austin, Texas, United States"
http://www.wikidata.org/entity/Q42298461,AMC Barton Creek Square 14,Point(-97.8086518 30.256297),,https://www.amctheatres.com/movie-theatres/austin/amc-barton-creek-square-14,"movie theater in Austin, Texas, United States"
http://www.wikidata.org/entity/Q42298461,AMC Barton Creek Square 14,Point(-97.8086518 30.256297),,https://www.amctheatres.com/movie-theatres/austin/amc-barton-creek-square-14,"movie theater in Austin, Texas, United States"
http://www.wikidata.org/entity/Q42298461,AMC Barton Creek Square 14,Point(-97.8086518 30.256297),,https://www.amctheatres.com/movie-theatres/austin/amc-barton-creek-square-14,"movie theater in Austin, Texas, United States"
http://www.wikidata.org/entity/Q42298461,AMC Barton Creek Square 14,Point(-97.8086518 30.256297),,https://www.amctheatres.com/movie-theatres/austin/amc-barton-creek-square-14,"movie theater in Austin, Texas, United States"
http://www.wikidata.org/entity/Q42298461,AMC Barton Creek Square 14,Point(-97.8086518 30.256297),,https://www.amctheatres.com/movie-theatres/austin/amc-barton-creek-square-14,"movie theater in Austin, Texas, United States"
http://www.wikidata.org/entity/Q42298461,AMC Barton Creek Square 14,Point(-97.8086518 30.256297),,https://www.amctheatres.com/movie-theatres/austin/amc-barton-creek-square-14,"movie theater in Austin, Texas, United States"
http://www.wikidata.org/entity/Q42298461,AMC Barton Creek Square 14,Point(-97.8086518 30.256297),,https://www.amctheatres.com/movie-theatres/austin/amc-barton-creek-square-14,"movie theater in Austin, Texas, United States"
http://www.wikidata.org/entity/Q42298374,Alamo Drafthouse Mueller,Point(-97.7042744 30.2983453),,http://www.drafthouse.com,"movie theater in Austin, Texas, United States"
http://www.wikidata.org/entity/Q42298374,Alamo Drafthouse Mueller,Point(-97.7042744 30.2983453),,http://www.drafthouse.com,"movie theater in Austin, Texas, United States"
http://www.wikidata.org/entity/Q42298374,Alamo Drafthouse Mueller,Point(-97.7042744 30.2983453),,http://www.drafthouse.com,"movie theater in Austin, Texas, United States"
http://www.wikidata.org/entity/Q42298374,Alamo Drafthouse Mueller,Point(-97.7042744 30.2983453),,http://www.drafthouse.com,"movie theater in Austin, Texas, United States"
http://www.wikidata.org/entity/Q42298374,Alamo Drafthouse Mueller,Point(-97.7042744 30.2983453),,http://www.drafthouse.com,"movie theater in Austin, Texas, United States"
http://www.wikidata.org/entity/Q42298374,Alamo Drafthouse Mueller,Point(-97.7042744 30.2983453),,http://www.drafthouse.com,"movie theater in Austin, Texas, United States"
http://www.wikidata.org/entity/Q42298374,Alamo Drafthouse Mueller,Point(-97.7042744 30.2983453),,http://www.drafthouse.com,"movie theater in Austin, Texas, United States"
http://www.wikidata.org/entity/Q42298374,Alamo Drafthouse Mueller,Point(-97.7042744 30.2983453),,http://www.drafthouse.com,"movie theater in Austin, Texas, United States"
http://www.wikidata.org/entity/Q42298374,Alamo Drafthouse Mueller,Point(-97.7042744 30.2983453),,http://www.drafthouse.com,"movie theater in Austin, Texas, United States"
http://www.wikidata.org/entity/Q42298374,Alamo Drafthouse Mueller,Point(-97.7042744 30.2983453),,http://www.drafthouse.com,"movie theater in Austin, Texas, United States"
http://www.wikidata.org/entity/Q42298374,Alamo Drafthouse Mueller,Point(-97.7042744 30.2983453),,http://www.drafthouse.com,"movie theater in Austin, Texas, United States"
http://www.wikidata.org/entity/Q42298374,Alamo Drafthouse Mueller,Point(-97.7042744 30.2983453),,http://www.drafthouse.com,"movie theater in Austin, Texas, United States"
http://www.wikidata.org/entity/Q42298374,Alamo Drafthouse Mueller,Point(-97.7042744 30.2983453),,http://www.drafthouse.com,"movie theater in Austin, Texas, United States"
http://www.wikidata.org/entity/Q42298374,Alamo Drafthouse Mueller,Point(-97.7042744 30.2983453),,http://www.drafthouse.com,"movie theater in Austin, Texas, United States"
http://www.wikidata.org/entity/Q42298374,Alamo Drafthouse Mueller,Point(-97.7042744 30.2983453),,http://www.drafthouse.com,"movie theater in Austin, Texas, United States"
http://www.wikidata.org/entity/Q42298374,Alamo Drafthouse Mueller,Point(-97.7042744 30.2983453),,http://www.drafthouse.com,"movie theater in Austin, Texas, United States"
http://www.wikidata.org/entity/Q42298374,Alamo Drafthouse Mueller,Point(-97.7042744 30.2983453),,http://www.drafthouse.com,"movie theater in Austin, Texas, United States"
http://www.wikidata.org/entity/Q42298374,Alamo Drafthouse Mueller,Point(-97.7042744 30.2983453),,http://www.drafthouse.com,"movie theater in Austin, Texas, United States"
http://www.wikidata.org/entity/Q42298379,Alamo Drafthouse Lakeline,Point(-97.804129 30.475502),,https://drafthouse.com/austin/theater/lakeline,"movie theater in Austin, Texas, United States"
http://www.wikidata.org/entity/Q42298379,Alamo Drafthouse Lakeline,Point(-97.804129 30.475502),,https://drafthouse.com/austin/theater/lakeline,"movie theater in Austin, Texas, United States"
http://www.wikidata.org/entity/Q42298379,Alamo Drafthouse Lakeline,Point(-97.804129 30.475502),,https://drafthouse.com/austin/theater/lakeline,"movie theater in Austin, Texas, United States"
http://www.wikidata.org/entity/Q42298379,Alamo Drafthouse Lakeline,Point(-97.804129 30.475502),,https://drafthouse.com/austin/theater/lakeline,"movie theater in Austin, Texas, United States"
http://www.wikidata.org/entity/Q42298379,Alamo Drafthouse Lakeline,Point(-97.804129 30.475502),,https://drafthouse.com/austin/theater/lakeline,"movie theater in Austin, Texas, United States"
http://www.wikidata.org/entity/Q42298379,Alamo Drafthouse Lakeline,Point(-97.804129 30.475502),,https://drafthouse.com/austin/theater/lakeline,"movie theater in Austin, Texas, United States"
http://www.wikidata.org/entity/Q42298379,Alamo Drafthouse Lakeline,Point(-97.804129 30.475502),,https://drafthouse.com/austin/theater/lakeline,"movie theater in Austin, Texas, United States"
http://www.wikidata.org/entity/Q42298379,Alamo Drafthouse Lakeline,Point(-97.804129 30.475502),,https://drafthouse.com/austin/theater/lakeline,"movie theater in Austin, Texas, United States"
http://www.wikidata.org/entity/Q42298379,Alamo Drafthouse Lakeline,Point(-97.804129 30.475502),,https://drafthouse.com/austin/theater/lakeline,"movie theater in Austin, Texas, United States"
http://www.wikidata.org/entity/Q42298379,Alamo Drafthouse Lakeline,Point(-97.804129 30.475502),,https://drafthouse.com/austin/theater/lakeline,"movie theater in Austin, Texas, United States"
http://www.wikidata.org/entity/Q42298379,Alamo Drafthouse Lakeline,Point(-97.804129 30.475502),,https://drafthouse.com/austin/theater/lakeline,"movie theater in Austin, Texas, United States"
http://www.wikidata.org/entity/Q42298379,Alamo Drafthouse Lakeline,Point(-97.804129 30.475502),,https://drafthouse.com/austin/theater/lakeline,"movie theater in Austin, Texas, United States"
http://www.wikidata.org/entity/Q42298379,Alamo Drafthouse Lakeline,Point(-97.804129 30.475502),,https://drafthouse.com/austin/theater/lakeline,"movie theater in Austin, Texas, United States"
http://www.wikidata.org/entity/Q42298379,Alamo Drafthouse Lakeline,Point(-97.804129 30.475502),,https://drafthouse.com/austin/theater/lakeline,"movie theater in Austin, Texas, United States"
http://www.wikidata.org/entity/Q42298379,Alamo Drafthouse Lakeline,Point(-97.804129 30.475502),,https://drafthouse.com/austin/theater/lakeline,"movie theater in Austin, Texas, United States"
http://www.wikidata.org/entity/Q42298379,Alamo Drafthouse Lakeline,Point(-97.804129 30.475502),,https://drafthouse.com/austin/theater/lakeline,"movie theater in Austin, Texas, United States"
http://www.wikidata.org/entity/Q42298379,Alamo Drafthouse Lakeline,Point(-97.804129 30.475502),,https://drafthouse.com/austin/theater/lakeline,"movie theater in Austin, Texas, United States"
http://www.wikidata.org/entity/Q42298379,Alamo Drafthouse Lakeline,Point(-97.804129 30.475502),,https://drafthouse.com/austin/theater/lakeline,"movie theater in Austin, Texas, United States"
http://www.wikidata.org/entity/Q42298379,Alamo Drafthouse Lakeline,Point(-97.804129 30.475502),,https://drafthouse.com/austin/theater/lakeline,"movie theater in Austin, Texas, United States"
http://www.wikidata.org/entity/Q42298379,Alamo Drafthouse Lakeline,Point(-97.804129 30.475502),,https://drafthouse.com/austin/theater/lakeline,"movie theater in Austin, Texas, United States"
http://www.wikidata.org/entity/Q42298379,Alamo Drafthouse Lakeline,Point(-97.804129 30.475502),,https://drafthouse.com/austin/theater/lakeline,"movie theater in Austin, Texas, United States"
http://www.wikidata.org/entity/Q42298379,Alamo Drafthouse Lakeline,Point(-97.804129 30.475502),,https://drafthouse.com/austin/theater/lakeline,"movie theater in Austin, Texas, United States"
http://www.wikidata.org/entity/Q42298379,Alamo Drafthouse Lakeline,Point(-97.804129 30.475502),,https://drafthouse.com/austin/theater/lakeline,"movie theater in Austin, Texas, United States"
http://www.wikidata.org/entity/Q42298379,Alamo Drafthouse Lakeline,Point(-97.804129 30.475502),,https://drafthouse.com/austin/theater/lakeline,"movie theater in Austin, Texas, United States"
http://www.wikidata.org/entity/Q42298379,Alamo Drafthouse Lakeline,Point(-97.804129 30.475502),,https://drafthouse.com/austin/theater/lakeline,"movie theater in Austin, Texas, United States"
http://www.wikidata.org/entity/Q42298379,Alamo Drafthouse Lakeline,Point(-97.804129 30.475502),,https://drafthouse.com/austin/theater/lakeline,"movie theater in Austin, Texas, United States"
http://www.wikidata.org/entity/Q42298379,Alamo Drafthouse Lakeline,Point(-97.804129 30.475502),,https://drafthouse.com/austin/theater/lakeline,"movie theater in Austin, Texas, United States"
http://www.wikidata.org/entity/Q42298379,Alamo Drafthouse Lakeline,Point(-97.804129 30.475502),,https://drafthouse.com/austin/theater/lakeline,"movie theater in Austin, Texas, United States"
http://www.wikidata.org/entity/Q42298379,Alamo Drafthouse Lakeline,Point(-97.804129 30.475502),,https://drafthouse.com/austin/theater/lakeline,"movie theater in Austin, Texas, United States"
http://www.wikidata.org/entity/Q42298379,Alamo Drafthouse Lakeline,Point(-97.804129 30.475502),,https://drafthouse.com/austin/theater/lakeline,"movie theater in Austin, Texas, United States"
http://www.wikidata.org/entity/Q42298379,Alamo Drafthouse Lakeline,Point(-97.804129 30.475502),,https://drafthouse.com/austin/theater/lakeline,"movie theater in Austin, Texas, United States"
http://www.wikidata.org/entity/Q42298379,Alamo Drafthouse Lakeline,Point(-97.804129 30.475502),,https://drafthouse.com/austin/theater/lakeline,"movie theater in Austin, Texas, United States"
http://www.wikidata.org/entity/Q42298379,Alamo Drafthouse Lakeline,Point(-97.804129 30.475502),,https://drafthouse.com/austin/theater/lakeline,"movie theater in Austin, Texas, United States"
http://www.wikidata.org/entity/Q42298379,Alamo Drafthouse Lakeline,Point(-97.804129 30.475502),,https://drafthouse.com/austin/theater/lakeline,"movie theater in Austin, Texas, United States"
http://www.wikidata.org/entity/Q42298379,Alamo Drafthouse Lakeline,Point(-97.804129 30.475502),,https://drafthouse.com/austin/theater/lakeline,"movie theater in Austin, Texas, United States"
http://www.wikidata.org/entity/Q42298379,Alamo Drafthouse Lakeline,Point(-97.804129 30.475502),,https://drafthouse.com/austin/theater/lakeline,"movie theater in Austin, Texas, United States"
http://www.wikidata.org/entity/Q42298379,Alamo Drafthouse Lakeline,Point(-97.804129 30.475502),,https://drafthouse.com/austin/theater/lakeline,"movie theater in Austin, Texas, United States"
http://www.wikidata.org/entity/Q42298376,Alamo Drafthouse Village,Point(-97.73747 30.359419),,https://drafthouse.com/theater/village,"movie theater in Austin, Texas, United States"
http://www.wikidata.org/entity/Q42298376,Alamo Drafthouse Village,Point(-97.73747 30.359419),,https://drafthouse.com/theater/village,"movie theater in Austin, Texas, United States"
http://www.wikidata.org/entity/Q42298376,Alamo Drafthouse Village,Point(-97.73747 30.359419),,https://drafthouse.com/theater/village,"movie theater in Austin, Texas, United States"
http://www.wikidata.org/entity/Q42298376,Alamo Drafthouse Village,Point(-97.73747 30.359419),,https://drafthouse.com/theater/village,"movie theater in Austin, Texas, United States"
http://www.wikidata.org/entity/Q42298376,Alamo Drafthouse Village,Point(-97.73747 30.359419),,https://drafthouse.com/theater/village,"movie theater in Austin, Texas, United States"
http://www.wikidata.org/entity/Q42298376,Alamo Drafthouse Village,Point(-97.73747 30.359419),,https://drafthouse.com/theater/village,"movie theater in Austin, Texas, United States"
http://www.wikidata.org/entity/Q42298376,Alamo Drafthouse Village,Point(-97.73747 30.359419),,https://drafthouse.com/theater/village,"movie theater in Austin, Texas, United States"
http://www.wikidata.org/entity/Q42298376,Alamo Drafthouse Village,Point(-97.73747 30.359419),,https://drafthouse.com/theater/village,"movie theater in Austin, Texas, United States"
http://www.wikidata.org/entity/Q42298376,Alamo Drafthouse Village,Point(-97.73747 30.359419),,https://drafthouse.com/theater/village,"movie theater in Austin, Texas, United States"
http://www.wikidata.org/entity/Q42298376,Alamo Drafthouse Village,Point(-97.73747 30.359419),,https://drafthouse.com/theater/village,"movie theater in Austin, Texas, United States"
http://www.wikidata.org/entity/Q42298376,Alamo Drafthouse Village,Point(-97.73747 30.359419),,https://drafthouse.com/theater/village,"movie theater in Austin, Texas, United States"
http://www.wikidata.org/entity/Q42298376,Alamo Drafthouse Village,Point(-97.73747 30.359419),,https://drafthouse.com/theater/village,"movie theater in Austin, Texas, United States"
http://www.wikidata.org/entity/Q42298376,Alamo Drafthouse Village,Point(-97.73747 30.359419),,https://drafthouse.com/theater/village,"movie theater in Austin, Texas, United States"
http://www.wikidata.org/entity/Q42298376,Alamo Drafthouse Village,Point(-97.73747 30.359419),,https://drafthouse.com/theater/village,"movie theater in Austin, Texas, United States"
http://www.wikidata.org/entity/Q42298376,Alamo Drafthouse Village,Point(-97.73747 30.359419),,https://drafthouse.com/theater/village,"movie theater in Austin, Texas, United States"
http://www.wikidata.org/entity/Q42298376,Alamo Drafthouse Village,Point(-97.73747 30.359419),,https://drafthouse.com/theater/village,"movie theater in Austin, Texas, United States"
http://www.wikidata.org/entity/Q42298376,Alamo Drafthouse Village,Point(-97.73747 30.359419),,https://drafthouse.com/theater/village,"movie theater in Austin, Texas, United States"
http://www.wikidata.org/entity/Q42298376,Alamo Drafthouse Village,Point(-97.73747 30.359419),,https://drafthouse.com/theater/village,"movie theater in Austin, Texas, United States"
http://www.wikidata.org/entity/Q42298376,Alamo Drafthouse Village,Point(-97.73747 30.359419),,https://drafthouse.com/theater/village,"movie theater in Austin, Texas, United States"
http://www.wikidata.org/entity/Q42298376,Alamo Drafthouse Village,Point(-97.73747 30.359419),,https://drafthouse.com/theater/village,"movie theater in Austin, Texas, United States"
http://www.wikidata.org/entity/Q42298376,Alamo Drafthouse Village,Point(-97.73747 30.359419),,https://drafthouse.com/theater/village,"movie theater in Austin, Texas, United States"
http://www.wikidata.org/entity/Q42298376,Alamo Drafthouse Village,Point(-97.73747 30.359419),,https://drafthouse.com/theater/village,"movie theater in Austin, Texas, United States"
http://www.wikidata.org/entity/Q42298376,Alamo Drafthouse Village,Point(-97.73747 30.359419),,https://drafthouse.com/theater/village,"movie theater in Austin, Texas, United States"
http://www.wikidata.org/entity/Q42298376,Alamo Drafthouse Village,Point(-97.73747 30.359419),,https://drafthouse.com/theater/village,"movie theater in Austin, Texas, United States"
http://www.wikidata.org/entity/Q42298376,Alamo Drafthouse Village,Point(-97.73747 30.359419),,https://drafthouse.com/theater/village,"movie theater in Austin, Texas, United States"
http://www.wikidata.org/entity/Q42298376,Alamo Drafthouse Village,Point(-97.73747 30.359419),,https://drafthouse.com/theater/village,"movie theater in Austin, Texas, United States"
http://www.wikidata.org/entity/Q42298376,Alamo Drafthouse Village,Point(-97.73747 30.359419),,https://drafthouse.com/theater/village,"movie theater in Austin, Texas, United States"
http://www.wikidata.org/entity/Q42298376,Alamo Drafthouse Village,Point(-97.73747 30.359419),,https://drafthouse.com/theater/village,"movie theater in Austin, Texas, United States"
http://www.wikidata.org/entity/Q42298376,Alamo Drafthouse Village,Point(-97.73747 30.359419),,https://drafthouse.com/theater/village,"movie theater in Austin, Texas, United States"
http://www.wikidata.org/entity/Q42298376,Alamo Drafthouse Village,Point(-97.73747 30.359419),,https://drafthouse.com/theater/village,"movie theater in Austin, Texas, United States"
http://www.wikidata.org/entity/Q42298376,Alamo Drafthouse Village,Point(-97.73747 30.359419),,https://drafthouse.com/theater/village,"movie theater in Austin, Texas, United States"
http://www.wikidata.org/entity/Q42298376,Alamo Drafthouse Village,Point(-97.73747 30.359419),,https://drafthouse.com/theater/village,"movie theater in Austin, Texas, United States"
http://www.wikidata.org/entity/Q42298376,Alamo Drafthouse Village,Point(-97.73747 30.359419),,https://drafthouse.com/theater/village,"movie theater in Austin, Texas, United States"
http://www.wikidata.org/entity/Q42298376,Alamo Drafthouse Village,Point(-97.73747 30.359419),,https://drafthouse.com/theater/village,"movie theater in Austin, Texas, United States"
http://www.wikidata.org/entity/Q42298376,Alamo Drafthouse Village,Point(-97.73747 30.359419),,https://drafthouse.com/theater/village,"movie theater in Austin, Texas, United States"
http://www.wikidata.org/entity/Q42298376,Alamo Drafthouse Village,Point(-97.73747 30.359419),,https://drafthouse.com/theater/village,"movie theater in Austin, Texas, United States"
http://www.wikidata.org/entity/Q42298376,Alamo Drafthouse Village,Point(-97.73747 30.359419),,https://drafthouse.com/theater/village,"movie theater in Austin, Texas, United States"
http://www.wikidata.org/entity/Q42298382,Alamo Drafthouse South Lamar,Point(-97.7617276 30.2556527),,http://www.drafthouse.com,"movie theater in Austin, Texas, United States"
http://www.wikidata.org/entity/Q42298382,Alamo Drafthouse South Lamar,Point(-97.7617276 30.2556527),,http://www.drafthouse.com,"movie theater in Austin, Texas, United States"
http://www.wikidata.org/entity/Q42298382,Alamo Drafthouse South Lamar,Point(-97.7617276 30.2556527),,http://www.drafthouse.com,"movie theater in Austin, Texas, United States"
http://www.wikidata.org/entity/Q42298382,Alamo Drafthouse South Lamar,Point(-97.7617276 30.2556527),,http://www.drafthouse.com,"movie theater in Austin, Texas, United States"
http://www.wikidata.org/entity/Q42298382,Alamo Drafthouse South Lamar,Point(-97.7617276 30.2556527),,http://www.drafthouse.com,"movie theater in Austin, Texas, United States"
http://www.wikidata.org/entity/Q42298382,Alamo Drafthouse South Lamar,Point(-97.7617276 30.2556527),,http://www.drafthouse.com,"movie theater in Austin, Texas, United States"
http://www.wikidata.org/entity/Q42298382,Alamo Drafthouse South Lamar,Point(-97.7617276 30.2556527),,http://www.drafthouse.com,"movie theater in Austin, Texas, United States"
http://www.wikidata.org/entity/Q42298382,Alamo Drafthouse South Lamar,Point(-97.7617276 30.2556527),,http://www.drafthouse.com,"movie theater in Austin, Texas, United States"
http://www.wikidata.org/entity/Q42298483,Studio IV,Point(-97.740471 30.267715),,,"former movie theater in Austin, Texas, United States"
http://www.wikidata.org/entity/Q42298483,Studio IV,Point(-97.740471 30.267715),,,"former movie theater in Austin, Texas, United States"
http://www.wikidata.org/entity/Q42298483,Studio IV,Point(-97.740471 30.267715),,,"former movie theater in Austin, Texas, United States"
http://www.wikidata.org/entity/Q42298483,Studio IV,Point(-97.740471 30.267715),,,"former movie theater in Austin, Texas, United States"
http://www.wikidata.org/entity/Q42298483,Studio IV,Point(-97.740471 30.267715),,,"former movie theater in Austin, Texas, United States"
http://www.wikidata.org/entity/Q42298483,Studio IV,Point(-97.740471 30.267715),,,"former movie theater in Austin, Texas, United States"
http://www.wikidata.org/entity/Q42298483,Studio IV,Point(-97.740471 30.267715),,,"former movie theater in Austin, Texas, United States"
http://www.wikidata.org/entity/Q42298483,Studio IV,Point(-97.740471 30.267715),,,"former movie theater in Austin, Texas, United States"
http://www.wikidata.org/entity/Q42298483,Studio IV,Point(-97.740471 30.267715),,,"former movie theater in Austin, Texas, United States"
http://www.wikidata.org/entity/Q42298483,Studio IV,Point(-97.740471 30.267715),,,"former movie theater in Austin, Texas, United States"
http://www.wikidata.org/entity/Q42298483,Studio IV,Point(-97.740471 30.267715),,,"former movie theater in Austin, Texas, United States"
http://www.wikidata.org/entity/Q42298483,Studio IV,Point(-97.740471 30.267715),,,"former movie theater in Austin, Texas, United States"
http://www.wikidata.org/entity/Q42298483,Studio IV,Point(-97.740471 30.267715),,,"former movie theater in Austin, Texas, United States"
http://www.wikidata.org/entity/Q42298483,Studio IV,Point(-97.740471 30.267715),,,"former movie theater in Austin, Texas, United States"
http://www.wikidata.org/entity/Q42298483,Studio IV,Point(-97.740471 30.267715),,,"former movie theater in Austin, Texas, United States"
http://www.wikidata.org/entity/Q42298483,Studio IV,Point(-97.740471 30.267715),,,"former movie theater in Austin, Texas, United States"
http://www.wikidata.org/entity/Q42298483,Studio IV,Point(-97.740471 30.267715),,,"former movie theater in Austin, Texas, United States"
http://www.wikidata.org/entity/Q42298483,Studio IV,Point(-97.740471 30.267715),,,"former movie theater in Austin, Texas, United States"
http://www.wikidata.org/entity/Q42298483,Studio IV,Point(-97.740471 30.267715),,,"former movie theater in Austin, Texas, United States"
http://www.wikidata.org/entity/Q42298483,Studio IV,Point(-97.740471 30.267715),,,"former movie theater in Austin, Texas, United States"
http://www.wikidata.org/entity/Q42298483,Studio IV,Point(-97.740471 30.267715),,,"former movie theater in Austin, Texas, United States"
http://www.wikidata.org/entity/Q42298483,Studio IV,Point(-97.740471 30.267715),,,"former movie theater in Austin, Texas, United States"
http://www.wikidata.org/entity/Q42298483,Studio IV,Point(-97.740471 30.267715),,,"former movie theater in Austin, Texas, United States"
http://www.wikidata.org/entity/Q42298483,Studio IV,Point(-97.740471 30.267715),,,"former movie theater in Austin, Texas, United States"
http://www.wikidata.org/entity/Q42298483,Studio IV,Point(-97.740471 30.267715),,,"former movie theater in Austin, Texas, United States"
http://www.wikidata.org/entity/Q42298483,Studio IV,Point(-97.740471 30.267715),,,"former movie theater in Austin, Texas, United States"
http://www.wikidata.org/entity/Q42298483,Studio IV,Point(-97.740471 30.267715),,,"former movie theater in Austin, Texas, United States"
http://www.wikidata.org/entity/Q42298483,Studio IV,Point(-97.740471 30.267715),,,"former movie theater in Austin, Texas, United States"
http://www.wikidata.org/entity/Q42298483,Studio IV,Point(-97.740471 30.267715),,,"former movie theater in Austin, Texas, United States"
http://www.wikidata.org/entity/Q42298483,Studio IV,Point(-97.740471 30.267715),,,"former movie theater in Austin, Texas, United States"
http://www.wikidata.org/entity/Q42298483,Studio IV,Point(-97.740471 30.267715),,,"former movie theater in Austin, Texas, United States"
http://www.wikidata.org/entity/Q42298483,Studio IV,Point(-97.740471 30.267715),,,"former movie theater in Austin, Texas, United States"
http://www.wikidata.org/entity/Q42298483,Studio IV,Point(-97.740471 30.267715),,,"former movie theater in Austin, Texas, United States"
http://www.wikidata.org/entity/Q42298483,Studio IV,Point(-97.740471 30.267715),,,"former movie theater in Austin, Texas, United States"
http://www.wikidata.org/entity/Q42298483,Studio IV,Point(-97.740471 30.267715),,,"former movie theater in Austin, Texas, United States"
http://www.wikidata.org/entity/Q42298483,Studio IV,Point(-97.740471 30.267715),,,"former movie theater in Austin, Texas, United States"
http://www.wikidata.org/entity/Q42298483,Studio IV,Point(-97.740471 30.267715),,,"former movie theater in Austin, Texas, United States"
http://www.wikidata.org/entity/Q42298480,Iris Theatre,Point(-97.739931 30.267563),,,"former movie theater in Austin, Texas, United States"
http://www.wikidata.org/entity/Q42298480,Iris Theatre,Point(-97.739931 30.267563),,,"former movie theater in Austin, Texas, United States"
http://www.wikidata.org/entity/Q42298480,Iris Theatre,Point(-97.739931 30.267563),,,"former movie theater in Austin, Texas, United States"
http://www.wikidata.org/entity/Q42298480,Iris Theatre,Point(-97.739931 30.267563),,,"former movie theater in Austin, Texas, United States"
http://www.wikidata.org/entity/Q42298480,Iris Theatre,Point(-97.739931 30.267563),,,"former movie theater in Austin, Texas, United States"
http://www.wikidata.org/entity/Q42298480,Iris Theatre,Point(-97.739931 30.267563),,,"former movie theater in Austin, Texas, United States"
http://www.wikidata.org/entity/Q42298480,Iris Theatre,Point(-97.739931 30.267563),,,"former movie theater in Austin, Texas, United States"
http://www.wikidata.org/entity/Q42298480,Iris Theatre,Point(-97.739931 30.267563),,,"former movie theater in Austin, Texas, United States"
http://www.wikidata.org/entity/Q42298480,Iris Theatre,Point(-97.739931 30.267563),,,"former movie theater in Austin, Texas, United States"
http://www.wikidata.org/entity/Q42298480,Iris Theatre,Point(-97.739931 30.267563),,,"former movie theater in Austin, Texas, United States"
http://www.wikidata.org/entity/Q42298480,Iris Theatre,Point(-97.739931 30.267563),,,"former movie theater in Austin, Texas, United States"
http://www.wikidata.org/entity/Q42298480,Iris Theatre,Point(-97.739931 30.267563),,,"former movie theater in Austin, Texas, United States"
http://www.wikidata.org/entity/Q42298480,Iris Theatre,Point(-97.739931 30.267563),,,"former movie theater in Austin, Texas, United States"
http://www.wikidata.org/entity/Q42298480,Iris Theatre,Point(-97.739931 30.267563),,,"former movie theater in Austin, Texas, United States"
http://www.wikidata.org/entity/Q42298480,Iris Theatre,Point(-97.739931 30.267563),,,"former movie theater in Austin, Texas, United States"
http://www.wikidata.org/entity/Q42298480,Iris Theatre,Point(-97.739931 30.267563),,,"former movie theater in Austin, Texas, United States"
http://www.wikidata.org/entity/Q42298480,Iris Theatre,Point(-97.739931 30.267563),,,"former movie theater in Austin, Texas, United States"
http://www.wikidata.org/entity/Q42298480,Iris Theatre,Point(-97.739931 30.267563),,,"former movie theater in Austin, Texas, United States"
http://www.wikidata.org/entity/Q42298480,Iris Theatre,Point(-97.739931 30.267563),,,"former movie theater in Austin, Texas, United States"
http://www.wikidata.org/entity/Q42298480,Iris Theatre,Point(-97.739931 30.267563),,,"former movie theater in Austin, Texas, United States"
http://www.wikidata.org/entity/Q42298480,Iris Theatre,Point(-97.739931 30.267563),,,"former movie theater in Austin, Texas, United States"
http://www.wikidata.org/entity/Q42298480,Iris Theatre,Point(-97.739931 30.267563),,,"former movie theater in Austin, Texas, United States"
http://www.wikidata.org/entity/Q42298480,Iris Theatre,Point(-97.739931 30.267563),,,"former movie theater in Austin, Texas, United States"
http://www.wikidata.org/entity/Q42298480,Iris Theatre,Point(-97.739931 30.267563),,,"former movie theater in Austin, Texas, United States"
http://www.wikidata.org/entity/Q42298480,Iris Theatre,Point(-97.739931 30.267563),,,"former movie theater in Austin, Texas, United States"
http://www.wikidata.org/entity/Q42298480,Iris Theatre,Point(-97.739931 30.267563),,,"former movie theater in Austin, Texas, United States"
http://www.wikidata.org/entity/Q42298480,Iris Theatre,Point(-97.739931 30.267563),,,"former movie theater in Austin, Texas, United States"
http://www.wikidata.org/entity/Q42298480,Iris Theatre,Point(-97.739931 30.267563),,,"former movie theater in Austin, Texas, United States"
http://www.wikidata.org/entity/Q42298480,Iris Theatre,Point(-97.739931 30.267563),,,"former movie theater in Austin, Texas, United States"
http://www.wikidata.org/entity/Q42298480,Iris Theatre,Point(-97.739931 30.267563),,,"former movie theater in Austin, Texas, United States"
http://www.wikidata.org/entity/Q42298480,Iris Theatre,Point(-97.739931 30.267563),,,"former movie theater in Austin, Texas, United States"
http://www.wikidata.org/entity/Q42298480,Iris Theatre,Point(-97.739931 30.267563),,,"former movie theater in Austin, Texas, United States"
http://www.wikidata.org/entity/Q42298480,Iris Theatre,Point(-97.739931 30.267563),,,"former movie theater in Austin, Texas, United States"
http://www.wikidata.org/entity/Q42298480,Iris Theatre,Point(-97.739931 30.267563),,,"former movie theater in Austin, Texas, United States"
http://www.wikidata.org/entity/Q42298480,Iris Theatre,Point(-97.739931 30.267563),,,"former movie theater in Austin, Texas, United States"
http://www.wikidata.org/entity/Q42298480,Iris Theatre,Point(-97.739931 30.267563),,,"former movie theater in Austin, Texas, United States"
http://www.wikidata.org/entity/Q42298480,Iris Theatre,Point(-97.739931 30.267563),,,"former movie theater in Austin, Texas, United States"
http://www.wikidata.org/entity/Q42298481,Queen Theater,Point(-97.742824 30.269277),,,"former movie theater in Austin, Texas, United States"
http://www.wikidata.org/entity/Q42298481,Queen Theater,Point(-97.742824 30.269277),,,"former movie theater in Austin, Texas, United States"
http://www.wikidata.org/entity/Q42298481,Queen Theater,Point(-97.742824 30.269277),,,"former movie theater in Austin, Texas, United States"
http://www.wikidata.org/entity/Q42298481,Queen Theater,Point(-97.742824 30.269277),,,"former movie theater in Austin, Texas, United States"
http://www.wikidata.org/entity/Q42298481,Queen Theater,Point(-97.742824 30.269277),,,"former movie theater in Austin, Texas, United States"
http://www.wikidata.org/entity/Q42298481,Queen Theater,Point(-97.742824 30.269277),,,"former movie theater in Austin, Texas, United States"
http://www.wikidata.org/entity/Q42298481,Queen Theater,Point(-97.742824 30.269277),,,"former movie theater in Austin, Texas, United States"
http://www.wikidata.org/entity/Q42298481,Queen Theater,Point(-97.742824 30.269277),,,"former movie theater in Austin, Texas, United States"
http://www.wikidata.org/entity/Q42298481,Queen Theater,Point(-97.742824 30.269277),,,"former movie theater in Austin, Texas, United States"
http://www.wikidata.org/entity/Q42298481,Queen Theater,Point(-97.742824 30.269277),,,"former movie theater in Austin, Texas, United States"
http://www.wikidata.org/entity/Q42298481,Queen Theater,Point(-97.742824 30.269277),,,"former movie theater in Austin, Texas, United States"
http://www.wikidata.org/entity/Q42298481,Queen Theater,Point(-97.742824 30.269277),,,"former movie theater in Austin, Texas, United States"
http://www.wikidata.org/entity/Q42298481,Queen Theater,Point(-97.742824 30.269277),,,"former movie theater in Austin, Texas, United States"
http://www.wikidata.org/entity/Q42298481,Queen Theater,Point(-97.742824 30.269277),,,"former movie theater in Austin, Texas, United States"
http://www.wikidata.org/entity/Q42298481,Queen Theater,Point(-97.742824 30.269277),,,"former movie theater in Austin, Texas, United States"
http://www.wikidata.org/entity/Q42298481,Queen Theater,Point(-97.742824 30.269277),,,"former movie theater in Austin, Texas, United States"
http://www.wikidata.org/entity/Q42298481,Queen Theater,Point(-97.742824 30.269277),,,"former movie theater in Austin, Texas, United States"
http://www.wikidata.org/entity/Q42298481,Queen Theater,Point(-97.742824 30.269277),,,"former movie theater in Austin, Texas, United States"
http://www.wikidata.org/entity/Q42298481,Queen Theater,Point(-97.742824 30.269277),,,"former movie theater in Austin, Texas, United States"
http://www.wikidata.org/entity/Q42298481,Queen Theater,Point(-97.742824 30.269277),,,"former movie theater in Austin, Texas, United States"
http://www.wikidata.org/entity/Q42298481,Queen Theater,Point(-97.742824 30.269277),,,"former movie theater in Austin, Texas, United States"
http://www.wikidata.org/entity/Q42298481,Queen Theater,Point(-97.742824 30.269277),,,"former movie theater in Austin, Texas, United States"
http://www.wikidata.org/entity/Q42298481,Queen Theater,Point(-97.742824 30.269277),,,"former movie theater in Austin, Texas, United States"
http://www.wikidata.org/entity/Q42298481,Queen Theater,Point(-97.742824 30.269277),,,"former movie theater in Austin, Texas, United States"
http://www.wikidata.org/entity/Q42298481,Queen Theater,Point(-97.742824 30.269277),,,"former movie theater in Austin, Texas, United States"
http://www.wikidata.org/entity/Q42298481,Queen Theater,Point(-97.742824 30.269277),,,"former movie theater in Austin, Texas, United States"
http://www.wikidata.org/entity/Q34854234,Bob Wentz Park,Point(-97.899166666 30.415277777),,,park in the United States of America
http://www.wikidata.org/entity/Q34854401,Bobcat Baseball Field,Point(-97.928611111 29.888055555),,,park in the United States of America
http://www.wikidata.org/entity/Q34854438,Bobcat Soccer Complex,Point(-97.952222222 29.889722222),,,park in the United States of America
http://www.wikidata.org/entity/Q34854450,Bobcat Softball Field,Point(-97.929722222 29.888611111),,,park in the United States of America
http://www.wikidata.org/entity/Q34859744,Bright Leaf State Natural Area,Point(-97.771944444 30.334722222),,,park in the United States of America
http://www.wikidata.org/entity/Q34865315,Burger Stadium - Austin Independent School District,Point(-97.81 30.230833333),,,park in the United States of America
http://www.wikidata.org/entity/Q34867542,Butler Park,Point(-97.759444444 30.264722222),,,"park in Travis County, Texas, United States of America"
http://www.wikidata.org/entity/Q34870552,Canyon Vista Pool,Point(-97.784722222 30.428333333),,,"park in Travis County, Texas, United States of America"
http://www.wikidata.org/entity/Q34873534,Cavalier Stadium at Lake Travis,Point(-97.970555555 30.323333333),,,park in the United States of America
http://www.wikidata.org/entity/Q34882876,Chapel Hill Park,Point(-97.824444444 30.142777777),,,"park in Travis County, Texas, United States of America"
http://www.wikidata.org/entity/Q34892498,Austin Raceway Park,Point(-97.682222222 30.469166666),,,park in the United States of America
http://www.wikidata.org/entity/Q34893115,Balcones Community Park,Point(-97.716666666 30.413888888),,,park in the United States of America
http://www.wikidata.org/entity/Q34893739,Barrow Preserve,Point(-97.768888888 30.3725),,,park in the United States of America
http://www.wikidata.org/entity/Q34893815,Bartholomew Park,Point(-97.695833333 30.303055555),,,"park in Travis County, Texas, United States of America"
http://www.wikidata.org/entity/Q34894073,Bastrop Commons Park,Point(-97.322777777 30.106666666),,,park in the United States of America
http://www.wikidata.org/entity/Q34898992,Big Stacy Park,Point(-97.743333333 30.247777777),,,park in the United States of America
http://www.wikidata.org/entity/Q34902343,Boggy Creek Park,Point(-97.713611111 30.266666666),,,park in the United States of America
http://www.wikidata.org/entity/Q34905528,Brentwood Park,Point(-97.730555555 30.341666666),,,"park in Travis County, Texas, United States of America"
http://www.wikidata.org/entity/Q34909775,Bull Creek Greenbelt Park,Point(-97.753055555 30.405277777),,,park in the United States of America
http://www.wikidata.org/entity/Q34909788,Bull Creek Park,Point(-97.783888888 30.368333333),,,park in the United States of America
http://www.wikidata.org/entity/Q49483334,Disch-Falk Field - University of Texas,Point(-97.726388888 30.28),,,"park in Travis County, Texas, United States of America"
http://www.wikidata.org/entity/Q49483394,A. B. Dittmar Neighborhood Park,Point(-97.801666666 30.185),,,"park in Travis County, Texas, United States of America"
http://www.wikidata.org/entity/Q49484134,Downs Park,Point(-97.709444444 30.276388888),,,"park in Travis County, Texas, United States of America"
http://www.wikidata.org/entity/Q49484202,Dr Exalton and Wilhelmina Delco Activity Center,Point(-97.6575 30.316666666),,,"park in Travis County, Texas, United States of America"
http://www.wikidata.org/entity/Q49484470,Dunbar Park,Point(-97.947222222 29.875),,,"park in Hays County, Texas, United States of America"
http://www.wikidata.org/entity/Q49484487,Duncan Park,Point(-97.750555555 30.273333333),,,"park in Travis County, Texas, United States of America"
http://www.wikidata.org/entity/Q49484823,Eagle Field- Georgetown,Point(-97.664166666 30.662777777),,,"park in Williamson County, Texas, United States of America"
http://www.wikidata.org/entity/Q49485050,East Avenue Park,Point(-97.728055555 30.28),,,"park in Travis County, Texas, United States of America"
http://www.wikidata.org/entity/Q49485519,Eastwoods Park,Point(-97.731666666 30.290555555),,,"park in Travis County, Texas, United States of America"
http://www.wikidata.org/entity/Q49486016,Egger Park,Point(-97.678055555 30.500277777),,,"park in Williamson County, Texas, United States of America"
http://www.wikidata.org/entity/Q49488548,Fascholz-Keller Baseball Complex,Point(-97.723888888 30.291111111),,,"park in Travis County, Texas, United States of America"
http://www.wikidata.org/entity/Q49488933,Festival Beach,Point(-97.728611111 30.248888888),,,"park in Travis County, Texas, United States of America"
http://www.wikidata.org/entity/Q49488988,Fiesta Gardens,Point(-97.725555555 30.248888888),,,"public event venue and park in Austin, Texas, United States"
http://www.wikidata.org/entity/Q49488988,Fiesta Gardens,Point(-97.725555555 30.248888888),,,"public event venue and park in Austin, Texas, United States"
http://www.wikidata.org/entity/Q49489194,Firemans Park,Point(-97.313611111 30.105555555),,,"park in Bastrop County, Texas, United States of America"
http://www.wikidata.org/entity/Q49491503,Franklin Park,Point(-97.739722222 30.198888888),,,"park in Travis County, Texas, United States of America"
http://www.wikidata.org/entity/Q49492195,Fritz Hughes Park,Point(-97.912777777 30.3825),,,"park in Travis County, Texas, United States of America"
http://www.wikidata.org/entity/Q49492265,Frontier Park,Point(-97.690277777 30.487777777),,,"park in Williamson County, Texas, United States of America"
http://www.wikidata.org/entity/Q49492967,Garrison Park,Point(-97.799444444 30.210833333),,,"park in Travis County, Texas, United States of America"
http://www.wikidata.org/entity/Q49493828,Gillis Park,Point(-97.759444444 30.240555555),,,"park in Travis County, Texas, United States of America"
http://www.wikidata.org/entity/Q49493901,Givens Park,Point(-97.690833333 30.275555555),,,"park in Travis County, Texas, United States of America"
http://www.wikidata.org/entity/Q49494819,Govalle Playground,Point(-97.69 30.26),,,"park in Travis County, Texas, United States of America"
http://www.wikidata.org/entity/Q49496840,Gus Fruh Park,Point(-97.793055555 30.245),,,"park in Travis County, Texas, United States of America"
http://www.wikidata.org/entity/Q49497398,Hamilton Pool Park,Point(-98.133888888 30.343611111),,,"park in Travis County, Texas, United States of America"
http://www.wikidata.org/entity/Q49499815,Hemphill Park,Point(-97.738333333 30.296388888),,,"park in Travis County, Texas, United States of America"
http://www.wikidata.org/entity/Q49500737,Hidalgo Park,Point(-97.422777777 30.565277777),,,"park in Williamson County, Texas, United States of America"
http://www.wikidata.org/entity/Q49500993,Highland Lake,Point(-98.004166666 30.426111111),,,"park in Travis County, Texas, United States of America"
http://www.wikidata.org/entity/Q49541540,Perry Park,Point(-97.761388888 30.331388888),,,"park in Travis County, Texas, United States of America"
http://www.wikidata.org/entity/Q49541971,Pfluger Park,Point(-97.622222222 30.446944444),,,"park in Travis County, Texas, United States of America"
http://www.wikidata.org/entity/Q49544222,Pleasant Valley Park,Point(-97.71 30.246388888),,,park in the United States of America
http://www.wikidata.org/entity/Q49547075,Quail Creek Park,Point(-97.703333333 30.37),,,"park in Travis County, Texas, United States of America"
http://www.wikidata.org/entity/Q49547882,Ramon Lucio Memorial Park,Point(-97.933611111 29.875555555),,,park in the United States of America
http://www.wikidata.org/entity/Q49547947,Ramsey Playground,Point(-97.743611111 30.312777777),,,park in the United States of America
http://www.wikidata.org/entity/Q49548676,Red Bud Isle Park,Point(-97.784444444 30.289166666),,,park in the United States of America
http://www.wikidata.org/entity/Q49549064,Reed Park,Point(-97.771111111 30.304722222),,,"park in Travis County, Texas, United States of America"
http://www.wikidata.org/entity/Q49549204,Regents School of Austin Football Field,Point(-97.845833333 30.253888888),,,"park in Travis County, Texas, United States of America"
http://www.wikidata.org/entity/Q49550473,Rio Vista Park,Point(-97.934722222 29.878333333),,,park in the United States of America
http://www.wikidata.org/entity/Q49552302,Robinson Park,Point(-97.399166666 30.566666666),,,"park in Williamson County, Texas, United States of America"
http://www.wikidata.org/entity/Q49554402,Round Rock Independent School District Athletic Complex,Point(-97.769722222 30.4775),,,"park in Williamson County, Texas, United States of America"
http://www.wikidata.org/entity/Q49554400,Round Rock High School Softball Field,Point(-97.688888888 30.507777777),,,park in the United States of America
http://www.wikidata.org/entity/Q49554418,Roundrock West Park,Point(-97.694722222 30.502777777),,,park in the United States of America
http://www.wikidata.org/entity/Q49554735,Rudolph Gamblin Field,Point(-97.7525 30.253055555),,,"park in Travis County, Texas, United States of America"
http://www.wikidata.org/entity/Q49554991,Russell Park,Point(-97.7575 30.678055555),,,"park in Williamson County, Texas, United States of America"
http://www.wikidata.org/entity/Q49555507,Saint Andrews Episcopal Upper School Football Field,Point(-97.891666666 30.262777777),,,park in the United States of America
http://www.wikidata.org/entity/Q49555695,Saint Edwards University Baseball Field,Point(-97.752777777 30.231388888),,,park in the United States of America
http://www.wikidata.org/entity/Q49555699,Saint Edwards University Soccer Field,Point(-97.755833333 30.228611111),,,"park in Travis County, Texas, United States of America"
http://www.wikidata.org/entity/Q49555702,Saint Edwards University Track Field,Point(-97.754166666 30.230833333),,,park in the United States of America
http://www.wikidata.org/entity/Q49555885,Saint Johns Park,Point(-97.700555555 30.333888888),,,"park in Travis County, Texas, United States of America"
http://www.wikidata.org/entity/Q49556131,Saint Michaels Academy Baseball Field,Point(-97.867222222 30.291388888),,,"park in Travis County, Texas, United States of America"
http://www.wikidata.org/entity/Q49556134,Saint Michaels Academy Football Stadium and Track,Point(-97.867222222 30.291388888),,,park in the United States of America
http://www.wikidata.org/entity/Q49556137,Saint Michaels Academy Softball Field,Point(-97.867222222 30.291388888),,,park in the United States of America
http://www.wikidata.org/entity/Q6672445,Long Center for the Performing Arts,Point(-97.7512 30.2602),,http://www.thelongcenter.org,"venue in Texas, United States"
http://www.wikidata.org/entity/Q6672445,Long Center for the Performing Arts,Point(-97.7512 30.2602),,http://www.thelongcenter.org,"venue in Texas, United States"
http://www.wikidata.org/entity/Q6672445,Long Center for the Performing Arts,Point(-97.7512 30.2602),,http://www.thelongcenter.org,"venue in Texas, United States"
http://www.wikidata.org/entity/Q6672445,Long Center for the Performing Arts,Point(-97.7512 30.2602),,http://www.thelongcenter.org,"venue in Texas, United States"
http://www.wikidata.org/entity/Q6672445,Long Center for the Performing Arts,Point(-97.7512 30.2602),,http://www.thelongcenter.org,"venue in Texas, United States"
http://www.wikidata.org/entity/Q6672445,Long Center for the Performing Arts,Point(-97.7512 30.2602),,http://www.thelongcenter.org,"venue in Texas, United States"
http://www.wikidata.org/entity/Q6672445,Long Center for the Performing Arts,Point(-97.7512 30.2602),,http://www.thelongcenter.org,"venue in Texas, United States"
http://www.wikidata.org/entity/Q6672445,Long Center for the Performing Arts,Point(-97.7512 30.2602),,http://www.thelongcenter.org,"venue in Texas, United States"
http://www.wikidata.org/entity/Q6672445,Long Center for the Performing Arts,Point(-97.7512 30.2602),,http://www.thelongcenter.org,"venue in Texas, United States"
http://www.wikidata.org/entity/Q6672445,Long Center for the Performing Arts,Point(-97.7512 30.2602),,http://www.thelongcenter.org,"venue in Texas, United States"
http://www.wikidata.org/entity/Q6672445,Long Center for the Performing Arts,Point(-97.7512 30.2602),,http://www.thelongcenter.org,"venue in Texas, United States"
http://www.wikidata.org/entity/Q6672445,Long Center for the Performing Arts,Point(-97.7512 30.2602),,http://www.thelongcenter.org,"venue in Texas, United States"
http://www.wikidata.org/entity/Q6672445,Long Center for the Performing Arts,Point(-97.7512 30.2602),,http://www.thelongcenter.org,"venue in Texas, United States"
http://www.wikidata.org/entity/Q6672445,Long Center for the Performing Arts,Point(-97.7512 30.2602),,http://www.thelongcenter.org,"venue in Texas, United States"
http://www.wikidata.org/entity/Q6672445,Long Center for the Performing Arts,Point(-97.7512 30.2602),,http://www.thelongcenter.org,"venue in Texas, United States"
http://www.wikidata.org/entity/Q6672445,Long Center for the Performing Arts,Point(-97.7512 30.2602),,http://www.thelongcenter.org,"venue in Texas, United States"
http://www.wikidata.org/entity/Q6672445,Long Center for the Performing Arts,Point(-97.7512 30.2602),,http://www.thelongcenter.org,"venue in Texas, United States"
http://www.wikidata.org/entity/Q6672445,Long Center for the Performing Arts,Point(-97.7512 30.2602),,http://www.thelongcenter.org,"venue in Texas, United States"
http://www.wikidata.org/entity/Q6672445,Long Center for the Performing Arts,Point(-97.7512 30.2602),,http://www.thelongcenter.org,"venue in Texas, United States"
http://www.wikidata.org/entity/Q6672445,Long Center for the Performing Arts,Point(-97.7512 30.2602),,http://www.thelongcenter.org,"venue in Texas, United States"
http://www.wikidata.org/entity/Q6672445,Long Center for the Performing Arts,Point(-97.7512 30.2602),,http://www.thelongcenter.org,"venue in Texas, United States"
http://www.wikidata.org/entity/Q6672445,Long Center for the Performing Arts,Point(-97.7512 30.2602),,http://www.thelongcenter.org,"venue in Texas, United States"
http://www.wikidata.org/entity/Q6672445,Long Center for the Performing Arts,Point(-97.7512 30.2602),,http://www.thelongcenter.org,"venue in Texas, United States"
http://www.wikidata.org/entity/Q49503414,House Park,Point(-97.750277777 30.278888888),,,"park in Travis County, Texas, United States of America"
http://www.wikidata.org/entity/Q49507747,Jim Hogg Park,Point(-97.740833333 30.686666666),,,"park in Williamson County, Texas, United States of America"
http://www.wikidata.org/entity/Q49508385,John Stokes Park,Point(-97.929166666 29.866944444),,,"park in Hays County, Texas, United States of America"
http://www.wikidata.org/entity/Q49508789,Jordan Park,Point(-97.674166666 30.313888888),,,"park in Travis County, Texas, United States"
http://www.wikidata.org/entity/Q49508884,Joslin Park,Point(-97.791944444 30.228888888),,,"park in Travis County, Texas, United States of America"
http://www.wikidata.org/entity/Q49509465,Katherine Fleischer Park,Point(-97.679722222 30.443333333),,,"park in Travis County, Texas, United States of America"
http://www.wikidata.org/entity/Q49509608,Kealing Park,Point(-97.722222222 30.27),,,"park in Travis County, Texas, United States of America"
http://www.wikidata.org/entity/Q49510171,Kinningham Park,Point(-97.655833333 30.497222222),,,"park in Williamson County, Texas, United States of America"
http://www.wikidata.org/entity/Q49512999,Lake Austin Metropolitan,Point(-97.834166666 30.344166666),,,"park in Travis County, Texas, United States of America"
http://www.wikidata.org/entity/Q49513011,Lake Bastrop - South Shore Park,Point(-97.286111111 30.141666666),,,"park in Bastrop County, Texas, United States of America"
http://www.wikidata.org/entity/Q49513009,Lake Bastrop - North Shore Park,Point(-97.279166666 30.169166666),,,"park in Bastrop County, Texas, United States of America"
http://www.wikidata.org/entity/Q49513126,Lake Creek Park,Point(-97.668333333 30.5075),,,"park in Williamson County, Texas, United States of America"
http://www.wikidata.org/entity/Q49513877,Lakeland Park,Point(-97.925833333 30.328611111),,,park in the United States of America
http://www.wikidata.org/entity/Q49513917,Lakeshore Park,Point(-97.724444444 30.245277777),,,"park in Travis County, Texas, United States of America"
http://www.wikidata.org/entity/Q49514226,Lamar Beach,Point(-97.761944444 30.269444444),,,"park in Travis County, Texas, United States of America"
http://www.wikidata.org/entity/Q49514975,Laura Reed Park,Point(-97.920555555 30.477777777),,,"park in Travis County, Texas, United States of America"
http://www.wikidata.org/entity/Q49518249,Little Stacy Park,Point(-97.746944444 30.240277777),,,"park in Travis County, Texas, United States of America"
http://www.wikidata.org/entity/Q49518532,Lockhart City Park,Point(-97.6625 29.891388888),,,park in the United States of America
http://www.wikidata.org/entity/Q49519127,Longview Park,Point(-97.826111111 30.203888888),,,park in the United States of America
http://www.wikidata.org/entity/Q49519498,Lott Park,Point(-97.73 30.271111111),,,"park in Travis County, Texas, United States of America"
http://www.wikidata.org/entity/Q49520401,Mable Davis Park,Point(-97.740833333 30.220277777),,,park in the United States of America
http://www.wikidata.org/entity/Q49521151,Manchaca Optimist Youth Sports Complex,Point(-97.854166666 30.133333333),,,"park in Travis County, Texas, United States of America"
http://www.wikidata.org/entity/Q49521300,Mansfield Dam Recreation Park,Point(-97.9075 30.395833333),,,park in the United States of America
http://www.wikidata.org/entity/Q49522409,Mary Moore Searight Park,Point(-97.804166666 30.165),,,park in the United States of America
http://www.wikidata.org/entity/Q49522414,Mary Quinlan Park,Point(-97.923611111 30.3275),,,park in the United States of America
http://www.wikidata.org/entity/Q49523000,Mayfield Park,Point(-97.770277777 30.3125),,,"park in Travis County, Texas, United States of America"
http://www.wikidata.org/entity/Q49523941,McMasters Athletics Complex,Point(-97.668055555 30.653333333),,,park in the United States of America
http://www.wikidata.org/entity/Q49525591,Mesa Village Park,Point(-97.670833333 30.5225),,,park in the United States of America
http://www.wikidata.org/entity/Q49525723,Metz Park,Point(-97.718888888 30.251944444),,,park in the United States of America
http://www.wikidata.org/entity/Q49525969,Mickler Park,Point(-97.660833333 30.626666666),,,"park in Williamson County, Texas, United States of America"
http://www.wikidata.org/entity/Q49527898,Montopolis Park,Point(-97.7 30.232222222),,,"park in Travis County, Texas, United States of America"
http://www.wikidata.org/entity/Q49529395,Mouse Park,Point(-97.748888888 30.2775),,,park in the United States of America
http://www.wikidata.org/entity/Q49529851,Murphy Park,Point(-97.414444444 30.579722222),,,"park in Williamson County, Texas, United States of America"
http://www.wikidata.org/entity/Q49530882,Nelson Field,Point(-97.688333333 30.324444444),,,"park in Travis County, Texas, United States of America"
http://www.wikidata.org/entity/Q49532165,North Austin Optimist Baseball Field,Point(-97.721111111 30.346111111),,,"park in Travis County, Texas, United States of America"
http://www.wikidata.org/entity/Q49532325,North Creek Park,Point(-97.681388888 30.455555555),,,"park in Travis County, Texas, United States of America"
http://www.wikidata.org/entity/Q49532646,North Oaks Park,Point(-97.671388888 30.379722222),,,park in the United States of America
http://www.wikidata.org/entity/Q49533137,Northeast Park,Point(-97.646944444 30.314722222),,,"park in Travis County, Texas, United States of America"
http://www.wikidata.org/entity/Q49533443,Northwest Little League Field,Point(-97.75 30.343888888),,,"park in Travis County, Texas, United States of America"
http://www.wikidata.org/entity/Q49533483,Northwest Park,Point(-97.7425 30.348888888),,,"park in Travis County, Texas, United States of America"
http://www.wikidata.org/entity/Q49533496,Northwest Recreation Center,Point(-97.7525 30.333888888),,,"park in Travis County, Texas, United States of America"
http://www.wikidata.org/entity/Q49533903,Oak Forest Park,Point(-97.769722222 30.419166666),,,"park in Travis County, Texas, United States"
http://www.wikidata.org/entity/Q49534231,Oak View Park,Point(-97.769722222 30.418055555),,,"park in Travis County, Texas, United States of America"
http://www.wikidata.org/entity/Q49534722,Odom Park,Point(-97.788055555 30.205277777),,,park in the United States of America
http://www.wikidata.org/entity/Q49535252,Old Settlers Park,Point(-97.689722222 30.507222222),,,"park in Williamson County, Texas, United States of America"
http://www.wikidata.org/entity/Q49535260,Old Settlers Park at Palm Valley,Point(-97.621111111 30.543333333),,,"park in Williamson County, Texas, United States of America"
http://www.wikidata.org/entity/Q49535282,Old Stage Park,Point(-97.787777777 30.461388888),,,park in the United States of America
http://www.wikidata.org/entity/Q49535690,Onion Creek Park,Point(-97.748333333 30.166944444),,,park in the United States of America
http://www.wikidata.org/entity/Q49536857,Pace Bend Park,Point(-98.029166666 30.447222222),,,park in the United States of America
http://www.wikidata.org/entity/Q49537168,Palm Playground,Point(-97.736944444 30.261944444),,,park in the United States of America
http://www.wikidata.org/entity/Q49537365,Pan American Playground,Point(-97.7225 30.259166666),,,park in the United States of America
http://www.wikidata.org/entity/Q49540260,Patterson Park,Point(-97.709166666 30.296111111),,,"park in Travis County, Texas, United States of America"
http://www.wikidata.org/entity/Q49540797,Pecan Park,Point(-97.800555555 30.465555555),,,park in the United States of America
http://www.wikidata.org/entity/Q49540808,Pecan Springs Park,Point(-97.675 30.303611111),,,"park in Travis County, Texas, United States of America"
http://www.wikidata.org/entity/Q49541098,Penick-Allison Tennis Center,Point(-97.735277777 30.278055555),,,"park in Travis County, Texas, United States of America"
http://www.wikidata.org/entity/Q42298463,Arbor 8 Cinema,Point(-97.7481328 30.3943166),,http://www.regalcinemas.com,"movie theater in Austin, Texas, United States"
http://www.wikidata.org/entity/Q42298463,Arbor 8 Cinema,Point(-97.7481328 30.3943166),,http://www.regalcinemas.com,"movie theater in Austin, Texas, United States"
http://www.wikidata.org/entity/Q42298463,Arbor 8 Cinema,Point(-97.7481328 30.3943166),,http://www.regalcinemas.com,"movie theater in Austin, Texas, United States"
http://www.wikidata.org/entity/Q42298463,Arbor 8 Cinema,Point(-97.7481328 30.3943166),,http://www.regalcinemas.com,"movie theater in Austin, Texas, United States"
http://www.wikidata.org/entity/Q42298463,Arbor 8 Cinema,Point(-97.7481328 30.3943166),,http://www.regalcinemas.com,"movie theater in Austin, Texas, United States"
http://www.wikidata.org/entity/Q42298463,Arbor 8 Cinema,Point(-97.7481328 30.3943166),,http://www.regalcinemas.com,"movie theater in Austin, Texas, United States"
http://www.wikidata.org/entity/Q42298463,Arbor 8 Cinema,Point(-97.7481328 30.3943166),,http://www.regalcinemas.com,"movie theater in Austin, Texas, United States"
http://www.wikidata.org/entity/Q42298463,Arbor 8 Cinema,Point(-97.7481328 30.3943166),,http://www.regalcinemas.com,"movie theater in Austin, Texas, United States"
http://www.wikidata.org/entity/Q42298463,Arbor 8 Cinema,Point(-97.7481328 30.3943166),,http://www.regalcinemas.com,"movie theater in Austin, Texas, United States"
http://www.wikidata.org/entity/Q42298463,Arbor 8 Cinema,Point(-97.7481328 30.3943166),,http://www.regalcinemas.com,"movie theater in Austin, Texas, United States"
http://www.wikidata.org/entity/Q42298463,Arbor 8 Cinema,Point(-97.7481328 30.3943166),,http://www.regalcinemas.com,"movie theater in Austin, Texas, United States"
http://www.wikidata.org/entity/Q42298463,Arbor 8 Cinema,Point(-97.7481328 30.3943166),,http://www.regalcinemas.com,"movie theater in Austin, Texas, United States"
http://www.wikidata.org/entity/Q42298463,Arbor 8 Cinema,Point(-97.7481328 30.3943166),,http://www.regalcinemas.com,"movie theater in Austin, Texas, United States"
http://www.wikidata.org/entity/Q42298463,Arbor 8 Cinema,Point(-97.7481328 30.3943166),,http://www.regalcinemas.com,"movie theater in Austin, Texas, United States"
http://www.wikidata.org/entity/Q42298463,Arbor 8 Cinema,Point(-97.7481328 30.3943166),,http://www.regalcinemas.com,"movie theater in Austin, Texas, United States"
http://www.wikidata.org/entity/Q42298463,Arbor 8 Cinema,Point(-97.7481328 30.3943166),,http://www.regalcinemas.com,"movie theater in Austin, Texas, United States"
http://www.wikidata.org/entity/Q42298463,Arbor 8 Cinema,Point(-97.7481328 30.3943166),,http://www.regalcinemas.com,"movie theater in Austin, Texas, United States"
http://www.wikidata.org/entity/Q42298463,Arbor 8 Cinema,Point(-97.7481328 30.3943166),,http://www.regalcinemas.com,"movie theater in Austin, Texas, United States"
http://www.wikidata.org/entity/Q42298463,Arbor 8 Cinema,Point(-97.7481328 30.3943166),,http://www.regalcinemas.com,"movie theater in Austin, Texas, United States"
http://www.wikidata.org/entity/Q42298463,Arbor 8 Cinema,Point(-97.7481328 30.3943166),,http://www.regalcinemas.com,"movie theater in Austin, Texas, United States"
http://www.wikidata.org/entity/Q42298463,Arbor 8 Cinema,Point(-97.7481328 30.3943166),,http://www.regalcinemas.com,"movie theater in Austin, Texas, United States"
http://www.wikidata.org/entity/Q42298463,Arbor 8 Cinema,Point(-97.7481328 30.3943166),,http://www.regalcinemas.com,"movie theater in Austin, Texas, United States"
http://www.wikidata.org/entity/Q42298463,Arbor 8 Cinema,Point(-97.7481328 30.3943166),,http://www.regalcinemas.com,"movie theater in Austin, Texas, United States"
http://www.wikidata.org/entity/Q42298463,Arbor 8 Cinema,Point(-97.7481328 30.3943166),,http://www.regalcinemas.com,"movie theater in Austin, Texas, United States"
http://www.wikidata.org/entity/Q42298463,Arbor 8 Cinema,Point(-97.7481328 30.3943166),,http://www.regalcinemas.com,"movie theater in Austin, Texas, United States"
http://www.wikidata.org/entity/Q42298463,Arbor 8 Cinema,Point(-97.7481328 30.3943166),,http://www.regalcinemas.com,"movie theater in Austin, Texas, United States"
http://www.wikidata.org/entity/Q42298463,Arbor 8 Cinema,Point(-97.7481328 30.3943166),,http://www.regalcinemas.com,"movie theater in Austin, Texas, United States"
http://www.wikidata.org/entity/Q42298463,Arbor 8 Cinema,Point(-97.7481328 30.3943166),,http://www.regalcinemas.com,"movie theater in Austin, Texas, United States"
http://www.wikidata.org/entity/Q42298463,Arbor 8 Cinema,Point(-97.7481328 30.3943166),,http://www.regalcinemas.com,"movie theater in Austin, Texas, United States"
http://www.wikidata.org/entity/Q42298463,Arbor 8 Cinema,Point(-97.7481328 30.3943166),,http://www.regalcinemas.com,"movie theater in Austin, Texas, United States"
http://www.wikidata.org/entity/Q42298463,Arbor 8 Cinema,Point(-97.7481328 30.3943166),,http://www.regalcinemas.com,"movie theater in Austin, Texas, United States"
http://www.wikidata.org/entity/Q42298463,Arbor 8 Cinema,Point(-97.7481328 30.3943166),,http://www.regalcinemas.com,"movie theater in Austin, Texas, United States"
http://www.wikidata.org/entity/Q42298463,Arbor 8 Cinema,Point(-97.7481328 30.3943166),,http://www.regalcinemas.com,"movie theater in Austin, Texas, United States"
http://www.wikidata.org/entity/Q42298463,Arbor 8 Cinema,Point(-97.7481328 30.3943166),,http://www.regalcinemas.com,"movie theater in Austin, Texas, United States"
http://www.wikidata.org/entity/Q42298463,Arbor 8 Cinema,Point(-97.7481328 30.3943166),,http://www.regalcinemas.com,"movie theater in Austin, Texas, United States"
http://www.wikidata.org/entity/Q42298463,Arbor 8 Cinema,Point(-97.7481328 30.3943166),,http://www.regalcinemas.com,"movie theater in Austin, Texas, United States"
http://www.wikidata.org/entity/Q42298463,Arbor 8 Cinema,Point(-97.7481328 30.3943166),,http://www.regalcinemas.com,"movie theater in Austin, Texas, United States"
http://www.wikidata.org/entity/Q42298466,Cinema West,Point(-97.752896 30.242268),,,"former movie theater in Austin, Texas, United States"
http://www.wikidata.org/entity/Q42298466,Cinema West,Point(-97.752896 30.242268),,,"former movie theater in Austin, Texas, United States"
http://www.wikidata.org/entity/Q42298466,Cinema West,Point(-97.752896 30.242268),,,"former movie theater in Austin, Texas, United States"
http://www.wikidata.org/entity/Q42298466,Cinema West,Point(-97.752896 30.242268),,,"former movie theater in Austin, Texas, United States"
http://www.wikidata.org/entity/Q42298466,Cinema West,Point(-97.752896 30.242268),,,"former movie theater in Austin, Texas, United States"
http://www.wikidata.org/entity/Q42298466,Cinema West,Point(-97.752896 30.242268),,,"former movie theater in Austin, Texas, United States"
http://www.wikidata.org/entity/Q42298466,Cinema West,Point(-97.752896 30.242268),,,"former movie theater in Austin, Texas, United States"
http://www.wikidata.org/entity/Q42298466,Cinema West,Point(-97.752896 30.242268),,,"former movie theater in Austin, Texas, United States"
http://www.wikidata.org/entity/Q42298466,Cinema West,Point(-97.752896 30.242268),,,"former movie theater in Austin, Texas, United States"
http://www.wikidata.org/entity/Q42298466,Cinema West,Point(-97.752896 30.242268),,,"former movie theater in Austin, Texas, United States"
http://www.wikidata.org/entity/Q42298466,Cinema West,Point(-97.752896 30.242268),,,"former movie theater in Austin, Texas, United States"
http://www.wikidata.org/entity/Q42298466,Cinema West,Point(-97.752896 30.242268),,,"former movie theater in Austin, Texas, United States"
http://www.wikidata.org/entity/Q42298466,Cinema West,Point(-97.752896 30.242268),,,"former movie theater in Austin, Texas, United States"
http://www.wikidata.org/entity/Q42298466,Cinema West,Point(-97.752896 30.242268),,,"former movie theater in Austin, Texas, United States"
http://www.wikidata.org/entity/Q42298466,Cinema West,Point(-97.752896 30.242268),,,"former movie theater in Austin, Texas, United States"
http://www.wikidata.org/entity/Q42298466,Cinema West,Point(-97.752896 30.242268),,,"former movie theater in Austin, Texas, United States"
http://www.wikidata.org/entity/Q42298466,Cinema West,Point(-97.752896 30.242268),,,"former movie theater in Austin, Texas, United States"
http://www.wikidata.org/entity/Q42298466,Cinema West,Point(-97.752896 30.242268),,,"former movie theater in Austin, Texas, United States"
http://www.wikidata.org/entity/Q42298466,Cinema West,Point(-97.752896 30.242268),,,"former movie theater in Austin, Texas, United States"
http://www.wikidata.org/entity/Q42298466,Cinema West,Point(-97.752896 30.242268),,,"former movie theater in Austin, Texas, United States"
http://www.wikidata.org/entity/Q42298466,Cinema West,Point(-97.752896 30.242268),,,"former movie theater in Austin, Texas, United States"
http://www.wikidata.org/entity/Q42298466,Cinema West,Point(-97.752896 30.242268),,,"former movie theater in Austin, Texas, United States"
http://www.wikidata.org/entity/Q42298466,Cinema West,Point(-97.752896 30.242268),,,"former movie theater in Austin, Texas, United States"
http://www.wikidata.org/entity/Q42298466,Cinema West,Point(-97.752896 30.242268),,,"former movie theater in Austin, Texas, United States"
http://www.wikidata.org/entity/Q42298466,Cinema West,Point(-97.752896 30.242268),,,"former movie theater in Austin, Texas, United States"
http://www.wikidata.org/entity/Q42298466,Cinema West,Point(-97.752896 30.242268),,,"former movie theater in Austin, Texas, United States"
http://www.wikidata.org/entity/Q42298466,Cinema West,Point(-97.752896 30.242268),,,"former movie theater in Austin, Texas, United States"
http://www.wikidata.org/entity/Q42298466,Cinema West,Point(-97.752896 30.242268),,,"former movie theater in Austin, Texas, United States"
http://www.wikidata.org/entity/Q42298466,Cinema West,Point(-97.752896 30.242268),,,"former movie theater in Austin, Texas, United States"
http://www.wikidata.org/entity/Q42298466,Cinema West,Point(-97.752896 30.242268),,,"former movie theater in Austin, Texas, United States"
http://www.wikidata.org/entity/Q42298466,Cinema West,Point(-97.752896 30.242268),,,"former movie theater in Austin, Texas, United States"
http://www.wikidata.org/entity/Q42298466,Cinema West,Point(-97.752896 30.242268),,,"former movie theater in Austin, Texas, United States"
http://www.wikidata.org/entity/Q42298466,Cinema West,Point(-97.752896 30.242268),,,"former movie theater in Austin, Texas, United States"
http://www.wikidata.org/entity/Q42298466,Cinema West,Point(-97.752896 30.242268),,,"former movie theater in Austin, Texas, United States"
http://www.wikidata.org/entity/Q42298466,Cinema West,Point(-97.752896 30.242268),,,"former movie theater in Austin, Texas, United States"
http://www.wikidata.org/entity/Q42298466,Cinema West,Point(-97.752896 30.242268),,,"former movie theater in Austin, Texas, United States"
http://www.wikidata.org/entity/Q42298466,Cinema West,Point(-97.752896 30.242268),,,"former movie theater in Austin, Texas, United States"
http://www.wikidata.org/entity/Q42298467,Harlem Theater,Point(-97.720776 30.273933),,,"former movie theater in Austin, Texas, United States"
http://www.wikidata.org/entity/Q42298467,Harlem Theater,Point(-97.720776 30.273933),,,"former movie theater in Austin, Texas, United States"
http://www.wikidata.org/entity/Q42298467,Harlem Theater,Point(-97.720776 30.273933),,,"former movie theater in Austin, Texas, United States"
http://www.wikidata.org/entity/Q42298467,Harlem Theater,Point(-97.720776 30.273933),,,"former movie theater in Austin, Texas, United States"
http://www.wikidata.org/entity/Q42298467,Harlem Theater,Point(-97.720776 30.273933),,,"former movie theater in Austin, Texas, United States"
http://www.wikidata.org/entity/Q42298467,Harlem Theater,Point(-97.720776 30.273933),,,"former movie theater in Austin, Texas, United States"
http://www.wikidata.org/entity/Q42298467,Harlem Theater,Point(-97.720776 30.273933),,,"former movie theater in Austin, Texas, United States"
http://www.wikidata.org/entity/Q42298467,Harlem Theater,Point(-97.720776 30.273933),,,"former movie theater in Austin, Texas, United States"
http://www.wikidata.org/entity/Q42298467,Harlem Theater,Point(-97.720776 30.273933),,,"former movie theater in Austin, Texas, United States"
http://www.wikidata.org/entity/Q42298467,Harlem Theater,Point(-97.720776 30.273933),,,"former movie theater in Austin, Texas, United States"
http://www.wikidata.org/entity/Q42298467,Harlem Theater,Point(-97.720776 30.273933),,,"former movie theater in Austin, Texas, United States"
http://www.wikidata.org/entity/Q42298467,Harlem Theater,Point(-97.720776 30.273933),,,"former movie theater in Austin, Texas, United States"
http://www.wikidata.org/entity/Q42298467,Harlem Theater,Point(-97.720776 30.273933),,,"former movie theater in Austin, Texas, United States"
http://www.wikidata.org/entity/Q42298467,Harlem Theater,Point(-97.720776 30.273933),,,"former movie theater in Austin, Texas, United States"
http://www.wikidata.org/entity/Q42298467,Harlem Theater,Point(-97.720776 30.273933),,,"former movie theater in Austin, Texas, United States"
http://www.wikidata.org/entity/Q42298467,Harlem Theater,Point(-97.720776 30.273933),,,"former movie theater in Austin, Texas, United States"
http://www.wikidata.org/entity/Q42298467,Harlem Theater,Point(-97.720776 30.273933),,,"former movie theater in Austin, Texas, United States"
http://www.wikidata.org/entity/Q42298467,Harlem Theater,Point(-97.720776 30.273933),,,"former movie theater in Austin, Texas, United States"
http://www.wikidata.org/entity/Q42298467,Harlem Theater,Point(-97.720776 30.273933),,,"former movie theater in Austin, Texas, United States"
http://www.wikidata.org/entity/Q42298475,IMAX at Bullock Texas State History Museum,Point(-97.7384838 30.2799384),,,"movie theater in Austin, Texas, United States"
http://www.wikidata.org/entity/Q42298475,IMAX at Bullock Texas State History Museum,Point(-97.7384838 30.2799384),,,"movie theater in Austin, Texas, United States"
http://www.wikidata.org/entity/Q42298475,IMAX at Bullock Texas State History Museum,Point(-97.7384838 30.2799384),,,"movie theater in Austin, Texas, United States"
http://www.wikidata.org/entity/Q42298475,IMAX at Bullock Texas State History Museum,Point(-97.7384838 30.2799384),,,"movie theater in Austin, Texas, United States"
http://www.wikidata.org/entity/Q42298475,IMAX at Bullock Texas State History Museum,Point(-97.7384838 30.2799384),,,"movie theater in Austin, Texas, United States"
http://www.wikidata.org/entity/Q42298475,IMAX at Bullock Texas State History Museum,Point(-97.7384838 30.2799384),,,"movie theater in Austin, Texas, United States"
http://www.wikidata.org/entity/Q42298475,IMAX at Bullock Texas State History Museum,Point(-97.7384838 30.2799384),,,"movie theater in Austin, Texas, United States"
http://www.wikidata.org/entity/Q42298473,Discount Cinema 8,Point(-97.6962622 30.439524),,,"former movie theater in Austin, Texas, United States"
http://www.wikidata.org/entity/Q42298473,Discount Cinema 8,Point(-97.6962622 30.439524),,,"former movie theater in Austin, Texas, United States"
http://www.wikidata.org/entity/Q42298473,Discount Cinema 8,Point(-97.6962622 30.439524),,,"former movie theater in Austin, Texas, United States"
http://www.wikidata.org/entity/Q42298473,Discount Cinema 8,Point(-97.6962622 30.439524),,,"former movie theater in Austin, Texas, United States"
http://www.wikidata.org/entity/Q42298473,Discount Cinema 8,Point(-97.6962622 30.439524),,,"former movie theater in Austin, Texas, United States"
http://www.wikidata.org/entity/Q42298473,Discount Cinema 8,Point(-97.6962622 30.439524),,,"former movie theater in Austin, Texas, United States"
http://www.wikidata.org/entity/Q42298473,Discount Cinema 8,Point(-97.6962622 30.439524),,,"former movie theater in Austin, Texas, United States"
http://www.wikidata.org/entity/Q42298473,Discount Cinema 8,Point(-97.6962622 30.439524),,,"former movie theater in Austin, Texas, United States"
http://www.wikidata.org/entity/Q42298473,Discount Cinema 8,Point(-97.6962622 30.439524),,,"former movie theater in Austin, Texas, United States"
http://www.wikidata.org/entity/Q42298473,Discount Cinema 8,Point(-97.6962622 30.439524),,,"former movie theater in Austin, Texas, United States"
http://www.wikidata.org/entity/Q42298473,Discount Cinema 8,Point(-97.6962622 30.439524),,,"former movie theater in Austin, Texas, United States"
http://www.wikidata.org/entity/Q42298473,Discount Cinema 8,Point(-97.6962622 30.439524),,,"former movie theater in Austin, Texas, United States"
http://www.wikidata.org/entity/Q42298473,Discount Cinema 8,Point(-97.6962622 30.439524),,,"former movie theater in Austin, Texas, United States"
http://www.wikidata.org/entity/Q42298473,Discount Cinema 8,Point(-97.6962622 30.439524),,,"former movie theater in Austin, Texas, United States"
http://www.wikidata.org/entity/Q42298473,Discount Cinema 8,Point(-97.6962622 30.439524),,,"former movie theater in Austin, Texas, United States"
http://www.wikidata.org/entity/Q42298473,Discount Cinema 8,Point(-97.6962622 30.439524),,,"former movie theater in Austin, Texas, United States"
http://www.wikidata.org/entity/Q42298473,Discount Cinema 8,Point(-97.6962622 30.439524),,,"former movie theater in Austin, Texas, United States"
http://www.wikidata.org/entity/Q42298473,Discount Cinema 8,Point(-97.6962622 30.439524),,,"former movie theater in Austin, Texas, United States"
http://www.wikidata.org/entity/Q42298473,Discount Cinema 8,Point(-97.6962622 30.439524),,,"former movie theater in Austin, Texas, United States"
http://www.wikidata.org/entity/Q42298473,Discount Cinema 8,Point(-97.6962622 30.439524),,,"former movie theater in Austin, Texas, United States"
http://www.wikidata.org/entity/Q42298473,Discount Cinema 8,Point(-97.6962622 30.439524),,,"former movie theater in Austin, Texas, United States"
http://www.wikidata.org/entity/Q42298473,Discount Cinema 8,Point(-97.6962622 30.439524),,,"former movie theater in Austin, Texas, United States"
http://www.wikidata.org/entity/Q42298473,Discount Cinema 8,Point(-97.6962622 30.439524),,,"former movie theater in Austin, Texas, United States"
http://www.wikidata.org/entity/Q42298473,Discount Cinema 8,Point(-97.6962622 30.439524),,,"former movie theater in Austin, Texas, United States"
http://www.wikidata.org/entity/Q42298473,Discount Cinema 8,Point(-97.6962622 30.439524),,,"former movie theater in Austin, Texas, United States"
http://www.wikidata.org/entity/Q42298473,Discount Cinema 8,Point(-97.6962622 30.439524),,,"former movie theater in Austin, Texas, United States"
http://www.wikidata.org/entity/Q42298473,Discount Cinema 8,Point(-97.6962622 30.439524),,,"former movie theater in Austin, Texas, United States"
http://www.wikidata.org/entity/Q42298473,Discount Cinema 8,Point(-97.6962622 30.439524),,,"former movie theater in Austin, Texas, United States"
http://www.wikidata.org/entity/Q42298473,Discount Cinema 8,Point(-97.6962622 30.439524),,,"former movie theater in Austin, Texas, United States"
http://www.wikidata.org/entity/Q42298473,Discount Cinema 8,Point(-97.6962622 30.439524),,,"former movie theater in Austin, Texas, United States"
http://www.wikidata.org/entity/Q42298473,Discount Cinema 8,Point(-97.6962622 30.439524),,,"former movie theater in Austin, Texas, United States"
http://www.wikidata.org/entity/Q42298473,Discount Cinema 8,Point(-97.6962622 30.439524),,,"former movie theater in Austin, Texas, United States"
http://www.wikidata.org/entity/Q42298473,Discount Cinema 8,Point(-97.6962622 30.439524),,,"former movie theater in Austin, Texas, United States"
http://www.wikidata.org/entity/Q42298473,Discount Cinema 8,Point(-97.6962622 30.439524),,,"former movie theater in Austin, Texas, United States"
http://www.wikidata.org/entity/Q42298473,Discount Cinema 8,Point(-97.6962622 30.439524),,,"former movie theater in Austin, Texas, United States"
http://www.wikidata.org/entity/Q42298473,Discount Cinema 8,Point(-97.6962622 30.439524),,,"former movie theater in Austin, Texas, United States"
http://www.wikidata.org/entity/Q42298473,Discount Cinema 8,Point(-97.6962622 30.439524),,,"former movie theater in Austin, Texas, United States"
http://www.wikidata.org/entity/Q42298478,Carver Theatre,Point(-97.7375069 30.2665463),,,"movie theater in Austin, Texas, United States"
http://www.wikidata.org/entity/Q42298478,Carver Theatre,Point(-97.7375069 30.2665463),,,"movie theater in Austin, Texas, United States"
http://www.wikidata.org/entity/Q42298478,Carver Theatre,Point(-97.7375069 30.2665463),,,"movie theater in Austin, Texas, United States"
http://www.wikidata.org/entity/Q42298478,Carver Theatre,Point(-97.7375069 30.2665463),,,"movie theater in Austin, Texas, United States"
http://www.wikidata.org/entity/Q42298478,Carver Theatre,Point(-97.7375069 30.2665463),,,"movie theater in Austin, Texas, United States"
http://www.wikidata.org/entity/Q42298478,Carver Theatre,Point(-97.7375069 30.2665463),,,"movie theater in Austin, Texas, United States"
http://www.wikidata.org/entity/Q42298478,Carver Theatre,Point(-97.7375069 30.2665463),,,"movie theater in Austin, Texas, United States"
http://www.wikidata.org/entity/Q42298478,Carver Theatre,Point(-97.7375069 30.2665463),,,"movie theater in Austin, Texas, United States"
http://www.wikidata.org/entity/Q42298478,Carver Theatre,Point(-97.7375069 30.2665463),,,"movie theater in Austin, Texas, United States"
http://www.wikidata.org/entity/Q42298478,Carver Theatre,Point(-97.7375069 30.2665463),,,"movie theater in Austin, Texas, United States"
http://www.wikidata.org/entity/Q42298478,Carver Theatre,Point(-97.7375069 30.2665463),,,"movie theater in Austin, Texas, United States"
http://www.wikidata.org/entity/Q42298478,Carver Theatre,Point(-97.7375069 30.2665463),,,"movie theater in Austin, Texas, United States"
http://www.wikidata.org/entity/Q42298478,Carver Theatre,Point(-97.7375069 30.2665463),,,"movie theater in Austin, Texas, United States"
http://www.wikidata.org/entity/Q42298478,Carver Theatre,Point(-97.7375069 30.2665463),,,"movie theater in Austin, Texas, United States"
http://www.wikidata.org/entity/Q42298478,Carver Theatre,Point(-97.7375069 30.2665463),,,"movie theater in Austin, Texas, United States"
http://www.wikidata.org/entity/Q42298478,Carver Theatre,Point(-97.7375069 30.2665463),,,"movie theater in Austin, Texas, United States"
http://www.wikidata.org/entity/Q42298478,Carver Theatre,Point(-97.7375069 30.2665463),,,"movie theater in Austin, Texas, United States"
http://www.wikidata.org/entity/Q42298478,Carver Theatre,Point(-97.7375069 30.2665463),,,"movie theater in Austin, Texas, United States"
http://www.wikidata.org/entity/Q42298478,Carver Theatre,Point(-97.7375069 30.2665463),,,"movie theater in Austin, Texas, United States"
http://www.wikidata.org/entity/Q42298478,Carver Theatre,Point(-97.7375069 30.2665463),,,"movie theater in Austin, Texas, United States"
http://www.wikidata.org/entity/Q42298478,Carver Theatre,Point(-97.7375069 30.2665463),,,"movie theater in Austin, Texas, United States"
http://www.wikidata.org/entity/Q42298478,Carver Theatre,Point(-97.7375069 30.2665463),,,"movie theater in Austin, Texas, United States"
http://www.wikidata.org/entity/Q42298478,Carver Theatre,Point(-97.7375069 30.2665463),,,"movie theater in Austin, Texas, United States"
http://www.wikidata.org/entity/Q42298478,Carver Theatre,Point(-97.7375069 30.2665463),,,"movie theater in Austin, Texas, United States"
http://www.wikidata.org/entity/Q42298478,Carver Theatre,Point(-97.7375069 30.2665463),,,"movie theater in Austin, Texas, United States"
http://www.wikidata.org/entity/Q42298478,Carver Theatre,Point(-97.7375069 30.2665463),,,"movie theater in Austin, Texas, United States"
http://www.wikidata.org/entity/Q42298478,Carver Theatre,Point(-97.7375069 30.2665463),,,"movie theater in Austin, Texas, United States"
http://www.wikidata.org/entity/Q42298478,Carver Theatre,Point(-97.7375069 30.2665463),,,"movie theater in Austin, Texas, United States"
http://www.wikidata.org/entity/Q42298478,Carver Theatre,Point(-97.7375069 30.2665463),,,"movie theater in Austin, Texas, United States"
http://www.wikidata.org/entity/Q42298478,Carver Theatre,Point(-97.7375069 30.2665463),,,"movie theater in Austin, Texas, United States"
http://www.wikidata.org/entity/Q42298478,Carver Theatre,Point(-97.7375069 30.2665463),,,"movie theater in Austin, Texas, United States"
http://www.wikidata.org/entity/Q42298478,Carver Theatre,Point(-97.7375069 30.2665463),,,"movie theater in Austin, Texas, United States"
http://www.wikidata.org/entity/Q42298478,Carver Theatre,Point(-97.7375069 30.2665463),,,"movie theater in Austin, Texas, United States"
http://www.wikidata.org/entity/Q42298478,Carver Theatre,Point(-97.7375069 30.2665463),,,"movie theater in Austin, Texas, United States"
http://www.wikidata.org/entity/Q42298478,Carver Theatre,Point(-97.7375069 30.2665463),,,"movie theater in Austin, Texas, United States"
http://www.wikidata.org/entity/Q42298478,Carver Theatre,Point(-97.7375069 30.2665463),,,"movie theater in Austin, Texas, United States"
http://www.wikidata.org/entity/Q42298478,Carver Theatre,Point(-97.7375069 30.2665463),,,"movie theater in Austin, Texas, United States"
http://www.wikidata.org/entity/Q42298479,Crescent Theater,Point(-97.7416917 30.2716583),,,"former movie theater in Austin, Texas, United States"
http://www.wikidata.org/entity/Q42298479,Crescent Theater,Point(-97.7416917 30.2716583),,,"former movie theater in Austin, Texas, United States"
http://www.wikidata.org/entity/Q42298479,Crescent Theater,Point(-97.7416917 30.2716583),,,"former movie theater in Austin, Texas, United States"
http://www.wikidata.org/entity/Q42298479,Crescent Theater,Point(-97.7416917 30.2716583),,,"former movie theater in Austin, Texas, United States"
http://www.wikidata.org/entity/Q42298479,Crescent Theater,Point(-97.7416917 30.2716583),,,"former movie theater in Austin, Texas, United States"
http://www.wikidata.org/entity/Q42298479,Crescent Theater,Point(-97.7416917 30.2716583),,,"former movie theater in Austin, Texas, United States"
http://www.wikidata.org/entity/Q42298479,Crescent Theater,Point(-97.7416917 30.2716583),,,"former movie theater in Austin, Texas, United States"
http://www.wikidata.org/entity/Q42298479,Crescent Theater,Point(-97.7416917 30.2716583),,,"former movie theater in Austin, Texas, United States"
http://www.wikidata.org/entity/Q42298479,Crescent Theater,Point(-97.7416917 30.2716583),,,"former movie theater in Austin, Texas, United States"
http://www.wikidata.org/entity/Q42298479,Crescent Theater,Point(-97.7416917 30.2716583),,,"former movie theater in Austin, Texas, United States"
http://www.wikidata.org/entity/Q42298479,Crescent Theater,Point(-97.7416917 30.2716583),,,"former movie theater in Austin, Texas, United States"
http://www.wikidata.org/entity/Q42298479,Crescent Theater,Point(-97.7416917 30.2716583),,,"former movie theater in Austin, Texas, United States"
http://www.wikidata.org/entity/Q42298479,Crescent Theater,Point(-97.7416917 30.2716583),,,"former movie theater in Austin, Texas, United States"
http://www.wikidata.org/entity/Q42298479,Crescent Theater,Point(-97.7416917 30.2716583),,,"former movie theater in Austin, Texas, United States"
http://www.wikidata.org/entity/Q42298479,Crescent Theater,Point(-97.7416917 30.2716583),,,"former movie theater in Austin, Texas, United States"
http://www.wikidata.org/entity/Q42298479,Crescent Theater,Point(-97.7416917 30.2716583),,,"former movie theater in Austin, Texas, United States"
http://www.wikidata.org/entity/Q42298479,Crescent Theater,Point(-97.7416917 30.2716583),,,"former movie theater in Austin, Texas, United States"
http://www.wikidata.org/entity/Q42298479,Crescent Theater,Point(-97.7416917 30.2716583),,,"former movie theater in Austin, Texas, United States"
http://www.wikidata.org/entity/Q42298479,Crescent Theater,Point(-97.7416917 30.2716583),,,"former movie theater in Austin, Texas, United States"
http://www.wikidata.org/entity/Q42298479,Crescent Theater,Point(-97.7416917 30.2716583),,,"former movie theater in Austin, Texas, United States"
http://www.wikidata.org/entity/Q42298479,Crescent Theater,Point(-97.7416917 30.2716583),,,"former movie theater in Austin, Texas, United States"
http://www.wikidata.org/entity/Q42298479,Crescent Theater,Point(-97.7416917 30.2716583),,,"former movie theater in Austin, Texas, United States"
http://www.wikidata.org/entity/Q42298479,Crescent Theater,Point(-97.7416917 30.2716583),,,"former movie theater in Austin, Texas, United States"
http://www.wikidata.org/entity/Q42298479,Crescent Theater,Point(-97.7416917 30.2716583),,,"former movie theater in Austin, Texas, United States"
http://www.wikidata.org/entity/Q42298479,Crescent Theater,Point(-97.7416917 30.2716583),,,"former movie theater in Austin, Texas, United States"
http://www.wikidata.org/entity/Q42298479,Crescent Theater,Point(-97.7416917 30.2716583),,,"former movie theater in Austin, Texas, United States"
http://www.wikidata.org/entity/Q42298479,Crescent Theater,Point(-97.7416917 30.2716583),,,"former movie theater in Austin, Texas, United States"
http://www.wikidata.org/entity/Q42298479,Crescent Theater,Point(-97.7416917 30.2716583),,,"former movie theater in Austin, Texas, United States"
http://www.wikidata.org/entity/Q42298479,Crescent Theater,Point(-97.7416917 30.2716583),,,"former movie theater in Austin, Texas, United States"
http://www.wikidata.org/entity/Q42298479,Crescent Theater,Point(-97.7416917 30.2716583),,,"former movie theater in Austin, Texas, United States"
http://www.wikidata.org/entity/Q42298479,Crescent Theater,Point(-97.7416917 30.2716583),,,"former movie theater in Austin, Texas, United States"
http://www.wikidata.org/entity/Q42298479,Crescent Theater,Point(-97.7416917 30.2716583),,,"former movie theater in Austin, Texas, United States"
http://www.wikidata.org/entity/Q42298479,Crescent Theater,Point(-97.7416917 30.2716583),,,"former movie theater in Austin, Texas, United States"
http://www.wikidata.org/entity/Q42298479,Crescent Theater,Point(-97.7416917 30.2716583),,,"former movie theater in Austin, Texas, United States"
http://www.wikidata.org/entity/Q42298479,Crescent Theater,Point(-97.7416917 30.2716583),,,"former movie theater in Austin, Texas, United States"
http://www.wikidata.org/entity/Q42298479,Crescent Theater,Point(-97.7416917 30.2716583),,,"former movie theater in Austin, Texas, United States"
http://www.wikidata.org/entity/Q42298479,Crescent Theater,Point(-97.7416917 30.2716583),,,"former movie theater in Austin, Texas, United States"
http://www.wikidata.org/entity/Q42298476,Capitol Theater,Point(-97.7436563 30.2683123),,,"former movie theater in Austin, Texas, United States"
http://www.wikidata.org/entity/Q42298476,Capitol Theater,Point(-97.7436563 30.2683123),,,"former movie theater in Austin, Texas, United States"
http://www.wikidata.org/entity/Q42298476,Capitol Theater,Point(-97.7436563 30.2683123),,,"former movie theater in Austin, Texas, United States"
http://www.wikidata.org/entity/Q42298476,Capitol Theater,Point(-97.7436563 30.2683123),,,"former movie theater in Austin, Texas, United States"
http://www.wikidata.org/entity/Q42298476,Capitol Theater,Point(-97.7436563 30.2683123),,,"former movie theater in Austin, Texas, United States"
http://www.wikidata.org/entity/Q42298476,Capitol Theater,Point(-97.7436563 30.2683123),,,"former movie theater in Austin, Texas, United States"
http://www.wikidata.org/entity/Q42298476,Capitol Theater,Point(-97.7436563 30.2683123),,,"former movie theater in Austin, Texas, United States"
http://www.wikidata.org/entity/Q42298476,Capitol Theater,Point(-97.7436563 30.2683123),,,"former movie theater in Austin, Texas, United States"
http://www.wikidata.org/entity/Q42298476,Capitol Theater,Point(-97.7436563 30.2683123),,,"former movie theater in Austin, Texas, United States"
http://www.wikidata.org/entity/Q42298476,Capitol Theater,Point(-97.7436563 30.2683123),,,"former movie theater in Austin, Texas, United States"
http://www.wikidata.org/entity/Q42298476,Capitol Theater,Point(-97.7436563 30.2683123),,,"former movie theater in Austin, Texas, United States"
http://www.wikidata.org/entity/Q42298476,Capitol Theater,Point(-97.7436563 30.2683123),,,"former movie theater in Austin, Texas, United States"
http://www.wikidata.org/entity/Q42298476,Capitol Theater,Point(-97.7436563 30.2683123),,,"former movie theater in Austin, Texas, United States"
http://www.wikidata.org/entity/Q42298476,Capitol Theater,Point(-97.7436563 30.2683123),,,"former movie theater in Austin, Texas, United States"
http://www.wikidata.org/entity/Q42298476,Capitol Theater,Point(-97.7436563 30.2683123),,,"former movie theater in Austin, Texas, United States"
http://www.wikidata.org/entity/Q42298476,Capitol Theater,Point(-97.7436563 30.2683123),,,"former movie theater in Austin, Texas, United States"
http://www.wikidata.org/entity/Q42298476,Capitol Theater,Point(-97.7436563 30.2683123),,,"former movie theater in Austin, Texas, United States"
http://www.wikidata.org/entity/Q42298476,Capitol Theater,Point(-97.7436563 30.2683123),,,"former movie theater in Austin, Texas, United States"
http://www.wikidata.org/entity/Q42298476,Capitol Theater,Point(-97.7436563 30.2683123),,,"former movie theater in Austin, Texas, United States"
http://www.wikidata.org/entity/Q42298476,Capitol Theater,Point(-97.7436563 30.2683123),,,"former movie theater in Austin, Texas, United States"
http://www.wikidata.org/entity/Q42298476,Capitol Theater,Point(-97.7436563 30.2683123),,,"former movie theater in Austin, Texas, United States"
http://www.wikidata.org/entity/Q42298476,Capitol Theater,Point(-97.7436563 30.2683123),,,"former movie theater in Austin, Texas, United States"
http://www.wikidata.org/entity/Q42298476,Capitol Theater,Point(-97.7436563 30.2683123),,,"former movie theater in Austin, Texas, United States"
http://www.wikidata.org/entity/Q42298476,Capitol Theater,Point(-97.7436563 30.2683123),,,"former movie theater in Austin, Texas, United States"
http://www.wikidata.org/entity/Q42298476,Capitol Theater,Point(-97.7436563 30.2683123),,,"former movie theater in Austin, Texas, United States"
http://www.wikidata.org/entity/Q42298476,Capitol Theater,Point(-97.7436563 30.2683123),,,"former movie theater in Austin, Texas, United States"
http://www.wikidata.org/entity/Q42298476,Capitol Theater,Point(-97.7436563 30.2683123),,,"former movie theater in Austin, Texas, United States"
http://www.wikidata.org/entity/Q42298476,Capitol Theater,Point(-97.7436563 30.2683123),,,"former movie theater in Austin, Texas, United States"
http://www.wikidata.org/entity/Q42298476,Capitol Theater,Point(-97.7436563 30.2683123),,,"former movie theater in Austin, Texas, United States"
http://www.wikidata.org/entity/Q42298476,Capitol Theater,Point(-97.7436563 30.2683123),,,"former movie theater in Austin, Texas, United States"
http://www.wikidata.org/entity/Q42298476,Capitol Theater,Point(-97.7436563 30.2683123),,,"former movie theater in Austin, Texas, United States"
http://www.wikidata.org/entity/Q42298476,Capitol Theater,Point(-97.7436563 30.2683123),,,"former movie theater in Austin, Texas, United States"
http://www.wikidata.org/entity/Q42298476,Capitol Theater,Point(-97.7436563 30.2683123),,,"former movie theater in Austin, Texas, United States"
http://www.wikidata.org/entity/Q42298476,Capitol Theater,Point(-97.7436563 30.2683123),,,"former movie theater in Austin, Texas, United States"
http://www.wikidata.org/entity/Q42298476,Capitol Theater,Point(-97.7436563 30.2683123),,,"former movie theater in Austin, Texas, United States"
http://www.wikidata.org/entity/Q42298476,Capitol Theater,Point(-97.7436563 30.2683123),,,"former movie theater in Austin, Texas, United States"
http://www.wikidata.org/entity/Q42298476,Capitol Theater,Point(-97.7436563 30.2683123),,,"former movie theater in Austin, Texas, United States"
http://www.wikidata.org/entity/Q42298482,State Theater,Point(-97.7420158 30.2696109),,http://www.austintheatre.org,"movie theater in Austin, Texas, United States"
http://www.wikidata.org/entity/Q42298482,State Theater,Point(-97.7420158 30.2696109),,http://www.austintheatre.org,"movie theater in Austin, Texas, United States"
http://www.wikidata.org/entity/Q42298482,State Theater,Point(-97.7420158 30.2696109),,http://www.austintheatre.org,"movie theater in Austin, Texas, United States"
http://www.wikidata.org/entity/Q42298482,State Theater,Point(-97.7420158 30.2696109),,http://www.austintheatre.org,"movie theater in Austin, Texas, United States"
http://www.wikidata.org/entity/Q42298482,State Theater,Point(-97.7420158 30.2696109),,http://www.austintheatre.org,"movie theater in Austin, Texas, United States"
http://www.wikidata.org/entity/Q42298482,State Theater,Point(-97.7420158 30.2696109),,http://www.austintheatre.org,"movie theater in Austin, Texas, United States"
http://www.wikidata.org/entity/Q42298482,State Theater,Point(-97.7420158 30.2696109),,http://www.austintheatre.org,"movie theater in Austin, Texas, United States"
http://www.wikidata.org/entity/Q42298482,State Theater,Point(-97.7420158 30.2696109),,http://www.austintheatre.org,"movie theater in Austin, Texas, United States"
http://www.wikidata.org/entity/Q42298482,State Theater,Point(-97.7420158 30.2696109),,http://www.austintheatre.org,"movie theater in Austin, Texas, United States"
http://www.wikidata.org/entity/Q42298482,State Theater,Point(-97.7420158 30.2696109),,http://www.austintheatre.org,"movie theater in Austin, Texas, United States"
http://www.wikidata.org/entity/Q42298482,State Theater,Point(-97.7420158 30.2696109),,http://www.austintheatre.org,"movie theater in Austin, Texas, United States"
http://www.wikidata.org/entity/Q42298482,State Theater,Point(-97.7420158 30.2696109),,http://www.austintheatre.org,"movie theater in Austin, Texas, United States"
http://www.wikidata.org/entity/Q42298482,State Theater,Point(-97.7420158 30.2696109),,http://www.austintheatre.org,"movie theater in Austin, Texas, United States"
http://www.wikidata.org/entity/Q42298482,State Theater,Point(-97.7420158 30.2696109),,http://www.austintheatre.org,"movie theater in Austin, Texas, United States"
http://www.wikidata.org/entity/Q42298482,State Theater,Point(-97.7420158 30.2696109),,http://www.austintheatre.org,"movie theater in Austin, Texas, United States"
http://www.wikidata.org/entity/Q42298482,State Theater,Point(-97.7420158 30.2696109),,http://www.austintheatre.org,"movie theater in Austin, Texas, United States"
http://www.wikidata.org/entity/Q42298482,State Theater,Point(-97.7420158 30.2696109),,http://www.austintheatre.org,"movie theater in Austin, Texas, United States"
http://www.wikidata.org/entity/Q42298482,State Theater,Point(-97.7420158 30.2696109),,http://www.austintheatre.org,"movie theater in Austin, Texas, United States"
http://www.wikidata.org/entity/Q42298482,State Theater,Point(-97.7420158 30.2696109),,http://www.austintheatre.org,"movie theater in Austin, Texas, United States"
http://www.wikidata.org/entity/Q42298482,State Theater,Point(-97.7420158 30.2696109),,http://www.austintheatre.org,"movie theater in Austin, Texas, United States"
http://www.wikidata.org/entity/Q42298482,State Theater,Point(-97.7420158 30.2696109),,http://www.austintheatre.org,"movie theater in Austin, Texas, United States"
http://www.wikidata.org/entity/Q42298482,State Theater,Point(-97.7420158 30.2696109),,http://www.austintheatre.org,"movie theater in Austin, Texas, United States"
http://www.wikidata.org/entity/Q42298482,State Theater,Point(-97.7420158 30.2696109),,http://www.austintheatre.org,"movie theater in Austin, Texas, United States"
http://www.wikidata.org/entity/Q42298482,State Theater,Point(-97.7420158 30.2696109),,http://www.austintheatre.org,"movie theater in Austin, Texas, United States"
http://www.wikidata.org/entity/Q42298482,State Theater,Point(-97.7420158 30.2696109),,http://www.austintheatre.org,"movie theater in Austin, Texas, United States"
http://www.wikidata.org/entity/Q42298482,State Theater,Point(-97.7420158 30.2696109),,http://www.austintheatre.org,"movie theater in Austin, Texas, United States"
http://www.wikidata.org/entity/Q42298482,State Theater,Point(-97.7420158 30.2696109),,http://www.austintheatre.org,"movie theater in Austin, Texas, United States"
http://www.wikidata.org/entity/Q42298482,State Theater,Point(-97.7420158 30.2696109),,http://www.austintheatre.org,"movie theater in Austin, Texas, United States"
http://www.wikidata.org/entity/Q42298482,State Theater,Point(-97.7420158 30.2696109),,http://www.austintheatre.org,"movie theater in Austin, Texas, United States"
http://www.wikidata.org/entity/Q42298482,State Theater,Point(-97.7420158 30.2696109),,http://www.austintheatre.org,"movie theater in Austin, Texas, United States"
http://www.wikidata.org/entity/Q42298482,State Theater,Point(-97.7420158 30.2696109),,http://www.austintheatre.org,"movie theater in Austin, Texas, United States"
http://www.wikidata.org/entity/Q42298482,State Theater,Point(-97.7420158 30.2696109),,http://www.austintheatre.org,"movie theater in Austin, Texas, United States"
http://www.wikidata.org/entity/Q42298482,State Theater,Point(-97.7420158 30.2696109),,http://www.austintheatre.org,"movie theater in Austin, Texas, United States"
http://www.wikidata.org/entity/Q42298482,State Theater,Point(-97.7420158 30.2696109),,http://www.austintheatre.org,"movie theater in Austin, Texas, United States"
http://www.wikidata.org/entity/Q42298482,State Theater,Point(-97.7420158 30.2696109),,http://www.austintheatre.org,"movie theater in Austin, Texas, United States"
http://www.wikidata.org/entity/Q42298482,State Theater,Point(-97.7420158 30.2696109),,http://www.austintheatre.org,"movie theater in Austin, Texas, United States"
http://www.wikidata.org/entity/Q42298482,State Theater,Point(-97.7420158 30.2696109),,http://www.austintheatre.org,"movie theater in Austin, Texas, United States"
http://www.wikidata.org/entity/Q42298467,Harlem Theater,Point(-97.720776 30.273933),,,"former movie theater in Austin, Texas, United States"
http://www.wikidata.org/entity/Q42298467,Harlem Theater,Point(-97.720776 30.273933),,,"former movie theater in Austin, Texas, United States"
http://www.wikidata.org/entity/Q42298467,Harlem Theater,Point(-97.720776 30.273933),,,"former movie theater in Austin, Texas, United States"
http://www.wikidata.org/entity/Q42298467,Harlem Theater,Point(-97.720776 30.273933),,,"former movie theater in Austin, Texas, United States"
http://www.wikidata.org/entity/Q42298467,Harlem Theater,Point(-97.720776 30.273933),,,"former movie theater in Austin, Texas, United States"
http://www.wikidata.org/entity/Q42298467,Harlem Theater,Point(-97.720776 30.273933),,,"former movie theater in Austin, Texas, United States"
http://www.wikidata.org/entity/Q42298467,Harlem Theater,Point(-97.720776 30.273933),,,"former movie theater in Austin, Texas, United States"
http://www.wikidata.org/entity/Q42298467,Harlem Theater,Point(-97.720776 30.273933),,,"former movie theater in Austin, Texas, United States"
http://www.wikidata.org/entity/Q42298467,Harlem Theater,Point(-97.720776 30.273933),,,"former movie theater in Austin, Texas, United States"
http://www.wikidata.org/entity/Q42298467,Harlem Theater,Point(-97.720776 30.273933),,,"former movie theater in Austin, Texas, United States"
http://www.wikidata.org/entity/Q42298467,Harlem Theater,Point(-97.720776 30.273933),,,"former movie theater in Austin, Texas, United States"
http://www.wikidata.org/entity/Q42298467,Harlem Theater,Point(-97.720776 30.273933),,,"former movie theater in Austin, Texas, United States"
http://www.wikidata.org/entity/Q42298467,Harlem Theater,Point(-97.720776 30.273933),,,"former movie theater in Austin, Texas, United States"
http://www.wikidata.org/entity/Q42298467,Harlem Theater,Point(-97.720776 30.273933),,,"former movie theater in Austin, Texas, United States"
http://www.wikidata.org/entity/Q42298467,Harlem Theater,Point(-97.720776 30.273933),,,"former movie theater in Austin, Texas, United States"
http://www.wikidata.org/entity/Q42298467,Harlem Theater,Point(-97.720776 30.273933),,,"former movie theater in Austin, Texas, United States"
http://www.wikidata.org/entity/Q42298467,Harlem Theater,Point(-97.720776 30.273933),,,"former movie theater in Austin, Texas, United States"
http://www.wikidata.org/entity/Q42298467,Harlem Theater,Point(-97.720776 30.273933),,,"former movie theater in Austin, Texas, United States"
http://www.wikidata.org/entity/Q42298464,Barton Creek Cinema,Point(-97.81005 30.2616161),,,"former movie theater in Austin, Texas, United States"
http://www.wikidata.org/entity/Q42298464,Barton Creek Cinema,Point(-97.81005 30.2616161),,,"former movie theater in Austin, Texas, United States"
http://www.wikidata.org/entity/Q42298464,Barton Creek Cinema,Point(-97.81005 30.2616161),,,"former movie theater in Austin, Texas, United States"
http://www.wikidata.org/entity/Q42298464,Barton Creek Cinema,Point(-97.81005 30.2616161),,,"former movie theater in Austin, Texas, United States"
http://www.wikidata.org/entity/Q42298464,Barton Creek Cinema,Point(-97.81005 30.2616161),,,"former movie theater in Austin, Texas, United States"
http://www.wikidata.org/entity/Q42298464,Barton Creek Cinema,Point(-97.81005 30.2616161),,,"former movie theater in Austin, Texas, United States"
http://www.wikidata.org/entity/Q42298464,Barton Creek Cinema,Point(-97.81005 30.2616161),,,"former movie theater in Austin, Texas, United States"
http://www.wikidata.org/entity/Q42298464,Barton Creek Cinema,Point(-97.81005 30.2616161),,,"former movie theater in Austin, Texas, United States"
http://www.wikidata.org/entity/Q42298464,Barton Creek Cinema,Point(-97.81005 30.2616161),,,"former movie theater in Austin, Texas, United States"
http://www.wikidata.org/entity/Q42298464,Barton Creek Cinema,Point(-97.81005 30.2616161),,,"former movie theater in Austin, Texas, United States"
http://www.wikidata.org/entity/Q42298464,Barton Creek Cinema,Point(-97.81005 30.2616161),,,"former movie theater in Austin, Texas, United States"
http://www.wikidata.org/entity/Q42298464,Barton Creek Cinema,Point(-97.81005 30.2616161),,,"former movie theater in Austin, Texas, United States"
http://www.wikidata.org/entity/Q42298464,Barton Creek Cinema,Point(-97.81005 30.2616161),,,"former movie theater in Austin, Texas, United States"
http://www.wikidata.org/entity/Q42298464,Barton Creek Cinema,Point(-97.81005 30.2616161),,,"former movie theater in Austin, Texas, United States"
http://www.wikidata.org/entity/Q42298464,Barton Creek Cinema,Point(-97.81005 30.2616161),,,"former movie theater in Austin, Texas, United States"
http://www.wikidata.org/entity/Q42298464,Barton Creek Cinema,Point(-97.81005 30.2616161),,,"former movie theater in Austin, Texas, United States"
http://www.wikidata.org/entity/Q42298464,Barton Creek Cinema,Point(-97.81005 30.2616161),,,"former movie theater in Austin, Texas, United States"
http://www.wikidata.org/entity/Q42298464,Barton Creek Cinema,Point(-97.81005 30.2616161),,,"former movie theater in Austin, Texas, United States"
http://www.wikidata.org/entity/Q42298464,Barton Creek Cinema,Point(-97.81005 30.2616161),,,"former movie theater in Austin, Texas, United States"
http://www.wikidata.org/entity/Q42298464,Barton Creek Cinema,Point(-97.81005 30.2616161),,,"former movie theater in Austin, Texas, United States"
http://www.wikidata.org/entity/Q42298464,Barton Creek Cinema,Point(-97.81005 30.2616161),,,"former movie theater in Austin, Texas, United States"
http://www.wikidata.org/entity/Q42298464,Barton Creek Cinema,Point(-97.81005 30.2616161),,,"former movie theater in Austin, Texas, United States"
http://www.wikidata.org/entity/Q42298464,Barton Creek Cinema,Point(-97.81005 30.2616161),,,"former movie theater in Austin, Texas, United States"
http://www.wikidata.org/entity/Q42298464,Barton Creek Cinema,Point(-97.81005 30.2616161),,,"former movie theater in Austin, Texas, United States"
http://www.wikidata.org/entity/Q42298464,Barton Creek Cinema,Point(-97.81005 30.2616161),,,"former movie theater in Austin, Texas, United States"
http://www.wikidata.org/entity/Q42298464,Barton Creek Cinema,Point(-97.81005 30.2616161),,,"former movie theater in Austin, Texas, United States"
http://www.wikidata.org/entity/Q42298464,Barton Creek Cinema,Point(-97.81005 30.2616161),,,"former movie theater in Austin, Texas, United States"
http://www.wikidata.org/entity/Q42298464,Barton Creek Cinema,Point(-97.81005 30.2616161),,,"former movie theater in Austin, Texas, United States"
http://www.wikidata.org/entity/Q42298464,Barton Creek Cinema,Point(-97.81005 30.2616161),,,"former movie theater in Austin, Texas, United States"
http://www.wikidata.org/entity/Q42298464,Barton Creek Cinema,Point(-97.81005 30.2616161),,,"former movie theater in Austin, Texas, United States"
http://www.wikidata.org/entity/Q42298464,Barton Creek Cinema,Point(-97.81005 30.2616161),,,"former movie theater in Austin, Texas, United States"
http://www.wikidata.org/entity/Q42298464,Barton Creek Cinema,Point(-97.81005 30.2616161),,,"former movie theater in Austin, Texas, United States"
http://www.wikidata.org/entity/Q42298464,Barton Creek Cinema,Point(-97.81005 30.2616161),,,"former movie theater in Austin, Texas, United States"
http://www.wikidata.org/entity/Q42298464,Barton Creek Cinema,Point(-97.81005 30.2616161),,,"former movie theater in Austin, Texas, United States"
http://www.wikidata.org/entity/Q42298464,Barton Creek Cinema,Point(-97.81005 30.2616161),,,"former movie theater in Austin, Texas, United States"
http://www.wikidata.org/entity/Q42298464,Barton Creek Cinema,Point(-97.81005 30.2616161),,,"former movie theater in Austin, Texas, United States"
http://www.wikidata.org/entity/Q42298464,Barton Creek Cinema,Point(-97.81005 30.2616161),,,"former movie theater in Austin, Texas, United States"
http://www.wikidata.org/entity/Q42298465,Barton Creek Cinema 5,Point(-97.810013 30.256213),,,"former movie theater in Austin, Texas, United States"
http://www.wikidata.org/entity/Q42298465,Barton Creek Cinema 5,Point(-97.810013 30.256213),,,"former movie theater in Austin, Texas, United States"
http://www.wikidata.org/entity/Q42298465,Barton Creek Cinema 5,Point(-97.810013 30.256213),,,"former movie theater in Austin, Texas, United States"
http://www.wikidata.org/entity/Q42298465,Barton Creek Cinema 5,Point(-97.810013 30.256213),,,"former movie theater in Austin, Texas, United States"
http://www.wikidata.org/entity/Q42298465,Barton Creek Cinema 5,Point(-97.810013 30.256213),,,"former movie theater in Austin, Texas, United States"
http://www.wikidata.org/entity/Q42298465,Barton Creek Cinema 5,Point(-97.810013 30.256213),,,"former movie theater in Austin, Texas, United States"
http://www.wikidata.org/entity/Q42298465,Barton Creek Cinema 5,Point(-97.810013 30.256213),,,"former movie theater in Austin, Texas, United States"
http://www.wikidata.org/entity/Q42298465,Barton Creek Cinema 5,Point(-97.810013 30.256213),,,"former movie theater in Austin, Texas, United States"
http://www.wikidata.org/entity/Q42298465,Barton Creek Cinema 5,Point(-97.810013 30.256213),,,"former movie theater in Austin, Texas, United States"
http://www.wikidata.org/entity/Q42298465,Barton Creek Cinema 5,Point(-97.810013 30.256213),,,"former movie theater in Austin, Texas, United States"
http://www.wikidata.org/entity/Q42298465,Barton Creek Cinema 5,Point(-97.810013 30.256213),,,"former movie theater in Austin, Texas, United States"
http://www.wikidata.org/entity/Q42298465,Barton Creek Cinema 5,Point(-97.810013 30.256213),,,"former movie theater in Austin, Texas, United States"
http://www.wikidata.org/entity/Q42298465,Barton Creek Cinema 5,Point(-97.810013 30.256213),,,"former movie theater in Austin, Texas, United States"
http://www.wikidata.org/entity/Q42298465,Barton Creek Cinema 5,Point(-97.810013 30.256213),,,"former movie theater in Austin, Texas, United States"
http://www.wikidata.org/entity/Q42298465,Barton Creek Cinema 5,Point(-97.810013 30.256213),,,"former movie theater in Austin, Texas, United States"
http://www.wikidata.org/entity/Q42298465,Barton Creek Cinema 5,Point(-97.810013 30.256213),,,"former movie theater in Austin, Texas, United States"
http://www.wikidata.org/entity/Q42298465,Barton Creek Cinema 5,Point(-97.810013 30.256213),,,"former movie theater in Austin, Texas, United States"
http://www.wikidata.org/entity/Q42298465,Barton Creek Cinema 5,Point(-97.810013 30.256213),,,"former movie theater in Austin, Texas, United States"
http://www.wikidata.org/entity/Q42298465,Barton Creek Cinema 5,Point(-97.810013 30.256213),,,"former movie theater in Austin, Texas, United States"
http://www.wikidata.org/entity/Q42298465,Barton Creek Cinema 5,Point(-97.810013 30.256213),,,"former movie theater in Austin, Texas, United States"
http://www.wikidata.org/entity/Q42298465,Barton Creek Cinema 5,Point(-97.810013 30.256213),,,"former movie theater in Austin, Texas, United States"
http://www.wikidata.org/entity/Q42298465,Barton Creek Cinema 5,Point(-97.810013 30.256213),,,"former movie theater in Austin, Texas, United States"
http://www.wikidata.org/entity/Q42298465,Barton Creek Cinema 5,Point(-97.810013 30.256213),,,"former movie theater in Austin, Texas, United States"
http://www.wikidata.org/entity/Q42298465,Barton Creek Cinema 5,Point(-97.810013 30.256213),,,"former movie theater in Austin, Texas, United States"
http://www.wikidata.org/entity/Q42298465,Barton Creek Cinema 5,Point(-97.810013 30.256213),,,"former movie theater in Austin, Texas, United States"
http://www.wikidata.org/entity/Q42298465,Barton Creek Cinema 5,Point(-97.810013 30.256213),,,"former movie theater in Austin, Texas, United States"
http://www.wikidata.org/entity/Q42298465,Barton Creek Cinema 5,Point(-97.810013 30.256213),,,"former movie theater in Austin, Texas, United States"
http://www.wikidata.org/entity/Q42298465,Barton Creek Cinema 5,Point(-97.810013 30.256213),,,"former movie theater in Austin, Texas, United States"
http://www.wikidata.org/entity/Q42298465,Barton Creek Cinema 5,Point(-97.810013 30.256213),,,"former movie theater in Austin, Texas, United States"
http://www.wikidata.org/entity/Q42298465,Barton Creek Cinema 5,Point(-97.810013 30.256213),,,"former movie theater in Austin, Texas, United States"
http://www.wikidata.org/entity/Q42298465,Barton Creek Cinema 5,Point(-97.810013 30.256213),,,"former movie theater in Austin, Texas, United States"
http://www.wikidata.org/entity/Q42298465,Barton Creek Cinema 5,Point(-97.810013 30.256213),,,"former movie theater in Austin, Texas, United States"
http://www.wikidata.org/entity/Q42298465,Barton Creek Cinema 5,Point(-97.810013 30.256213),,,"former movie theater in Austin, Texas, United States"
http://www.wikidata.org/entity/Q42298465,Barton Creek Cinema 5,Point(-97.810013 30.256213),,,"former movie theater in Austin, Texas, United States"
http://www.wikidata.org/entity/Q42298465,Barton Creek Cinema 5,Point(-97.810013 30.256213),,,"former movie theater in Austin, Texas, United States"
http://www.wikidata.org/entity/Q42298465,Barton Creek Cinema 5,Point(-97.810013 30.256213),,,"former movie theater in Austin, Texas, United States"
http://www.wikidata.org/entity/Q42298465,Barton Creek Cinema 5,Point(-97.810013 30.256213),,,"former movie theater in Austin, Texas, United States"
http://www.wikidata.org/entity/Q42298471,Cinemark Southpark Meadows 14,Point(-97.7922406 30.1544175),,http://www.cinemark.com,"movie theater in Austin, Texas, United States"
http://www.wikidata.org/entity/Q42298471,Cinemark Southpark Meadows 14,Point(-97.7922406 30.1544175),,http://www.cinemark.com,"movie theater in Austin, Texas, United States"
http://www.wikidata.org/entity/Q42298471,Cinemark Southpark Meadows 14,Point(-97.7922406 30.1544175),,http://www.cinemark.com,"movie theater in Austin, Texas, United States"
http://www.wikidata.org/entity/Q42298471,Cinemark Southpark Meadows 14,Point(-97.7922406 30.1544175),,http://www.cinemark.com,"movie theater in Austin, Texas, United States"
http://www.wikidata.org/entity/Q42298471,Cinemark Southpark Meadows 14,Point(-97.7922406 30.1544175),,http://www.cinemark.com,"movie theater in Austin, Texas, United States"
http://www.wikidata.org/entity/Q42298471,Cinemark Southpark Meadows 14,Point(-97.7922406 30.1544175),,http://www.cinemark.com,"movie theater in Austin, Texas, United States"
http://www.wikidata.org/entity/Q42298471,Cinemark Southpark Meadows 14,Point(-97.7922406 30.1544175),,http://www.cinemark.com,"movie theater in Austin, Texas, United States"
http://www.wikidata.org/entity/Q42298471,Cinemark Southpark Meadows 14,Point(-97.7922406 30.1544175),,http://www.cinemark.com,"movie theater in Austin, Texas, United States"
http://www.wikidata.org/entity/Q42298471,Cinemark Southpark Meadows 14,Point(-97.7922406 30.1544175),,http://www.cinemark.com,"movie theater in Austin, Texas, United States"
http://www.wikidata.org/entity/Q42298471,Cinemark Southpark Meadows 14,Point(-97.7922406 30.1544175),,http://www.cinemark.com,"movie theater in Austin, Texas, United States"
http://www.wikidata.org/entity/Q42298471,Cinemark Southpark Meadows 14,Point(-97.7922406 30.1544175),,http://www.cinemark.com,"movie theater in Austin, Texas, United States"
http://www.wikidata.org/entity/Q42298471,Cinemark Southpark Meadows 14,Point(-97.7922406 30.1544175),,http://www.cinemark.com,"movie theater in Austin, Texas, United States"
http://www.wikidata.org/entity/Q42298471,Cinemark Southpark Meadows 14,Point(-97.7922406 30.1544175),,http://www.cinemark.com,"movie theater in Austin, Texas, United States"
http://www.wikidata.org/entity/Q42298471,Cinemark Southpark Meadows 14,Point(-97.7922406 30.1544175),,http://www.cinemark.com,"movie theater in Austin, Texas, United States"
http://www.wikidata.org/entity/Q42298471,Cinemark Southpark Meadows 14,Point(-97.7922406 30.1544175),,http://www.cinemark.com,"movie theater in Austin, Texas, United States"
http://www.wikidata.org/entity/Q42298471,Cinemark Southpark Meadows 14,Point(-97.7922406 30.1544175),,http://www.cinemark.com,"movie theater in Austin, Texas, United States"
http://www.wikidata.org/entity/Q42298471,Cinemark Southpark Meadows 14,Point(-97.7922406 30.1544175),,http://www.cinemark.com,"movie theater in Austin, Texas, United States"
http://www.wikidata.org/entity/Q42298471,Cinemark Southpark Meadows 14,Point(-97.7922406 30.1544175),,http://www.cinemark.com,"movie theater in Austin, Texas, United States"
http://www.wikidata.org/entity/Q42298471,Cinemark Southpark Meadows 14,Point(-97.7922406 30.1544175),,http://www.cinemark.com,"movie theater in Austin, Texas, United States"
http://www.wikidata.org/entity/Q42298471,Cinemark Southpark Meadows 14,Point(-97.7922406 30.1544175),,http://www.cinemark.com,"movie theater in Austin, Texas, United States"
http://www.wikidata.org/entity/Q42298471,Cinemark Southpark Meadows 14,Point(-97.7922406 30.1544175),,http://www.cinemark.com,"movie theater in Austin, Texas, United States"
http://www.wikidata.org/entity/Q42298471,Cinemark Southpark Meadows 14,Point(-97.7922406 30.1544175),,http://www.cinemark.com,"movie theater in Austin, Texas, United States"
http://www.wikidata.org/entity/Q42298471,Cinemark Southpark Meadows 14,Point(-97.7922406 30.1544175),,http://www.cinemark.com,"movie theater in Austin, Texas, United States"
http://www.wikidata.org/entity/Q42298471,Cinemark Southpark Meadows 14,Point(-97.7922406 30.1544175),,http://www.cinemark.com,"movie theater in Austin, Texas, United States"
http://www.wikidata.org/entity/Q42298471,Cinemark Southpark Meadows 14,Point(-97.7922406 30.1544175),,http://www.cinemark.com,"movie theater in Austin, Texas, United States"
http://www.wikidata.org/entity/Q42298471,Cinemark Southpark Meadows 14,Point(-97.7922406 30.1544175),,http://www.cinemark.com,"movie theater in Austin, Texas, United States"
http://www.wikidata.org/entity/Q42298471,Cinemark Southpark Meadows 14,Point(-97.7922406 30.1544175),,http://www.cinemark.com,"movie theater in Austin, Texas, United States"
http://www.wikidata.org/entity/Q42298471,Cinemark Southpark Meadows 14,Point(-97.7922406 30.1544175),,http://www.cinemark.com,"movie theater in Austin, Texas, United States"
http://www.wikidata.org/entity/Q42298471,Cinemark Southpark Meadows 14,Point(-97.7922406 30.1544175),,http://www.cinemark.com,"movie theater in Austin, Texas, United States"
http://www.wikidata.org/entity/Q42298471,Cinemark Southpark Meadows 14,Point(-97.7922406 30.1544175),,http://www.cinemark.com,"movie theater in Austin, Texas, United States"
http://www.wikidata.org/entity/Q42298471,Cinemark Southpark Meadows 14,Point(-97.7922406 30.1544175),,http://www.cinemark.com,"movie theater in Austin, Texas, United States"
http://www.wikidata.org/entity/Q42298471,Cinemark Southpark Meadows 14,Point(-97.7922406 30.1544175),,http://www.cinemark.com,"movie theater in Austin, Texas, United States"
http://www.wikidata.org/entity/Q42298471,Cinemark Southpark Meadows 14,Point(-97.7922406 30.1544175),,http://www.cinemark.com,"movie theater in Austin, Texas, United States"
http://www.wikidata.org/entity/Q42298471,Cinemark Southpark Meadows 14,Point(-97.7922406 30.1544175),,http://www.cinemark.com,"movie theater in Austin, Texas, United States"
http://www.wikidata.org/entity/Q42298471,Cinemark Southpark Meadows 14,Point(-97.7922406 30.1544175),,http://www.cinemark.com,"movie theater in Austin, Texas, United States"
http://www.wikidata.org/entity/Q42298471,Cinemark Southpark Meadows 14,Point(-97.7922406 30.1544175),,http://www.cinemark.com,"movie theater in Austin, Texas, United States"
http://www.wikidata.org/entity/Q42298471,Cinemark Southpark Meadows 14,Point(-97.7922406 30.1544175),,http://www.cinemark.com,"movie theater in Austin, Texas, United States"
http://www.wikidata.org/entity/Q42298474,Bell Airdome,Point(-97.7430733 30.2712323),,,"former movie theater in Austin, Texas, United States"
http://www.wikidata.org/entity/Q42298474,Bell Airdome,Point(-97.7430733 30.2712323),,,"former movie theater in Austin, Texas, United States"
http://www.wikidata.org/entity/Q42298474,Bell Airdome,Point(-97.7430733 30.2712323),,,"former movie theater in Austin, Texas, United States"
http://www.wikidata.org/entity/Q42298474,Bell Airdome,Point(-97.7430733 30.2712323),,,"former movie theater in Austin, Texas, United States"
http://www.wikidata.org/entity/Q42298474,Bell Airdome,Point(-97.7430733 30.2712323),,,"former movie theater in Austin, Texas, United States"
http://www.wikidata.org/entity/Q42298474,Bell Airdome,Point(-97.7430733 30.2712323),,,"former movie theater in Austin, Texas, United States"
http://www.wikidata.org/entity/Q42298474,Bell Airdome,Point(-97.7430733 30.2712323),,,"former movie theater in Austin, Texas, United States"
http://www.wikidata.org/entity/Q42298474,Bell Airdome,Point(-97.7430733 30.2712323),,,"former movie theater in Austin, Texas, United States"
http://www.wikidata.org/entity/Q42298474,Bell Airdome,Point(-97.7430733 30.2712323),,,"former movie theater in Austin, Texas, United States"
http://www.wikidata.org/entity/Q42298474,Bell Airdome,Point(-97.7430733 30.2712323),,,"former movie theater in Austin, Texas, United States"
http://www.wikidata.org/entity/Q42298474,Bell Airdome,Point(-97.7430733 30.2712323),,,"former movie theater in Austin, Texas, United States"
http://www.wikidata.org/entity/Q42298474,Bell Airdome,Point(-97.7430733 30.2712323),,,"former movie theater in Austin, Texas, United States"
http://www.wikidata.org/entity/Q42298474,Bell Airdome,Point(-97.7430733 30.2712323),,,"former movie theater in Austin, Texas, United States"
http://www.wikidata.org/entity/Q42298474,Bell Airdome,Point(-97.7430733 30.2712323),,,"former movie theater in Austin, Texas, United States"
http://www.wikidata.org/entity/Q42298474,Bell Airdome,Point(-97.7430733 30.2712323),,,"former movie theater in Austin, Texas, United States"
http://www.wikidata.org/entity/Q42298474,Bell Airdome,Point(-97.7430733 30.2712323),,,"former movie theater in Austin, Texas, United States"
http://www.wikidata.org/entity/Q42298474,Bell Airdome,Point(-97.7430733 30.2712323),,,"former movie theater in Austin, Texas, United States"
http://www.wikidata.org/entity/Q42298474,Bell Airdome,Point(-97.7430733 30.2712323),,,"former movie theater in Austin, Texas, United States"
http://www.wikidata.org/entity/Q42298474,Bell Airdome,Point(-97.7430733 30.2712323),,,"former movie theater in Austin, Texas, United States"
http://www.wikidata.org/entity/Q42298474,Bell Airdome,Point(-97.7430733 30.2712323),,,"former movie theater in Austin, Texas, United States"
http://www.wikidata.org/entity/Q42298474,Bell Airdome,Point(-97.7430733 30.2712323),,,"former movie theater in Austin, Texas, United States"
http://www.wikidata.org/entity/Q42298474,Bell Airdome,Point(-97.7430733 30.2712323),,,"former movie theater in Austin, Texas, United States"
http://www.wikidata.org/entity/Q42298474,Bell Airdome,Point(-97.7430733 30.2712323),,,"former movie theater in Austin, Texas, United States"
http://www.wikidata.org/entity/Q42298474,Bell Airdome,Point(-97.7430733 30.2712323),,,"former movie theater in Austin, Texas, United States"
http://www.wikidata.org/entity/Q42298474,Bell Airdome,Point(-97.7430733 30.2712323),,,"former movie theater in Austin, Texas, United States"
http://www.wikidata.org/entity/Q42298474,Bell Airdome,Point(-97.7430733 30.2712323),,,"former movie theater in Austin, Texas, United States"
http://www.wikidata.org/entity/Q42298474,Bell Airdome,Point(-97.7430733 30.2712323),,,"former movie theater in Austin, Texas, United States"
http://www.wikidata.org/entity/Q42298474,Bell Airdome,Point(-97.7430733 30.2712323),,,"former movie theater in Austin, Texas, United States"
http://www.wikidata.org/entity/Q42298474,Bell Airdome,Point(-97.7430733 30.2712323),,,"former movie theater in Austin, Texas, United States"
http://www.wikidata.org/entity/Q42298474,Bell Airdome,Point(-97.7430733 30.2712323),,,"former movie theater in Austin, Texas, United States"
http://www.wikidata.org/entity/Q42298474,Bell Airdome,Point(-97.7430733 30.2712323),,,"former movie theater in Austin, Texas, United States"
http://www.wikidata.org/entity/Q42298474,Bell Airdome,Point(-97.7430733 30.2712323),,,"former movie theater in Austin, Texas, United States"
http://www.wikidata.org/entity/Q42298474,Bell Airdome,Point(-97.7430733 30.2712323),,,"former movie theater in Austin, Texas, United States"
http://www.wikidata.org/entity/Q42298474,Bell Airdome,Point(-97.7430733 30.2712323),,,"former movie theater in Austin, Texas, United States"
http://www.wikidata.org/entity/Q42298474,Bell Airdome,Point(-97.7430733 30.2712323),,,"former movie theater in Austin, Texas, United States"
http://www.wikidata.org/entity/Q42298474,Bell Airdome,Point(-97.7430733 30.2712323),,,"former movie theater in Austin, Texas, United States"
http://www.wikidata.org/entity/Q42298474,Bell Airdome,Point(-97.7430733 30.2712323),,,"former movie theater in Austin, Texas, United States"
http://www.wikidata.org/entity/Q42298475,IMAX at Bullock Texas State History Museum,Point(-97.7384838 30.2799384),,,"movie theater in Austin, Texas, United States"
http://www.wikidata.org/entity/Q42298475,IMAX at Bullock Texas State History Museum,Point(-97.7384838 30.2799384),,,"movie theater in Austin, Texas, United States"
http://www.wikidata.org/entity/Q42298475,IMAX at Bullock Texas State History Museum,Point(-97.7384838 30.2799384),,,"movie theater in Austin, Texas, United States"
http://www.wikidata.org/entity/Q42298475,IMAX at Bullock Texas State History Museum,Point(-97.7384838 30.2799384),,,"movie theater in Austin, Texas, United States"
http://www.wikidata.org/entity/Q42298475,IMAX at Bullock Texas State History Museum,Point(-97.7384838 30.2799384),,,"movie theater in Austin, Texas, United States"
http://www.wikidata.org/entity/Q42298475,IMAX at Bullock Texas State History Museum,Point(-97.7384838 30.2799384),,,"movie theater in Austin, Texas, United States"
http://www.wikidata.org/entity/Q42298475,IMAX at Bullock Texas State History Museum,Point(-97.7384838 30.2799384),,,"movie theater in Austin, Texas, United States"
http://www.wikidata.org/entity/Q42298475,IMAX at Bullock Texas State History Museum,Point(-97.7384838 30.2799384),,,"movie theater in Austin, Texas, United States"
http://www.wikidata.org/entity/Q42298475,IMAX at Bullock Texas State History Museum,Point(-97.7384838 30.2799384),,,"movie theater in Austin, Texas, United States"
http://www.wikidata.org/entity/Q42298475,IMAX at Bullock Texas State History Museum,Point(-97.7384838 30.2799384),,,"movie theater in Austin, Texas, United States"
http://www.wikidata.org/entity/Q42298475,IMAX at Bullock Texas State History Museum,Point(-97.7384838 30.2799384),,,"movie theater in Austin, Texas, United States"
http://www.wikidata.org/entity/Q42298475,IMAX at Bullock Texas State History Museum,Point(-97.7384838 30.2799384),,,"movie theater in Austin, Texas, United States"
http://www.wikidata.org/entity/Q42298475,IMAX at Bullock Texas State History Museum,Point(-97.7384838 30.2799384),,,"movie theater in Austin, Texas, United States"
http://www.wikidata.org/entity/Q42298475,IMAX at Bullock Texas State History Museum,Point(-97.7384838 30.2799384),,,"movie theater in Austin, Texas, United States"
http://www.wikidata.org/entity/Q42298475,IMAX at Bullock Texas State History Museum,Point(-97.7384838 30.2799384),,,"movie theater in Austin, Texas, United States"
http://www.wikidata.org/entity/Q42298475,IMAX at Bullock Texas State History Museum,Point(-97.7384838 30.2799384),,,"movie theater in Austin, Texas, United States"
http://www.wikidata.org/entity/Q42298475,IMAX at Bullock Texas State History Museum,Point(-97.7384838 30.2799384),,,"movie theater in Austin, Texas, United States"
http://www.wikidata.org/entity/Q42298475,IMAX at Bullock Texas State History Museum,Point(-97.7384838 30.2799384),,,"movie theater in Austin, Texas, United States"
http://www.wikidata.org/entity/Q42298475,IMAX at Bullock Texas State History Museum,Point(-97.7384838 30.2799384),,,"movie theater in Austin, Texas, United States"
http://www.wikidata.org/entity/Q42298475,IMAX at Bullock Texas State History Museum,Point(-97.7384838 30.2799384),,,"movie theater in Austin, Texas, United States"
http://www.wikidata.org/entity/Q42298475,IMAX at Bullock Texas State History Museum,Point(-97.7384838 30.2799384),,,"movie theater in Austin, Texas, United States"
http://www.wikidata.org/entity/Q42298475,IMAX at Bullock Texas State History Museum,Point(-97.7384838 30.2799384),,,"movie theater in Austin, Texas, United States"
http://www.wikidata.org/entity/Q42298475,IMAX at Bullock Texas State History Museum,Point(-97.7384838 30.2799384),,,"movie theater in Austin, Texas, United States"
http://www.wikidata.org/entity/Q42298475,IMAX at Bullock Texas State History Museum,Point(-97.7384838 30.2799384),,,"movie theater in Austin, Texas, United States"
http://www.wikidata.org/entity/Q42298475,IMAX at Bullock Texas State History Museum,Point(-97.7384838 30.2799384),,,"movie theater in Austin, Texas, United States"
http://www.wikidata.org/entity/Q42298475,IMAX at Bullock Texas State History Museum,Point(-97.7384838 30.2799384),,,"movie theater in Austin, Texas, United States"
http://www.wikidata.org/entity/Q42298475,IMAX at Bullock Texas State History Museum,Point(-97.7384838 30.2799384),,,"movie theater in Austin, Texas, United States"
http://www.wikidata.org/entity/Q42298475,IMAX at Bullock Texas State History Museum,Point(-97.7384838 30.2799384),,,"movie theater in Austin, Texas, United States"
http://www.wikidata.org/entity/Q42298475,IMAX at Bullock Texas State History Museum,Point(-97.7384838 30.2799384),,,"movie theater in Austin, Texas, United States"
http://www.wikidata.org/entity/Q42298475,IMAX at Bullock Texas State History Museum,Point(-97.7384838 30.2799384),,,"movie theater in Austin, Texas, United States"
http://www.wikidata.org/entity/Q42298475,IMAX at Bullock Texas State History Museum,Point(-97.7384838 30.2799384),,,"movie theater in Austin, Texas, United States"
http://www.wikidata.org/entity/Q42298475,IMAX at Bullock Texas State History Museum,Point(-97.7384838 30.2799384),,,"movie theater in Austin, Texas, United States"
http://www.wikidata.org/entity/Q42298475,IMAX at Bullock Texas State History Museum,Point(-97.7384838 30.2799384),,,"movie theater in Austin, Texas, United States"
http://www.wikidata.org/entity/Q42298475,IMAX at Bullock Texas State History Museum,Point(-97.7384838 30.2799384),,,"movie theater in Austin, Texas, United States"
http://www.wikidata.org/entity/Q42298506,Showplace 6,Point(-97.7966579 30.459817),,,"former movie theater in Austin, Texas, United States"
http://www.wikidata.org/entity/Q42298506,Showplace 6,Point(-97.7966579 30.459817),,,"former movie theater in Austin, Texas, United States"
http://www.wikidata.org/entity/Q42298506,Showplace 6,Point(-97.7966579 30.459817),,,"former movie theater in Austin, Texas, United States"
http://www.wikidata.org/entity/Q42298506,Showplace 6,Point(-97.7966579 30.459817),,,"former movie theater in Austin, Texas, United States"
http://www.wikidata.org/entity/Q42298506,Showplace 6,Point(-97.7966579 30.459817),,,"former movie theater in Austin, Texas, United States"
http://www.wikidata.org/entity/Q42298506,Showplace 6,Point(-97.7966579 30.459817),,,"former movie theater in Austin, Texas, United States"
http://www.wikidata.org/entity/Q42298506,Showplace 6,Point(-97.7966579 30.459817),,,"former movie theater in Austin, Texas, United States"
http://www.wikidata.org/entity/Q42298506,Showplace 6,Point(-97.7966579 30.459817),,,"former movie theater in Austin, Texas, United States"
http://www.wikidata.org/entity/Q42298506,Showplace 6,Point(-97.7966579 30.459817),,,"former movie theater in Austin, Texas, United States"
http://www.wikidata.org/entity/Q42298506,Showplace 6,Point(-97.7966579 30.459817),,,"former movie theater in Austin, Texas, United States"
http://www.wikidata.org/entity/Q42298506,Showplace 6,Point(-97.7966579 30.459817),,,"former movie theater in Austin, Texas, United States"
http://www.wikidata.org/entity/Q42298506,Showplace 6,Point(-97.7966579 30.459817),,,"former movie theater in Austin, Texas, United States"
http://www.wikidata.org/entity/Q42298506,Showplace 6,Point(-97.7966579 30.459817),,,"former movie theater in Austin, Texas, United States"
http://www.wikidata.org/entity/Q42298506,Showplace 6,Point(-97.7966579 30.459817),,,"former movie theater in Austin, Texas, United States"
http://www.wikidata.org/entity/Q42298506,Showplace 6,Point(-97.7966579 30.459817),,,"former movie theater in Austin, Texas, United States"
http://www.wikidata.org/entity/Q42298506,Showplace 6,Point(-97.7966579 30.459817),,,"former movie theater in Austin, Texas, United States"
http://www.wikidata.org/entity/Q42298506,Showplace 6,Point(-97.7966579 30.459817),,,"former movie theater in Austin, Texas, United States"
http://www.wikidata.org/entity/Q42298506,Showplace 6,Point(-97.7966579 30.459817),,,"former movie theater in Austin, Texas, United States"
http://www.wikidata.org/entity/Q42298506,Showplace 6,Point(-97.7966579 30.459817),,,"former movie theater in Austin, Texas, United States"
http://www.wikidata.org/entity/Q42298506,Showplace 6,Point(-97.7966579 30.459817),,,"former movie theater in Austin, Texas, United States"
http://www.wikidata.org/entity/Q42298506,Showplace 6,Point(-97.7966579 30.459817),,,"former movie theater in Austin, Texas, United States"
http://www.wikidata.org/entity/Q42298506,Showplace 6,Point(-97.7966579 30.459817),,,"former movie theater in Austin, Texas, United States"
http://www.wikidata.org/entity/Q42298506,Showplace 6,Point(-97.7966579 30.459817),,,"former movie theater in Austin, Texas, United States"
http://www.wikidata.org/entity/Q42298506,Showplace 6,Point(-97.7966579 30.459817),,,"former movie theater in Austin, Texas, United States"
http://www.wikidata.org/entity/Q42298506,Showplace 6,Point(-97.7966579 30.459817),,,"former movie theater in Austin, Texas, United States"
http://www.wikidata.org/entity/Q42298506,Showplace 6,Point(-97.7966579 30.459817),,,"former movie theater in Austin, Texas, United States"
http://www.wikidata.org/entity/Q42298506,Showplace 6,Point(-97.7966579 30.459817),,,"former movie theater in Austin, Texas, United States"
http://www.wikidata.org/entity/Q42298506,Showplace 6,Point(-97.7966579 30.459817),,,"former movie theater in Austin, Texas, United States"
http://www.wikidata.org/entity/Q42298506,Showplace 6,Point(-97.7966579 30.459817),,,"former movie theater in Austin, Texas, United States"
http://www.wikidata.org/entity/Q42298506,Showplace 6,Point(-97.7966579 30.459817),,,"former movie theater in Austin, Texas, United States"
http://www.wikidata.org/entity/Q42298506,Showplace 6,Point(-97.7966579 30.459817),,,"former movie theater in Austin, Texas, United States"
http://www.wikidata.org/entity/Q42298506,Showplace 6,Point(-97.7966579 30.459817),,,"former movie theater in Austin, Texas, United States"
http://www.wikidata.org/entity/Q42298506,Showplace 6,Point(-97.7966579 30.459817),,,"former movie theater in Austin, Texas, United States"
http://www.wikidata.org/entity/Q42298506,Showplace 6,Point(-97.7966579 30.459817),,,"former movie theater in Austin, Texas, United States"
http://www.wikidata.org/entity/Q42298506,Showplace 6,Point(-97.7966579 30.459817),,,"former movie theater in Austin, Texas, United States"
http://www.wikidata.org/entity/Q42298506,Showplace 6,Point(-97.7966579 30.459817),,,"former movie theater in Austin, Texas, United States"
http://www.wikidata.org/entity/Q42298506,Showplace 6,Point(-97.7966579 30.459817),,,"former movie theater in Austin, Texas, United States"
http://www.wikidata.org/entity/Q42298507,Lakehills Cinema 4,Point(-97.793779 30.233758),,,"former movie theater in Austin, Texas, United States"
http://www.wikidata.org/entity/Q42298507,Lakehills Cinema 4,Point(-97.793779 30.233758),,,"former movie theater in Austin, Texas, United States"
http://www.wikidata.org/entity/Q42298507,Lakehills Cinema 4,Point(-97.793779 30.233758),,,"former movie theater in Austin, Texas, United States"
http://www.wikidata.org/entity/Q42298507,Lakehills Cinema 4,Point(-97.793779 30.233758),,,"former movie theater in Austin, Texas, United States"
http://www.wikidata.org/entity/Q42298507,Lakehills Cinema 4,Point(-97.793779 30.233758),,,"former movie theater in Austin, Texas, United States"
http://www.wikidata.org/entity/Q42298507,Lakehills Cinema 4,Point(-97.793779 30.233758),,,"former movie theater in Austin, Texas, United States"
http://www.wikidata.org/entity/Q42298507,Lakehills Cinema 4,Point(-97.793779 30.233758),,,"former movie theater in Austin, Texas, United States"
http://www.wikidata.org/entity/Q42298507,Lakehills Cinema 4,Point(-97.793779 30.233758),,,"former movie theater in Austin, Texas, United States"
http://www.wikidata.org/entity/Q42298507,Lakehills Cinema 4,Point(-97.793779 30.233758),,,"former movie theater in Austin, Texas, United States"
http://www.wikidata.org/entity/Q42298507,Lakehills Cinema 4,Point(-97.793779 30.233758),,,"former movie theater in Austin, Texas, United States"
http://www.wikidata.org/entity/Q42298507,Lakehills Cinema 4,Point(-97.793779 30.233758),,,"former movie theater in Austin, Texas, United States"
http://www.wikidata.org/entity/Q42298507,Lakehills Cinema 4,Point(-97.793779 30.233758),,,"former movie theater in Austin, Texas, United States"
http://www.wikidata.org/entity/Q42298507,Lakehills Cinema 4,Point(-97.793779 30.233758),,,"former movie theater in Austin, Texas, United States"
http://www.wikidata.org/entity/Q42298507,Lakehills Cinema 4,Point(-97.793779 30.233758),,,"former movie theater in Austin, Texas, United States"
http://www.wikidata.org/entity/Q42298507,Lakehills Cinema 4,Point(-97.793779 30.233758),,,"former movie theater in Austin, Texas, United States"
http://www.wikidata.org/entity/Q42298507,Lakehills Cinema 4,Point(-97.793779 30.233758),,,"former movie theater in Austin, Texas, United States"
http://www.wikidata.org/entity/Q42298507,Lakehills Cinema 4,Point(-97.793779 30.233758),,,"former movie theater in Austin, Texas, United States"
http://www.wikidata.org/entity/Q42298507,Lakehills Cinema 4,Point(-97.793779 30.233758),,,"former movie theater in Austin, Texas, United States"
http://www.wikidata.org/entity/Q42298507,Lakehills Cinema 4,Point(-97.793779 30.233758),,,"former movie theater in Austin, Texas, United States"
http://www.wikidata.org/entity/Q42298507,Lakehills Cinema 4,Point(-97.793779 30.233758),,,"former movie theater in Austin, Texas, United States"
http://www.wikidata.org/entity/Q42298507,Lakehills Cinema 4,Point(-97.793779 30.233758),,,"former movie theater in Austin, Texas, United States"
http://www.wikidata.org/entity/Q42298507,Lakehills Cinema 4,Point(-97.793779 30.233758),,,"former movie theater in Austin, Texas, United States"
http://www.wikidata.org/entity/Q42298507,Lakehills Cinema 4,Point(-97.793779 30.233758),,,"former movie theater in Austin, Texas, United States"
http://www.wikidata.org/entity/Q42298507,Lakehills Cinema 4,Point(-97.793779 30.233758),,,"former movie theater in Austin, Texas, United States"
http://www.wikidata.org/entity/Q42298507,Lakehills Cinema 4,Point(-97.793779 30.233758),,,"former movie theater in Austin, Texas, United States"
http://www.wikidata.org/entity/Q42298507,Lakehills Cinema 4,Point(-97.793779 30.233758),,,"former movie theater in Austin, Texas, United States"
http://www.wikidata.org/entity/Q42298507,Lakehills Cinema 4,Point(-97.793779 30.233758),,,"former movie theater in Austin, Texas, United States"
http://www.wikidata.org/entity/Q42298507,Lakehills Cinema 4,Point(-97.793779 30.233758),,,"former movie theater in Austin, Texas, United States"
http://www.wikidata.org/entity/Q42298507,Lakehills Cinema 4,Point(-97.793779 30.233758),,,"former movie theater in Austin, Texas, United States"
http://www.wikidata.org/entity/Q42298507,Lakehills Cinema 4,Point(-97.793779 30.233758),,,"former movie theater in Austin, Texas, United States"
http://www.wikidata.org/entity/Q42298507,Lakehills Cinema 4,Point(-97.793779 30.233758),,,"former movie theater in Austin, Texas, United States"
http://www.wikidata.org/entity/Q42298507,Lakehills Cinema 4,Point(-97.793779 30.233758),,,"former movie theater in Austin, Texas, United States"
http://www.wikidata.org/entity/Q42298507,Lakehills Cinema 4,Point(-97.793779 30.233758),,,"former movie theater in Austin, Texas, United States"
http://www.wikidata.org/entity/Q42298507,Lakehills Cinema 4,Point(-97.793779 30.233758),,,"former movie theater in Austin, Texas, United States"
http://www.wikidata.org/entity/Q42298507,Lakehills Cinema 4,Point(-97.793779 30.233758),,,"former movie theater in Austin, Texas, United States"
http://www.wikidata.org/entity/Q42298507,Lakehills Cinema 4,Point(-97.793779 30.233758),,,"former movie theater in Austin, Texas, United States"
http://www.wikidata.org/entity/Q42298507,Lakehills Cinema 4,Point(-97.793779 30.233758),,,"former movie theater in Austin, Texas, United States"
http://www.wikidata.org/entity/Q42298510,Westgate 3,Point(-97.8011141 30.230369),,,"former movie theater in Austin, Texas, United States"
http://www.wikidata.org/entity/Q42298510,Westgate 3,Point(-97.8011141 30.230369),,,"former movie theater in Austin, Texas, United States"
http://www.wikidata.org/entity/Q42298510,Westgate 3,Point(-97.8011141 30.230369),,,"former movie theater in Austin, Texas, United States"
http://www.wikidata.org/entity/Q42298510,Westgate 3,Point(-97.8011141 30.230369),,,"former movie theater in Austin, Texas, United States"
http://www.wikidata.org/entity/Q42298510,Westgate 3,Point(-97.8011141 30.230369),,,"former movie theater in Austin, Texas, United States"
http://www.wikidata.org/entity/Q42298510,Westgate 3,Point(-97.8011141 30.230369),,,"former movie theater in Austin, Texas, United States"
http://www.wikidata.org/entity/Q42298510,Westgate 3,Point(-97.8011141 30.230369),,,"former movie theater in Austin, Texas, United States"
http://www.wikidata.org/entity/Q42298510,Westgate 3,Point(-97.8011141 30.230369),,,"former movie theater in Austin, Texas, United States"
http://www.wikidata.org/entity/Q42298510,Westgate 3,Point(-97.8011141 30.230369),,,"former movie theater in Austin, Texas, United States"
http://www.wikidata.org/entity/Q42298510,Westgate 3,Point(-97.8011141 30.230369),,,"former movie theater in Austin, Texas, United States"
http://www.wikidata.org/entity/Q42298510,Westgate 3,Point(-97.8011141 30.230369),,,"former movie theater in Austin, Texas, United States"
http://www.wikidata.org/entity/Q42298510,Westgate 3,Point(-97.8011141 30.230369),,,"former movie theater in Austin, Texas, United States"
http://www.wikidata.org/entity/Q42298510,Westgate 3,Point(-97.8011141 30.230369),,,"former movie theater in Austin, Texas, United States"
http://www.wikidata.org/entity/Q42298510,Westgate 3,Point(-97.8011141 30.230369),,,"former movie theater in Austin, Texas, United States"
http://www.wikidata.org/entity/Q42298510,Westgate 3,Point(-97.8011141 30.230369),,,"former movie theater in Austin, Texas, United States"
http://www.wikidata.org/entity/Q42298510,Westgate 3,Point(-97.8011141 30.230369),,,"former movie theater in Austin, Texas, United States"
http://www.wikidata.org/entity/Q42298510,Westgate 3,Point(-97.8011141 30.230369),,,"former movie theater in Austin, Texas, United States"
http://www.wikidata.org/entity/Q42298510,Westgate 3,Point(-97.8011141 30.230369),,,"former movie theater in Austin, Texas, United States"
http://www.wikidata.org/entity/Q42298510,Westgate 3,Point(-97.8011141 30.230369),,,"former movie theater in Austin, Texas, United States"
http://www.wikidata.org/entity/Q42298510,Westgate 3,Point(-97.8011141 30.230369),,,"former movie theater in Austin, Texas, United States"
http://www.wikidata.org/entity/Q42298510,Westgate 3,Point(-97.8011141 30.230369),,,"former movie theater in Austin, Texas, United States"
http://www.wikidata.org/entity/Q42298510,Westgate 3,Point(-97.8011141 30.230369),,,"former movie theater in Austin, Texas, United States"
http://www.wikidata.org/entity/Q42298510,Westgate 3,Point(-97.8011141 30.230369),,,"former movie theater in Austin, Texas, United States"
http://www.wikidata.org/entity/Q42298510,Westgate 3,Point(-97.8011141 30.230369),,,"former movie theater in Austin, Texas, United States"
http://www.wikidata.org/entity/Q42298510,Westgate 3,Point(-97.8011141 30.230369),,,"former movie theater in Austin, Texas, United States"
http://www.wikidata.org/entity/Q42298510,Westgate 3,Point(-97.8011141 30.230369),,,"former movie theater in Austin, Texas, United States"
http://www.wikidata.org/entity/Q42298510,Westgate 3,Point(-97.8011141 30.230369),,,"former movie theater in Austin, Texas, United States"
http://www.wikidata.org/entity/Q42298510,Westgate 3,Point(-97.8011141 30.230369),,,"former movie theater in Austin, Texas, United States"
http://www.wikidata.org/entity/Q42298510,Westgate 3,Point(-97.8011141 30.230369),,,"former movie theater in Austin, Texas, United States"
http://www.wikidata.org/entity/Q42298510,Westgate 3,Point(-97.8011141 30.230369),,,"former movie theater in Austin, Texas, United States"
http://www.wikidata.org/entity/Q42298510,Westgate 3,Point(-97.8011141 30.230369),,,"former movie theater in Austin, Texas, United States"
http://www.wikidata.org/entity/Q42298510,Westgate 3,Point(-97.8011141 30.230369),,,"former movie theater in Austin, Texas, United States"
http://www.wikidata.org/entity/Q42298510,Westgate 3,Point(-97.8011141 30.230369),,,"former movie theater in Austin, Texas, United States"
http://www.wikidata.org/entity/Q42298510,Westgate 3,Point(-97.8011141 30.230369),,,"former movie theater in Austin, Texas, United States"
http://www.wikidata.org/entity/Q42298510,Westgate 3,Point(-97.8011141 30.230369),,,"former movie theater in Austin, Texas, United States"
http://www.wikidata.org/entity/Q42298510,Westgate 3,Point(-97.8011141 30.230369),,,"former movie theater in Austin, Texas, United States"
http://www.wikidata.org/entity/Q42298510,Westgate 3,Point(-97.8011141 30.230369),,,"former movie theater in Austin, Texas, United States"
http://www.wikidata.org/entity/Q42298511,Regal Westgate,Point(-97.8025662 30.23164),,https://www.regmovies.com/theatres/regal-westgate/0953,"movie theater in Austin, Texas, United States"
http://www.wikidata.org/entity/Q42298511,Regal Westgate,Point(-97.8025662 30.23164),,https://www.regmovies.com/theatres/regal-westgate/0953,"movie theater in Austin, Texas, United States"
http://www.wikidata.org/entity/Q42298511,Regal Westgate,Point(-97.8025662 30.23164),,https://www.regmovies.com/theatres/regal-westgate/0953,"movie theater in Austin, Texas, United States"
http://www.wikidata.org/entity/Q42298511,Regal Westgate,Point(-97.8025662 30.23164),,https://www.regmovies.com/theatres/regal-westgate/0953,"movie theater in Austin, Texas, United States"
http://www.wikidata.org/entity/Q42298511,Regal Westgate,Point(-97.8025662 30.23164),,https://www.regmovies.com/theatres/regal-westgate/0953,"movie theater in Austin, Texas, United States"
http://www.wikidata.org/entity/Q42298511,Regal Westgate,Point(-97.8025662 30.23164),,https://www.regmovies.com/theatres/regal-westgate/0953,"movie theater in Austin, Texas, United States"
http://www.wikidata.org/entity/Q42298511,Regal Westgate,Point(-97.8025662 30.23164),,https://www.regmovies.com/theatres/regal-westgate/0953,"movie theater in Austin, Texas, United States"
http://www.wikidata.org/entity/Q42298511,Regal Westgate,Point(-97.8025662 30.23164),,https://www.regmovies.com/theatres/regal-westgate/0953,"movie theater in Austin, Texas, United States"
http://www.wikidata.org/entity/Q42298511,Regal Westgate,Point(-97.8025662 30.23164),,https://www.regmovies.com/theatres/regal-westgate/0953,"movie theater in Austin, Texas, United States"
http://www.wikidata.org/entity/Q42298511,Regal Westgate,Point(-97.8025662 30.23164),,https://www.regmovies.com/theatres/regal-westgate/0953,"movie theater in Austin, Texas, United States"
http://www.wikidata.org/entity/Q42298511,Regal Westgate,Point(-97.8025662 30.23164),,https://www.regmovies.com/theatres/regal-westgate/0953,"movie theater in Austin, Texas, United States"
http://www.wikidata.org/entity/Q42298511,Regal Westgate,Point(-97.8025662 30.23164),,https://www.regmovies.com/theatres/regal-westgate/0953,"movie theater in Austin, Texas, United States"
http://www.wikidata.org/entity/Q42298511,Regal Westgate,Point(-97.8025662 30.23164),,https://www.regmovies.com/theatres/regal-westgate/0953,"movie theater in Austin, Texas, United States"
http://www.wikidata.org/entity/Q42298511,Regal Westgate,Point(-97.8025662 30.23164),,https://www.regmovies.com/theatres/regal-westgate/0953,"movie theater in Austin, Texas, United States"
http://www.wikidata.org/entity/Q42298511,Regal Westgate,Point(-97.8025662 30.23164),,https://www.regmovies.com/theatres/regal-westgate/0953,"movie theater in Austin, Texas, United States"
http://www.wikidata.org/entity/Q42298511,Regal Westgate,Point(-97.8025662 30.23164),,https://www.regmovies.com/theatres/regal-westgate/0953,"movie theater in Austin, Texas, United States"
http://www.wikidata.org/entity/Q42298511,Regal Westgate,Point(-97.8025662 30.23164),,https://www.regmovies.com/theatres/regal-westgate/0953,"movie theater in Austin, Texas, United States"
http://www.wikidata.org/entity/Q42298511,Regal Westgate,Point(-97.8025662 30.23164),,https://www.regmovies.com/theatres/regal-westgate/0953,"movie theater in Austin, Texas, United States"
http://www.wikidata.org/entity/Q42298511,Regal Westgate,Point(-97.8025662 30.23164),,https://www.regmovies.com/theatres/regal-westgate/0953,"movie theater in Austin, Texas, United States"
http://www.wikidata.org/entity/Q42298511,Regal Westgate,Point(-97.8025662 30.23164),,https://www.regmovies.com/theatres/regal-westgate/0953,"movie theater in Austin, Texas, United States"
http://www.wikidata.org/entity/Q42298511,Regal Westgate,Point(-97.8025662 30.23164),,https://www.regmovies.com/theatres/regal-westgate/0953,"movie theater in Austin, Texas, United States"
http://www.wikidata.org/entity/Q42298511,Regal Westgate,Point(-97.8025662 30.23164),,https://www.regmovies.com/theatres/regal-westgate/0953,"movie theater in Austin, Texas, United States"
http://www.wikidata.org/entity/Q42298511,Regal Westgate,Point(-97.8025662 30.23164),,https://www.regmovies.com/theatres/regal-westgate/0953,"movie theater in Austin, Texas, United States"
http://www.wikidata.org/entity/Q42298511,Regal Westgate,Point(-97.8025662 30.23164),,https://www.regmovies.com/theatres/regal-westgate/0953,"movie theater in Austin, Texas, United States"
http://www.wikidata.org/entity/Q42298511,Regal Westgate,Point(-97.8025662 30.23164),,https://www.regmovies.com/theatres/regal-westgate/0953,"movie theater in Austin, Texas, United States"
http://www.wikidata.org/entity/Q42298511,Regal Westgate,Point(-97.8025662 30.23164),,https://www.regmovies.com/theatres/regal-westgate/0953,"movie theater in Austin, Texas, United States"
http://www.wikidata.org/entity/Q42298511,Regal Westgate,Point(-97.8025662 30.23164),,https://www.regmovies.com/theatres/regal-westgate/0953,"movie theater in Austin, Texas, United States"
http://www.wikidata.org/entity/Q42298511,Regal Westgate,Point(-97.8025662 30.23164),,https://www.regmovies.com/theatres/regal-westgate/0953,"movie theater in Austin, Texas, United States"
http://www.wikidata.org/entity/Q42298511,Regal Westgate,Point(-97.8025662 30.23164),,https://www.regmovies.com/theatres/regal-westgate/0953,"movie theater in Austin, Texas, United States"
http://www.wikidata.org/entity/Q42298511,Regal Westgate,Point(-97.8025662 30.23164),,https://www.regmovies.com/theatres/regal-westgate/0953,"movie theater in Austin, Texas, United States"
http://www.wikidata.org/entity/Q42298511,Regal Westgate,Point(-97.8025662 30.23164),,https://www.regmovies.com/theatres/regal-westgate/0953,"movie theater in Austin, Texas, United States"
http://www.wikidata.org/entity/Q42298511,Regal Westgate,Point(-97.8025662 30.23164),,https://www.regmovies.com/theatres/regal-westgate/0953,"movie theater in Austin, Texas, United States"
http://www.wikidata.org/entity/Q42298511,Regal Westgate,Point(-97.8025662 30.23164),,https://www.regmovies.com/theatres/regal-westgate/0953,"movie theater in Austin, Texas, United States"
http://www.wikidata.org/entity/Q42298511,Regal Westgate,Point(-97.8025662 30.23164),,https://www.regmovies.com/theatres/regal-westgate/0953,"movie theater in Austin, Texas, United States"
http://www.wikidata.org/entity/Q42298511,Regal Westgate,Point(-97.8025662 30.23164),,https://www.regmovies.com/theatres/regal-westgate/0953,"movie theater in Austin, Texas, United States"
http://www.wikidata.org/entity/Q42298511,Regal Westgate,Point(-97.8025662 30.23164),,https://www.regmovies.com/theatres/regal-westgate/0953,"movie theater in Austin, Texas, United States"
http://www.wikidata.org/entity/Q42298511,Regal Westgate,Point(-97.8025662 30.23164),,https://www.regmovies.com/theatres/regal-westgate/0953,"movie theater in Austin, Texas, United States"
http://www.wikidata.org/entity/Q42298508,Southwood Theatre,Point(-97.783296 30.226452),,,"former movie theater in Austin, Texas, United States"
http://www.wikidata.org/entity/Q42298508,Southwood Theatre,Point(-97.783296 30.226452),,,"former movie theater in Austin, Texas, United States"
http://www.wikidata.org/entity/Q42298508,Southwood Theatre,Point(-97.783296 30.226452),,,"former movie theater in Austin, Texas, United States"
http://www.wikidata.org/entity/Q42298508,Southwood Theatre,Point(-97.783296 30.226452),,,"former movie theater in Austin, Texas, United States"
http://www.wikidata.org/entity/Q42298508,Southwood Theatre,Point(-97.783296 30.226452),,,"former movie theater in Austin, Texas, United States"
http://www.wikidata.org/entity/Q42298508,Southwood Theatre,Point(-97.783296 30.226452),,,"former movie theater in Austin, Texas, United States"
http://www.wikidata.org/entity/Q42298508,Southwood Theatre,Point(-97.783296 30.226452),,,"former movie theater in Austin, Texas, United States"
http://www.wikidata.org/entity/Q42298508,Southwood Theatre,Point(-97.783296 30.226452),,,"former movie theater in Austin, Texas, United States"
http://www.wikidata.org/entity/Q42298508,Southwood Theatre,Point(-97.783296 30.226452),,,"former movie theater in Austin, Texas, United States"
http://www.wikidata.org/entity/Q42298508,Southwood Theatre,Point(-97.783296 30.226452),,,"former movie theater in Austin, Texas, United States"
http://www.wikidata.org/entity/Q42298508,Southwood Theatre,Point(-97.783296 30.226452),,,"former movie theater in Austin, Texas, United States"
http://www.wikidata.org/entity/Q42298508,Southwood Theatre,Point(-97.783296 30.226452),,,"former movie theater in Austin, Texas, United States"
http://www.wikidata.org/entity/Q42298508,Southwood Theatre,Point(-97.783296 30.226452),,,"former movie theater in Austin, Texas, United States"
http://www.wikidata.org/entity/Q42298508,Southwood Theatre,Point(-97.783296 30.226452),,,"former movie theater in Austin, Texas, United States"
http://www.wikidata.org/entity/Q42298508,Southwood Theatre,Point(-97.783296 30.226452),,,"former movie theater in Austin, Texas, United States"
http://www.wikidata.org/entity/Q42298508,Southwood Theatre,Point(-97.783296 30.226452),,,"former movie theater in Austin, Texas, United States"
http://www.wikidata.org/entity/Q42298508,Southwood Theatre,Point(-97.783296 30.226452),,,"former movie theater in Austin, Texas, United States"
http://www.wikidata.org/entity/Q42298508,Southwood Theatre,Point(-97.783296 30.226452),,,"former movie theater in Austin, Texas, United States"
http://www.wikidata.org/entity/Q42298508,Southwood Theatre,Point(-97.783296 30.226452),,,"former movie theater in Austin, Texas, United States"
http://www.wikidata.org/entity/Q42298508,Southwood Theatre,Point(-97.783296 30.226452),,,"former movie theater in Austin, Texas, United States"
http://www.wikidata.org/entity/Q42298508,Southwood Theatre,Point(-97.783296 30.226452),,,"former movie theater in Austin, Texas, United States"
http://www.wikidata.org/entity/Q42298508,Southwood Theatre,Point(-97.783296 30.226452),,,"former movie theater in Austin, Texas, United States"
http://www.wikidata.org/entity/Q42298508,Southwood Theatre,Point(-97.783296 30.226452),,,"former movie theater in Austin, Texas, United States"
http://www.wikidata.org/entity/Q42298508,Southwood Theatre,Point(-97.783296 30.226452),,,"former movie theater in Austin, Texas, United States"
http://www.wikidata.org/entity/Q42298508,Southwood Theatre,Point(-97.783296 30.226452),,,"former movie theater in Austin, Texas, United States"
http://www.wikidata.org/entity/Q42298508,Southwood Theatre,Point(-97.783296 30.226452),,,"former movie theater in Austin, Texas, United States"
http://www.wikidata.org/entity/Q42298508,Southwood Theatre,Point(-97.783296 30.226452),,,"former movie theater in Austin, Texas, United States"
http://www.wikidata.org/entity/Q42298508,Southwood Theatre,Point(-97.783296 30.226452),,,"former movie theater in Austin, Texas, United States"
http://www.wikidata.org/entity/Q42298508,Southwood Theatre,Point(-97.783296 30.226452),,,"former movie theater in Austin, Texas, United States"
http://www.wikidata.org/entity/Q42298508,Southwood Theatre,Point(-97.783296 30.226452),,,"former movie theater in Austin, Texas, United States"
http://www.wikidata.org/entity/Q42298508,Southwood Theatre,Point(-97.783296 30.226452),,,"former movie theater in Austin, Texas, United States"
http://www.wikidata.org/entity/Q42298508,Southwood Theatre,Point(-97.783296 30.226452),,,"former movie theater in Austin, Texas, United States"
http://www.wikidata.org/entity/Q42298508,Southwood Theatre,Point(-97.783296 30.226452),,,"former movie theater in Austin, Texas, United States"
http://www.wikidata.org/entity/Q42298508,Southwood Theatre,Point(-97.783296 30.226452),,,"former movie theater in Austin, Texas, United States"
http://www.wikidata.org/entity/Q42298508,Southwood Theatre,Point(-97.783296 30.226452),,,"former movie theater in Austin, Texas, United States"
http://www.wikidata.org/entity/Q42298508,Southwood Theatre,Point(-97.783296 30.226452),,,"former movie theater in Austin, Texas, United States"
http://www.wikidata.org/entity/Q42298508,Southwood Theatre,Point(-97.783296 30.226452),,,"former movie theater in Austin, Texas, United States"
http://www.wikidata.org/entity/Q42298509,Metropolitan Stadium 14,Point(-97.7696011 30.1980285),,http://www.regalcinemas.com,"movie theater in Austin, Texas, United States"
http://www.wikidata.org/entity/Q42298509,Metropolitan Stadium 14,Point(-97.7696011 30.1980285),,http://www.regalcinemas.com,"movie theater in Austin, Texas, United States"
http://www.wikidata.org/entity/Q42298509,Metropolitan Stadium 14,Point(-97.7696011 30.1980285),,http://www.regalcinemas.com,"movie theater in Austin, Texas, United States"
http://www.wikidata.org/entity/Q42298509,Metropolitan Stadium 14,Point(-97.7696011 30.1980285),,http://www.regalcinemas.com,"movie theater in Austin, Texas, United States"
http://www.wikidata.org/entity/Q42298509,Metropolitan Stadium 14,Point(-97.7696011 30.1980285),,http://www.regalcinemas.com,"movie theater in Austin, Texas, United States"
http://www.wikidata.org/entity/Q42298509,Metropolitan Stadium 14,Point(-97.7696011 30.1980285),,http://www.regalcinemas.com,"movie theater in Austin, Texas, United States"
http://www.wikidata.org/entity/Q42298509,Metropolitan Stadium 14,Point(-97.7696011 30.1980285),,http://www.regalcinemas.com,"movie theater in Austin, Texas, United States"
http://www.wikidata.org/entity/Q42298509,Metropolitan Stadium 14,Point(-97.7696011 30.1980285),,http://www.regalcinemas.com,"movie theater in Austin, Texas, United States"
http://www.wikidata.org/entity/Q42298509,Metropolitan Stadium 14,Point(-97.7696011 30.1980285),,http://www.regalcinemas.com,"movie theater in Austin, Texas, United States"
http://www.wikidata.org/entity/Q42298509,Metropolitan Stadium 14,Point(-97.7696011 30.1980285),,http://www.regalcinemas.com,"movie theater in Austin, Texas, United States"
http://www.wikidata.org/entity/Q42298509,Metropolitan Stadium 14,Point(-97.7696011 30.1980285),,http://www.regalcinemas.com,"movie theater in Austin, Texas, United States"
http://www.wikidata.org/entity/Q42298509,Metropolitan Stadium 14,Point(-97.7696011 30.1980285),,http://www.regalcinemas.com,"movie theater in Austin, Texas, United States"
http://www.wikidata.org/entity/Q42298509,Metropolitan Stadium 14,Point(-97.7696011 30.1980285),,http://www.regalcinemas.com,"movie theater in Austin, Texas, United States"
http://www.wikidata.org/entity/Q42298509,Metropolitan Stadium 14,Point(-97.7696011 30.1980285),,http://www.regalcinemas.com,"movie theater in Austin, Texas, United States"
http://www.wikidata.org/entity/Q42298509,Metropolitan Stadium 14,Point(-97.7696011 30.1980285),,http://www.regalcinemas.com,"movie theater in Austin, Texas, United States"
http://www.wikidata.org/entity/Q42298509,Metropolitan Stadium 14,Point(-97.7696011 30.1980285),,http://www.regalcinemas.com,"movie theater in Austin, Texas, United States"
http://www.wikidata.org/entity/Q42298509,Metropolitan Stadium 14,Point(-97.7696011 30.1980285),,http://www.regalcinemas.com,"movie theater in Austin, Texas, United States"
http://www.wikidata.org/entity/Q42298509,Metropolitan Stadium 14,Point(-97.7696011 30.1980285),,http://www.regalcinemas.com,"movie theater in Austin, Texas, United States"
http://www.wikidata.org/entity/Q42298509,Metropolitan Stadium 14,Point(-97.7696011 30.1980285),,http://www.regalcinemas.com,"movie theater in Austin, Texas, United States"
http://www.wikidata.org/entity/Q42298509,Metropolitan Stadium 14,Point(-97.7696011 30.1980285),,http://www.regalcinemas.com,"movie theater in Austin, Texas, United States"
http://www.wikidata.org/entity/Q42298509,Metropolitan Stadium 14,Point(-97.7696011 30.1980285),,http://www.regalcinemas.com,"movie theater in Austin, Texas, United States"
http://www.wikidata.org/entity/Q42298509,Metropolitan Stadium 14,Point(-97.7696011 30.1980285),,http://www.regalcinemas.com,"movie theater in Austin, Texas, United States"
http://www.wikidata.org/entity/Q42298509,Metropolitan Stadium 14,Point(-97.7696011 30.1980285),,http://www.regalcinemas.com,"movie theater in Austin, Texas, United States"
http://www.wikidata.org/entity/Q42298509,Metropolitan Stadium 14,Point(-97.7696011 30.1980285),,http://www.regalcinemas.com,"movie theater in Austin, Texas, United States"
http://www.wikidata.org/entity/Q42298509,Metropolitan Stadium 14,Point(-97.7696011 30.1980285),,http://www.regalcinemas.com,"movie theater in Austin, Texas, United States"
http://www.wikidata.org/entity/Q42298509,Metropolitan Stadium 14,Point(-97.7696011 30.1980285),,http://www.regalcinemas.com,"movie theater in Austin, Texas, United States"
http://www.wikidata.org/entity/Q42298509,Metropolitan Stadium 14,Point(-97.7696011 30.1980285),,http://www.regalcinemas.com,"movie theater in Austin, Texas, United States"
http://www.wikidata.org/entity/Q42298509,Metropolitan Stadium 14,Point(-97.7696011 30.1980285),,http://www.regalcinemas.com,"movie theater in Austin, Texas, United States"
http://www.wikidata.org/entity/Q42298509,Metropolitan Stadium 14,Point(-97.7696011 30.1980285),,http://www.regalcinemas.com,"movie theater in Austin, Texas, United States"
http://www.wikidata.org/entity/Q42298509,Metropolitan Stadium 14,Point(-97.7696011 30.1980285),,http://www.regalcinemas.com,"movie theater in Austin, Texas, United States"
http://www.wikidata.org/entity/Q42298509,Metropolitan Stadium 14,Point(-97.7696011 30.1980285),,http://www.regalcinemas.com,"movie theater in Austin, Texas, United States"
http://www.wikidata.org/entity/Q42298509,Metropolitan Stadium 14,Point(-97.7696011 30.1980285),,http://www.regalcinemas.com,"movie theater in Austin, Texas, United States"
http://www.wikidata.org/entity/Q42298509,Metropolitan Stadium 14,Point(-97.7696011 30.1980285),,http://www.regalcinemas.com,"movie theater in Austin, Texas, United States"
http://www.wikidata.org/entity/Q42298509,Metropolitan Stadium 14,Point(-97.7696011 30.1980285),,http://www.regalcinemas.com,"movie theater in Austin, Texas, United States"
http://www.wikidata.org/entity/Q42298509,Metropolitan Stadium 14,Point(-97.7696011 30.1980285),,http://www.regalcinemas.com,"movie theater in Austin, Texas, United States"
http://www.wikidata.org/entity/Q42298509,Metropolitan Stadium 14,Point(-97.7696011 30.1980285),,http://www.regalcinemas.com,"movie theater in Austin, Texas, United States"
http://www.wikidata.org/entity/Q42298509,Metropolitan Stadium 14,Point(-97.7696011 30.1980285),,http://www.regalcinemas.com,"movie theater in Austin, Texas, United States"
http://www.wikidata.org/entity/Q42298514,Varsity Theater,Point(-97.741715 30.287892),,,"former movie theater in Austin, Texas, United States"
http://www.wikidata.org/entity/Q42298514,Varsity Theater,Point(-97.741715 30.287892),,,"former movie theater in Austin, Texas, United States"
http://www.wikidata.org/entity/Q42298514,Varsity Theater,Point(-97.741715 30.287892),,,"former movie theater in Austin, Texas, United States"
http://www.wikidata.org/entity/Q42298514,Varsity Theater,Point(-97.741715 30.287892),,,"former movie theater in Austin, Texas, United States"
http://www.wikidata.org/entity/Q42298514,Varsity Theater,Point(-97.741715 30.287892),,,"former movie theater in Austin, Texas, United States"
http://www.wikidata.org/entity/Q42298514,Varsity Theater,Point(-97.741715 30.287892),,,"former movie theater in Austin, Texas, United States"
http://www.wikidata.org/entity/Q42298514,Varsity Theater,Point(-97.741715 30.287892),,,"former movie theater in Austin, Texas, United States"
http://www.wikidata.org/entity/Q42298514,Varsity Theater,Point(-97.741715 30.287892),,,"former movie theater in Austin, Texas, United States"
http://www.wikidata.org/entity/Q42298514,Varsity Theater,Point(-97.741715 30.287892),,,"former movie theater in Austin, Texas, United States"
http://www.wikidata.org/entity/Q42298514,Varsity Theater,Point(-97.741715 30.287892),,,"former movie theater in Austin, Texas, United States"
http://www.wikidata.org/entity/Q42298514,Varsity Theater,Point(-97.741715 30.287892),,,"former movie theater in Austin, Texas, United States"
http://www.wikidata.org/entity/Q42298514,Varsity Theater,Point(-97.741715 30.287892),,,"former movie theater in Austin, Texas, United States"
http://www.wikidata.org/entity/Q42298514,Varsity Theater,Point(-97.741715 30.287892),,,"former movie theater in Austin, Texas, United States"
http://www.wikidata.org/entity/Q42298514,Varsity Theater,Point(-97.741715 30.287892),,,"former movie theater in Austin, Texas, United States"
http://www.wikidata.org/entity/Q42298514,Varsity Theater,Point(-97.741715 30.287892),,,"former movie theater in Austin, Texas, United States"
http://www.wikidata.org/entity/Q42298514,Varsity Theater,Point(-97.741715 30.287892),,,"former movie theater in Austin, Texas, United States"
http://www.wikidata.org/entity/Q42298514,Varsity Theater,Point(-97.741715 30.287892),,,"former movie theater in Austin, Texas, United States"
http://www.wikidata.org/entity/Q42298514,Varsity Theater,Point(-97.741715 30.287892),,,"former movie theater in Austin, Texas, United States"
http://www.wikidata.org/entity/Q42298514,Varsity Theater,Point(-97.741715 30.287892),,,"former movie theater in Austin, Texas, United States"
http://www.wikidata.org/entity/Q42298514,Varsity Theater,Point(-97.741715 30.287892),,,"former movie theater in Austin, Texas, United States"
http://www.wikidata.org/entity/Q42298514,Varsity Theater,Point(-97.741715 30.287892),,,"former movie theater in Austin, Texas, United States"
http://www.wikidata.org/entity/Q42298514,Varsity Theater,Point(-97.741715 30.287892),,,"former movie theater in Austin, Texas, United States"
http://www.wikidata.org/entity/Q42298514,Varsity Theater,Point(-97.741715 30.287892),,,"former movie theater in Austin, Texas, United States"
http://www.wikidata.org/entity/Q42298514,Varsity Theater,Point(-97.741715 30.287892),,,"former movie theater in Austin, Texas, United States"
http://www.wikidata.org/entity/Q42298514,Varsity Theater,Point(-97.741715 30.287892),,,"former movie theater in Austin, Texas, United States"
http://www.wikidata.org/entity/Q42298514,Varsity Theater,Point(-97.741715 30.287892),,,"former movie theater in Austin, Texas, United States"
http://www.wikidata.org/entity/Q42298514,Varsity Theater,Point(-97.741715 30.287892),,,"former movie theater in Austin, Texas, United States"
http://www.wikidata.org/entity/Q42298514,Varsity Theater,Point(-97.741715 30.287892),,,"former movie theater in Austin, Texas, United States"
http://www.wikidata.org/entity/Q42298514,Varsity Theater,Point(-97.741715 30.287892),,,"former movie theater in Austin, Texas, United States"
http://www.wikidata.org/entity/Q42298514,Varsity Theater,Point(-97.741715 30.287892),,,"former movie theater in Austin, Texas, United States"
http://www.wikidata.org/entity/Q42298514,Varsity Theater,Point(-97.741715 30.287892),,,"former movie theater in Austin, Texas, United States"
http://www.wikidata.org/entity/Q42298514,Varsity Theater,Point(-97.741715 30.287892),,,"former movie theater in Austin, Texas, United States"
http://www.wikidata.org/entity/Q42298514,Varsity Theater,Point(-97.741715 30.287892),,,"former movie theater in Austin, Texas, United States"
http://www.wikidata.org/entity/Q42298514,Varsity Theater,Point(-97.741715 30.287892),,,"former movie theater in Austin, Texas, United States"
http://www.wikidata.org/entity/Q42298514,Varsity Theater,Point(-97.741715 30.287892),,,"former movie theater in Austin, Texas, United States"
http://www.wikidata.org/entity/Q42298514,Varsity Theater,Point(-97.741715 30.287892),,,"former movie theater in Austin, Texas, United States"
http://www.wikidata.org/entity/Q42298514,Varsity Theater,Point(-97.741715 30.287892),,,"former movie theater in Austin, Texas, United States"
http://www.wikidata.org/entity/Q42298515,Capital Plaza Theater,Point(-97.706435 30.315894),,,"former movie theater in Austin, Texas, United States"
http://www.wikidata.org/entity/Q42298515,Capital Plaza Theater,Point(-97.706435 30.315894),,,"former movie theater in Austin, Texas, United States"
http://www.wikidata.org/entity/Q42298515,Capital Plaza Theater,Point(-97.706435 30.315894),,,"former movie theater in Austin, Texas, United States"
http://www.wikidata.org/entity/Q42298515,Capital Plaza Theater,Point(-97.706435 30.315894),,,"former movie theater in Austin, Texas, United States"
http://www.wikidata.org/entity/Q42298515,Capital Plaza Theater,Point(-97.706435 30.315894),,,"former movie theater in Austin, Texas, United States"
http://www.wikidata.org/entity/Q42298515,Capital Plaza Theater,Point(-97.706435 30.315894),,,"former movie theater in Austin, Texas, United States"
http://www.wikidata.org/entity/Q42298515,Capital Plaza Theater,Point(-97.706435 30.315894),,,"former movie theater in Austin, Texas, United States"
http://www.wikidata.org/entity/Q42298515,Capital Plaza Theater,Point(-97.706435 30.315894),,,"former movie theater in Austin, Texas, United States"
http://www.wikidata.org/entity/Q42298515,Capital Plaza Theater,Point(-97.706435 30.315894),,,"former movie theater in Austin, Texas, United States"
http://www.wikidata.org/entity/Q42298515,Capital Plaza Theater,Point(-97.706435 30.315894),,,"former movie theater in Austin, Texas, United States"
http://www.wikidata.org/entity/Q42298515,Capital Plaza Theater,Point(-97.706435 30.315894),,,"former movie theater in Austin, Texas, United States"
http://www.wikidata.org/entity/Q42298515,Capital Plaza Theater,Point(-97.706435 30.315894),,,"former movie theater in Austin, Texas, United States"
http://www.wikidata.org/entity/Q42298515,Capital Plaza Theater,Point(-97.706435 30.315894),,,"former movie theater in Austin, Texas, United States"
http://www.wikidata.org/entity/Q42298515,Capital Plaza Theater,Point(-97.706435 30.315894),,,"former movie theater in Austin, Texas, United States"
http://www.wikidata.org/entity/Q42298515,Capital Plaza Theater,Point(-97.706435 30.315894),,,"former movie theater in Austin, Texas, United States"
http://www.wikidata.org/entity/Q42298515,Capital Plaza Theater,Point(-97.706435 30.315894),,,"former movie theater in Austin, Texas, United States"
http://www.wikidata.org/entity/Q42298515,Capital Plaza Theater,Point(-97.706435 30.315894),,,"former movie theater in Austin, Texas, United States"
http://www.wikidata.org/entity/Q42298515,Capital Plaza Theater,Point(-97.706435 30.315894),,,"former movie theater in Austin, Texas, United States"
http://www.wikidata.org/entity/Q42298515,Capital Plaza Theater,Point(-97.706435 30.315894),,,"former movie theater in Austin, Texas, United States"
http://www.wikidata.org/entity/Q42298515,Capital Plaza Theater,Point(-97.706435 30.315894),,,"former movie theater in Austin, Texas, United States"
http://www.wikidata.org/entity/Q42298515,Capital Plaza Theater,Point(-97.706435 30.315894),,,"former movie theater in Austin, Texas, United States"
http://www.wikidata.org/entity/Q42298515,Capital Plaza Theater,Point(-97.706435 30.315894),,,"former movie theater in Austin, Texas, United States"
http://www.wikidata.org/entity/Q42298515,Capital Plaza Theater,Point(-97.706435 30.315894),,,"former movie theater in Austin, Texas, United States"
http://www.wikidata.org/entity/Q42298515,Capital Plaza Theater,Point(-97.706435 30.315894),,,"former movie theater in Austin, Texas, United States"
http://www.wikidata.org/entity/Q42298515,Capital Plaza Theater,Point(-97.706435 30.315894),,,"former movie theater in Austin, Texas, United States"
http://www.wikidata.org/entity/Q42298515,Capital Plaza Theater,Point(-97.706435 30.315894),,,"former movie theater in Austin, Texas, United States"
http://www.wikidata.org/entity/Q42298515,Capital Plaza Theater,Point(-97.706435 30.315894),,,"former movie theater in Austin, Texas, United States"
http://www.wikidata.org/entity/Q42298515,Capital Plaza Theater,Point(-97.706435 30.315894),,,"former movie theater in Austin, Texas, United States"
http://www.wikidata.org/entity/Q42298515,Capital Plaza Theater,Point(-97.706435 30.315894),,,"former movie theater in Austin, Texas, United States"
http://www.wikidata.org/entity/Q42298515,Capital Plaza Theater,Point(-97.706435 30.315894),,,"former movie theater in Austin, Texas, United States"
http://www.wikidata.org/entity/Q42298515,Capital Plaza Theater,Point(-97.706435 30.315894),,,"former movie theater in Austin, Texas, United States"
http://www.wikidata.org/entity/Q42298515,Capital Plaza Theater,Point(-97.706435 30.315894),,,"former movie theater in Austin, Texas, United States"
http://www.wikidata.org/entity/Q42298515,Capital Plaza Theater,Point(-97.706435 30.315894),,,"former movie theater in Austin, Texas, United States"
http://www.wikidata.org/entity/Q42298515,Capital Plaza Theater,Point(-97.706435 30.315894),,,"former movie theater in Austin, Texas, United States"
http://www.wikidata.org/entity/Q42298515,Capital Plaza Theater,Point(-97.706435 30.315894),,,"former movie theater in Austin, Texas, United States"
http://www.wikidata.org/entity/Q42298515,Capital Plaza Theater,Point(-97.706435 30.315894),,,"former movie theater in Austin, Texas, United States"
http://www.wikidata.org/entity/Q42298515,Capital Plaza Theater,Point(-97.706435 30.315894),,,"former movie theater in Austin, Texas, United States"
http://www.wikidata.org/entity/Q42298512,Dobie Theatre,Point(-97.741791 30.283295),,,"former movie theater in Austin, Texas, United States"
http://www.wikidata.org/entity/Q42298512,Dobie Theatre,Point(-97.741791 30.283295),,,"former movie theater in Austin, Texas, United States"
http://www.wikidata.org/entity/Q42298512,Dobie Theatre,Point(-97.741791 30.283295),,,"former movie theater in Austin, Texas, United States"
http://www.wikidata.org/entity/Q42298512,Dobie Theatre,Point(-97.741791 30.283295),,,"former movie theater in Austin, Texas, United States"
http://www.wikidata.org/entity/Q42298512,Dobie Theatre,Point(-97.741791 30.283295),,,"former movie theater in Austin, Texas, United States"
http://www.wikidata.org/entity/Q42298512,Dobie Theatre,Point(-97.741791 30.283295),,,"former movie theater in Austin, Texas, United States"
http://www.wikidata.org/entity/Q42298512,Dobie Theatre,Point(-97.741791 30.283295),,,"former movie theater in Austin, Texas, United States"
http://www.wikidata.org/entity/Q42298512,Dobie Theatre,Point(-97.741791 30.283295),,,"former movie theater in Austin, Texas, United States"
http://www.wikidata.org/entity/Q42298512,Dobie Theatre,Point(-97.741791 30.283295),,,"former movie theater in Austin, Texas, United States"
http://www.wikidata.org/entity/Q42298512,Dobie Theatre,Point(-97.741791 30.283295),,,"former movie theater in Austin, Texas, United States"
http://www.wikidata.org/entity/Q42298512,Dobie Theatre,Point(-97.741791 30.283295),,,"former movie theater in Austin, Texas, United States"
http://www.wikidata.org/entity/Q42298512,Dobie Theatre,Point(-97.741791 30.283295),,,"former movie theater in Austin, Texas, United States"
http://www.wikidata.org/entity/Q42298512,Dobie Theatre,Point(-97.741791 30.283295),,,"former movie theater in Austin, Texas, United States"
http://www.wikidata.org/entity/Q42298512,Dobie Theatre,Point(-97.741791 30.283295),,,"former movie theater in Austin, Texas, United States"
http://www.wikidata.org/entity/Q42298512,Dobie Theatre,Point(-97.741791 30.283295),,,"former movie theater in Austin, Texas, United States"
http://www.wikidata.org/entity/Q42298512,Dobie Theatre,Point(-97.741791 30.283295),,,"former movie theater in Austin, Texas, United States"
http://www.wikidata.org/entity/Q42298512,Dobie Theatre,Point(-97.741791 30.283295),,,"former movie theater in Austin, Texas, United States"
http://www.wikidata.org/entity/Q42298512,Dobie Theatre,Point(-97.741791 30.283295),,,"former movie theater in Austin, Texas, United States"
http://www.wikidata.org/entity/Q42298512,Dobie Theatre,Point(-97.741791 30.283295),,,"former movie theater in Austin, Texas, United States"
http://www.wikidata.org/entity/Q42298512,Dobie Theatre,Point(-97.741791 30.283295),,,"former movie theater in Austin, Texas, United States"
http://www.wikidata.org/entity/Q42298512,Dobie Theatre,Point(-97.741791 30.283295),,,"former movie theater in Austin, Texas, United States"
http://www.wikidata.org/entity/Q42298512,Dobie Theatre,Point(-97.741791 30.283295),,,"former movie theater in Austin, Texas, United States"
http://www.wikidata.org/entity/Q42298512,Dobie Theatre,Point(-97.741791 30.283295),,,"former movie theater in Austin, Texas, United States"
http://www.wikidata.org/entity/Q42298512,Dobie Theatre,Point(-97.741791 30.283295),,,"former movie theater in Austin, Texas, United States"
http://www.wikidata.org/entity/Q42298512,Dobie Theatre,Point(-97.741791 30.283295),,,"former movie theater in Austin, Texas, United States"
http://www.wikidata.org/entity/Q42298512,Dobie Theatre,Point(-97.741791 30.283295),,,"former movie theater in Austin, Texas, United States"
http://www.wikidata.org/entity/Q42298512,Dobie Theatre,Point(-97.741791 30.283295),,,"former movie theater in Austin, Texas, United States"
http://www.wikidata.org/entity/Q42298512,Dobie Theatre,Point(-97.741791 30.283295),,,"former movie theater in Austin, Texas, United States"
http://www.wikidata.org/entity/Q42298512,Dobie Theatre,Point(-97.741791 30.283295),,,"former movie theater in Austin, Texas, United States"
http://www.wikidata.org/entity/Q42298512,Dobie Theatre,Point(-97.741791 30.283295),,,"former movie theater in Austin, Texas, United States"
http://www.wikidata.org/entity/Q42298512,Dobie Theatre,Point(-97.741791 30.283295),,,"former movie theater in Austin, Texas, United States"
http://www.wikidata.org/entity/Q42298512,Dobie Theatre,Point(-97.741791 30.283295),,,"former movie theater in Austin, Texas, United States"
http://www.wikidata.org/entity/Q42298512,Dobie Theatre,Point(-97.741791 30.283295),,,"former movie theater in Austin, Texas, United States"
http://www.wikidata.org/entity/Q42298512,Dobie Theatre,Point(-97.741791 30.283295),,,"former movie theater in Austin, Texas, United States"
http://www.wikidata.org/entity/Q42298512,Dobie Theatre,Point(-97.741791 30.283295),,,"former movie theater in Austin, Texas, United States"
http://www.wikidata.org/entity/Q42298512,Dobie Theatre,Point(-97.741791 30.283295),,,"former movie theater in Austin, Texas, United States"
http://www.wikidata.org/entity/Q42298512,Dobie Theatre,Point(-97.741791 30.283295),,,"former movie theater in Austin, Texas, United States"
http://www.wikidata.org/entity/Q42298513,Texas Theater,Point(-97.7420028 30.2855366),,,"former movie theater in Austin, Texas, United States"
http://www.wikidata.org/entity/Q42298513,Texas Theater,Point(-97.7420028 30.2855366),,,"former movie theater in Austin, Texas, United States"
http://www.wikidata.org/entity/Q42298513,Texas Theater,Point(-97.7420028 30.2855366),,,"former movie theater in Austin, Texas, United States"
http://www.wikidata.org/entity/Q42298513,Texas Theater,Point(-97.7420028 30.2855366),,,"former movie theater in Austin, Texas, United States"
http://www.wikidata.org/entity/Q42298513,Texas Theater,Point(-97.7420028 30.2855366),,,"former movie theater in Austin, Texas, United States"
http://www.wikidata.org/entity/Q42298513,Texas Theater,Point(-97.7420028 30.2855366),,,"former movie theater in Austin, Texas, United States"
http://www.wikidata.org/entity/Q42298513,Texas Theater,Point(-97.7420028 30.2855366),,,"former movie theater in Austin, Texas, United States"
http://www.wikidata.org/entity/Q42298513,Texas Theater,Point(-97.7420028 30.2855366),,,"former movie theater in Austin, Texas, United States"
http://www.wikidata.org/entity/Q42298513,Texas Theater,Point(-97.7420028 30.2855366),,,"former movie theater in Austin, Texas, United States"
http://www.wikidata.org/entity/Q42298513,Texas Theater,Point(-97.7420028 30.2855366),,,"former movie theater in Austin, Texas, United States"
http://www.wikidata.org/entity/Q42298513,Texas Theater,Point(-97.7420028 30.2855366),,,"former movie theater in Austin, Texas, United States"
http://www.wikidata.org/entity/Q42298513,Texas Theater,Point(-97.7420028 30.2855366),,,"former movie theater in Austin, Texas, United States"
http://www.wikidata.org/entity/Q42298513,Texas Theater,Point(-97.7420028 30.2855366),,,"former movie theater in Austin, Texas, United States"
http://www.wikidata.org/entity/Q42298513,Texas Theater,Point(-97.7420028 30.2855366),,,"former movie theater in Austin, Texas, United States"
http://www.wikidata.org/entity/Q42298513,Texas Theater,Point(-97.7420028 30.2855366),,,"former movie theater in Austin, Texas, United States"
http://www.wikidata.org/entity/Q42298513,Texas Theater,Point(-97.7420028 30.2855366),,,"former movie theater in Austin, Texas, United States"
http://www.wikidata.org/entity/Q42298513,Texas Theater,Point(-97.7420028 30.2855366),,,"former movie theater in Austin, Texas, United States"
http://www.wikidata.org/entity/Q42298513,Texas Theater,Point(-97.7420028 30.2855366),,,"former movie theater in Austin, Texas, United States"
http://www.wikidata.org/entity/Q42298513,Texas Theater,Point(-97.7420028 30.2855366),,,"former movie theater in Austin, Texas, United States"
http://www.wikidata.org/entity/Q42298513,Texas Theater,Point(-97.7420028 30.2855366),,,"former movie theater in Austin, Texas, United States"
http://www.wikidata.org/entity/Q42298513,Texas Theater,Point(-97.7420028 30.2855366),,,"former movie theater in Austin, Texas, United States"
http://www.wikidata.org/entity/Q42298513,Texas Theater,Point(-97.7420028 30.2855366),,,"former movie theater in Austin, Texas, United States"
http://www.wikidata.org/entity/Q42298513,Texas Theater,Point(-97.7420028 30.2855366),,,"former movie theater in Austin, Texas, United States"
http://www.wikidata.org/entity/Q42298513,Texas Theater,Point(-97.7420028 30.2855366),,,"former movie theater in Austin, Texas, United States"
http://www.wikidata.org/entity/Q42298513,Texas Theater,Point(-97.7420028 30.2855366),,,"former movie theater in Austin, Texas, United States"
http://www.wikidata.org/entity/Q42298513,Texas Theater,Point(-97.7420028 30.2855366),,,"former movie theater in Austin, Texas, United States"
http://www.wikidata.org/entity/Q42298513,Texas Theater,Point(-97.7420028 30.2855366),,,"former movie theater in Austin, Texas, United States"
http://www.wikidata.org/entity/Q42298513,Texas Theater,Point(-97.7420028 30.2855366),,,"former movie theater in Austin, Texas, United States"
http://www.wikidata.org/entity/Q42298513,Texas Theater,Point(-97.7420028 30.2855366),,,"former movie theater in Austin, Texas, United States"
http://www.wikidata.org/entity/Q42298513,Texas Theater,Point(-97.7420028 30.2855366),,,"former movie theater in Austin, Texas, United States"
http://www.wikidata.org/entity/Q42298513,Texas Theater,Point(-97.7420028 30.2855366),,,"former movie theater in Austin, Texas, United States"
http://www.wikidata.org/entity/Q42298513,Texas Theater,Point(-97.7420028 30.2855366),,,"former movie theater in Austin, Texas, United States"
http://www.wikidata.org/entity/Q42298513,Texas Theater,Point(-97.7420028 30.2855366),,,"former movie theater in Austin, Texas, United States"
http://www.wikidata.org/entity/Q42298513,Texas Theater,Point(-97.7420028 30.2855366),,,"former movie theater in Austin, Texas, United States"
http://www.wikidata.org/entity/Q42298513,Texas Theater,Point(-97.7420028 30.2855366),,,"former movie theater in Austin, Texas, United States"
http://www.wikidata.org/entity/Q42298513,Texas Theater,Point(-97.7420028 30.2855366),,,"former movie theater in Austin, Texas, United States"
http://www.wikidata.org/entity/Q42298513,Texas Theater,Point(-97.7420028 30.2855366),,,"former movie theater in Austin, Texas, United States"
http://www.wikidata.org/entity/Q42303650,City Lights Theatres Georgetown 12,Point(-97.690562 30.649737),,http://www.schulmantheatres.com,"movie theater in Georgetown, Texas, United States"
http://www.wikidata.org/entity/Q42303650,City Lights Theatres Georgetown 12,Point(-97.690562 30.649737),,http://www.schulmantheatres.com,"movie theater in Georgetown, Texas, United States"
http://www.wikidata.org/entity/Q42303650,City Lights Theatres Georgetown 12,Point(-97.690562 30.649737),,http://www.schulmantheatres.com,"movie theater in Georgetown, Texas, United States"
http://www.wikidata.org/entity/Q42303650,City Lights Theatres Georgetown 12,Point(-97.690562 30.649737),,http://www.schulmantheatres.com,"movie theater in Georgetown, Texas, United States"
http://www.wikidata.org/entity/Q42303650,City Lights Theatres Georgetown 12,Point(-97.690562 30.649737),,http://www.schulmantheatres.com,"movie theater in Georgetown, Texas, United States"
http://www.wikidata.org/entity/Q42303650,City Lights Theatres Georgetown 12,Point(-97.690562 30.649737),,http://www.schulmantheatres.com,"movie theater in Georgetown, Texas, United States"
http://www.wikidata.org/entity/Q42303650,City Lights Theatres Georgetown 12,Point(-97.690562 30.649737),,http://www.schulmantheatres.com,"movie theater in Georgetown, Texas, United States"
http://www.wikidata.org/entity/Q42303650,City Lights Theatres Georgetown 12,Point(-97.690562 30.649737),,http://www.schulmantheatres.com,"movie theater in Georgetown, Texas, United States"
http://www.wikidata.org/entity/Q42303650,City Lights Theatres Georgetown 12,Point(-97.690562 30.649737),,http://www.schulmantheatres.com,"movie theater in Georgetown, Texas, United States"
http://www.wikidata.org/entity/Q42303650,City Lights Theatres Georgetown 12,Point(-97.690562 30.649737),,http://www.schulmantheatres.com,"movie theater in Georgetown, Texas, United States"
http://www.wikidata.org/entity/Q42303650,City Lights Theatres Georgetown 12,Point(-97.690562 30.649737),,http://www.schulmantheatres.com,"movie theater in Georgetown, Texas, United States"
http://www.wikidata.org/entity/Q42303650,City Lights Theatres Georgetown 12,Point(-97.690562 30.649737),,http://www.schulmantheatres.com,"movie theater in Georgetown, Texas, United States"
http://www.wikidata.org/entity/Q42303650,City Lights Theatres Georgetown 12,Point(-97.690562 30.649737),,http://www.schulmantheatres.com,"movie theater in Georgetown, Texas, United States"
http://www.wikidata.org/entity/Q42303650,City Lights Theatres Georgetown 12,Point(-97.690562 30.649737),,http://www.schulmantheatres.com,"movie theater in Georgetown, Texas, United States"
http://www.wikidata.org/entity/Q42303650,City Lights Theatres Georgetown 12,Point(-97.690562 30.649737),,http://www.schulmantheatres.com,"movie theater in Georgetown, Texas, United States"
http://www.wikidata.org/entity/Q42303650,City Lights Theatres Georgetown 12,Point(-97.690562 30.649737),,http://www.schulmantheatres.com,"movie theater in Georgetown, Texas, United States"
http://www.wikidata.org/entity/Q42303650,City Lights Theatres Georgetown 12,Point(-97.690562 30.649737),,http://www.schulmantheatres.com,"movie theater in Georgetown, Texas, United States"
http://www.wikidata.org/entity/Q42303650,City Lights Theatres Georgetown 12,Point(-97.690562 30.649737),,http://www.schulmantheatres.com,"movie theater in Georgetown, Texas, United States"
http://www.wikidata.org/entity/Q42303650,City Lights Theatres Georgetown 12,Point(-97.690562 30.649737),,http://www.schulmantheatres.com,"movie theater in Georgetown, Texas, United States"
http://www.wikidata.org/entity/Q42303650,City Lights Theatres Georgetown 12,Point(-97.690562 30.649737),,http://www.schulmantheatres.com,"movie theater in Georgetown, Texas, United States"
http://www.wikidata.org/entity/Q42303650,City Lights Theatres Georgetown 12,Point(-97.690562 30.649737),,http://www.schulmantheatres.com,"movie theater in Georgetown, Texas, United States"
http://www.wikidata.org/entity/Q42303650,City Lights Theatres Georgetown 12,Point(-97.690562 30.649737),,http://www.schulmantheatres.com,"movie theater in Georgetown, Texas, United States"
http://www.wikidata.org/entity/Q42303650,City Lights Theatres Georgetown 12,Point(-97.690562 30.649737),,http://www.schulmantheatres.com,"movie theater in Georgetown, Texas, United States"
http://www.wikidata.org/entity/Q42303650,City Lights Theatres Georgetown 12,Point(-97.690562 30.649737),,http://www.schulmantheatres.com,"movie theater in Georgetown, Texas, United States"
http://www.wikidata.org/entity/Q42303650,City Lights Theatres Georgetown 12,Point(-97.690562 30.649737),,http://www.schulmantheatres.com,"movie theater in Georgetown, Texas, United States"
http://www.wikidata.org/entity/Q42303650,City Lights Theatres Georgetown 12,Point(-97.690562 30.649737),,http://www.schulmantheatres.com,"movie theater in Georgetown, Texas, United States"
http://www.wikidata.org/entity/Q42303650,City Lights Theatres Georgetown 12,Point(-97.690562 30.649737),,http://www.schulmantheatres.com,"movie theater in Georgetown, Texas, United States"
http://www.wikidata.org/entity/Q42303650,City Lights Theatres Georgetown 12,Point(-97.690562 30.649737),,http://www.schulmantheatres.com,"movie theater in Georgetown, Texas, United States"
http://www.wikidata.org/entity/Q42303650,City Lights Theatres Georgetown 12,Point(-97.690562 30.649737),,http://www.schulmantheatres.com,"movie theater in Georgetown, Texas, United States"
http://www.wikidata.org/entity/Q42303650,City Lights Theatres Georgetown 12,Point(-97.690562 30.649737),,http://www.schulmantheatres.com,"movie theater in Georgetown, Texas, United States"
http://www.wikidata.org/entity/Q42303650,City Lights Theatres Georgetown 12,Point(-97.690562 30.649737),,http://www.schulmantheatres.com,"movie theater in Georgetown, Texas, United States"
http://www.wikidata.org/entity/Q42303650,City Lights Theatres Georgetown 12,Point(-97.690562 30.649737),,http://www.schulmantheatres.com,"movie theater in Georgetown, Texas, United States"
http://www.wikidata.org/entity/Q42303650,City Lights Theatres Georgetown 12,Point(-97.690562 30.649737),,http://www.schulmantheatres.com,"movie theater in Georgetown, Texas, United States"
http://www.wikidata.org/entity/Q42303650,City Lights Theatres Georgetown 12,Point(-97.690562 30.649737),,http://www.schulmantheatres.com,"movie theater in Georgetown, Texas, United States"
http://www.wikidata.org/entity/Q42303650,City Lights Theatres Georgetown 12,Point(-97.690562 30.649737),,http://www.schulmantheatres.com,"movie theater in Georgetown, Texas, United States"
http://www.wikidata.org/entity/Q42303650,City Lights Theatres Georgetown 12,Point(-97.690562 30.649737),,http://www.schulmantheatres.com,"movie theater in Georgetown, Texas, United States"
http://www.wikidata.org/entity/Q42303650,City Lights Theatres Georgetown 12,Point(-97.690562 30.649737),,http://www.schulmantheatres.com,"movie theater in Georgetown, Texas, United States"
http://www.wikidata.org/entity/Q42303651,Georgetown Palace Theater,Point(-97.6781446 30.6361749),,http://www.thegeorgetownpalace.org,"movie theater in Georgetown, Texas, United States"
http://www.wikidata.org/entity/Q42303651,Georgetown Palace Theater,Point(-97.6781446 30.6361749),,http://www.thegeorgetownpalace.org,"movie theater in Georgetown, Texas, United States"
http://www.wikidata.org/entity/Q42303651,Georgetown Palace Theater,Point(-97.6781446 30.6361749),,http://www.thegeorgetownpalace.org,"movie theater in Georgetown, Texas, United States"
http://www.wikidata.org/entity/Q42303651,Georgetown Palace Theater,Point(-97.6781446 30.6361749),,http://www.thegeorgetownpalace.org,"movie theater in Georgetown, Texas, United States"
http://www.wikidata.org/entity/Q42303651,Georgetown Palace Theater,Point(-97.6781446 30.6361749),,http://www.thegeorgetownpalace.org,"movie theater in Georgetown, Texas, United States"
http://www.wikidata.org/entity/Q42303651,Georgetown Palace Theater,Point(-97.6781446 30.6361749),,http://www.thegeorgetownpalace.org,"movie theater in Georgetown, Texas, United States"
http://www.wikidata.org/entity/Q42303651,Georgetown Palace Theater,Point(-97.6781446 30.6361749),,http://www.thegeorgetownpalace.org,"movie theater in Georgetown, Texas, United States"
http://www.wikidata.org/entity/Q42303651,Georgetown Palace Theater,Point(-97.6781446 30.6361749),,http://www.thegeorgetownpalace.org,"movie theater in Georgetown, Texas, United States"
http://www.wikidata.org/entity/Q42303651,Georgetown Palace Theater,Point(-97.6781446 30.6361749),,http://www.thegeorgetownpalace.org,"movie theater in Georgetown, Texas, United States"
http://www.wikidata.org/entity/Q42303651,Georgetown Palace Theater,Point(-97.6781446 30.6361749),,http://www.thegeorgetownpalace.org,"movie theater in Georgetown, Texas, United States"
http://www.wikidata.org/entity/Q42303651,Georgetown Palace Theater,Point(-97.6781446 30.6361749),,http://www.thegeorgetownpalace.org,"movie theater in Georgetown, Texas, United States"
http://www.wikidata.org/entity/Q42303651,Georgetown Palace Theater,Point(-97.6781446 30.6361749),,http://www.thegeorgetownpalace.org,"movie theater in Georgetown, Texas, United States"
http://www.wikidata.org/entity/Q42303651,Georgetown Palace Theater,Point(-97.6781446 30.6361749),,http://www.thegeorgetownpalace.org,"movie theater in Georgetown, Texas, United States"
http://www.wikidata.org/entity/Q42303651,Georgetown Palace Theater,Point(-97.6781446 30.6361749),,http://www.thegeorgetownpalace.org,"movie theater in Georgetown, Texas, United States"
http://www.wikidata.org/entity/Q42303651,Georgetown Palace Theater,Point(-97.6781446 30.6361749),,http://www.thegeorgetownpalace.org,"movie theater in Georgetown, Texas, United States"
http://www.wikidata.org/entity/Q42303651,Georgetown Palace Theater,Point(-97.6781446 30.6361749),,http://www.thegeorgetownpalace.org,"movie theater in Georgetown, Texas, United States"
http://www.wikidata.org/entity/Q42303651,Georgetown Palace Theater,Point(-97.6781446 30.6361749),,http://www.thegeorgetownpalace.org,"movie theater in Georgetown, Texas, United States"
http://www.wikidata.org/entity/Q42303651,Georgetown Palace Theater,Point(-97.6781446 30.6361749),,http://www.thegeorgetownpalace.org,"movie theater in Georgetown, Texas, United States"
http://www.wikidata.org/entity/Q42303651,Georgetown Palace Theater,Point(-97.6781446 30.6361749),,http://www.thegeorgetownpalace.org,"movie theater in Georgetown, Texas, United States"
http://www.wikidata.org/entity/Q42303651,Georgetown Palace Theater,Point(-97.6781446 30.6361749),,http://www.thegeorgetownpalace.org,"movie theater in Georgetown, Texas, United States"
http://www.wikidata.org/entity/Q42303651,Georgetown Palace Theater,Point(-97.6781446 30.6361749),,http://www.thegeorgetownpalace.org,"movie theater in Georgetown, Texas, United States"
http://www.wikidata.org/entity/Q42303651,Georgetown Palace Theater,Point(-97.6781446 30.6361749),,http://www.thegeorgetownpalace.org,"movie theater in Georgetown, Texas, United States"
http://www.wikidata.org/entity/Q42303651,Georgetown Palace Theater,Point(-97.6781446 30.6361749),,http://www.thegeorgetownpalace.org,"movie theater in Georgetown, Texas, United States"
http://www.wikidata.org/entity/Q42303651,Georgetown Palace Theater,Point(-97.6781446 30.6361749),,http://www.thegeorgetownpalace.org,"movie theater in Georgetown, Texas, United States"
http://www.wikidata.org/entity/Q42303651,Georgetown Palace Theater,Point(-97.6781446 30.6361749),,http://www.thegeorgetownpalace.org,"movie theater in Georgetown, Texas, United States"
http://www.wikidata.org/entity/Q42303651,Georgetown Palace Theater,Point(-97.6781446 30.6361749),,http://www.thegeorgetownpalace.org,"movie theater in Georgetown, Texas, United States"
http://www.wikidata.org/entity/Q42303651,Georgetown Palace Theater,Point(-97.6781446 30.6361749),,http://www.thegeorgetownpalace.org,"movie theater in Georgetown, Texas, United States"
http://www.wikidata.org/entity/Q42303651,Georgetown Palace Theater,Point(-97.6781446 30.6361749),,http://www.thegeorgetownpalace.org,"movie theater in Georgetown, Texas, United States"
http://www.wikidata.org/entity/Q42303651,Georgetown Palace Theater,Point(-97.6781446 30.6361749),,http://www.thegeorgetownpalace.org,"movie theater in Georgetown, Texas, United States"
http://www.wikidata.org/entity/Q42303651,Georgetown Palace Theater,Point(-97.6781446 30.6361749),,http://www.thegeorgetownpalace.org,"movie theater in Georgetown, Texas, United States"
http://www.wikidata.org/entity/Q42303651,Georgetown Palace Theater,Point(-97.6781446 30.6361749),,http://www.thegeorgetownpalace.org,"movie theater in Georgetown, Texas, United States"
http://www.wikidata.org/entity/Q42303651,Georgetown Palace Theater,Point(-97.6781446 30.6361749),,http://www.thegeorgetownpalace.org,"movie theater in Georgetown, Texas, United States"
http://www.wikidata.org/entity/Q42303651,Georgetown Palace Theater,Point(-97.6781446 30.6361749),,http://www.thegeorgetownpalace.org,"movie theater in Georgetown, Texas, United States"
http://www.wikidata.org/entity/Q42303651,Georgetown Palace Theater,Point(-97.6781446 30.6361749),,http://www.thegeorgetownpalace.org,"movie theater in Georgetown, Texas, United States"
http://www.wikidata.org/entity/Q42303651,Georgetown Palace Theater,Point(-97.6781446 30.6361749),,http://www.thegeorgetownpalace.org,"movie theater in Georgetown, Texas, United States"
http://www.wikidata.org/entity/Q42303651,Georgetown Palace Theater,Point(-97.6781446 30.6361749),,http://www.thegeorgetownpalace.org,"movie theater in Georgetown, Texas, United States"
http://www.wikidata.org/entity/Q42303651,Georgetown Palace Theater,Point(-97.6781446 30.6361749),,http://www.thegeorgetownpalace.org,"movie theater in Georgetown, Texas, United States"
http://www.wikidata.org/entity/Q42304145,Sky-Vue Drive-In,Point(-97.6686785 29.8450405),,,"former drive-in movie theater in Lockhart, Texas, United States"
http://www.wikidata.org/entity/Q42304145,Sky-Vue Drive-In,Point(-97.6686785 29.8450405),,,"former drive-in movie theater in Lockhart, Texas, United States"
http://www.wikidata.org/entity/Q42304145,Sky-Vue Drive-In,Point(-97.6686785 29.8450405),,,"former drive-in movie theater in Lockhart, Texas, United States"
http://www.wikidata.org/entity/Q42304145,Sky-Vue Drive-In,Point(-97.6686785 29.8450405),,,"former drive-in movie theater in Lockhart, Texas, United States"
http://www.wikidata.org/entity/Q42304145,Sky-Vue Drive-In,Point(-97.6686785 29.8450405),,,"former drive-in movie theater in Lockhart, Texas, United States"
http://www.wikidata.org/entity/Q42304145,Sky-Vue Drive-In,Point(-97.6686785 29.8450405),,,"former drive-in movie theater in Lockhart, Texas, United States"
http://www.wikidata.org/entity/Q42304145,Sky-Vue Drive-In,Point(-97.6686785 29.8450405),,,"former drive-in movie theater in Lockhart, Texas, United States"
http://www.wikidata.org/entity/Q42304145,Sky-Vue Drive-In,Point(-97.6686785 29.8450405),,,"former drive-in movie theater in Lockhart, Texas, United States"
http://www.wikidata.org/entity/Q42304145,Sky-Vue Drive-In,Point(-97.6686785 29.8450405),,,"former drive-in movie theater in Lockhart, Texas, United States"
http://www.wikidata.org/entity/Q42304145,Sky-Vue Drive-In,Point(-97.6686785 29.8450405),,,"former drive-in movie theater in Lockhart, Texas, United States"
http://www.wikidata.org/entity/Q42304145,Sky-Vue Drive-In,Point(-97.6686785 29.8450405),,,"former drive-in movie theater in Lockhart, Texas, United States"
http://www.wikidata.org/entity/Q42304145,Sky-Vue Drive-In,Point(-97.6686785 29.8450405),,,"former drive-in movie theater in Lockhart, Texas, United States"
http://www.wikidata.org/entity/Q42304145,Sky-Vue Drive-In,Point(-97.6686785 29.8450405),,,"former drive-in movie theater in Lockhart, Texas, United States"
http://www.wikidata.org/entity/Q42304145,Sky-Vue Drive-In,Point(-97.6686785 29.8450405),,,"former drive-in movie theater in Lockhart, Texas, United States"
http://www.wikidata.org/entity/Q42304145,Sky-Vue Drive-In,Point(-97.6686785 29.8450405),,,"former drive-in movie theater in Lockhart, Texas, United States"
http://www.wikidata.org/entity/Q42304145,Sky-Vue Drive-In,Point(-97.6686785 29.8450405),,,"former drive-in movie theater in Lockhart, Texas, United States"
http://www.wikidata.org/entity/Q42304145,Sky-Vue Drive-In,Point(-97.6686785 29.8450405),,,"former drive-in movie theater in Lockhart, Texas, United States"
http://www.wikidata.org/entity/Q42304145,Sky-Vue Drive-In,Point(-97.6686785 29.8450405),,,"former drive-in movie theater in Lockhart, Texas, United States"
http://www.wikidata.org/entity/Q42304145,Sky-Vue Drive-In,Point(-97.6686785 29.8450405),,,"former drive-in movie theater in Lockhart, Texas, United States"
http://www.wikidata.org/entity/Q42304145,Sky-Vue Drive-In,Point(-97.6686785 29.8450405),,,"former drive-in movie theater in Lockhart, Texas, United States"
http://www.wikidata.org/entity/Q42304145,Sky-Vue Drive-In,Point(-97.6686785 29.8450405),,,"former drive-in movie theater in Lockhart, Texas, United States"
http://www.wikidata.org/entity/Q42304145,Sky-Vue Drive-In,Point(-97.6686785 29.8450405),,,"former drive-in movie theater in Lockhart, Texas, United States"
http://www.wikidata.org/entity/Q42304145,Sky-Vue Drive-In,Point(-97.6686785 29.8450405),,,"former drive-in movie theater in Lockhart, Texas, United States"
http://www.wikidata.org/entity/Q42304145,Sky-Vue Drive-In,Point(-97.6686785 29.8450405),,,"former drive-in movie theater in Lockhart, Texas, United States"
http://www.wikidata.org/entity/Q42304145,Sky-Vue Drive-In,Point(-97.6686785 29.8450405),,,"former drive-in movie theater in Lockhart, Texas, United States"
http://www.wikidata.org/entity/Q42304145,Sky-Vue Drive-In,Point(-97.6686785 29.8450405),,,"former drive-in movie theater in Lockhart, Texas, United States"
http://www.wikidata.org/entity/Q42304145,Sky-Vue Drive-In,Point(-97.6686785 29.8450405),,,"former drive-in movie theater in Lockhart, Texas, United States"
http://www.wikidata.org/entity/Q42304145,Sky-Vue Drive-In,Point(-97.6686785 29.8450405),,,"former drive-in movie theater in Lockhart, Texas, United States"
http://www.wikidata.org/entity/Q42304145,Sky-Vue Drive-In,Point(-97.6686785 29.8450405),,,"former drive-in movie theater in Lockhart, Texas, United States"
http://www.wikidata.org/entity/Q42304145,Sky-Vue Drive-In,Point(-97.6686785 29.8450405),,,"former drive-in movie theater in Lockhart, Texas, United States"
http://www.wikidata.org/entity/Q42304145,Sky-Vue Drive-In,Point(-97.6686785 29.8450405),,,"former drive-in movie theater in Lockhart, Texas, United States"
http://www.wikidata.org/entity/Q42304145,Sky-Vue Drive-In,Point(-97.6686785 29.8450405),,,"former drive-in movie theater in Lockhart, Texas, United States"
http://www.wikidata.org/entity/Q42304145,Sky-Vue Drive-In,Point(-97.6686785 29.8450405),,,"former drive-in movie theater in Lockhart, Texas, United States"
http://www.wikidata.org/entity/Q42304145,Sky-Vue Drive-In,Point(-97.6686785 29.8450405),,,"former drive-in movie theater in Lockhart, Texas, United States"
http://www.wikidata.org/entity/Q42304145,Sky-Vue Drive-In,Point(-97.6686785 29.8450405),,,"former drive-in movie theater in Lockhart, Texas, United States"
http://www.wikidata.org/entity/Q42304145,Sky-Vue Drive-In,Point(-97.6686785 29.8450405),,,"former drive-in movie theater in Lockhart, Texas, United States"
http://www.wikidata.org/entity/Q42304145,Sky-Vue Drive-In,Point(-97.6686785 29.8450405),,,"former drive-in movie theater in Lockhart, Texas, United States"
http://www.wikidata.org/entity/Q42304145,Sky-Vue Drive-In,Point(-97.6686785 29.8450405),,,"former drive-in movie theater in Lockhart, Texas, United States"
http://www.wikidata.org/entity/Q42304145,Sky-Vue Drive-In,Point(-97.6686785 29.8450405),,,"former drive-in movie theater in Lockhart, Texas, United States"
http://www.wikidata.org/entity/Q42304145,Sky-Vue Drive-In,Point(-97.6686785 29.8450405),,,"former drive-in movie theater in Lockhart, Texas, United States"
http://www.wikidata.org/entity/Q42304145,Sky-Vue Drive-In,Point(-97.6686785 29.8450405),,,"former drive-in movie theater in Lockhart, Texas, United States"
http://www.wikidata.org/entity/Q42304145,Sky-Vue Drive-In,Point(-97.6686785 29.8450405),,,"former drive-in movie theater in Lockhart, Texas, United States"
http://www.wikidata.org/entity/Q42304145,Sky-Vue Drive-In,Point(-97.6686785 29.8450405),,,"former drive-in movie theater in Lockhart, Texas, United States"
http://www.wikidata.org/entity/Q42304145,Sky-Vue Drive-In,Point(-97.6686785 29.8450405),,,"former drive-in movie theater in Lockhart, Texas, United States"
http://www.wikidata.org/entity/Q42304145,Sky-Vue Drive-In,Point(-97.6686785 29.8450405),,,"former drive-in movie theater in Lockhart, Texas, United States"
http://www.wikidata.org/entity/Q42304203,King Drive-In,Point(-97.9457478 29.8661468),,,"former drive-in movie theater in San Marcos, Texas, United States"
http://www.wikidata.org/entity/Q42304203,King Drive-In,Point(-97.9457478 29.8661468),,,"former drive-in movie theater in San Marcos, Texas, United States"
http://www.wikidata.org/entity/Q42304203,King Drive-In,Point(-97.9457478 29.8661468),,,"former drive-in movie theater in San Marcos, Texas, United States"
http://www.wikidata.org/entity/Q42304203,King Drive-In,Point(-97.9457478 29.8661468),,,"former drive-in movie theater in San Marcos, Texas, United States"
http://www.wikidata.org/entity/Q42304203,King Drive-In,Point(-97.9457478 29.8661468),,,"former drive-in movie theater in San Marcos, Texas, United States"
http://www.wikidata.org/entity/Q42304203,King Drive-In,Point(-97.9457478 29.8661468),,,"former drive-in movie theater in San Marcos, Texas, United States"
http://www.wikidata.org/entity/Q42304203,King Drive-In,Point(-97.9457478 29.8661468),,,"former drive-in movie theater in San Marcos, Texas, United States"
http://www.wikidata.org/entity/Q42304203,King Drive-In,Point(-97.9457478 29.8661468),,,"former drive-in movie theater in San Marcos, Texas, United States"
http://www.wikidata.org/entity/Q42304203,King Drive-In,Point(-97.9457478 29.8661468),,,"former drive-in movie theater in San Marcos, Texas, United States"
http://www.wikidata.org/entity/Q42304203,King Drive-In,Point(-97.9457478 29.8661468),,,"former drive-in movie theater in San Marcos, Texas, United States"
http://www.wikidata.org/entity/Q42304203,King Drive-In,Point(-97.9457478 29.8661468),,,"former drive-in movie theater in San Marcos, Texas, United States"
http://www.wikidata.org/entity/Q42304203,King Drive-In,Point(-97.9457478 29.8661468),,,"former drive-in movie theater in San Marcos, Texas, United States"
http://www.wikidata.org/entity/Q42304203,King Drive-In,Point(-97.9457478 29.8661468),,,"former drive-in movie theater in San Marcos, Texas, United States"
http://www.wikidata.org/entity/Q42304203,King Drive-In,Point(-97.9457478 29.8661468),,,"former drive-in movie theater in San Marcos, Texas, United States"
http://www.wikidata.org/entity/Q42304203,King Drive-In,Point(-97.9457478 29.8661468),,,"former drive-in movie theater in San Marcos, Texas, United States"
http://www.wikidata.org/entity/Q42304203,King Drive-In,Point(-97.9457478 29.8661468),,,"former drive-in movie theater in San Marcos, Texas, United States"
http://www.wikidata.org/entity/Q42304203,King Drive-In,Point(-97.9457478 29.8661468),,,"former drive-in movie theater in San Marcos, Texas, United States"
http://www.wikidata.org/entity/Q42304203,King Drive-In,Point(-97.9457478 29.8661468),,,"former drive-in movie theater in San Marcos, Texas, United States"
http://www.wikidata.org/entity/Q42304203,King Drive-In,Point(-97.9457478 29.8661468),,,"former drive-in movie theater in San Marcos, Texas, United States"
http://www.wikidata.org/entity/Q42304203,King Drive-In,Point(-97.9457478 29.8661468),,,"former drive-in movie theater in San Marcos, Texas, United States"
http://www.wikidata.org/entity/Q42304203,King Drive-In,Point(-97.9457478 29.8661468),,,"former drive-in movie theater in San Marcos, Texas, United States"
http://www.wikidata.org/entity/Q42304203,King Drive-In,Point(-97.9457478 29.8661468),,,"former drive-in movie theater in San Marcos, Texas, United States"
http://www.wikidata.org/entity/Q42304203,King Drive-In,Point(-97.9457478 29.8661468),,,"former drive-in movie theater in San Marcos, Texas, United States"
http://www.wikidata.org/entity/Q42304203,King Drive-In,Point(-97.9457478 29.8661468),,,"former drive-in movie theater in San Marcos, Texas, United States"
http://www.wikidata.org/entity/Q42304203,King Drive-In,Point(-97.9457478 29.8661468),,,"former drive-in movie theater in San Marcos, Texas, United States"
http://www.wikidata.org/entity/Q42304203,King Drive-In,Point(-97.9457478 29.8661468),,,"former drive-in movie theater in San Marcos, Texas, United States"
http://www.wikidata.org/entity/Q42304203,King Drive-In,Point(-97.9457478 29.8661468),,,"former drive-in movie theater in San Marcos, Texas, United States"
http://www.wikidata.org/entity/Q42304203,King Drive-In,Point(-97.9457478 29.8661468),,,"former drive-in movie theater in San Marcos, Texas, United States"
http://www.wikidata.org/entity/Q42304203,King Drive-In,Point(-97.9457478 29.8661468),,,"former drive-in movie theater in San Marcos, Texas, United States"
http://www.wikidata.org/entity/Q42304203,King Drive-In,Point(-97.9457478 29.8661468),,,"former drive-in movie theater in San Marcos, Texas, United States"
http://www.wikidata.org/entity/Q42304203,King Drive-In,Point(-97.9457478 29.8661468),,,"former drive-in movie theater in San Marcos, Texas, United States"
http://www.wikidata.org/entity/Q42304203,King Drive-In,Point(-97.9457478 29.8661468),,,"former drive-in movie theater in San Marcos, Texas, United States"
http://www.wikidata.org/entity/Q42304203,King Drive-In,Point(-97.9457478 29.8661468),,,"former drive-in movie theater in San Marcos, Texas, United States"
http://www.wikidata.org/entity/Q42304203,King Drive-In,Point(-97.9457478 29.8661468),,,"former drive-in movie theater in San Marcos, Texas, United States"
http://www.wikidata.org/entity/Q42304203,King Drive-In,Point(-97.9457478 29.8661468),,,"former drive-in movie theater in San Marcos, Texas, United States"
http://www.wikidata.org/entity/Q42304204,Southwest Drive-In,Point(-97.8784553 29.8954265),,,"former drive-in movie theater in San Marcos, Texas, United States"
http://www.wikidata.org/entity/Q42304204,Southwest Drive-In,Point(-97.8784553 29.8954265),,,"former drive-in movie theater in San Marcos, Texas, United States"
http://www.wikidata.org/entity/Q42304204,Southwest Drive-In,Point(-97.8784553 29.8954265),,,"former drive-in movie theater in San Marcos, Texas, United States"
http://www.wikidata.org/entity/Q42304204,Southwest Drive-In,Point(-97.8784553 29.8954265),,,"former drive-in movie theater in San Marcos, Texas, United States"
http://www.wikidata.org/entity/Q42304204,Southwest Drive-In,Point(-97.8784553 29.8954265),,,"former drive-in movie theater in San Marcos, Texas, United States"
http://www.wikidata.org/entity/Q42304204,Southwest Drive-In,Point(-97.8784553 29.8954265),,,"former drive-in movie theater in San Marcos, Texas, United States"
http://www.wikidata.org/entity/Q42304204,Southwest Drive-In,Point(-97.8784553 29.8954265),,,"former drive-in movie theater in San Marcos, Texas, United States"
http://www.wikidata.org/entity/Q42304204,Southwest Drive-In,Point(-97.8784553 29.8954265),,,"former drive-in movie theater in San Marcos, Texas, United States"
http://www.wikidata.org/entity/Q42304204,Southwest Drive-In,Point(-97.8784553 29.8954265),,,"former drive-in movie theater in San Marcos, Texas, United States"
http://www.wikidata.org/entity/Q42304204,Southwest Drive-In,Point(-97.8784553 29.8954265),,,"former drive-in movie theater in San Marcos, Texas, United States"
http://www.wikidata.org/entity/Q42304204,Southwest Drive-In,Point(-97.8784553 29.8954265),,,"former drive-in movie theater in San Marcos, Texas, United States"
http://www.wikidata.org/entity/Q42304204,Southwest Drive-In,Point(-97.8784553 29.8954265),,,"former drive-in movie theater in San Marcos, Texas, United States"
http://www.wikidata.org/entity/Q42304204,Southwest Drive-In,Point(-97.8784553 29.8954265),,,"former drive-in movie theater in San Marcos, Texas, United States"
http://www.wikidata.org/entity/Q42304204,Southwest Drive-In,Point(-97.8784553 29.8954265),,,"former drive-in movie theater in San Marcos, Texas, United States"
http://www.wikidata.org/entity/Q42304204,Southwest Drive-In,Point(-97.8784553 29.8954265),,,"former drive-in movie theater in San Marcos, Texas, United States"
http://www.wikidata.org/entity/Q42304204,Southwest Drive-In,Point(-97.8784553 29.8954265),,,"former drive-in movie theater in San Marcos, Texas, United States"
http://www.wikidata.org/entity/Q42304204,Southwest Drive-In,Point(-97.8784553 29.8954265),,,"former drive-in movie theater in San Marcos, Texas, United States"
http://www.wikidata.org/entity/Q42304204,Southwest Drive-In,Point(-97.8784553 29.8954265),,,"former drive-in movie theater in San Marcos, Texas, United States"
http://www.wikidata.org/entity/Q42304204,Southwest Drive-In,Point(-97.8784553 29.8954265),,,"former drive-in movie theater in San Marcos, Texas, United States"
http://www.wikidata.org/entity/Q42304204,Southwest Drive-In,Point(-97.8784553 29.8954265),,,"former drive-in movie theater in San Marcos, Texas, United States"
http://www.wikidata.org/entity/Q42304204,Southwest Drive-In,Point(-97.8784553 29.8954265),,,"former drive-in movie theater in San Marcos, Texas, United States"
http://www.wikidata.org/entity/Q42304204,Southwest Drive-In,Point(-97.8784553 29.8954265),,,"former drive-in movie theater in San Marcos, Texas, United States"
http://www.wikidata.org/entity/Q42304204,Southwest Drive-In,Point(-97.8784553 29.8954265),,,"former drive-in movie theater in San Marcos, Texas, United States"
http://www.wikidata.org/entity/Q42304204,Southwest Drive-In,Point(-97.8784553 29.8954265),,,"former drive-in movie theater in San Marcos, Texas, United States"
http://www.wikidata.org/entity/Q42304204,Southwest Drive-In,Point(-97.8784553 29.8954265),,,"former drive-in movie theater in San Marcos, Texas, United States"
http://www.wikidata.org/entity/Q42304204,Southwest Drive-In,Point(-97.8784553 29.8954265),,,"former drive-in movie theater in San Marcos, Texas, United States"
http://www.wikidata.org/entity/Q42304204,Southwest Drive-In,Point(-97.8784553 29.8954265),,,"former drive-in movie theater in San Marcos, Texas, United States"
http://www.wikidata.org/entity/Q42304204,Southwest Drive-In,Point(-97.8784553 29.8954265),,,"former drive-in movie theater in San Marcos, Texas, United States"
http://www.wikidata.org/entity/Q42304204,Southwest Drive-In,Point(-97.8784553 29.8954265),,,"former drive-in movie theater in San Marcos, Texas, United States"
http://www.wikidata.org/entity/Q42304204,Southwest Drive-In,Point(-97.8784553 29.8954265),,,"former drive-in movie theater in San Marcos, Texas, United States"
http://www.wikidata.org/entity/Q42304204,Southwest Drive-In,Point(-97.8784553 29.8954265),,,"former drive-in movie theater in San Marcos, Texas, United States"
http://www.wikidata.org/entity/Q42304204,Southwest Drive-In,Point(-97.8784553 29.8954265),,,"former drive-in movie theater in San Marcos, Texas, United States"
http://www.wikidata.org/entity/Q42304204,Southwest Drive-In,Point(-97.8784553 29.8954265),,,"former drive-in movie theater in San Marcos, Texas, United States"
http://www.wikidata.org/entity/Q42304204,Southwest Drive-In,Point(-97.8784553 29.8954265),,,"former drive-in movie theater in San Marcos, Texas, United States"
http://www.wikidata.org/entity/Q42304204,Southwest Drive-In,Point(-97.8784553 29.8954265),,,"former drive-in movie theater in San Marcos, Texas, United States"
http://www.wikidata.org/entity/Q42304204,Southwest Drive-In,Point(-97.8784553 29.8954265),,,"former drive-in movie theater in San Marcos, Texas, United States"
http://www.wikidata.org/entity/Q42304204,Southwest Drive-In,Point(-97.8784553 29.8954265),,,"former drive-in movie theater in San Marcos, Texas, United States"
http://www.wikidata.org/entity/Q42304204,Southwest Drive-In,Point(-97.8784553 29.8954265),,,"former drive-in movie theater in San Marcos, Texas, United States"
http://www.wikidata.org/entity/Q42304204,Southwest Drive-In,Point(-97.8784553 29.8954265),,,"former drive-in movie theater in San Marcos, Texas, United States"
http://www.wikidata.org/entity/Q42304204,Southwest Drive-In,Point(-97.8784553 29.8954265),,,"former drive-in movie theater in San Marcos, Texas, United States"
http://www.wikidata.org/entity/Q42304204,Southwest Drive-In,Point(-97.8784553 29.8954265),,,"former drive-in movie theater in San Marcos, Texas, United States"
http://www.wikidata.org/entity/Q42304204,Southwest Drive-In,Point(-97.8784553 29.8954265),,,"former drive-in movie theater in San Marcos, Texas, United States"
http://www.wikidata.org/entity/Q42304204,Southwest Drive-In,Point(-97.8784553 29.8954265),,,"former drive-in movie theater in San Marcos, Texas, United States"
http://www.wikidata.org/entity/Q42304204,Southwest Drive-In,Point(-97.8784553 29.8954265),,,"former drive-in movie theater in San Marcos, Texas, United States"
http://www.wikidata.org/entity/Q42304204,Southwest Drive-In,Point(-97.8784553 29.8954265),,,"former drive-in movie theater in San Marcos, Texas, United States"
http://www.wikidata.org/entity/Q42304242,Texas Drive-In,Point(-97.433471 30.569396),,,"former drive-in movie theater in Taylor, Texas, United States"
http://www.wikidata.org/entity/Q42304242,Texas Drive-In,Point(-97.433471 30.569396),,,"former drive-in movie theater in Taylor, Texas, United States"
http://www.wikidata.org/entity/Q42304242,Texas Drive-In,Point(-97.433471 30.569396),,,"former drive-in movie theater in Taylor, Texas, United States"
http://www.wikidata.org/entity/Q42304242,Texas Drive-In,Point(-97.433471 30.569396),,,"former drive-in movie theater in Taylor, Texas, United States"
http://www.wikidata.org/entity/Q42304242,Texas Drive-In,Point(-97.433471 30.569396),,,"former drive-in movie theater in Taylor, Texas, United States"
http://www.wikidata.org/entity/Q42304242,Texas Drive-In,Point(-97.433471 30.569396),,,"former drive-in movie theater in Taylor, Texas, United States"
http://www.wikidata.org/entity/Q42304242,Texas Drive-In,Point(-97.433471 30.569396),,,"former drive-in movie theater in Taylor, Texas, United States"
http://www.wikidata.org/entity/Q42304242,Texas Drive-In,Point(-97.433471 30.569396),,,"former drive-in movie theater in Taylor, Texas, United States"
http://www.wikidata.org/entity/Q42304242,Texas Drive-In,Point(-97.433471 30.569396),,,"former drive-in movie theater in Taylor, Texas, United States"
http://www.wikidata.org/entity/Q42304242,Texas Drive-In,Point(-97.433471 30.569396),,,"former drive-in movie theater in Taylor, Texas, United States"
http://www.wikidata.org/entity/Q42304242,Texas Drive-In,Point(-97.433471 30.569396),,,"former drive-in movie theater in Taylor, Texas, United States"
http://www.wikidata.org/entity/Q42304242,Texas Drive-In,Point(-97.433471 30.569396),,,"former drive-in movie theater in Taylor, Texas, United States"
http://www.wikidata.org/entity/Q42304242,Texas Drive-In,Point(-97.433471 30.569396),,,"former drive-in movie theater in Taylor, Texas, United States"
http://www.wikidata.org/entity/Q42304242,Texas Drive-In,Point(-97.433471 30.569396),,,"former drive-in movie theater in Taylor, Texas, United States"
http://www.wikidata.org/entity/Q42304242,Texas Drive-In,Point(-97.433471 30.569396),,,"former drive-in movie theater in Taylor, Texas, United States"
http://www.wikidata.org/entity/Q42304242,Texas Drive-In,Point(-97.433471 30.569396),,,"former drive-in movie theater in Taylor, Texas, United States"
http://www.wikidata.org/entity/Q42304242,Texas Drive-In,Point(-97.433471 30.569396),,,"former drive-in movie theater in Taylor, Texas, United States"
http://www.wikidata.org/entity/Q42304242,Texas Drive-In,Point(-97.433471 30.569396),,,"former drive-in movie theater in Taylor, Texas, United States"
http://www.wikidata.org/entity/Q42304242,Texas Drive-In,Point(-97.433471 30.569396),,,"former drive-in movie theater in Taylor, Texas, United States"
http://www.wikidata.org/entity/Q42304242,Texas Drive-In,Point(-97.433471 30.569396),,,"former drive-in movie theater in Taylor, Texas, United States"
http://www.wikidata.org/entity/Q42304242,Texas Drive-In,Point(-97.433471 30.569396),,,"former drive-in movie theater in Taylor, Texas, United States"
http://www.wikidata.org/entity/Q42304242,Texas Drive-In,Point(-97.433471 30.569396),,,"former drive-in movie theater in Taylor, Texas, United States"
http://www.wikidata.org/entity/Q42304242,Texas Drive-In,Point(-97.433471 30.569396),,,"former drive-in movie theater in Taylor, Texas, United States"
http://www.wikidata.org/entity/Q42304242,Texas Drive-In,Point(-97.433471 30.569396),,,"former drive-in movie theater in Taylor, Texas, United States"
http://www.wikidata.org/entity/Q42304242,Texas Drive-In,Point(-97.433471 30.569396),,,"former drive-in movie theater in Taylor, Texas, United States"
http://www.wikidata.org/entity/Q42304242,Texas Drive-In,Point(-97.433471 30.569396),,,"former drive-in movie theater in Taylor, Texas, United States"
http://www.wikidata.org/entity/Q42304242,Texas Drive-In,Point(-97.433471 30.569396),,,"former drive-in movie theater in Taylor, Texas, United States"
http://www.wikidata.org/entity/Q42304242,Texas Drive-In,Point(-97.433471 30.569396),,,"former drive-in movie theater in Taylor, Texas, United States"
http://www.wikidata.org/entity/Q42304242,Texas Drive-In,Point(-97.433471 30.569396),,,"former drive-in movie theater in Taylor, Texas, United States"
http://www.wikidata.org/entity/Q42304242,Texas Drive-In,Point(-97.433471 30.569396),,,"former drive-in movie theater in Taylor, Texas, United States"
http://www.wikidata.org/entity/Q42304242,Texas Drive-In,Point(-97.433471 30.569396),,,"former drive-in movie theater in Taylor, Texas, United States"
http://www.wikidata.org/entity/Q42304242,Texas Drive-In,Point(-97.433471 30.569396),,,"former drive-in movie theater in Taylor, Texas, United States"
http://www.wikidata.org/entity/Q42304242,Texas Drive-In,Point(-97.433471 30.569396),,,"former drive-in movie theater in Taylor, Texas, United States"
http://www.wikidata.org/entity/Q42304242,Texas Drive-In,Point(-97.433471 30.569396),,,"former drive-in movie theater in Taylor, Texas, United States"
http://www.wikidata.org/entity/Q42304242,Texas Drive-In,Point(-97.433471 30.569396),,,"former drive-in movie theater in Taylor, Texas, United States"
http://www.wikidata.org/entity/Q42304242,Texas Drive-In,Point(-97.433471 30.569396),,,"former drive-in movie theater in Taylor, Texas, United States"
http://www.wikidata.org/entity/Q42304242,Texas Drive-In,Point(-97.433471 30.569396),,,"former drive-in movie theater in Taylor, Texas, United States"
http://www.wikidata.org/entity/Q42304242,Texas Drive-In,Point(-97.433471 30.569396),,,"former drive-in movie theater in Taylor, Texas, United States"
http://www.wikidata.org/entity/Q42304242,Texas Drive-In,Point(-97.433471 30.569396),,,"former drive-in movie theater in Taylor, Texas, United States"
http://www.wikidata.org/entity/Q42304242,Texas Drive-In,Point(-97.433471 30.569396),,,"former drive-in movie theater in Taylor, Texas, United States"
http://www.wikidata.org/entity/Q42304242,Texas Drive-In,Point(-97.433471 30.569396),,,"former drive-in movie theater in Taylor, Texas, United States"
http://www.wikidata.org/entity/Q42304242,Texas Drive-In,Point(-97.433471 30.569396),,,"former drive-in movie theater in Taylor, Texas, United States"
http://www.wikidata.org/entity/Q42304242,Texas Drive-In,Point(-97.433471 30.569396),,,"former drive-in movie theater in Taylor, Texas, United States"
http://www.wikidata.org/entity/Q42304242,Texas Drive-In,Point(-97.433471 30.569396),,,"former drive-in movie theater in Taylor, Texas, United States"
http://www.wikidata.org/entity/Q42304242,Texas Drive-In,Point(-97.433471 30.569396),,,"former drive-in movie theater in Taylor, Texas, United States"
http://www.wikidata.org/entity/Q42304453,Corral Theatre,Point(-98.084823 29.99497),,http://www.corraltheatre.com/index.htm,"movie theater in Wimberley, Texas, United States"
http://www.wikidata.org/entity/Q42304453,Corral Theatre,Point(-98.084823 29.99497),,http://www.corraltheatre.com/index.htm,"movie theater in Wimberley, Texas, United States"
http://www.wikidata.org/entity/Q42304453,Corral Theatre,Point(-98.084823 29.99497),,http://www.corraltheatre.com/index.htm,"movie theater in Wimberley, Texas, United States"
http://www.wikidata.org/entity/Q42304453,Corral Theatre,Point(-98.084823 29.99497),,http://www.corraltheatre.com/index.htm,"movie theater in Wimberley, Texas, United States"
http://www.wikidata.org/entity/Q42304453,Corral Theatre,Point(-98.084823 29.99497),,http://www.corraltheatre.com/index.htm,"movie theater in Wimberley, Texas, United States"
http://www.wikidata.org/entity/Q42304453,Corral Theatre,Point(-98.084823 29.99497),,http://www.corraltheatre.com/index.htm,"movie theater in Wimberley, Texas, United States"
http://www.wikidata.org/entity/Q42304453,Corral Theatre,Point(-98.084823 29.99497),,http://www.corraltheatre.com/index.htm,"movie theater in Wimberley, Texas, United States"
http://www.wikidata.org/entity/Q42304453,Corral Theatre,Point(-98.084823 29.99497),,http://www.corraltheatre.com/index.htm,"movie theater in Wimberley, Texas, United States"
http://www.wikidata.org/entity/Q42304453,Corral Theatre,Point(-98.084823 29.99497),,http://www.corraltheatre.com/index.htm,"movie theater in Wimberley, Texas, United States"
http://www.wikidata.org/entity/Q42304453,Corral Theatre,Point(-98.084823 29.99497),,http://www.corraltheatre.com/index.htm,"movie theater in Wimberley, Texas, United States"
http://www.wikidata.org/entity/Q42304453,Corral Theatre,Point(-98.084823 29.99497),,http://www.corraltheatre.com/index.htm,"movie theater in Wimberley, Texas, United States"
http://www.wikidata.org/entity/Q42304453,Corral Theatre,Point(-98.084823 29.99497),,http://www.corraltheatre.com/index.htm,"movie theater in Wimberley, Texas, United States"
http://www.wikidata.org/entity/Q42304453,Corral Theatre,Point(-98.084823 29.99497),,http://www.corraltheatre.com/index.htm,"movie theater in Wimberley, Texas, United States"
http://www.wikidata.org/entity/Q42304453,Corral Theatre,Point(-98.084823 29.99497),,http://www.corraltheatre.com/index.htm,"movie theater in Wimberley, Texas, United States"
http://www.wikidata.org/entity/Q42304453,Corral Theatre,Point(-98.084823 29.99497),,http://www.corraltheatre.com/index.htm,"movie theater in Wimberley, Texas, United States"
http://www.wikidata.org/entity/Q42304453,Corral Theatre,Point(-98.084823 29.99497),,http://www.corraltheatre.com/index.htm,"movie theater in Wimberley, Texas, United States"
http://www.wikidata.org/entity/Q42304453,Corral Theatre,Point(-98.084823 29.99497),,http://www.corraltheatre.com/index.htm,"movie theater in Wimberley, Texas, United States"
http://www.wikidata.org/entity/Q42304453,Corral Theatre,Point(-98.084823 29.99497),,http://www.corraltheatre.com/index.htm,"movie theater in Wimberley, Texas, United States"
http://www.wikidata.org/entity/Q42304453,Corral Theatre,Point(-98.084823 29.99497),,http://www.corraltheatre.com/index.htm,"movie theater in Wimberley, Texas, United States"
http://www.wikidata.org/entity/Q42304453,Corral Theatre,Point(-98.084823 29.99497),,http://www.corraltheatre.com/index.htm,"movie theater in Wimberley, Texas, United States"
http://www.wikidata.org/entity/Q42304453,Corral Theatre,Point(-98.084823 29.99497),,http://www.corraltheatre.com/index.htm,"movie theater in Wimberley, Texas, United States"
http://www.wikidata.org/entity/Q42304453,Corral Theatre,Point(-98.084823 29.99497),,http://www.corraltheatre.com/index.htm,"movie theater in Wimberley, Texas, United States"
http://www.wikidata.org/entity/Q42304453,Corral Theatre,Point(-98.084823 29.99497),,http://www.corraltheatre.com/index.htm,"movie theater in Wimberley, Texas, United States"
http://www.wikidata.org/entity/Q42304453,Corral Theatre,Point(-98.084823 29.99497),,http://www.corraltheatre.com/index.htm,"movie theater in Wimberley, Texas, United States"
http://www.wikidata.org/entity/Q42304453,Corral Theatre,Point(-98.084823 29.99497),,http://www.corraltheatre.com/index.htm,"movie theater in Wimberley, Texas, United States"
http://www.wikidata.org/entity/Q42304453,Corral Theatre,Point(-98.084823 29.99497),,http://www.corraltheatre.com/index.htm,"movie theater in Wimberley, Texas, United States"
http://www.wikidata.org/entity/Q42304453,Corral Theatre,Point(-98.084823 29.99497),,http://www.corraltheatre.com/index.htm,"movie theater in Wimberley, Texas, United States"
http://www.wikidata.org/entity/Q42304453,Corral Theatre,Point(-98.084823 29.99497),,http://www.corraltheatre.com/index.htm,"movie theater in Wimberley, Texas, United States"
http://www.wikidata.org/entity/Q42304453,Corral Theatre,Point(-98.084823 29.99497),,http://www.corraltheatre.com/index.htm,"movie theater in Wimberley, Texas, United States"
http://www.wikidata.org/entity/Q42304453,Corral Theatre,Point(-98.084823 29.99497),,http://www.corraltheatre.com/index.htm,"movie theater in Wimberley, Texas, United States"
http://www.wikidata.org/entity/Q42304453,Corral Theatre,Point(-98.084823 29.99497),,http://www.corraltheatre.com/index.htm,"movie theater in Wimberley, Texas, United States"
http://www.wikidata.org/entity/Q42304453,Corral Theatre,Point(-98.084823 29.99497),,http://www.corraltheatre.com/index.htm,"movie theater in Wimberley, Texas, United States"
http://www.wikidata.org/entity/Q42304453,Corral Theatre,Point(-98.084823 29.99497),,http://www.corraltheatre.com/index.htm,"movie theater in Wimberley, Texas, United States"
http://www.wikidata.org/entity/Q42304453,Corral Theatre,Point(-98.084823 29.99497),,http://www.corraltheatre.com/index.htm,"movie theater in Wimberley, Texas, United States"
http://www.wikidata.org/entity/Q42304453,Corral Theatre,Point(-98.084823 29.99497),,http://www.corraltheatre.com/index.htm,"movie theater in Wimberley, Texas, United States"
http://www.wikidata.org/entity/Q42304453,Corral Theatre,Point(-98.084823 29.99497),,http://www.corraltheatre.com/index.htm,"movie theater in Wimberley, Texas, United States"
http://www.wikidata.org/entity/Q42304453,Corral Theatre,Point(-98.084823 29.99497),,http://www.corraltheatre.com/index.htm,"movie theater in Wimberley, Texas, United States"
http://www.wikidata.org/entity/Q42304518,Bastrop Opera House,Point(-97.319295 30.1113945),,,"historic place in Bastrop, Bastrop County, Texas"
http://www.wikidata.org/entity/Q42304518,Bastrop Opera House,Point(-97.319295 30.1113945),,,"historic place in Bastrop, Bastrop County, Texas"
http://www.wikidata.org/entity/Q42304518,Bastrop Opera House,Point(-97.319295 30.1113945),,,"historic place in Bastrop, Bastrop County, Texas"
http://www.wikidata.org/entity/Q42304518,Bastrop Opera House,Point(-97.319295 30.1113945),,,"historic place in Bastrop, Bastrop County, Texas"
http://www.wikidata.org/entity/Q42304518,Bastrop Opera House,Point(-97.319295 30.1113945),,,"historic place in Bastrop, Bastrop County, Texas"
http://www.wikidata.org/entity/Q42304518,Bastrop Opera House,Point(-97.319295 30.1113945),,,"historic place in Bastrop, Bastrop County, Texas"
http://www.wikidata.org/entity/Q42304518,Bastrop Opera House,Point(-97.319295 30.1113945),,,"historic place in Bastrop, Bastrop County, Texas"
http://www.wikidata.org/entity/Q42304518,Bastrop Opera House,Point(-97.319295 30.1113945),,,"historic place in Bastrop, Bastrop County, Texas"
http://www.wikidata.org/entity/Q42304518,Bastrop Opera House,Point(-97.319295 30.1113945),,,"historic place in Bastrop, Bastrop County, Texas"
http://www.wikidata.org/entity/Q42304518,Bastrop Opera House,Point(-97.319295 30.1113945),,,"historic place in Bastrop, Bastrop County, Texas"
http://www.wikidata.org/entity/Q42304518,Bastrop Opera House,Point(-97.319295 30.1113945),,,"historic place in Bastrop, Bastrop County, Texas"
http://www.wikidata.org/entity/Q42304518,Bastrop Opera House,Point(-97.319295 30.1113945),,,"historic place in Bastrop, Bastrop County, Texas"
http://www.wikidata.org/entity/Q42304518,Bastrop Opera House,Point(-97.319295 30.1113945),,,"historic place in Bastrop, Bastrop County, Texas"
http://www.wikidata.org/entity/Q42304518,Bastrop Opera House,Point(-97.319295 30.1113945),,,"historic place in Bastrop, Bastrop County, Texas"
http://www.wikidata.org/entity/Q42304518,Bastrop Opera House,Point(-97.319295 30.1113945),,,"historic place in Bastrop, Bastrop County, Texas"
http://www.wikidata.org/entity/Q42304518,Bastrop Opera House,Point(-97.319295 30.1113945),,,"historic place in Bastrop, Bastrop County, Texas"
http://www.wikidata.org/entity/Q42304518,Bastrop Opera House,Point(-97.319295 30.1113945),,,"historic place in Bastrop, Bastrop County, Texas"
http://www.wikidata.org/entity/Q42304518,Bastrop Opera House,Point(-97.319295 30.1113945),,,"historic place in Bastrop, Bastrop County, Texas"
http://www.wikidata.org/entity/Q42304518,Bastrop Opera House,Point(-97.319295 30.1113945),,,"historic place in Bastrop, Bastrop County, Texas"
http://www.wikidata.org/entity/Q42304518,Bastrop Opera House,Point(-97.319295 30.1113945),,,"historic place in Bastrop, Bastrop County, Texas"
http://www.wikidata.org/entity/Q42304518,Bastrop Opera House,Point(-97.319295 30.1113945),,,"historic place in Bastrop, Bastrop County, Texas"
http://www.wikidata.org/entity/Q42304518,Bastrop Opera House,Point(-97.319295 30.1113945),,,"historic place in Bastrop, Bastrop County, Texas"
http://www.wikidata.org/entity/Q42304518,Bastrop Opera House,Point(-97.319295 30.1113945),,,"historic place in Bastrop, Bastrop County, Texas"
http://www.wikidata.org/entity/Q42304518,Bastrop Opera House,Point(-97.319295 30.1113945),,,"historic place in Bastrop, Bastrop County, Texas"
http://www.wikidata.org/entity/Q42304518,Bastrop Opera House,Point(-97.319295 30.1113945),,,"historic place in Bastrop, Bastrop County, Texas"
http://www.wikidata.org/entity/Q42304518,Bastrop Opera House,Point(-97.319295 30.1113945),,,"historic place in Bastrop, Bastrop County, Texas"
http://www.wikidata.org/entity/Q42304518,Bastrop Opera House,Point(-97.319295 30.1113945),,,"historic place in Bastrop, Bastrop County, Texas"
http://www.wikidata.org/entity/Q42304518,Bastrop Opera House,Point(-97.319295 30.1113945),,,"historic place in Bastrop, Bastrop County, Texas"
http://www.wikidata.org/entity/Q42304518,Bastrop Opera House,Point(-97.319295 30.1113945),,,"historic place in Bastrop, Bastrop County, Texas"
http://www.wikidata.org/entity/Q42304518,Bastrop Opera House,Point(-97.319295 30.1113945),,,"historic place in Bastrop, Bastrop County, Texas"
http://www.wikidata.org/entity/Q42304518,Bastrop Opera House,Point(-97.319295 30.1113945),,,"historic place in Bastrop, Bastrop County, Texas"
http://www.wikidata.org/entity/Q42304518,Bastrop Opera House,Point(-97.319295 30.1113945),,,"historic place in Bastrop, Bastrop County, Texas"
http://www.wikidata.org/entity/Q42304518,Bastrop Opera House,Point(-97.319295 30.1113945),,,"historic place in Bastrop, Bastrop County, Texas"
http://www.wikidata.org/entity/Q42304518,Bastrop Opera House,Point(-97.319295 30.1113945),,,"historic place in Bastrop, Bastrop County, Texas"
http://www.wikidata.org/entity/Q42304518,Bastrop Opera House,Point(-97.319295 30.1113945),,,"historic place in Bastrop, Bastrop County, Texas"
http://www.wikidata.org/entity/Q42304518,Bastrop Opera House,Point(-97.319295 30.1113945),,,"historic place in Bastrop, Bastrop County, Texas"
http://www.wikidata.org/entity/Q42304518,Bastrop Opera House,Point(-97.319295 30.1113945),,,"historic place in Bastrop, Bastrop County, Texas"
http://www.wikidata.org/entity/Q42304519,Lost Pines 8 Movie-Grill-Bowl,Point(-97.309508 30.1119287),,http://www.schulmantheatres.com,"movie theater in Bastrop, Texas, United States"
http://www.wikidata.org/entity/Q42304519,Lost Pines 8 Movie-Grill-Bowl,Point(-97.309508 30.1119287),,http://www.schulmantheatres.com,"movie theater in Bastrop, Texas, United States"
http://www.wikidata.org/entity/Q42304519,Lost Pines 8 Movie-Grill-Bowl,Point(-97.309508 30.1119287),,http://www.schulmantheatres.com,"movie theater in Bastrop, Texas, United States"
http://www.wikidata.org/entity/Q42304519,Lost Pines 8 Movie-Grill-Bowl,Point(-97.309508 30.1119287),,http://www.schulmantheatres.com,"movie theater in Bastrop, Texas, United States"
http://www.wikidata.org/entity/Q42304519,Lost Pines 8 Movie-Grill-Bowl,Point(-97.309508 30.1119287),,http://www.schulmantheatres.com,"movie theater in Bastrop, Texas, United States"
http://www.wikidata.org/entity/Q42304519,Lost Pines 8 Movie-Grill-Bowl,Point(-97.309508 30.1119287),,http://www.schulmantheatres.com,"movie theater in Bastrop, Texas, United States"
http://www.wikidata.org/entity/Q42304519,Lost Pines 8 Movie-Grill-Bowl,Point(-97.309508 30.1119287),,http://www.schulmantheatres.com,"movie theater in Bastrop, Texas, United States"
http://www.wikidata.org/entity/Q42304519,Lost Pines 8 Movie-Grill-Bowl,Point(-97.309508 30.1119287),,http://www.schulmantheatres.com,"movie theater in Bastrop, Texas, United States"
http://www.wikidata.org/entity/Q42304519,Lost Pines 8 Movie-Grill-Bowl,Point(-97.309508 30.1119287),,http://www.schulmantheatres.com,"movie theater in Bastrop, Texas, United States"
http://www.wikidata.org/entity/Q42304519,Lost Pines 8 Movie-Grill-Bowl,Point(-97.309508 30.1119287),,http://www.schulmantheatres.com,"movie theater in Bastrop, Texas, United States"
http://www.wikidata.org/entity/Q42304519,Lost Pines 8 Movie-Grill-Bowl,Point(-97.309508 30.1119287),,http://www.schulmantheatres.com,"movie theater in Bastrop, Texas, United States"
http://www.wikidata.org/entity/Q42304519,Lost Pines 8 Movie-Grill-Bowl,Point(-97.309508 30.1119287),,http://www.schulmantheatres.com,"movie theater in Bastrop, Texas, United States"
http://www.wikidata.org/entity/Q42304519,Lost Pines 8 Movie-Grill-Bowl,Point(-97.309508 30.1119287),,http://www.schulmantheatres.com,"movie theater in Bastrop, Texas, United States"
http://www.wikidata.org/entity/Q42304519,Lost Pines 8 Movie-Grill-Bowl,Point(-97.309508 30.1119287),,http://www.schulmantheatres.com,"movie theater in Bastrop, Texas, United States"
http://www.wikidata.org/entity/Q42304519,Lost Pines 8 Movie-Grill-Bowl,Point(-97.309508 30.1119287),,http://www.schulmantheatres.com,"movie theater in Bastrop, Texas, United States"
http://www.wikidata.org/entity/Q42304519,Lost Pines 8 Movie-Grill-Bowl,Point(-97.309508 30.1119287),,http://www.schulmantheatres.com,"movie theater in Bastrop, Texas, United States"
http://www.wikidata.org/entity/Q42304519,Lost Pines 8 Movie-Grill-Bowl,Point(-97.309508 30.1119287),,http://www.schulmantheatres.com,"movie theater in Bastrop, Texas, United States"
http://www.wikidata.org/entity/Q42304519,Lost Pines 8 Movie-Grill-Bowl,Point(-97.309508 30.1119287),,http://www.schulmantheatres.com,"movie theater in Bastrop, Texas, United States"
http://www.wikidata.org/entity/Q42304519,Lost Pines 8 Movie-Grill-Bowl,Point(-97.309508 30.1119287),,http://www.schulmantheatres.com,"movie theater in Bastrop, Texas, United States"
http://www.wikidata.org/entity/Q42304519,Lost Pines 8 Movie-Grill-Bowl,Point(-97.309508 30.1119287),,http://www.schulmantheatres.com,"movie theater in Bastrop, Texas, United States"
http://www.wikidata.org/entity/Q42304519,Lost Pines 8 Movie-Grill-Bowl,Point(-97.309508 30.1119287),,http://www.schulmantheatres.com,"movie theater in Bastrop, Texas, United States"
http://www.wikidata.org/entity/Q42304519,Lost Pines 8 Movie-Grill-Bowl,Point(-97.309508 30.1119287),,http://www.schulmantheatres.com,"movie theater in Bastrop, Texas, United States"
http://www.wikidata.org/entity/Q42304519,Lost Pines 8 Movie-Grill-Bowl,Point(-97.309508 30.1119287),,http://www.schulmantheatres.com,"movie theater in Bastrop, Texas, United States"
http://www.wikidata.org/entity/Q42304519,Lost Pines 8 Movie-Grill-Bowl,Point(-97.309508 30.1119287),,http://www.schulmantheatres.com,"movie theater in Bastrop, Texas, United States"
http://www.wikidata.org/entity/Q42304519,Lost Pines 8 Movie-Grill-Bowl,Point(-97.309508 30.1119287),,http://www.schulmantheatres.com,"movie theater in Bastrop, Texas, United States"
http://www.wikidata.org/entity/Q42304519,Lost Pines 8 Movie-Grill-Bowl,Point(-97.309508 30.1119287),,http://www.schulmantheatres.com,"movie theater in Bastrop, Texas, United States"
http://www.wikidata.org/entity/Q42304519,Lost Pines 8 Movie-Grill-Bowl,Point(-97.309508 30.1119287),,http://www.schulmantheatres.com,"movie theater in Bastrop, Texas, United States"
http://www.wikidata.org/entity/Q42304519,Lost Pines 8 Movie-Grill-Bowl,Point(-97.309508 30.1119287),,http://www.schulmantheatres.com,"movie theater in Bastrop, Texas, United States"
http://www.wikidata.org/entity/Q42304519,Lost Pines 8 Movie-Grill-Bowl,Point(-97.309508 30.1119287),,http://www.schulmantheatres.com,"movie theater in Bastrop, Texas, United States"
http://www.wikidata.org/entity/Q42304519,Lost Pines 8 Movie-Grill-Bowl,Point(-97.309508 30.1119287),,http://www.schulmantheatres.com,"movie theater in Bastrop, Texas, United States"
http://www.wikidata.org/entity/Q42304519,Lost Pines 8 Movie-Grill-Bowl,Point(-97.309508 30.1119287),,http://www.schulmantheatres.com,"movie theater in Bastrop, Texas, United States"
http://www.wikidata.org/entity/Q42304519,Lost Pines 8 Movie-Grill-Bowl,Point(-97.309508 30.1119287),,http://www.schulmantheatres.com,"movie theater in Bastrop, Texas, United States"
http://www.wikidata.org/entity/Q42304519,Lost Pines 8 Movie-Grill-Bowl,Point(-97.309508 30.1119287),,http://www.schulmantheatres.com,"movie theater in Bastrop, Texas, United States"
http://www.wikidata.org/entity/Q42304519,Lost Pines 8 Movie-Grill-Bowl,Point(-97.309508 30.1119287),,http://www.schulmantheatres.com,"movie theater in Bastrop, Texas, United States"
http://www.wikidata.org/entity/Q42304519,Lost Pines 8 Movie-Grill-Bowl,Point(-97.309508 30.1119287),,http://www.schulmantheatres.com,"movie theater in Bastrop, Texas, United States"
http://www.wikidata.org/entity/Q42304519,Lost Pines 8 Movie-Grill-Bowl,Point(-97.309508 30.1119287),,http://www.schulmantheatres.com,"movie theater in Bastrop, Texas, United States"
http://www.wikidata.org/entity/Q42304519,Lost Pines 8 Movie-Grill-Bowl,Point(-97.309508 30.1119287),,http://www.schulmantheatres.com,"movie theater in Bastrop, Texas, United States"
http://www.wikidata.org/entity/Q42304521,Tower Theatre,Point(-97.31861 30.110628),,,"former movie theater in Bastrop, Texas, United States"
http://www.wikidata.org/entity/Q42304521,Tower Theatre,Point(-97.31861 30.110628),,,"former movie theater in Bastrop, Texas, United States"
http://www.wikidata.org/entity/Q42304521,Tower Theatre,Point(-97.31861 30.110628),,,"former movie theater in Bastrop, Texas, United States"
http://www.wikidata.org/entity/Q42304521,Tower Theatre,Point(-97.31861 30.110628),,,"former movie theater in Bastrop, Texas, United States"
http://www.wikidata.org/entity/Q42304521,Tower Theatre,Point(-97.31861 30.110628),,,"former movie theater in Bastrop, Texas, United States"
http://www.wikidata.org/entity/Q42304521,Tower Theatre,Point(-97.31861 30.110628),,,"former movie theater in Bastrop, Texas, United States"
http://www.wikidata.org/entity/Q42304521,Tower Theatre,Point(-97.31861 30.110628),,,"former movie theater in Bastrop, Texas, United States"
http://www.wikidata.org/entity/Q42304521,Tower Theatre,Point(-97.31861 30.110628),,,"former movie theater in Bastrop, Texas, United States"
http://www.wikidata.org/entity/Q42304521,Tower Theatre,Point(-97.31861 30.110628),,,"former movie theater in Bastrop, Texas, United States"
http://www.wikidata.org/entity/Q42304521,Tower Theatre,Point(-97.31861 30.110628),,,"former movie theater in Bastrop, Texas, United States"
http://www.wikidata.org/entity/Q42304521,Tower Theatre,Point(-97.31861 30.110628),,,"former movie theater in Bastrop, Texas, United States"
http://www.wikidata.org/entity/Q42304521,Tower Theatre,Point(-97.31861 30.110628),,,"former movie theater in Bastrop, Texas, United States"
http://www.wikidata.org/entity/Q42304521,Tower Theatre,Point(-97.31861 30.110628),,,"former movie theater in Bastrop, Texas, United States"
http://www.wikidata.org/entity/Q42304521,Tower Theatre,Point(-97.31861 30.110628),,,"former movie theater in Bastrop, Texas, United States"
http://www.wikidata.org/entity/Q42304521,Tower Theatre,Point(-97.31861 30.110628),,,"former movie theater in Bastrop, Texas, United States"
http://www.wikidata.org/entity/Q42304521,Tower Theatre,Point(-97.31861 30.110628),,,"former movie theater in Bastrop, Texas, United States"
http://www.wikidata.org/entity/Q42304521,Tower Theatre,Point(-97.31861 30.110628),,,"former movie theater in Bastrop, Texas, United States"
http://www.wikidata.org/entity/Q42304521,Tower Theatre,Point(-97.31861 30.110628),,,"former movie theater in Bastrop, Texas, United States"
http://www.wikidata.org/entity/Q42304521,Tower Theatre,Point(-97.31861 30.110628),,,"former movie theater in Bastrop, Texas, United States"
http://www.wikidata.org/entity/Q42304521,Tower Theatre,Point(-97.31861 30.110628),,,"former movie theater in Bastrop, Texas, United States"
http://www.wikidata.org/entity/Q42304521,Tower Theatre,Point(-97.31861 30.110628),,,"former movie theater in Bastrop, Texas, United States"
http://www.wikidata.org/entity/Q42304521,Tower Theatre,Point(-97.31861 30.110628),,,"former movie theater in Bastrop, Texas, United States"
http://www.wikidata.org/entity/Q42304521,Tower Theatre,Point(-97.31861 30.110628),,,"former movie theater in Bastrop, Texas, United States"
http://www.wikidata.org/entity/Q42304521,Tower Theatre,Point(-97.31861 30.110628),,,"former movie theater in Bastrop, Texas, United States"
http://www.wikidata.org/entity/Q42304521,Tower Theatre,Point(-97.31861 30.110628),,,"former movie theater in Bastrop, Texas, United States"
http://www.wikidata.org/entity/Q42304521,Tower Theatre,Point(-97.31861 30.110628),,,"former movie theater in Bastrop, Texas, United States"
http://www.wikidata.org/entity/Q42304521,Tower Theatre,Point(-97.31861 30.110628),,,"former movie theater in Bastrop, Texas, United States"
http://www.wikidata.org/entity/Q42304521,Tower Theatre,Point(-97.31861 30.110628),,,"former movie theater in Bastrop, Texas, United States"
http://www.wikidata.org/entity/Q42304521,Tower Theatre,Point(-97.31861 30.110628),,,"former movie theater in Bastrop, Texas, United States"
http://www.wikidata.org/entity/Q42304521,Tower Theatre,Point(-97.31861 30.110628),,,"former movie theater in Bastrop, Texas, United States"
http://www.wikidata.org/entity/Q42304521,Tower Theatre,Point(-97.31861 30.110628),,,"former movie theater in Bastrop, Texas, United States"
http://www.wikidata.org/entity/Q42304521,Tower Theatre,Point(-97.31861 30.110628),,,"former movie theater in Bastrop, Texas, United States"
http://www.wikidata.org/entity/Q42304521,Tower Theatre,Point(-97.31861 30.110628),,,"former movie theater in Bastrop, Texas, United States"
http://www.wikidata.org/entity/Q42304521,Tower Theatre,Point(-97.31861 30.110628),,,"former movie theater in Bastrop, Texas, United States"
http://www.wikidata.org/entity/Q42304521,Tower Theatre,Point(-97.31861 30.110628),,,"former movie theater in Bastrop, Texas, United States"
http://www.wikidata.org/entity/Q42304521,Tower Theatre,Point(-97.31861 30.110628),,,"former movie theater in Bastrop, Texas, United States"
http://www.wikidata.org/entity/Q42304521,Tower Theatre,Point(-97.31861 30.110628),,,"former movie theater in Bastrop, Texas, United States"
http://www.wikidata.org/entity/Q42304538,Cinemark Hill Country Galleria,Point(-97.9410637 30.3097615),,http://www.cinemark.com,"movie theater in Bee Cave, Texas, United States"
http://www.wikidata.org/entity/Q42304538,Cinemark Hill Country Galleria,Point(-97.9410637 30.3097615),,http://www.cinemark.com,"movie theater in Bee Cave, Texas, United States"
http://www.wikidata.org/entity/Q42304538,Cinemark Hill Country Galleria,Point(-97.9410637 30.3097615),,http://www.cinemark.com,"movie theater in Bee Cave, Texas, United States"
http://www.wikidata.org/entity/Q42304538,Cinemark Hill Country Galleria,Point(-97.9410637 30.3097615),,http://www.cinemark.com,"movie theater in Bee Cave, Texas, United States"
http://www.wikidata.org/entity/Q42304538,Cinemark Hill Country Galleria,Point(-97.9410637 30.3097615),,http://www.cinemark.com,"movie theater in Bee Cave, Texas, United States"
http://www.wikidata.org/entity/Q42304538,Cinemark Hill Country Galleria,Point(-97.9410637 30.3097615),,http://www.cinemark.com,"movie theater in Bee Cave, Texas, United States"
http://www.wikidata.org/entity/Q42304538,Cinemark Hill Country Galleria,Point(-97.9410637 30.3097615),,http://www.cinemark.com,"movie theater in Bee Cave, Texas, United States"
http://www.wikidata.org/entity/Q42304538,Cinemark Hill Country Galleria,Point(-97.9410637 30.3097615),,http://www.cinemark.com,"movie theater in Bee Cave, Texas, United States"
http://www.wikidata.org/entity/Q42304538,Cinemark Hill Country Galleria,Point(-97.9410637 30.3097615),,http://www.cinemark.com,"movie theater in Bee Cave, Texas, United States"
http://www.wikidata.org/entity/Q42304538,Cinemark Hill Country Galleria,Point(-97.9410637 30.3097615),,http://www.cinemark.com,"movie theater in Bee Cave, Texas, United States"
http://www.wikidata.org/entity/Q42304538,Cinemark Hill Country Galleria,Point(-97.9410637 30.3097615),,http://www.cinemark.com,"movie theater in Bee Cave, Texas, United States"
http://www.wikidata.org/entity/Q42304538,Cinemark Hill Country Galleria,Point(-97.9410637 30.3097615),,http://www.cinemark.com,"movie theater in Bee Cave, Texas, United States"
http://www.wikidata.org/entity/Q42304538,Cinemark Hill Country Galleria,Point(-97.9410637 30.3097615),,http://www.cinemark.com,"movie theater in Bee Cave, Texas, United States"
http://www.wikidata.org/entity/Q42304538,Cinemark Hill Country Galleria,Point(-97.9410637 30.3097615),,http://www.cinemark.com,"movie theater in Bee Cave, Texas, United States"
http://www.wikidata.org/entity/Q42304538,Cinemark Hill Country Galleria,Point(-97.9410637 30.3097615),,http://www.cinemark.com,"movie theater in Bee Cave, Texas, United States"
http://www.wikidata.org/entity/Q42304538,Cinemark Hill Country Galleria,Point(-97.9410637 30.3097615),,http://www.cinemark.com,"movie theater in Bee Cave, Texas, United States"
http://www.wikidata.org/entity/Q42304538,Cinemark Hill Country Galleria,Point(-97.9410637 30.3097615),,http://www.cinemark.com,"movie theater in Bee Cave, Texas, United States"
http://www.wikidata.org/entity/Q42304538,Cinemark Hill Country Galleria,Point(-97.9410637 30.3097615),,http://www.cinemark.com,"movie theater in Bee Cave, Texas, United States"
http://www.wikidata.org/entity/Q42304538,Cinemark Hill Country Galleria,Point(-97.9410637 30.3097615),,http://www.cinemark.com,"movie theater in Bee Cave, Texas, United States"
http://www.wikidata.org/entity/Q42304538,Cinemark Hill Country Galleria,Point(-97.9410637 30.3097615),,http://www.cinemark.com,"movie theater in Bee Cave, Texas, United States"
http://www.wikidata.org/entity/Q42304538,Cinemark Hill Country Galleria,Point(-97.9410637 30.3097615),,http://www.cinemark.com,"movie theater in Bee Cave, Texas, United States"
http://www.wikidata.org/entity/Q42304538,Cinemark Hill Country Galleria,Point(-97.9410637 30.3097615),,http://www.cinemark.com,"movie theater in Bee Cave, Texas, United States"
http://www.wikidata.org/entity/Q42304538,Cinemark Hill Country Galleria,Point(-97.9410637 30.3097615),,http://www.cinemark.com,"movie theater in Bee Cave, Texas, United States"
http://www.wikidata.org/entity/Q42304538,Cinemark Hill Country Galleria,Point(-97.9410637 30.3097615),,http://www.cinemark.com,"movie theater in Bee Cave, Texas, United States"
http://www.wikidata.org/entity/Q42304538,Cinemark Hill Country Galleria,Point(-97.9410637 30.3097615),,http://www.cinemark.com,"movie theater in Bee Cave, Texas, United States"
http://www.wikidata.org/entity/Q42304538,Cinemark Hill Country Galleria,Point(-97.9410637 30.3097615),,http://www.cinemark.com,"movie theater in Bee Cave, Texas, United States"
http://www.wikidata.org/entity/Q42304538,Cinemark Hill Country Galleria,Point(-97.9410637 30.3097615),,http://www.cinemark.com,"movie theater in Bee Cave, Texas, United States"
http://www.wikidata.org/entity/Q42304538,Cinemark Hill Country Galleria,Point(-97.9410637 30.3097615),,http://www.cinemark.com,"movie theater in Bee Cave, Texas, United States"
http://www.wikidata.org/entity/Q42304538,Cinemark Hill Country Galleria,Point(-97.9410637 30.3097615),,http://www.cinemark.com,"movie theater in Bee Cave, Texas, United States"
http://www.wikidata.org/entity/Q42304538,Cinemark Hill Country Galleria,Point(-97.9410637 30.3097615),,http://www.cinemark.com,"movie theater in Bee Cave, Texas, United States"
http://www.wikidata.org/entity/Q42304538,Cinemark Hill Country Galleria,Point(-97.9410637 30.3097615),,http://www.cinemark.com,"movie theater in Bee Cave, Texas, United States"
http://www.wikidata.org/entity/Q42304538,Cinemark Hill Country Galleria,Point(-97.9410637 30.3097615),,http://www.cinemark.com,"movie theater in Bee Cave, Texas, United States"
http://www.wikidata.org/entity/Q42304538,Cinemark Hill Country Galleria,Point(-97.9410637 30.3097615),,http://www.cinemark.com,"movie theater in Bee Cave, Texas, United States"
http://www.wikidata.org/entity/Q42304538,Cinemark Hill Country Galleria,Point(-97.9410637 30.3097615),,http://www.cinemark.com,"movie theater in Bee Cave, Texas, United States"
http://www.wikidata.org/entity/Q42304538,Cinemark Hill Country Galleria,Point(-97.9410637 30.3097615),,http://www.cinemark.com,"movie theater in Bee Cave, Texas, United States"
http://www.wikidata.org/entity/Q42304538,Cinemark Hill Country Galleria,Point(-97.9410637 30.3097615),,http://www.cinemark.com,"movie theater in Bee Cave, Texas, United States"
http://www.wikidata.org/entity/Q42304538,Cinemark Hill Country Galleria,Point(-97.9410637 30.3097615),,http://www.cinemark.com,"movie theater in Bee Cave, Texas, United States"
http://www.wikidata.org/entity/Q42304658,Cinemark Cedar Park,Point(-97.8140903 30.5296964),,http://www.cinemark.com,"movie theater in Cedar Park, Texas, United States"
http://www.wikidata.org/entity/Q42304658,Cinemark Cedar Park,Point(-97.8140903 30.5296964),,http://www.cinemark.com,"movie theater in Cedar Park, Texas, United States"
http://www.wikidata.org/entity/Q42304658,Cinemark Cedar Park,Point(-97.8140903 30.5296964),,http://www.cinemark.com,"movie theater in Cedar Park, Texas, United States"
http://www.wikidata.org/entity/Q42304658,Cinemark Cedar Park,Point(-97.8140903 30.5296964),,http://www.cinemark.com,"movie theater in Cedar Park, Texas, United States"
http://www.wikidata.org/entity/Q42304658,Cinemark Cedar Park,Point(-97.8140903 30.5296964),,http://www.cinemark.com,"movie theater in Cedar Park, Texas, United States"
http://www.wikidata.org/entity/Q42304658,Cinemark Cedar Park,Point(-97.8140903 30.5296964),,http://www.cinemark.com,"movie theater in Cedar Park, Texas, United States"
http://www.wikidata.org/entity/Q42304658,Cinemark Cedar Park,Point(-97.8140903 30.5296964),,http://www.cinemark.com,"movie theater in Cedar Park, Texas, United States"
http://www.wikidata.org/entity/Q42304658,Cinemark Cedar Park,Point(-97.8140903 30.5296964),,http://www.cinemark.com,"movie theater in Cedar Park, Texas, United States"
http://www.wikidata.org/entity/Q42304658,Cinemark Cedar Park,Point(-97.8140903 30.5296964),,http://www.cinemark.com,"movie theater in Cedar Park, Texas, United States"
http://www.wikidata.org/entity/Q42304658,Cinemark Cedar Park,Point(-97.8140903 30.5296964),,http://www.cinemark.com,"movie theater in Cedar Park, Texas, United States"
http://www.wikidata.org/entity/Q42304658,Cinemark Cedar Park,Point(-97.8140903 30.5296964),,http://www.cinemark.com,"movie theater in Cedar Park, Texas, United States"
http://www.wikidata.org/entity/Q42304658,Cinemark Cedar Park,Point(-97.8140903 30.5296964),,http://www.cinemark.com,"movie theater in Cedar Park, Texas, United States"
http://www.wikidata.org/entity/Q42304658,Cinemark Cedar Park,Point(-97.8140903 30.5296964),,http://www.cinemark.com,"movie theater in Cedar Park, Texas, United States"
http://www.wikidata.org/entity/Q42304658,Cinemark Cedar Park,Point(-97.8140903 30.5296964),,http://www.cinemark.com,"movie theater in Cedar Park, Texas, United States"
http://www.wikidata.org/entity/Q42304658,Cinemark Cedar Park,Point(-97.8140903 30.5296964),,http://www.cinemark.com,"movie theater in Cedar Park, Texas, United States"
http://www.wikidata.org/entity/Q42304658,Cinemark Cedar Park,Point(-97.8140903 30.5296964),,http://www.cinemark.com,"movie theater in Cedar Park, Texas, United States"
http://www.wikidata.org/entity/Q42304658,Cinemark Cedar Park,Point(-97.8140903 30.5296964),,http://www.cinemark.com,"movie theater in Cedar Park, Texas, United States"
http://www.wikidata.org/entity/Q42304658,Cinemark Cedar Park,Point(-97.8140903 30.5296964),,http://www.cinemark.com,"movie theater in Cedar Park, Texas, United States"
http://www.wikidata.org/entity/Q42304658,Cinemark Cedar Park,Point(-97.8140903 30.5296964),,http://www.cinemark.com,"movie theater in Cedar Park, Texas, United States"
http://www.wikidata.org/entity/Q42304658,Cinemark Cedar Park,Point(-97.8140903 30.5296964),,http://www.cinemark.com,"movie theater in Cedar Park, Texas, United States"
http://www.wikidata.org/entity/Q42304658,Cinemark Cedar Park,Point(-97.8140903 30.5296964),,http://www.cinemark.com,"movie theater in Cedar Park, Texas, United States"
http://www.wikidata.org/entity/Q42304658,Cinemark Cedar Park,Point(-97.8140903 30.5296964),,http://www.cinemark.com,"movie theater in Cedar Park, Texas, United States"
http://www.wikidata.org/entity/Q42304658,Cinemark Cedar Park,Point(-97.8140903 30.5296964),,http://www.cinemark.com,"movie theater in Cedar Park, Texas, United States"
http://www.wikidata.org/entity/Q42304658,Cinemark Cedar Park,Point(-97.8140903 30.5296964),,http://www.cinemark.com,"movie theater in Cedar Park, Texas, United States"
http://www.wikidata.org/entity/Q42304658,Cinemark Cedar Park,Point(-97.8140903 30.5296964),,http://www.cinemark.com,"movie theater in Cedar Park, Texas, United States"
http://www.wikidata.org/entity/Q42304658,Cinemark Cedar Park,Point(-97.8140903 30.5296964),,http://www.cinemark.com,"movie theater in Cedar Park, Texas, United States"
http://www.wikidata.org/entity/Q42304658,Cinemark Cedar Park,Point(-97.8140903 30.5296964),,http://www.cinemark.com,"movie theater in Cedar Park, Texas, United States"
http://www.wikidata.org/entity/Q42304658,Cinemark Cedar Park,Point(-97.8140903 30.5296964),,http://www.cinemark.com,"movie theater in Cedar Park, Texas, United States"
http://www.wikidata.org/entity/Q42304658,Cinemark Cedar Park,Point(-97.8140903 30.5296964),,http://www.cinemark.com,"movie theater in Cedar Park, Texas, United States"
http://www.wikidata.org/entity/Q42304658,Cinemark Cedar Park,Point(-97.8140903 30.5296964),,http://www.cinemark.com,"movie theater in Cedar Park, Texas, United States"
http://www.wikidata.org/entity/Q42304658,Cinemark Cedar Park,Point(-97.8140903 30.5296964),,http://www.cinemark.com,"movie theater in Cedar Park, Texas, United States"
http://www.wikidata.org/entity/Q42304658,Cinemark Cedar Park,Point(-97.8140903 30.5296964),,http://www.cinemark.com,"movie theater in Cedar Park, Texas, United States"
http://www.wikidata.org/entity/Q42304658,Cinemark Cedar Park,Point(-97.8140903 30.5296964),,http://www.cinemark.com,"movie theater in Cedar Park, Texas, United States"
http://www.wikidata.org/entity/Q42304658,Cinemark Cedar Park,Point(-97.8140903 30.5296964),,http://www.cinemark.com,"movie theater in Cedar Park, Texas, United States"
http://www.wikidata.org/entity/Q42304658,Cinemark Cedar Park,Point(-97.8140903 30.5296964),,http://www.cinemark.com,"movie theater in Cedar Park, Texas, United States"
http://www.wikidata.org/entity/Q42304658,Cinemark Cedar Park,Point(-97.8140903 30.5296964),,http://www.cinemark.com,"movie theater in Cedar Park, Texas, United States"
http://www.wikidata.org/entity/Q42304658,Cinemark Cedar Park,Point(-97.8140903 30.5296964),,http://www.cinemark.com,"movie theater in Cedar Park, Texas, United States"
http://www.wikidata.org/entity/Q42304661,AMC Lakeline 9,Point(-97.8027547 30.4718786),,https://www.amctheatres.com/movie-theatres/austin/amc-lakeline-9,"movie theater in Cedar Park, Texas, United States"
http://www.wikidata.org/entity/Q42304661,AMC Lakeline 9,Point(-97.8027547 30.4718786),,https://www.amctheatres.com/movie-theatres/austin/amc-lakeline-9,"movie theater in Cedar Park, Texas, United States"
http://www.wikidata.org/entity/Q42304661,AMC Lakeline 9,Point(-97.8027547 30.4718786),,https://www.amctheatres.com/movie-theatres/austin/amc-lakeline-9,"movie theater in Cedar Park, Texas, United States"
http://www.wikidata.org/entity/Q42304661,AMC Lakeline 9,Point(-97.8027547 30.4718786),,https://www.amctheatres.com/movie-theatres/austin/amc-lakeline-9,"movie theater in Cedar Park, Texas, United States"
http://www.wikidata.org/entity/Q42304661,AMC Lakeline 9,Point(-97.8027547 30.4718786),,https://www.amctheatres.com/movie-theatres/austin/amc-lakeline-9,"movie theater in Cedar Park, Texas, United States"
http://www.wikidata.org/entity/Q42304661,AMC Lakeline 9,Point(-97.8027547 30.4718786),,https://www.amctheatres.com/movie-theatres/austin/amc-lakeline-9,"movie theater in Cedar Park, Texas, United States"
http://www.wikidata.org/entity/Q42304661,AMC Lakeline 9,Point(-97.8027547 30.4718786),,https://www.amctheatres.com/movie-theatres/austin/amc-lakeline-9,"movie theater in Cedar Park, Texas, United States"
http://www.wikidata.org/entity/Q42304661,AMC Lakeline 9,Point(-97.8027547 30.4718786),,https://www.amctheatres.com/movie-theatres/austin/amc-lakeline-9,"movie theater in Cedar Park, Texas, United States"
http://www.wikidata.org/entity/Q42304661,AMC Lakeline 9,Point(-97.8027547 30.4718786),,https://www.amctheatres.com/movie-theatres/austin/amc-lakeline-9,"movie theater in Cedar Park, Texas, United States"
http://www.wikidata.org/entity/Q42304661,AMC Lakeline 9,Point(-97.8027547 30.4718786),,https://www.amctheatres.com/movie-theatres/austin/amc-lakeline-9,"movie theater in Cedar Park, Texas, United States"
http://www.wikidata.org/entity/Q42304661,AMC Lakeline 9,Point(-97.8027547 30.4718786),,https://www.amctheatres.com/movie-theatres/austin/amc-lakeline-9,"movie theater in Cedar Park, Texas, United States"
http://www.wikidata.org/entity/Q42304661,AMC Lakeline 9,Point(-97.8027547 30.4718786),,https://www.amctheatres.com/movie-theatres/austin/amc-lakeline-9,"movie theater in Cedar Park, Texas, United States"
http://www.wikidata.org/entity/Q42304661,AMC Lakeline 9,Point(-97.8027547 30.4718786),,https://www.amctheatres.com/movie-theatres/austin/amc-lakeline-9,"movie theater in Cedar Park, Texas, United States"
http://www.wikidata.org/entity/Q42304661,AMC Lakeline 9,Point(-97.8027547 30.4718786),,https://www.amctheatres.com/movie-theatres/austin/amc-lakeline-9,"movie theater in Cedar Park, Texas, United States"
http://www.wikidata.org/entity/Q42304661,AMC Lakeline 9,Point(-97.8027547 30.4718786),,https://www.amctheatres.com/movie-theatres/austin/amc-lakeline-9,"movie theater in Cedar Park, Texas, United States"
http://www.wikidata.org/entity/Q42304661,AMC Lakeline 9,Point(-97.8027547 30.4718786),,https://www.amctheatres.com/movie-theatres/austin/amc-lakeline-9,"movie theater in Cedar Park, Texas, United States"
http://www.wikidata.org/entity/Q42304661,AMC Lakeline 9,Point(-97.8027547 30.4718786),,https://www.amctheatres.com/movie-theatres/austin/amc-lakeline-9,"movie theater in Cedar Park, Texas, United States"
http://www.wikidata.org/entity/Q42304661,AMC Lakeline 9,Point(-97.8027547 30.4718786),,https://www.amctheatres.com/movie-theatres/austin/amc-lakeline-9,"movie theater in Cedar Park, Texas, United States"
http://www.wikidata.org/entity/Q42304661,AMC Lakeline 9,Point(-97.8027547 30.4718786),,https://www.amctheatres.com/movie-theatres/austin/amc-lakeline-9,"movie theater in Cedar Park, Texas, United States"
http://www.wikidata.org/entity/Q42304661,AMC Lakeline 9,Point(-97.8027547 30.4718786),,https://www.amctheatres.com/movie-theatres/austin/amc-lakeline-9,"movie theater in Cedar Park, Texas, United States"
http://www.wikidata.org/entity/Q42304661,AMC Lakeline 9,Point(-97.8027547 30.4718786),,https://www.amctheatres.com/movie-theatres/austin/amc-lakeline-9,"movie theater in Cedar Park, Texas, United States"
http://www.wikidata.org/entity/Q42304661,AMC Lakeline 9,Point(-97.8027547 30.4718786),,https://www.amctheatres.com/movie-theatres/austin/amc-lakeline-9,"movie theater in Cedar Park, Texas, United States"
http://www.wikidata.org/entity/Q42304661,AMC Lakeline 9,Point(-97.8027547 30.4718786),,https://www.amctheatres.com/movie-theatres/austin/amc-lakeline-9,"movie theater in Cedar Park, Texas, United States"
http://www.wikidata.org/entity/Q42304661,AMC Lakeline 9,Point(-97.8027547 30.4718786),,https://www.amctheatres.com/movie-theatres/austin/amc-lakeline-9,"movie theater in Cedar Park, Texas, United States"
http://www.wikidata.org/entity/Q42304661,AMC Lakeline 9,Point(-97.8027547 30.4718786),,https://www.amctheatres.com/movie-theatres/austin/amc-lakeline-9,"movie theater in Cedar Park, Texas, United States"
http://www.wikidata.org/entity/Q42304661,AMC Lakeline 9,Point(-97.8027547 30.4718786),,https://www.amctheatres.com/movie-theatres/austin/amc-lakeline-9,"movie theater in Cedar Park, Texas, United States"
http://www.wikidata.org/entity/Q42304661,AMC Lakeline 9,Point(-97.8027547 30.4718786),,https://www.amctheatres.com/movie-theatres/austin/amc-lakeline-9,"movie theater in Cedar Park, Texas, United States"
http://www.wikidata.org/entity/Q42304661,AMC Lakeline 9,Point(-97.8027547 30.4718786),,https://www.amctheatres.com/movie-theatres/austin/amc-lakeline-9,"movie theater in Cedar Park, Texas, United States"
http://www.wikidata.org/entity/Q42304661,AMC Lakeline 9,Point(-97.8027547 30.4718786),,https://www.amctheatres.com/movie-theatres/austin/amc-lakeline-9,"movie theater in Cedar Park, Texas, United States"
http://www.wikidata.org/entity/Q42304661,AMC Lakeline 9,Point(-97.8027547 30.4718786),,https://www.amctheatres.com/movie-theatres/austin/amc-lakeline-9,"movie theater in Cedar Park, Texas, United States"
http://www.wikidata.org/entity/Q42304661,AMC Lakeline 9,Point(-97.8027547 30.4718786),,https://www.amctheatres.com/movie-theatres/austin/amc-lakeline-9,"movie theater in Cedar Park, Texas, United States"
http://www.wikidata.org/entity/Q42304661,AMC Lakeline 9,Point(-97.8027547 30.4718786),,https://www.amctheatres.com/movie-theatres/austin/amc-lakeline-9,"movie theater in Cedar Park, Texas, United States"
http://www.wikidata.org/entity/Q42304661,AMC Lakeline 9,Point(-97.8027547 30.4718786),,https://www.amctheatres.com/movie-theatres/austin/amc-lakeline-9,"movie theater in Cedar Park, Texas, United States"
http://www.wikidata.org/entity/Q42304661,AMC Lakeline 9,Point(-97.8027547 30.4718786),,https://www.amctheatres.com/movie-theatres/austin/amc-lakeline-9,"movie theater in Cedar Park, Texas, United States"
http://www.wikidata.org/entity/Q42304661,AMC Lakeline 9,Point(-97.8027547 30.4718786),,https://www.amctheatres.com/movie-theatres/austin/amc-lakeline-9,"movie theater in Cedar Park, Texas, United States"
http://www.wikidata.org/entity/Q42304661,AMC Lakeline 9,Point(-97.8027547 30.4718786),,https://www.amctheatres.com/movie-theatres/austin/amc-lakeline-9,"movie theater in Cedar Park, Texas, United States"
http://www.wikidata.org/entity/Q42304661,AMC Lakeline 9,Point(-97.8027547 30.4718786),,https://www.amctheatres.com/movie-theatres/austin/amc-lakeline-9,"movie theater in Cedar Park, Texas, United States"
http://www.wikidata.org/entity/Q42305040,EVO Entertainment,Point(-97.8533395 30.0298944),,http://www.evo-entertainment.com/films/evx/#,"movie theater in Kyle, Texas, United States"
http://www.wikidata.org/entity/Q42305040,EVO Entertainment,Point(-97.8533395 30.0298944),,http://www.evo-entertainment.com/films/evx/#,"movie theater in Kyle, Texas, United States"
http://www.wikidata.org/entity/Q42305040,EVO Entertainment,Point(-97.8533395 30.0298944),,http://www.evo-entertainment.com/films/evx/#,"movie theater in Kyle, Texas, United States"
http://www.wikidata.org/entity/Q42305040,EVO Entertainment,Point(-97.8533395 30.0298944),,http://www.evo-entertainment.com/films/evx/#,"movie theater in Kyle, Texas, United States"
http://www.wikidata.org/entity/Q42305040,EVO Entertainment,Point(-97.8533395 30.0298944),,http://www.evo-entertainment.com/films/evx/#,"movie theater in Kyle, Texas, United States"
http://www.wikidata.org/entity/Q42305040,EVO Entertainment,Point(-97.8533395 30.0298944),,http://www.evo-entertainment.com/films/evx/#,"movie theater in Kyle, Texas, United States"
http://www.wikidata.org/entity/Q42305040,EVO Entertainment,Point(-97.8533395 30.0298944),,http://www.evo-entertainment.com/films/evx/#,"movie theater in Kyle, Texas, United States"
http://www.wikidata.org/entity/Q42305040,EVO Entertainment,Point(-97.8533395 30.0298944),,http://www.evo-entertainment.com/films/evx/#,"movie theater in Kyle, Texas, United States"
http://www.wikidata.org/entity/Q42305040,EVO Entertainment,Point(-97.8533395 30.0298944),,http://www.evo-entertainment.com/films/evx/#,"movie theater in Kyle, Texas, United States"
http://www.wikidata.org/entity/Q42305040,EVO Entertainment,Point(-97.8533395 30.0298944),,http://www.evo-entertainment.com/films/evx/#,"movie theater in Kyle, Texas, United States"
http://www.wikidata.org/entity/Q42305040,EVO Entertainment,Point(-97.8533395 30.0298944),,http://www.evo-entertainment.com/films/evx/#,"movie theater in Kyle, Texas, United States"
http://www.wikidata.org/entity/Q42305040,EVO Entertainment,Point(-97.8533395 30.0298944),,http://www.evo-entertainment.com/films/evx/#,"movie theater in Kyle, Texas, United States"
http://www.wikidata.org/entity/Q42305040,EVO Entertainment,Point(-97.8533395 30.0298944),,http://www.evo-entertainment.com/films/evx/#,"movie theater in Kyle, Texas, United States"
http://www.wikidata.org/entity/Q42305040,EVO Entertainment,Point(-97.8533395 30.0298944),,http://www.evo-entertainment.com/films/evx/#,"movie theater in Kyle, Texas, United States"
http://www.wikidata.org/entity/Q42305040,EVO Entertainment,Point(-97.8533395 30.0298944),,http://www.evo-entertainment.com/films/evx/#,"movie theater in Kyle, Texas, United States"
http://www.wikidata.org/entity/Q42305040,EVO Entertainment,Point(-97.8533395 30.0298944),,http://www.evo-entertainment.com/films/evx/#,"movie theater in Kyle, Texas, United States"
http://www.wikidata.org/entity/Q42305040,EVO Entertainment,Point(-97.8533395 30.0298944),,http://www.evo-entertainment.com/films/evx/#,"movie theater in Kyle, Texas, United States"
http://www.wikidata.org/entity/Q42305040,EVO Entertainment,Point(-97.8533395 30.0298944),,http://www.evo-entertainment.com/films/evx/#,"movie theater in Kyle, Texas, United States"
http://www.wikidata.org/entity/Q42305040,EVO Entertainment,Point(-97.8533395 30.0298944),,http://www.evo-entertainment.com/films/evx/#,"movie theater in Kyle, Texas, United States"
http://www.wikidata.org/entity/Q42305040,EVO Entertainment,Point(-97.8533395 30.0298944),,http://www.evo-entertainment.com/films/evx/#,"movie theater in Kyle, Texas, United States"
http://www.wikidata.org/entity/Q42305040,EVO Entertainment,Point(-97.8533395 30.0298944),,http://www.evo-entertainment.com/films/evx/#,"movie theater in Kyle, Texas, United States"
http://www.wikidata.org/entity/Q42305040,EVO Entertainment,Point(-97.8533395 30.0298944),,http://www.evo-entertainment.com/films/evx/#,"movie theater in Kyle, Texas, United States"
http://www.wikidata.org/entity/Q42305040,EVO Entertainment,Point(-97.8533395 30.0298944),,http://www.evo-entertainment.com/films/evx/#,"movie theater in Kyle, Texas, United States"
http://www.wikidata.org/entity/Q42305040,EVO Entertainment,Point(-97.8533395 30.0298944),,http://www.evo-entertainment.com/films/evx/#,"movie theater in Kyle, Texas, United States"
http://www.wikidata.org/entity/Q42305040,EVO Entertainment,Point(-97.8533395 30.0298944),,http://www.evo-entertainment.com/films/evx/#,"movie theater in Kyle, Texas, United States"
http://www.wikidata.org/entity/Q42305040,EVO Entertainment,Point(-97.8533395 30.0298944),,http://www.evo-entertainment.com/films/evx/#,"movie theater in Kyle, Texas, United States"
http://www.wikidata.org/entity/Q42305040,EVO Entertainment,Point(-97.8533395 30.0298944),,http://www.evo-entertainment.com/films/evx/#,"movie theater in Kyle, Texas, United States"
http://www.wikidata.org/entity/Q42305040,EVO Entertainment,Point(-97.8533395 30.0298944),,http://www.evo-entertainment.com/films/evx/#,"movie theater in Kyle, Texas, United States"
http://www.wikidata.org/entity/Q42305040,EVO Entertainment,Point(-97.8533395 30.0298944),,http://www.evo-entertainment.com/films/evx/#,"movie theater in Kyle, Texas, United States"
http://www.wikidata.org/entity/Q42305040,EVO Entertainment,Point(-97.8533395 30.0298944),,http://www.evo-entertainment.com/films/evx/#,"movie theater in Kyle, Texas, United States"
http://www.wikidata.org/entity/Q42305040,EVO Entertainment,Point(-97.8533395 30.0298944),,http://www.evo-entertainment.com/films/evx/#,"movie theater in Kyle, Texas, United States"
http://www.wikidata.org/entity/Q42305040,EVO Entertainment,Point(-97.8533395 30.0298944),,http://www.evo-entertainment.com/films/evx/#,"movie theater in Kyle, Texas, United States"
http://www.wikidata.org/entity/Q42305040,EVO Entertainment,Point(-97.8533395 30.0298944),,http://www.evo-entertainment.com/films/evx/#,"movie theater in Kyle, Texas, United States"
http://www.wikidata.org/entity/Q42305040,EVO Entertainment,Point(-97.8533395 30.0298944),,http://www.evo-entertainment.com/films/evx/#,"movie theater in Kyle, Texas, United States"
http://www.wikidata.org/entity/Q42305040,EVO Entertainment,Point(-97.8533395 30.0298944),,http://www.evo-entertainment.com/films/evx/#,"movie theater in Kyle, Texas, United States"
http://www.wikidata.org/entity/Q42305040,EVO Entertainment,Point(-97.8533395 30.0298944),,http://www.evo-entertainment.com/films/evx/#,"movie theater in Kyle, Texas, United States"
http://www.wikidata.org/entity/Q42305040,EVO Entertainment,Point(-97.8533395 30.0298944),,http://www.evo-entertainment.com/films/evx/#,"movie theater in Kyle, Texas, United States"
http://www.wikidata.org/entity/Q42305090,Hometown Cinemas,Point(-97.6700534 29.8606058),,http://www.hometowncinemas.com,"Former movie theater in Lockhart, Texas, United States"
http://www.wikidata.org/entity/Q42305090,Hometown Cinemas,Point(-97.6700534 29.8606058),,http://www.hometowncinemas.com,"Former movie theater in Lockhart, Texas, United States"
http://www.wikidata.org/entity/Q42305090,Hometown Cinemas,Point(-97.6700534 29.8606058),,http://www.hometowncinemas.com,"Former movie theater in Lockhart, Texas, United States"
http://www.wikidata.org/entity/Q42305090,Hometown Cinemas,Point(-97.6700534 29.8606058),,http://www.hometowncinemas.com,"Former movie theater in Lockhart, Texas, United States"
http://www.wikidata.org/entity/Q42305090,Hometown Cinemas,Point(-97.6700534 29.8606058),,http://www.hometowncinemas.com,"Former movie theater in Lockhart, Texas, United States"
http://www.wikidata.org/entity/Q42305090,Hometown Cinemas,Point(-97.6700534 29.8606058),,http://www.hometowncinemas.com,"Former movie theater in Lockhart, Texas, United States"
http://www.wikidata.org/entity/Q42305090,Hometown Cinemas,Point(-97.6700534 29.8606058),,http://www.hometowncinemas.com,"Former movie theater in Lockhart, Texas, United States"
http://www.wikidata.org/entity/Q42305090,Hometown Cinemas,Point(-97.6700534 29.8606058),,http://www.hometowncinemas.com,"Former movie theater in Lockhart, Texas, United States"
http://www.wikidata.org/entity/Q42305090,Hometown Cinemas,Point(-97.6700534 29.8606058),,http://www.hometowncinemas.com,"Former movie theater in Lockhart, Texas, United States"
http://www.wikidata.org/entity/Q42305090,Hometown Cinemas,Point(-97.6700534 29.8606058),,http://www.hometowncinemas.com,"Former movie theater in Lockhart, Texas, United States"
http://www.wikidata.org/entity/Q42305090,Hometown Cinemas,Point(-97.6700534 29.8606058),,http://www.hometowncinemas.com,"Former movie theater in Lockhart, Texas, United States"
http://www.wikidata.org/entity/Q42305090,Hometown Cinemas,Point(-97.6700534 29.8606058),,http://www.hometowncinemas.com,"Former movie theater in Lockhart, Texas, United States"
http://www.wikidata.org/entity/Q42305090,Hometown Cinemas,Point(-97.6700534 29.8606058),,http://www.hometowncinemas.com,"Former movie theater in Lockhart, Texas, United States"
http://www.wikidata.org/entity/Q42305090,Hometown Cinemas,Point(-97.6700534 29.8606058),,http://www.hometowncinemas.com,"Former movie theater in Lockhart, Texas, United States"
http://www.wikidata.org/entity/Q42305090,Hometown Cinemas,Point(-97.6700534 29.8606058),,http://www.hometowncinemas.com,"Former movie theater in Lockhart, Texas, United States"
http://www.wikidata.org/entity/Q42305090,Hometown Cinemas,Point(-97.6700534 29.8606058),,http://www.hometowncinemas.com,"Former movie theater in Lockhart, Texas, United States"
http://www.wikidata.org/entity/Q42305090,Hometown Cinemas,Point(-97.6700534 29.8606058),,http://www.hometowncinemas.com,"Former movie theater in Lockhart, Texas, United States"
http://www.wikidata.org/entity/Q42305090,Hometown Cinemas,Point(-97.6700534 29.8606058),,http://www.hometowncinemas.com,"Former movie theater in Lockhart, Texas, United States"
http://www.wikidata.org/entity/Q42305090,Hometown Cinemas,Point(-97.6700534 29.8606058),,http://www.hometowncinemas.com,"Former movie theater in Lockhart, Texas, United States"
http://www.wikidata.org/entity/Q42305090,Hometown Cinemas,Point(-97.6700534 29.8606058),,http://www.hometowncinemas.com,"Former movie theater in Lockhart, Texas, United States"
http://www.wikidata.org/entity/Q42305090,Hometown Cinemas,Point(-97.6700534 29.8606058),,http://www.hometowncinemas.com,"Former movie theater in Lockhart, Texas, United States"
http://www.wikidata.org/entity/Q42305090,Hometown Cinemas,Point(-97.6700534 29.8606058),,http://www.hometowncinemas.com,"Former movie theater in Lockhart, Texas, United States"
http://www.wikidata.org/entity/Q42305090,Hometown Cinemas,Point(-97.6700534 29.8606058),,http://www.hometowncinemas.com,"Former movie theater in Lockhart, Texas, United States"
http://www.wikidata.org/entity/Q42305090,Hometown Cinemas,Point(-97.6700534 29.8606058),,http://www.hometowncinemas.com,"Former movie theater in Lockhart, Texas, United States"
http://www.wikidata.org/entity/Q42305090,Hometown Cinemas,Point(-97.6700534 29.8606058),,http://www.hometowncinemas.com,"Former movie theater in Lockhart, Texas, United States"
http://www.wikidata.org/entity/Q42305090,Hometown Cinemas,Point(-97.6700534 29.8606058),,http://www.hometowncinemas.com,"Former movie theater in Lockhart, Texas, United States"
http://www.wikidata.org/entity/Q42305090,Hometown Cinemas,Point(-97.6700534 29.8606058),,http://www.hometowncinemas.com,"Former movie theater in Lockhart, Texas, United States"
http://www.wikidata.org/entity/Q42305090,Hometown Cinemas,Point(-97.6700534 29.8606058),,http://www.hometowncinemas.com,"Former movie theater in Lockhart, Texas, United States"
http://www.wikidata.org/entity/Q42305090,Hometown Cinemas,Point(-97.6700534 29.8606058),,http://www.hometowncinemas.com,"Former movie theater in Lockhart, Texas, United States"
http://www.wikidata.org/entity/Q42305090,Hometown Cinemas,Point(-97.6700534 29.8606058),,http://www.hometowncinemas.com,"Former movie theater in Lockhart, Texas, United States"
http://www.wikidata.org/entity/Q42305090,Hometown Cinemas,Point(-97.6700534 29.8606058),,http://www.hometowncinemas.com,"Former movie theater in Lockhart, Texas, United States"
http://www.wikidata.org/entity/Q42305090,Hometown Cinemas,Point(-97.6700534 29.8606058),,http://www.hometowncinemas.com,"Former movie theater in Lockhart, Texas, United States"
http://www.wikidata.org/entity/Q42305090,Hometown Cinemas,Point(-97.6700534 29.8606058),,http://www.hometowncinemas.com,"Former movie theater in Lockhart, Texas, United States"
http://www.wikidata.org/entity/Q42305090,Hometown Cinemas,Point(-97.6700534 29.8606058),,http://www.hometowncinemas.com,"Former movie theater in Lockhart, Texas, United States"
http://www.wikidata.org/entity/Q42305090,Hometown Cinemas,Point(-97.6700534 29.8606058),,http://www.hometowncinemas.com,"Former movie theater in Lockhart, Texas, United States"
http://www.wikidata.org/entity/Q42305090,Hometown Cinemas,Point(-97.6700534 29.8606058),,http://www.hometowncinemas.com,"Former movie theater in Lockhart, Texas, United States"
http://www.wikidata.org/entity/Q42305090,Hometown Cinemas,Point(-97.6700534 29.8606058),,http://www.hometowncinemas.com,"Former movie theater in Lockhart, Texas, United States"
http://www.wikidata.org/entity/Q42305091,Pix Theatre,Point(-97.6712423 29.8840235),,,"former movie theater in Lockhart, Texas, United States"
http://www.wikidata.org/entity/Q42305091,Pix Theatre,Point(-97.6712423 29.8840235),,,"former movie theater in Lockhart, Texas, United States"
http://www.wikidata.org/entity/Q42305091,Pix Theatre,Point(-97.6712423 29.8840235),,,"former movie theater in Lockhart, Texas, United States"
http://www.wikidata.org/entity/Q42305091,Pix Theatre,Point(-97.6712423 29.8840235),,,"former movie theater in Lockhart, Texas, United States"
http://www.wikidata.org/entity/Q42305091,Pix Theatre,Point(-97.6712423 29.8840235),,,"former movie theater in Lockhart, Texas, United States"
http://www.wikidata.org/entity/Q42305091,Pix Theatre,Point(-97.6712423 29.8840235),,,"former movie theater in Lockhart, Texas, United States"
http://www.wikidata.org/entity/Q42305091,Pix Theatre,Point(-97.6712423 29.8840235),,,"former movie theater in Lockhart, Texas, United States"
http://www.wikidata.org/entity/Q42305091,Pix Theatre,Point(-97.6712423 29.8840235),,,"former movie theater in Lockhart, Texas, United States"
http://www.wikidata.org/entity/Q42305091,Pix Theatre,Point(-97.6712423 29.8840235),,,"former movie theater in Lockhart, Texas, United States"
http://www.wikidata.org/entity/Q42305091,Pix Theatre,Point(-97.6712423 29.8840235),,,"former movie theater in Lockhart, Texas, United States"
http://www.wikidata.org/entity/Q42305091,Pix Theatre,Point(-97.6712423 29.8840235),,,"former movie theater in Lockhart, Texas, United States"
http://www.wikidata.org/entity/Q42305091,Pix Theatre,Point(-97.6712423 29.8840235),,,"former movie theater in Lockhart, Texas, United States"
http://www.wikidata.org/entity/Q42305091,Pix Theatre,Point(-97.6712423 29.8840235),,,"former movie theater in Lockhart, Texas, United States"
http://www.wikidata.org/entity/Q42305091,Pix Theatre,Point(-97.6712423 29.8840235),,,"former movie theater in Lockhart, Texas, United States"
http://www.wikidata.org/entity/Q42305091,Pix Theatre,Point(-97.6712423 29.8840235),,,"former movie theater in Lockhart, Texas, United States"
http://www.wikidata.org/entity/Q42305091,Pix Theatre,Point(-97.6712423 29.8840235),,,"former movie theater in Lockhart, Texas, United States"
http://www.wikidata.org/entity/Q42305091,Pix Theatre,Point(-97.6712423 29.8840235),,,"former movie theater in Lockhart, Texas, United States"
http://www.wikidata.org/entity/Q42305091,Pix Theatre,Point(-97.6712423 29.8840235),,,"former movie theater in Lockhart, Texas, United States"
http://www.wikidata.org/entity/Q42305091,Pix Theatre,Point(-97.6712423 29.8840235),,,"former movie theater in Lockhart, Texas, United States"
http://www.wikidata.org/entity/Q42305091,Pix Theatre,Point(-97.6712423 29.8840235),,,"former movie theater in Lockhart, Texas, United States"
http://www.wikidata.org/entity/Q42305091,Pix Theatre,Point(-97.6712423 29.8840235),,,"former movie theater in Lockhart, Texas, United States"
http://www.wikidata.org/entity/Q42305091,Pix Theatre,Point(-97.6712423 29.8840235),,,"former movie theater in Lockhart, Texas, United States"
http://www.wikidata.org/entity/Q42305091,Pix Theatre,Point(-97.6712423 29.8840235),,,"former movie theater in Lockhart, Texas, United States"
http://www.wikidata.org/entity/Q42305091,Pix Theatre,Point(-97.6712423 29.8840235),,,"former movie theater in Lockhart, Texas, United States"
http://www.wikidata.org/entity/Q42305091,Pix Theatre,Point(-97.6712423 29.8840235),,,"former movie theater in Lockhart, Texas, United States"
http://www.wikidata.org/entity/Q42305091,Pix Theatre,Point(-97.6712423 29.8840235),,,"former movie theater in Lockhart, Texas, United States"
http://www.wikidata.org/entity/Q42305091,Pix Theatre,Point(-97.6712423 29.8840235),,,"former movie theater in Lockhart, Texas, United States"
http://www.wikidata.org/entity/Q42305091,Pix Theatre,Point(-97.6712423 29.8840235),,,"former movie theater in Lockhart, Texas, United States"
http://www.wikidata.org/entity/Q42305091,Pix Theatre,Point(-97.6712423 29.8840235),,,"former movie theater in Lockhart, Texas, United States"
http://www.wikidata.org/entity/Q42305091,Pix Theatre,Point(-97.6712423 29.8840235),,,"former movie theater in Lockhart, Texas, United States"
http://www.wikidata.org/entity/Q42305091,Pix Theatre,Point(-97.6712423 29.8840235),,,"former movie theater in Lockhart, Texas, United States"
http://www.wikidata.org/entity/Q42305091,Pix Theatre,Point(-97.6712423 29.8840235),,,"former movie theater in Lockhart, Texas, United States"
http://www.wikidata.org/entity/Q42305091,Pix Theatre,Point(-97.6712423 29.8840235),,,"former movie theater in Lockhart, Texas, United States"
http://www.wikidata.org/entity/Q42305091,Pix Theatre,Point(-97.6712423 29.8840235),,,"former movie theater in Lockhart, Texas, United States"
http://www.wikidata.org/entity/Q42305091,Pix Theatre,Point(-97.6712423 29.8840235),,,"former movie theater in Lockhart, Texas, United States"
http://www.wikidata.org/entity/Q42305091,Pix Theatre,Point(-97.6712423 29.8840235),,,"former movie theater in Lockhart, Texas, United States"
http://www.wikidata.org/entity/Q42305091,Pix Theatre,Point(-97.6712423 29.8840235),,,"former movie theater in Lockhart, Texas, United States"
http://www.wikidata.org/entity/Q42305088,Gaslight-Baker Theatre,Point(-97.671753 29.88329),,http://www.gaslightbakertheatre.org,"movie theater in Lockhart, Texas, United States"
http://www.wikidata.org/entity/Q42305088,Gaslight-Baker Theatre,Point(-97.671753 29.88329),,http://www.gaslightbakertheatre.org,"movie theater in Lockhart, Texas, United States"
http://www.wikidata.org/entity/Q42305088,Gaslight-Baker Theatre,Point(-97.671753 29.88329),,http://www.gaslightbakertheatre.org,"movie theater in Lockhart, Texas, United States"
http://www.wikidata.org/entity/Q42305088,Gaslight-Baker Theatre,Point(-97.671753 29.88329),,http://www.gaslightbakertheatre.org,"movie theater in Lockhart, Texas, United States"
http://www.wikidata.org/entity/Q42305088,Gaslight-Baker Theatre,Point(-97.671753 29.88329),,http://www.gaslightbakertheatre.org,"movie theater in Lockhart, Texas, United States"
http://www.wikidata.org/entity/Q42305088,Gaslight-Baker Theatre,Point(-97.671753 29.88329),,http://www.gaslightbakertheatre.org,"movie theater in Lockhart, Texas, United States"
http://www.wikidata.org/entity/Q42305088,Gaslight-Baker Theatre,Point(-97.671753 29.88329),,http://www.gaslightbakertheatre.org,"movie theater in Lockhart, Texas, United States"
http://www.wikidata.org/entity/Q42305088,Gaslight-Baker Theatre,Point(-97.671753 29.88329),,http://www.gaslightbakertheatre.org,"movie theater in Lockhart, Texas, United States"
http://www.wikidata.org/entity/Q42305088,Gaslight-Baker Theatre,Point(-97.671753 29.88329),,http://www.gaslightbakertheatre.org,"movie theater in Lockhart, Texas, United States"
http://www.wikidata.org/entity/Q42305088,Gaslight-Baker Theatre,Point(-97.671753 29.88329),,http://www.gaslightbakertheatre.org,"movie theater in Lockhart, Texas, United States"
http://www.wikidata.org/entity/Q42305088,Gaslight-Baker Theatre,Point(-97.671753 29.88329),,http://www.gaslightbakertheatre.org,"movie theater in Lockhart, Texas, United States"
http://www.wikidata.org/entity/Q42305088,Gaslight-Baker Theatre,Point(-97.671753 29.88329),,http://www.gaslightbakertheatre.org,"movie theater in Lockhart, Texas, United States"
http://www.wikidata.org/entity/Q42305088,Gaslight-Baker Theatre,Point(-97.671753 29.88329),,http://www.gaslightbakertheatre.org,"movie theater in Lockhart, Texas, United States"
http://www.wikidata.org/entity/Q42305088,Gaslight-Baker Theatre,Point(-97.671753 29.88329),,http://www.gaslightbakertheatre.org,"movie theater in Lockhart, Texas, United States"
http://www.wikidata.org/entity/Q42305088,Gaslight-Baker Theatre,Point(-97.671753 29.88329),,http://www.gaslightbakertheatre.org,"movie theater in Lockhart, Texas, United States"
http://www.wikidata.org/entity/Q42305088,Gaslight-Baker Theatre,Point(-97.671753 29.88329),,http://www.gaslightbakertheatre.org,"movie theater in Lockhart, Texas, United States"
http://www.wikidata.org/entity/Q42305088,Gaslight-Baker Theatre,Point(-97.671753 29.88329),,http://www.gaslightbakertheatre.org,"movie theater in Lockhart, Texas, United States"
http://www.wikidata.org/entity/Q42305088,Gaslight-Baker Theatre,Point(-97.671753 29.88329),,http://www.gaslightbakertheatre.org,"movie theater in Lockhart, Texas, United States"
http://www.wikidata.org/entity/Q42305088,Gaslight-Baker Theatre,Point(-97.671753 29.88329),,http://www.gaslightbakertheatre.org,"movie theater in Lockhart, Texas, United States"
http://www.wikidata.org/entity/Q42305088,Gaslight-Baker Theatre,Point(-97.671753 29.88329),,http://www.gaslightbakertheatre.org,"movie theater in Lockhart, Texas, United States"
http://www.wikidata.org/entity/Q42305088,Gaslight-Baker Theatre,Point(-97.671753 29.88329),,http://www.gaslightbakertheatre.org,"movie theater in Lockhart, Texas, United States"
http://www.wikidata.org/entity/Q42305295,Cinemark Tinseltown 20 & XD,Point(-97.661982 30.448276),,https://www.cinemark.com/central-texas/cinemark-20-and-xd,"movie theater in Pflugerville, Texas, United States"
http://www.wikidata.org/entity/Q42305295,Cinemark Tinseltown 20 & XD,Point(-97.661982 30.448276),,https://www.cinemark.com/central-texas/cinemark-20-and-xd,"movie theater in Pflugerville, Texas, United States"
http://www.wikidata.org/entity/Q42305295,Cinemark Tinseltown 20 & XD,Point(-97.661982 30.448276),,https://www.cinemark.com/central-texas/cinemark-20-and-xd,"movie theater in Pflugerville, Texas, United States"
http://www.wikidata.org/entity/Q42305295,Cinemark Tinseltown 20 & XD,Point(-97.661982 30.448276),,https://www.cinemark.com/central-texas/cinemark-20-and-xd,"movie theater in Pflugerville, Texas, United States"
http://www.wikidata.org/entity/Q42305295,Cinemark Tinseltown 20 & XD,Point(-97.661982 30.448276),,https://www.cinemark.com/central-texas/cinemark-20-and-xd,"movie theater in Pflugerville, Texas, United States"
http://www.wikidata.org/entity/Q42305295,Cinemark Tinseltown 20 & XD,Point(-97.661982 30.448276),,https://www.cinemark.com/central-texas/cinemark-20-and-xd,"movie theater in Pflugerville, Texas, United States"
http://www.wikidata.org/entity/Q42305295,Cinemark Tinseltown 20 & XD,Point(-97.661982 30.448276),,https://www.cinemark.com/central-texas/cinemark-20-and-xd,"movie theater in Pflugerville, Texas, United States"
http://www.wikidata.org/entity/Q42305295,Cinemark Tinseltown 20 & XD,Point(-97.661982 30.448276),,https://www.cinemark.com/central-texas/cinemark-20-and-xd,"movie theater in Pflugerville, Texas, United States"
http://www.wikidata.org/entity/Q42305295,Cinemark Tinseltown 20 & XD,Point(-97.661982 30.448276),,https://www.cinemark.com/central-texas/cinemark-20-and-xd,"movie theater in Pflugerville, Texas, United States"
http://www.wikidata.org/entity/Q42305295,Cinemark Tinseltown 20 & XD,Point(-97.661982 30.448276),,https://www.cinemark.com/central-texas/cinemark-20-and-xd,"movie theater in Pflugerville, Texas, United States"
http://www.wikidata.org/entity/Q42305295,Cinemark Tinseltown 20 & XD,Point(-97.661982 30.448276),,https://www.cinemark.com/central-texas/cinemark-20-and-xd,"movie theater in Pflugerville, Texas, United States"
http://www.wikidata.org/entity/Q42305295,Cinemark Tinseltown 20 & XD,Point(-97.661982 30.448276),,https://www.cinemark.com/central-texas/cinemark-20-and-xd,"movie theater in Pflugerville, Texas, United States"
http://www.wikidata.org/entity/Q42305295,Cinemark Tinseltown 20 & XD,Point(-97.661982 30.448276),,https://www.cinemark.com/central-texas/cinemark-20-and-xd,"movie theater in Pflugerville, Texas, United States"
http://www.wikidata.org/entity/Q42305295,Cinemark Tinseltown 20 & XD,Point(-97.661982 30.448276),,https://www.cinemark.com/central-texas/cinemark-20-and-xd,"movie theater in Pflugerville, Texas, United States"
http://www.wikidata.org/entity/Q42305295,Cinemark Tinseltown 20 & XD,Point(-97.661982 30.448276),,https://www.cinemark.com/central-texas/cinemark-20-and-xd,"movie theater in Pflugerville, Texas, United States"
http://www.wikidata.org/entity/Q42305295,Cinemark Tinseltown 20 & XD,Point(-97.661982 30.448276),,https://www.cinemark.com/central-texas/cinemark-20-and-xd,"movie theater in Pflugerville, Texas, United States"
http://www.wikidata.org/entity/Q42305295,Cinemark Tinseltown 20 & XD,Point(-97.661982 30.448276),,https://www.cinemark.com/central-texas/cinemark-20-and-xd,"movie theater in Pflugerville, Texas, United States"
http://www.wikidata.org/entity/Q42305295,Cinemark Tinseltown 20 & XD,Point(-97.661982 30.448276),,https://www.cinemark.com/central-texas/cinemark-20-and-xd,"movie theater in Pflugerville, Texas, United States"
http://www.wikidata.org/entity/Q42305295,Cinemark Tinseltown 20 & XD,Point(-97.661982 30.448276),,https://www.cinemark.com/central-texas/cinemark-20-and-xd,"movie theater in Pflugerville, Texas, United States"
http://www.wikidata.org/entity/Q42305295,Cinemark Tinseltown 20 & XD,Point(-97.661982 30.448276),,https://www.cinemark.com/central-texas/cinemark-20-and-xd,"movie theater in Pflugerville, Texas, United States"
http://www.wikidata.org/entity/Q42305295,Cinemark Tinseltown 20 & XD,Point(-97.661982 30.448276),,https://www.cinemark.com/central-texas/cinemark-20-and-xd,"movie theater in Pflugerville, Texas, United States"
http://www.wikidata.org/entity/Q42305295,Cinemark Tinseltown 20 & XD,Point(-97.661982 30.448276),,https://www.cinemark.com/central-texas/cinemark-20-and-xd,"movie theater in Pflugerville, Texas, United States"
http://www.wikidata.org/entity/Q42305295,Cinemark Tinseltown 20 & XD,Point(-97.661982 30.448276),,https://www.cinemark.com/central-texas/cinemark-20-and-xd,"movie theater in Pflugerville, Texas, United States"
http://www.wikidata.org/entity/Q42305295,Cinemark Tinseltown 20 & XD,Point(-97.661982 30.448276),,https://www.cinemark.com/central-texas/cinemark-20-and-xd,"movie theater in Pflugerville, Texas, United States"
http://www.wikidata.org/entity/Q42305295,Cinemark Tinseltown 20 & XD,Point(-97.661982 30.448276),,https://www.cinemark.com/central-texas/cinemark-20-and-xd,"movie theater in Pflugerville, Texas, United States"
http://www.wikidata.org/entity/Q42305295,Cinemark Tinseltown 20 & XD,Point(-97.661982 30.448276),,https://www.cinemark.com/central-texas/cinemark-20-and-xd,"movie theater in Pflugerville, Texas, United States"
http://www.wikidata.org/entity/Q42305295,Cinemark Tinseltown 20 & XD,Point(-97.661982 30.448276),,https://www.cinemark.com/central-texas/cinemark-20-and-xd,"movie theater in Pflugerville, Texas, United States"
http://www.wikidata.org/entity/Q42305295,Cinemark Tinseltown 20 & XD,Point(-97.661982 30.448276),,https://www.cinemark.com/central-texas/cinemark-20-and-xd,"movie theater in Pflugerville, Texas, United States"
http://www.wikidata.org/entity/Q42305295,Cinemark Tinseltown 20 & XD,Point(-97.661982 30.448276),,https://www.cinemark.com/central-texas/cinemark-20-and-xd,"movie theater in Pflugerville, Texas, United States"
http://www.wikidata.org/entity/Q42305295,Cinemark Tinseltown 20 & XD,Point(-97.661982 30.448276),,https://www.cinemark.com/central-texas/cinemark-20-and-xd,"movie theater in Pflugerville, Texas, United States"
http://www.wikidata.org/entity/Q42305295,Cinemark Tinseltown 20 & XD,Point(-97.661982 30.448276),,https://www.cinemark.com/central-texas/cinemark-20-and-xd,"movie theater in Pflugerville, Texas, United States"
http://www.wikidata.org/entity/Q42305295,Cinemark Tinseltown 20 & XD,Point(-97.661982 30.448276),,https://www.cinemark.com/central-texas/cinemark-20-and-xd,"movie theater in Pflugerville, Texas, United States"
http://www.wikidata.org/entity/Q42305295,Cinemark Tinseltown 20 & XD,Point(-97.661982 30.448276),,https://www.cinemark.com/central-texas/cinemark-20-and-xd,"movie theater in Pflugerville, Texas, United States"
http://www.wikidata.org/entity/Q42305295,Cinemark Tinseltown 20 & XD,Point(-97.661982 30.448276),,https://www.cinemark.com/central-texas/cinemark-20-and-xd,"movie theater in Pflugerville, Texas, United States"
http://www.wikidata.org/entity/Q42305295,Cinemark Tinseltown 20 & XD,Point(-97.661982 30.448276),,https://www.cinemark.com/central-texas/cinemark-20-and-xd,"movie theater in Pflugerville, Texas, United States"
http://www.wikidata.org/entity/Q42305295,Cinemark Tinseltown 20 & XD,Point(-97.661982 30.448276),,https://www.cinemark.com/central-texas/cinemark-20-and-xd,"movie theater in Pflugerville, Texas, United States"
http://www.wikidata.org/entity/Q42305295,Cinemark Tinseltown 20 & XD,Point(-97.661982 30.448276),,https://www.cinemark.com/central-texas/cinemark-20-and-xd,"movie theater in Pflugerville, Texas, United States"
http://www.wikidata.org/entity/Q42305296,Stone Hill Towne Center 9,Point(-97.5980182 30.4702958),,http://www.cinemark.com,"movie theater in Pflugerville, Texas, United States"
http://www.wikidata.org/entity/Q42305296,Stone Hill Towne Center 9,Point(-97.5980182 30.4702958),,http://www.cinemark.com,"movie theater in Pflugerville, Texas, United States"
http://www.wikidata.org/entity/Q42305296,Stone Hill Towne Center 9,Point(-97.5980182 30.4702958),,http://www.cinemark.com,"movie theater in Pflugerville, Texas, United States"
http://www.wikidata.org/entity/Q42305296,Stone Hill Towne Center 9,Point(-97.5980182 30.4702958),,http://www.cinemark.com,"movie theater in Pflugerville, Texas, United States"
http://www.wikidata.org/entity/Q42305296,Stone Hill Towne Center 9,Point(-97.5980182 30.4702958),,http://www.cinemark.com,"movie theater in Pflugerville, Texas, United States"
http://www.wikidata.org/entity/Q42305296,Stone Hill Towne Center 9,Point(-97.5980182 30.4702958),,http://www.cinemark.com,"movie theater in Pflugerville, Texas, United States"
http://www.wikidata.org/entity/Q42305296,Stone Hill Towne Center 9,Point(-97.5980182 30.4702958),,http://www.cinemark.com,"movie theater in Pflugerville, Texas, United States"
http://www.wikidata.org/entity/Q42305296,Stone Hill Towne Center 9,Point(-97.5980182 30.4702958),,http://www.cinemark.com,"movie theater in Pflugerville, Texas, United States"
http://www.wikidata.org/entity/Q42305296,Stone Hill Towne Center 9,Point(-97.5980182 30.4702958),,http://www.cinemark.com,"movie theater in Pflugerville, Texas, United States"
http://www.wikidata.org/entity/Q42305296,Stone Hill Towne Center 9,Point(-97.5980182 30.4702958),,http://www.cinemark.com,"movie theater in Pflugerville, Texas, United States"
http://www.wikidata.org/entity/Q42305296,Stone Hill Towne Center 9,Point(-97.5980182 30.4702958),,http://www.cinemark.com,"movie theater in Pflugerville, Texas, United States"
http://www.wikidata.org/entity/Q42305296,Stone Hill Towne Center 9,Point(-97.5980182 30.4702958),,http://www.cinemark.com,"movie theater in Pflugerville, Texas, United States"
http://www.wikidata.org/entity/Q42305296,Stone Hill Towne Center 9,Point(-97.5980182 30.4702958),,http://www.cinemark.com,"movie theater in Pflugerville, Texas, United States"
http://www.wikidata.org/entity/Q42305296,Stone Hill Towne Center 9,Point(-97.5980182 30.4702958),,http://www.cinemark.com,"movie theater in Pflugerville, Texas, United States"
http://www.wikidata.org/entity/Q42305296,Stone Hill Towne Center 9,Point(-97.5980182 30.4702958),,http://www.cinemark.com,"movie theater in Pflugerville, Texas, United States"
http://www.wikidata.org/entity/Q42305296,Stone Hill Towne Center 9,Point(-97.5980182 30.4702958),,http://www.cinemark.com,"movie theater in Pflugerville, Texas, United States"
http://www.wikidata.org/entity/Q42305296,Stone Hill Towne Center 9,Point(-97.5980182 30.4702958),,http://www.cinemark.com,"movie theater in Pflugerville, Texas, United States"
http://www.wikidata.org/entity/Q42305296,Stone Hill Towne Center 9,Point(-97.5980182 30.4702958),,http://www.cinemark.com,"movie theater in Pflugerville, Texas, United States"
http://www.wikidata.org/entity/Q42305296,Stone Hill Towne Center 9,Point(-97.5980182 30.4702958),,http://www.cinemark.com,"movie theater in Pflugerville, Texas, United States"
http://www.wikidata.org/entity/Q42305296,Stone Hill Towne Center 9,Point(-97.5980182 30.4702958),,http://www.cinemark.com,"movie theater in Pflugerville, Texas, United States"
http://www.wikidata.org/entity/Q42305296,Stone Hill Towne Center 9,Point(-97.5980182 30.4702958),,http://www.cinemark.com,"movie theater in Pflugerville, Texas, United States"
http://www.wikidata.org/entity/Q42305296,Stone Hill Towne Center 9,Point(-97.5980182 30.4702958),,http://www.cinemark.com,"movie theater in Pflugerville, Texas, United States"
http://www.wikidata.org/entity/Q42305296,Stone Hill Towne Center 9,Point(-97.5980182 30.4702958),,http://www.cinemark.com,"movie theater in Pflugerville, Texas, United States"
http://www.wikidata.org/entity/Q42305296,Stone Hill Towne Center 9,Point(-97.5980182 30.4702958),,http://www.cinemark.com,"movie theater in Pflugerville, Texas, United States"
http://www.wikidata.org/entity/Q42305296,Stone Hill Towne Center 9,Point(-97.5980182 30.4702958),,http://www.cinemark.com,"movie theater in Pflugerville, Texas, United States"
http://www.wikidata.org/entity/Q42305296,Stone Hill Towne Center 9,Point(-97.5980182 30.4702958),,http://www.cinemark.com,"movie theater in Pflugerville, Texas, United States"
http://www.wikidata.org/entity/Q42305296,Stone Hill Towne Center 9,Point(-97.5980182 30.4702958),,http://www.cinemark.com,"movie theater in Pflugerville, Texas, United States"
http://www.wikidata.org/entity/Q42305296,Stone Hill Towne Center 9,Point(-97.5980182 30.4702958),,http://www.cinemark.com,"movie theater in Pflugerville, Texas, United States"
http://www.wikidata.org/entity/Q42305296,Stone Hill Towne Center 9,Point(-97.5980182 30.4702958),,http://www.cinemark.com,"movie theater in Pflugerville, Texas, United States"
http://www.wikidata.org/entity/Q42305296,Stone Hill Towne Center 9,Point(-97.5980182 30.4702958),,http://www.cinemark.com,"movie theater in Pflugerville, Texas, United States"
http://www.wikidata.org/entity/Q42305296,Stone Hill Towne Center 9,Point(-97.5980182 30.4702958),,http://www.cinemark.com,"movie theater in Pflugerville, Texas, United States"
http://www.wikidata.org/entity/Q42305296,Stone Hill Towne Center 9,Point(-97.5980182 30.4702958),,http://www.cinemark.com,"movie theater in Pflugerville, Texas, United States"
http://www.wikidata.org/entity/Q42305296,Stone Hill Towne Center 9,Point(-97.5980182 30.4702958),,http://www.cinemark.com,"movie theater in Pflugerville, Texas, United States"
http://www.wikidata.org/entity/Q42305296,Stone Hill Towne Center 9,Point(-97.5980182 30.4702958),,http://www.cinemark.com,"movie theater in Pflugerville, Texas, United States"
http://www.wikidata.org/entity/Q42305296,Stone Hill Towne Center 9,Point(-97.5980182 30.4702958),,http://www.cinemark.com,"movie theater in Pflugerville, Texas, United States"
http://www.wikidata.org/entity/Q42305296,Stone Hill Towne Center 9,Point(-97.5980182 30.4702958),,http://www.cinemark.com,"movie theater in Pflugerville, Texas, United States"
http://www.wikidata.org/entity/Q42305296,Stone Hill Towne Center 9,Point(-97.5980182 30.4702958),,http://www.cinemark.com,"movie theater in Pflugerville, Texas, United States"
http://www.wikidata.org/entity/Q42298486,Gateway Stadium 16,Point(-97.7393613 30.3876486),,http://www.regalcinemas.com,"movie theater in Austin, Texas, United States"
http://www.wikidata.org/entity/Q42298486,Gateway Stadium 16,Point(-97.7393613 30.3876486),,http://www.regalcinemas.com,"movie theater in Austin, Texas, United States"
http://www.wikidata.org/entity/Q42298486,Gateway Stadium 16,Point(-97.7393613 30.3876486),,http://www.regalcinemas.com,"movie theater in Austin, Texas, United States"
http://www.wikidata.org/entity/Q42298486,Gateway Stadium 16,Point(-97.7393613 30.3876486),,http://www.regalcinemas.com,"movie theater in Austin, Texas, United States"
http://www.wikidata.org/entity/Q42298486,Gateway Stadium 16,Point(-97.7393613 30.3876486),,http://www.regalcinemas.com,"movie theater in Austin, Texas, United States"
http://www.wikidata.org/entity/Q42298486,Gateway Stadium 16,Point(-97.7393613 30.3876486),,http://www.regalcinemas.com,"movie theater in Austin, Texas, United States"
http://www.wikidata.org/entity/Q42298486,Gateway Stadium 16,Point(-97.7393613 30.3876486),,http://www.regalcinemas.com,"movie theater in Austin, Texas, United States"
http://www.wikidata.org/entity/Q42298486,Gateway Stadium 16,Point(-97.7393613 30.3876486),,http://www.regalcinemas.com,"movie theater in Austin, Texas, United States"
http://www.wikidata.org/entity/Q42298486,Gateway Stadium 16,Point(-97.7393613 30.3876486),,http://www.regalcinemas.com,"movie theater in Austin, Texas, United States"
http://www.wikidata.org/entity/Q42298486,Gateway Stadium 16,Point(-97.7393613 30.3876486),,http://www.regalcinemas.com,"movie theater in Austin, Texas, United States"
http://www.wikidata.org/entity/Q42298486,Gateway Stadium 16,Point(-97.7393613 30.3876486),,http://www.regalcinemas.com,"movie theater in Austin, Texas, United States"
http://www.wikidata.org/entity/Q42298486,Gateway Stadium 16,Point(-97.7393613 30.3876486),,http://www.regalcinemas.com,"movie theater in Austin, Texas, United States"
http://www.wikidata.org/entity/Q42298486,Gateway Stadium 16,Point(-97.7393613 30.3876486),,http://www.regalcinemas.com,"movie theater in Austin, Texas, United States"
http://www.wikidata.org/entity/Q42298486,Gateway Stadium 16,Point(-97.7393613 30.3876486),,http://www.regalcinemas.com,"movie theater in Austin, Texas, United States"
http://www.wikidata.org/entity/Q42298486,Gateway Stadium 16,Point(-97.7393613 30.3876486),,http://www.regalcinemas.com,"movie theater in Austin, Texas, United States"
http://www.wikidata.org/entity/Q42298486,Gateway Stadium 16,Point(-97.7393613 30.3876486),,http://www.regalcinemas.com,"movie theater in Austin, Texas, United States"
http://www.wikidata.org/entity/Q42298486,Gateway Stadium 16,Point(-97.7393613 30.3876486),,http://www.regalcinemas.com,"movie theater in Austin, Texas, United States"
http://www.wikidata.org/entity/Q42298486,Gateway Stadium 16,Point(-97.7393613 30.3876486),,http://www.regalcinemas.com,"movie theater in Austin, Texas, United States"
http://www.wikidata.org/entity/Q42298486,Gateway Stadium 16,Point(-97.7393613 30.3876486),,http://www.regalcinemas.com,"movie theater in Austin, Texas, United States"
http://www.wikidata.org/entity/Q42298486,Gateway Stadium 16,Point(-97.7393613 30.3876486),,http://www.regalcinemas.com,"movie theater in Austin, Texas, United States"
http://www.wikidata.org/entity/Q42298486,Gateway Stadium 16,Point(-97.7393613 30.3876486),,http://www.regalcinemas.com,"movie theater in Austin, Texas, United States"
http://www.wikidata.org/entity/Q42298486,Gateway Stadium 16,Point(-97.7393613 30.3876486),,http://www.regalcinemas.com,"movie theater in Austin, Texas, United States"
http://www.wikidata.org/entity/Q42298486,Gateway Stadium 16,Point(-97.7393613 30.3876486),,http://www.regalcinemas.com,"movie theater in Austin, Texas, United States"
http://www.wikidata.org/entity/Q42298486,Gateway Stadium 16,Point(-97.7393613 30.3876486),,http://www.regalcinemas.com,"movie theater in Austin, Texas, United States"
http://www.wikidata.org/entity/Q42298486,Gateway Stadium 16,Point(-97.7393613 30.3876486),,http://www.regalcinemas.com,"movie theater in Austin, Texas, United States"
http://www.wikidata.org/entity/Q42298486,Gateway Stadium 16,Point(-97.7393613 30.3876486),,http://www.regalcinemas.com,"movie theater in Austin, Texas, United States"
http://www.wikidata.org/entity/Q42298486,Gateway Stadium 16,Point(-97.7393613 30.3876486),,http://www.regalcinemas.com,"movie theater in Austin, Texas, United States"
http://www.wikidata.org/entity/Q42298486,Gateway Stadium 16,Point(-97.7393613 30.3876486),,http://www.regalcinemas.com,"movie theater in Austin, Texas, United States"
http://www.wikidata.org/entity/Q42298486,Gateway Stadium 16,Point(-97.7393613 30.3876486),,http://www.regalcinemas.com,"movie theater in Austin, Texas, United States"
http://www.wikidata.org/entity/Q42298486,Gateway Stadium 16,Point(-97.7393613 30.3876486),,http://www.regalcinemas.com,"movie theater in Austin, Texas, United States"
http://www.wikidata.org/entity/Q42298486,Gateway Stadium 16,Point(-97.7393613 30.3876486),,http://www.regalcinemas.com,"movie theater in Austin, Texas, United States"
http://www.wikidata.org/entity/Q42298486,Gateway Stadium 16,Point(-97.7393613 30.3876486),,http://www.regalcinemas.com,"movie theater in Austin, Texas, United States"
http://www.wikidata.org/entity/Q42298486,Gateway Stadium 16,Point(-97.7393613 30.3876486),,http://www.regalcinemas.com,"movie theater in Austin, Texas, United States"
http://www.wikidata.org/entity/Q42298486,Gateway Stadium 16,Point(-97.7393613 30.3876486),,http://www.regalcinemas.com,"movie theater in Austin, Texas, United States"
http://www.wikidata.org/entity/Q42298486,Gateway Stadium 16,Point(-97.7393613 30.3876486),,http://www.regalcinemas.com,"movie theater in Austin, Texas, United States"
http://www.wikidata.org/entity/Q42298486,Gateway Stadium 16,Point(-97.7393613 30.3876486),,http://www.regalcinemas.com,"movie theater in Austin, Texas, United States"
http://www.wikidata.org/entity/Q42298486,Gateway Stadium 16,Point(-97.7393613 30.3876486),,http://www.regalcinemas.com,"movie theater in Austin, Texas, United States"
http://www.wikidata.org/entity/Q42298485,Cinemark Tinseltown 17,Point(-97.7613466 30.1990997),,,"former movie theater in Austin, Texas, United States"
http://www.wikidata.org/entity/Q42298485,Cinemark Tinseltown 17,Point(-97.7613466 30.1990997),,,"former movie theater in Austin, Texas, United States"
http://www.wikidata.org/entity/Q42298485,Cinemark Tinseltown 17,Point(-97.7613466 30.1990997),,,"former movie theater in Austin, Texas, United States"
http://www.wikidata.org/entity/Q42298485,Cinemark Tinseltown 17,Point(-97.7613466 30.1990997),,,"former movie theater in Austin, Texas, United States"
http://www.wikidata.org/entity/Q42298485,Cinemark Tinseltown 17,Point(-97.7613466 30.1990997),,,"former movie theater in Austin, Texas, United States"
http://www.wikidata.org/entity/Q42298485,Cinemark Tinseltown 17,Point(-97.7613466 30.1990997),,,"former movie theater in Austin, Texas, United States"
http://www.wikidata.org/entity/Q42298485,Cinemark Tinseltown 17,Point(-97.7613466 30.1990997),,,"former movie theater in Austin, Texas, United States"
http://www.wikidata.org/entity/Q42298485,Cinemark Tinseltown 17,Point(-97.7613466 30.1990997),,,"former movie theater in Austin, Texas, United States"
http://www.wikidata.org/entity/Q42298485,Cinemark Tinseltown 17,Point(-97.7613466 30.1990997),,,"former movie theater in Austin, Texas, United States"
http://www.wikidata.org/entity/Q42298485,Cinemark Tinseltown 17,Point(-97.7613466 30.1990997),,,"former movie theater in Austin, Texas, United States"
http://www.wikidata.org/entity/Q42298485,Cinemark Tinseltown 17,Point(-97.7613466 30.1990997),,,"former movie theater in Austin, Texas, United States"
http://www.wikidata.org/entity/Q42298485,Cinemark Tinseltown 17,Point(-97.7613466 30.1990997),,,"former movie theater in Austin, Texas, United States"
http://www.wikidata.org/entity/Q42298485,Cinemark Tinseltown 17,Point(-97.7613466 30.1990997),,,"former movie theater in Austin, Texas, United States"
http://www.wikidata.org/entity/Q42298485,Cinemark Tinseltown 17,Point(-97.7613466 30.1990997),,,"former movie theater in Austin, Texas, United States"
http://www.wikidata.org/entity/Q42298485,Cinemark Tinseltown 17,Point(-97.7613466 30.1990997),,,"former movie theater in Austin, Texas, United States"
http://www.wikidata.org/entity/Q42298485,Cinemark Tinseltown 17,Point(-97.7613466 30.1990997),,,"former movie theater in Austin, Texas, United States"
http://www.wikidata.org/entity/Q42298485,Cinemark Tinseltown 17,Point(-97.7613466 30.1990997),,,"former movie theater in Austin, Texas, United States"
http://www.wikidata.org/entity/Q42298485,Cinemark Tinseltown 17,Point(-97.7613466 30.1990997),,,"former movie theater in Austin, Texas, United States"
http://www.wikidata.org/entity/Q42298485,Cinemark Tinseltown 17,Point(-97.7613466 30.1990997),,,"former movie theater in Austin, Texas, United States"
http://www.wikidata.org/entity/Q42298485,Cinemark Tinseltown 17,Point(-97.7613466 30.1990997),,,"former movie theater in Austin, Texas, United States"
http://www.wikidata.org/entity/Q42298485,Cinemark Tinseltown 17,Point(-97.7613466 30.1990997),,,"former movie theater in Austin, Texas, United States"
http://www.wikidata.org/entity/Q42298485,Cinemark Tinseltown 17,Point(-97.7613466 30.1990997),,,"former movie theater in Austin, Texas, United States"
http://www.wikidata.org/entity/Q42298485,Cinemark Tinseltown 17,Point(-97.7613466 30.1990997),,,"former movie theater in Austin, Texas, United States"
http://www.wikidata.org/entity/Q42298485,Cinemark Tinseltown 17,Point(-97.7613466 30.1990997),,,"former movie theater in Austin, Texas, United States"
http://www.wikidata.org/entity/Q42298485,Cinemark Tinseltown 17,Point(-97.7613466 30.1990997),,,"former movie theater in Austin, Texas, United States"
http://www.wikidata.org/entity/Q42298485,Cinemark Tinseltown 17,Point(-97.7613466 30.1990997),,,"former movie theater in Austin, Texas, United States"
http://www.wikidata.org/entity/Q42298485,Cinemark Tinseltown 17,Point(-97.7613466 30.1990997),,,"former movie theater in Austin, Texas, United States"
http://www.wikidata.org/entity/Q42298485,Cinemark Tinseltown 17,Point(-97.7613466 30.1990997),,,"former movie theater in Austin, Texas, United States"
http://www.wikidata.org/entity/Q42298485,Cinemark Tinseltown 17,Point(-97.7613466 30.1990997),,,"former movie theater in Austin, Texas, United States"
http://www.wikidata.org/entity/Q42298485,Cinemark Tinseltown 17,Point(-97.7613466 30.1990997),,,"former movie theater in Austin, Texas, United States"
http://www.wikidata.org/entity/Q42298485,Cinemark Tinseltown 17,Point(-97.7613466 30.1990997),,,"former movie theater in Austin, Texas, United States"
http://www.wikidata.org/entity/Q42298485,Cinemark Tinseltown 17,Point(-97.7613466 30.1990997),,,"former movie theater in Austin, Texas, United States"
http://www.wikidata.org/entity/Q42298485,Cinemark Tinseltown 17,Point(-97.7613466 30.1990997),,,"former movie theater in Austin, Texas, United States"
http://www.wikidata.org/entity/Q42298485,Cinemark Tinseltown 17,Point(-97.7613466 30.1990997),,,"former movie theater in Austin, Texas, United States"
http://www.wikidata.org/entity/Q42298485,Cinemark Tinseltown 17,Point(-97.7613466 30.1990997),,,"former movie theater in Austin, Texas, United States"
http://www.wikidata.org/entity/Q42298485,Cinemark Tinseltown 17,Point(-97.7613466 30.1990997),,,"former movie theater in Austin, Texas, United States"
http://www.wikidata.org/entity/Q42298485,Cinemark Tinseltown 17,Point(-97.7613466 30.1990997),,,"former movie theater in Austin, Texas, United States"
http://www.wikidata.org/entity/Q42298490,Highland 10,Point(-97.708315 30.328046),,,"movie theater in Austin, Texas, United States"
http://www.wikidata.org/entity/Q42298490,Highland 10,Point(-97.708315 30.328046),,,"movie theater in Austin, Texas, United States"
http://www.wikidata.org/entity/Q42298490,Highland 10,Point(-97.708315 30.328046),,,"movie theater in Austin, Texas, United States"
http://www.wikidata.org/entity/Q42298490,Highland 10,Point(-97.708315 30.328046),,,"movie theater in Austin, Texas, United States"
http://www.wikidata.org/entity/Q42298490,Highland 10,Point(-97.708315 30.328046),,,"movie theater in Austin, Texas, United States"
http://www.wikidata.org/entity/Q42298490,Highland 10,Point(-97.708315 30.328046),,,"movie theater in Austin, Texas, United States"
http://www.wikidata.org/entity/Q42298490,Highland 10,Point(-97.708315 30.328046),,,"movie theater in Austin, Texas, United States"
http://www.wikidata.org/entity/Q42298490,Highland 10,Point(-97.708315 30.328046),,,"movie theater in Austin, Texas, United States"
http://www.wikidata.org/entity/Q42298490,Highland 10,Point(-97.708315 30.328046),,,"movie theater in Austin, Texas, United States"
http://www.wikidata.org/entity/Q42298490,Highland 10,Point(-97.708315 30.328046),,,"movie theater in Austin, Texas, United States"
http://www.wikidata.org/entity/Q42298490,Highland 10,Point(-97.708315 30.328046),,,"movie theater in Austin, Texas, United States"
http://www.wikidata.org/entity/Q42298490,Highland 10,Point(-97.708315 30.328046),,,"movie theater in Austin, Texas, United States"
http://www.wikidata.org/entity/Q42298490,Highland 10,Point(-97.708315 30.328046),,,"movie theater in Austin, Texas, United States"
http://www.wikidata.org/entity/Q42298490,Highland 10,Point(-97.708315 30.328046),,,"movie theater in Austin, Texas, United States"
http://www.wikidata.org/entity/Q42298490,Highland 10,Point(-97.708315 30.328046),,,"movie theater in Austin, Texas, United States"
http://www.wikidata.org/entity/Q42298490,Highland 10,Point(-97.708315 30.328046),,,"movie theater in Austin, Texas, United States"
http://www.wikidata.org/entity/Q42298490,Highland 10,Point(-97.708315 30.328046),,,"movie theater in Austin, Texas, United States"
http://www.wikidata.org/entity/Q42298490,Highland 10,Point(-97.708315 30.328046),,,"movie theater in Austin, Texas, United States"
http://www.wikidata.org/entity/Q42298490,Highland 10,Point(-97.708315 30.328046),,,"movie theater in Austin, Texas, United States"
http://www.wikidata.org/entity/Q42298490,Highland 10,Point(-97.708315 30.328046),,,"movie theater in Austin, Texas, United States"
http://www.wikidata.org/entity/Q42298490,Highland 10,Point(-97.708315 30.328046),,,"movie theater in Austin, Texas, United States"
http://www.wikidata.org/entity/Q42298490,Highland 10,Point(-97.708315 30.328046),,,"movie theater in Austin, Texas, United States"
http://www.wikidata.org/entity/Q42298490,Highland 10,Point(-97.708315 30.328046),,,"movie theater in Austin, Texas, United States"
http://www.wikidata.org/entity/Q42298490,Highland 10,Point(-97.708315 30.328046),,,"movie theater in Austin, Texas, United States"
http://www.wikidata.org/entity/Q42298490,Highland 10,Point(-97.708315 30.328046),,,"movie theater in Austin, Texas, United States"
http://www.wikidata.org/entity/Q42298490,Highland 10,Point(-97.708315 30.328046),,,"movie theater in Austin, Texas, United States"
http://www.wikidata.org/entity/Q42298490,Highland 10,Point(-97.708315 30.328046),,,"movie theater in Austin, Texas, United States"
http://www.wikidata.org/entity/Q42298490,Highland 10,Point(-97.708315 30.328046),,,"movie theater in Austin, Texas, United States"
http://www.wikidata.org/entity/Q42298490,Highland 10,Point(-97.708315 30.328046),,,"movie theater in Austin, Texas, United States"
http://www.wikidata.org/entity/Q42298490,Highland 10,Point(-97.708315 30.328046),,,"movie theater in Austin, Texas, United States"
http://www.wikidata.org/entity/Q42298490,Highland 10,Point(-97.708315 30.328046),,,"movie theater in Austin, Texas, United States"
http://www.wikidata.org/entity/Q42298490,Highland 10,Point(-97.708315 30.328046),,,"movie theater in Austin, Texas, United States"
http://www.wikidata.org/entity/Q42298490,Highland 10,Point(-97.708315 30.328046),,,"movie theater in Austin, Texas, United States"
http://www.wikidata.org/entity/Q42298490,Highland 10,Point(-97.708315 30.328046),,,"movie theater in Austin, Texas, United States"
http://www.wikidata.org/entity/Q42298490,Highland 10,Point(-97.708315 30.328046),,,"movie theater in Austin, Texas, United States"
http://www.wikidata.org/entity/Q42298490,Highland 10,Point(-97.708315 30.328046),,,"movie theater in Austin, Texas, United States"
http://www.wikidata.org/entity/Q42298490,Highland 10,Point(-97.708315 30.328046),,,"movie theater in Austin, Texas, United States"
http://www.wikidata.org/entity/Q42298491,Highland Mall Cinema I & II,Point(-97.710968 30.327798),,,"former movie theater in Austin, Texas, United States"
http://www.wikidata.org/entity/Q42298491,Highland Mall Cinema I & II,Point(-97.710968 30.327798),,,"former movie theater in Austin, Texas, United States"
http://www.wikidata.org/entity/Q42298491,Highland Mall Cinema I & II,Point(-97.710968 30.327798),,,"former movie theater in Austin, Texas, United States"
http://www.wikidata.org/entity/Q42298491,Highland Mall Cinema I & II,Point(-97.710968 30.327798),,,"former movie theater in Austin, Texas, United States"
http://www.wikidata.org/entity/Q42298491,Highland Mall Cinema I & II,Point(-97.710968 30.327798),,,"former movie theater in Austin, Texas, United States"
http://www.wikidata.org/entity/Q42298491,Highland Mall Cinema I & II,Point(-97.710968 30.327798),,,"former movie theater in Austin, Texas, United States"
http://www.wikidata.org/entity/Q42298491,Highland Mall Cinema I & II,Point(-97.710968 30.327798),,,"former movie theater in Austin, Texas, United States"
http://www.wikidata.org/entity/Q42298491,Highland Mall Cinema I & II,Point(-97.710968 30.327798),,,"former movie theater in Austin, Texas, United States"
http://www.wikidata.org/entity/Q42298491,Highland Mall Cinema I & II,Point(-97.710968 30.327798),,,"former movie theater in Austin, Texas, United States"
http://www.wikidata.org/entity/Q42298491,Highland Mall Cinema I & II,Point(-97.710968 30.327798),,,"former movie theater in Austin, Texas, United States"
http://www.wikidata.org/entity/Q42298491,Highland Mall Cinema I & II,Point(-97.710968 30.327798),,,"former movie theater in Austin, Texas, United States"
http://www.wikidata.org/entity/Q42298491,Highland Mall Cinema I & II,Point(-97.710968 30.327798),,,"former movie theater in Austin, Texas, United States"
http://www.wikidata.org/entity/Q42298491,Highland Mall Cinema I & II,Point(-97.710968 30.327798),,,"former movie theater in Austin, Texas, United States"
http://www.wikidata.org/entity/Q42298491,Highland Mall Cinema I & II,Point(-97.710968 30.327798),,,"former movie theater in Austin, Texas, United States"
http://www.wikidata.org/entity/Q42298491,Highland Mall Cinema I & II,Point(-97.710968 30.327798),,,"former movie theater in Austin, Texas, United States"
http://www.wikidata.org/entity/Q42298491,Highland Mall Cinema I & II,Point(-97.710968 30.327798),,,"former movie theater in Austin, Texas, United States"
http://www.wikidata.org/entity/Q42298491,Highland Mall Cinema I & II,Point(-97.710968 30.327798),,,"former movie theater in Austin, Texas, United States"
http://www.wikidata.org/entity/Q42298491,Highland Mall Cinema I & II,Point(-97.710968 30.327798),,,"former movie theater in Austin, Texas, United States"
http://www.wikidata.org/entity/Q42298491,Highland Mall Cinema I & II,Point(-97.710968 30.327798),,,"former movie theater in Austin, Texas, United States"
http://www.wikidata.org/entity/Q42298491,Highland Mall Cinema I & II,Point(-97.710968 30.327798),,,"former movie theater in Austin, Texas, United States"
http://www.wikidata.org/entity/Q42298491,Highland Mall Cinema I & II,Point(-97.710968 30.327798),,,"former movie theater in Austin, Texas, United States"
http://www.wikidata.org/entity/Q42298491,Highland Mall Cinema I & II,Point(-97.710968 30.327798),,,"former movie theater in Austin, Texas, United States"
http://www.wikidata.org/entity/Q42298491,Highland Mall Cinema I & II,Point(-97.710968 30.327798),,,"former movie theater in Austin, Texas, United States"
http://www.wikidata.org/entity/Q42298491,Highland Mall Cinema I & II,Point(-97.710968 30.327798),,,"former movie theater in Austin, Texas, United States"
http://www.wikidata.org/entity/Q42298491,Highland Mall Cinema I & II,Point(-97.710968 30.327798),,,"former movie theater in Austin, Texas, United States"
http://www.wikidata.org/entity/Q42298491,Highland Mall Cinema I & II,Point(-97.710968 30.327798),,,"former movie theater in Austin, Texas, United States"
http://www.wikidata.org/entity/Q42298491,Highland Mall Cinema I & II,Point(-97.710968 30.327798),,,"former movie theater in Austin, Texas, United States"
http://www.wikidata.org/entity/Q42298491,Highland Mall Cinema I & II,Point(-97.710968 30.327798),,,"former movie theater in Austin, Texas, United States"
http://www.wikidata.org/entity/Q42298491,Highland Mall Cinema I & II,Point(-97.710968 30.327798),,,"former movie theater in Austin, Texas, United States"
http://www.wikidata.org/entity/Q42298491,Highland Mall Cinema I & II,Point(-97.710968 30.327798),,,"former movie theater in Austin, Texas, United States"
http://www.wikidata.org/entity/Q42298491,Highland Mall Cinema I & II,Point(-97.710968 30.327798),,,"former movie theater in Austin, Texas, United States"
http://www.wikidata.org/entity/Q42298491,Highland Mall Cinema I & II,Point(-97.710968 30.327798),,,"former movie theater in Austin, Texas, United States"
http://www.wikidata.org/entity/Q42298491,Highland Mall Cinema I & II,Point(-97.710968 30.327798),,,"former movie theater in Austin, Texas, United States"
http://www.wikidata.org/entity/Q42298491,Highland Mall Cinema I & II,Point(-97.710968 30.327798),,,"former movie theater in Austin, Texas, United States"
http://www.wikidata.org/entity/Q42298491,Highland Mall Cinema I & II,Point(-97.710968 30.327798),,,"former movie theater in Austin, Texas, United States"
http://www.wikidata.org/entity/Q42298491,Highland Mall Cinema I & II,Point(-97.710968 30.327798),,,"former movie theater in Austin, Texas, United States"
http://www.wikidata.org/entity/Q42298491,Highland Mall Cinema I & II,Point(-97.710968 30.327798),,,"former movie theater in Austin, Texas, United States"
http://www.wikidata.org/entity/Q42298488,Showtown USA Drive-In,Point(-97.684547 30.336987),,,"former drive-in movie theater in Austin, Texas, United States"
http://www.wikidata.org/entity/Q42298488,Showtown USA Drive-In,Point(-97.684547 30.336987),,,"former drive-in movie theater in Austin, Texas, United States"
http://www.wikidata.org/entity/Q42298488,Showtown USA Drive-In,Point(-97.684547 30.336987),,,"former drive-in movie theater in Austin, Texas, United States"
http://www.wikidata.org/entity/Q42298488,Showtown USA Drive-In,Point(-97.684547 30.336987),,,"former drive-in movie theater in Austin, Texas, United States"
http://www.wikidata.org/entity/Q42298488,Showtown USA Drive-In,Point(-97.684547 30.336987),,,"former drive-in movie theater in Austin, Texas, United States"
http://www.wikidata.org/entity/Q42298488,Showtown USA Drive-In,Point(-97.684547 30.336987),,,"former drive-in movie theater in Austin, Texas, United States"
http://www.wikidata.org/entity/Q42298488,Showtown USA Drive-In,Point(-97.684547 30.336987),,,"former drive-in movie theater in Austin, Texas, United States"
http://www.wikidata.org/entity/Q42298488,Showtown USA Drive-In,Point(-97.684547 30.336987),,,"former drive-in movie theater in Austin, Texas, United States"
http://www.wikidata.org/entity/Q42298488,Showtown USA Drive-In,Point(-97.684547 30.336987),,,"former drive-in movie theater in Austin, Texas, United States"
http://www.wikidata.org/entity/Q42298488,Showtown USA Drive-In,Point(-97.684547 30.336987),,,"former drive-in movie theater in Austin, Texas, United States"
http://www.wikidata.org/entity/Q42298488,Showtown USA Drive-In,Point(-97.684547 30.336987),,,"former drive-in movie theater in Austin, Texas, United States"
http://www.wikidata.org/entity/Q42298488,Showtown USA Drive-In,Point(-97.684547 30.336987),,,"former drive-in movie theater in Austin, Texas, United States"
http://www.wikidata.org/entity/Q42298488,Showtown USA Drive-In,Point(-97.684547 30.336987),,,"former drive-in movie theater in Austin, Texas, United States"
http://www.wikidata.org/entity/Q42298488,Showtown USA Drive-In,Point(-97.684547 30.336987),,,"former drive-in movie theater in Austin, Texas, United States"
http://www.wikidata.org/entity/Q42298488,Showtown USA Drive-In,Point(-97.684547 30.336987),,,"former drive-in movie theater in Austin, Texas, United States"
http://www.wikidata.org/entity/Q42298488,Showtown USA Drive-In,Point(-97.684547 30.336987),,,"former drive-in movie theater in Austin, Texas, United States"
http://www.wikidata.org/entity/Q42298488,Showtown USA Drive-In,Point(-97.684547 30.336987),,,"former drive-in movie theater in Austin, Texas, United States"
http://www.wikidata.org/entity/Q42298488,Showtown USA Drive-In,Point(-97.684547 30.336987),,,"former drive-in movie theater in Austin, Texas, United States"
http://www.wikidata.org/entity/Q42298488,Showtown USA Drive-In,Point(-97.684547 30.336987),,,"former drive-in movie theater in Austin, Texas, United States"
http://www.wikidata.org/entity/Q42298488,Showtown USA Drive-In,Point(-97.684547 30.336987),,,"former drive-in movie theater in Austin, Texas, United States"
http://www.wikidata.org/entity/Q42298488,Showtown USA Drive-In,Point(-97.684547 30.336987),,,"former drive-in movie theater in Austin, Texas, United States"
http://www.wikidata.org/entity/Q42298488,Showtown USA Drive-In,Point(-97.684547 30.336987),,,"former drive-in movie theater in Austin, Texas, United States"
http://www.wikidata.org/entity/Q42298488,Showtown USA Drive-In,Point(-97.684547 30.336987),,,"former drive-in movie theater in Austin, Texas, United States"
http://www.wikidata.org/entity/Q42298488,Showtown USA Drive-In,Point(-97.684547 30.336987),,,"former drive-in movie theater in Austin, Texas, United States"
http://www.wikidata.org/entity/Q42298488,Showtown USA Drive-In,Point(-97.684547 30.336987),,,"former drive-in movie theater in Austin, Texas, United States"
http://www.wikidata.org/entity/Q42298488,Showtown USA Drive-In,Point(-97.684547 30.336987),,,"former drive-in movie theater in Austin, Texas, United States"
http://www.wikidata.org/entity/Q42298488,Showtown USA Drive-In,Point(-97.684547 30.336987),,,"former drive-in movie theater in Austin, Texas, United States"
http://www.wikidata.org/entity/Q42298488,Showtown USA Drive-In,Point(-97.684547 30.336987),,,"former drive-in movie theater in Austin, Texas, United States"
http://www.wikidata.org/entity/Q42298488,Showtown USA Drive-In,Point(-97.684547 30.336987),,,"former drive-in movie theater in Austin, Texas, United States"
http://www.wikidata.org/entity/Q42298488,Showtown USA Drive-In,Point(-97.684547 30.336987),,,"former drive-in movie theater in Austin, Texas, United States"
http://www.wikidata.org/entity/Q42298488,Showtown USA Drive-In,Point(-97.684547 30.336987),,,"former drive-in movie theater in Austin, Texas, United States"
http://www.wikidata.org/entity/Q42298488,Showtown USA Drive-In,Point(-97.684547 30.336987),,,"former drive-in movie theater in Austin, Texas, United States"
http://www.wikidata.org/entity/Q42298488,Showtown USA Drive-In,Point(-97.684547 30.336987),,,"former drive-in movie theater in Austin, Texas, United States"
http://www.wikidata.org/entity/Q42298488,Showtown USA Drive-In,Point(-97.684547 30.336987),,,"former drive-in movie theater in Austin, Texas, United States"
http://www.wikidata.org/entity/Q42298488,Showtown USA Drive-In,Point(-97.684547 30.336987),,,"former drive-in movie theater in Austin, Texas, United States"
http://www.wikidata.org/entity/Q42298488,Showtown USA Drive-In,Point(-97.684547 30.336987),,,"former drive-in movie theater in Austin, Texas, United States"
http://www.wikidata.org/entity/Q42298488,Showtown USA Drive-In,Point(-97.684547 30.336987),,,"former drive-in movie theater in Austin, Texas, United States"
http://www.wikidata.org/entity/Q42298488,Showtown USA Drive-In,Point(-97.684547 30.336987),,,"former drive-in movie theater in Austin, Texas, United States"
http://www.wikidata.org/entity/Q42298488,Showtown USA Drive-In,Point(-97.684547 30.336987),,,"former drive-in movie theater in Austin, Texas, United States"
http://www.wikidata.org/entity/Q42298488,Showtown USA Drive-In,Point(-97.684547 30.336987),,,"former drive-in movie theater in Austin, Texas, United States"
http://www.wikidata.org/entity/Q42298488,Showtown USA Drive-In,Point(-97.684547 30.336987),,,"former drive-in movie theater in Austin, Texas, United States"
http://www.wikidata.org/entity/Q42298488,Showtown USA Drive-In,Point(-97.684547 30.336987),,,"former drive-in movie theater in Austin, Texas, United States"
http://www.wikidata.org/entity/Q42298488,Showtown USA Drive-In,Point(-97.684547 30.336987),,,"former drive-in movie theater in Austin, Texas, United States"
http://www.wikidata.org/entity/Q42298488,Showtown USA Drive-In,Point(-97.684547 30.336987),,,"former drive-in movie theater in Austin, Texas, United States"
http://www.wikidata.org/entity/Q42298488,Showtown USA Drive-In,Point(-97.684547 30.336987),,,"former drive-in movie theater in Austin, Texas, United States"
http://www.wikidata.org/entity/Q42298489,Fox Theatre,Point(-97.7160408 30.3327716),,,"former movie theater in Austin, Texas, United States"
http://www.wikidata.org/entity/Q42298489,Fox Theatre,Point(-97.7160408 30.3327716),,,"former movie theater in Austin, Texas, United States"
http://www.wikidata.org/entity/Q42298489,Fox Theatre,Point(-97.7160408 30.3327716),,,"former movie theater in Austin, Texas, United States"
http://www.wikidata.org/entity/Q42298489,Fox Theatre,Point(-97.7160408 30.3327716),,,"former movie theater in Austin, Texas, United States"
http://www.wikidata.org/entity/Q42298489,Fox Theatre,Point(-97.7160408 30.3327716),,,"former movie theater in Austin, Texas, United States"
http://www.wikidata.org/entity/Q42298489,Fox Theatre,Point(-97.7160408 30.3327716),,,"former movie theater in Austin, Texas, United States"
http://www.wikidata.org/entity/Q42298489,Fox Theatre,Point(-97.7160408 30.3327716),,,"former movie theater in Austin, Texas, United States"
http://www.wikidata.org/entity/Q42298489,Fox Theatre,Point(-97.7160408 30.3327716),,,"former movie theater in Austin, Texas, United States"
http://www.wikidata.org/entity/Q42298489,Fox Theatre,Point(-97.7160408 30.3327716),,,"former movie theater in Austin, Texas, United States"
http://www.wikidata.org/entity/Q42298489,Fox Theatre,Point(-97.7160408 30.3327716),,,"former movie theater in Austin, Texas, United States"
http://www.wikidata.org/entity/Q42298489,Fox Theatre,Point(-97.7160408 30.3327716),,,"former movie theater in Austin, Texas, United States"
http://www.wikidata.org/entity/Q42298489,Fox Theatre,Point(-97.7160408 30.3327716),,,"former movie theater in Austin, Texas, United States"
http://www.wikidata.org/entity/Q42298489,Fox Theatre,Point(-97.7160408 30.3327716),,,"former movie theater in Austin, Texas, United States"
http://www.wikidata.org/entity/Q42298489,Fox Theatre,Point(-97.7160408 30.3327716),,,"former movie theater in Austin, Texas, United States"
http://www.wikidata.org/entity/Q42298489,Fox Theatre,Point(-97.7160408 30.3327716),,,"former movie theater in Austin, Texas, United States"
http://www.wikidata.org/entity/Q42298489,Fox Theatre,Point(-97.7160408 30.3327716),,,"former movie theater in Austin, Texas, United States"
http://www.wikidata.org/entity/Q42298498,Regal Riverside 8,Point(-97.7245301 30.2365654),,,"former movie theater in Austin, Texas, United States"
http://www.wikidata.org/entity/Q42298498,Regal Riverside 8,Point(-97.7245301 30.2365654),,,"former movie theater in Austin, Texas, United States"
http://www.wikidata.org/entity/Q42298498,Regal Riverside 8,Point(-97.7245301 30.2365654),,,"former movie theater in Austin, Texas, United States"
http://www.wikidata.org/entity/Q42298498,Regal Riverside 8,Point(-97.7245301 30.2365654),,,"former movie theater in Austin, Texas, United States"
http://www.wikidata.org/entity/Q42298498,Regal Riverside 8,Point(-97.7245301 30.2365654),,,"former movie theater in Austin, Texas, United States"
http://www.wikidata.org/entity/Q42298498,Regal Riverside 8,Point(-97.7245301 30.2365654),,,"former movie theater in Austin, Texas, United States"
http://www.wikidata.org/entity/Q42298498,Regal Riverside 8,Point(-97.7245301 30.2365654),,,"former movie theater in Austin, Texas, United States"
http://www.wikidata.org/entity/Q42298498,Regal Riverside 8,Point(-97.7245301 30.2365654),,,"former movie theater in Austin, Texas, United States"
http://www.wikidata.org/entity/Q42298498,Regal Riverside 8,Point(-97.7245301 30.2365654),,,"former movie theater in Austin, Texas, United States"
http://www.wikidata.org/entity/Q42298498,Regal Riverside 8,Point(-97.7245301 30.2365654),,,"former movie theater in Austin, Texas, United States"
http://www.wikidata.org/entity/Q42298498,Regal Riverside 8,Point(-97.7245301 30.2365654),,,"former movie theater in Austin, Texas, United States"
http://www.wikidata.org/entity/Q42298498,Regal Riverside 8,Point(-97.7245301 30.2365654),,,"former movie theater in Austin, Texas, United States"
http://www.wikidata.org/entity/Q42298498,Regal Riverside 8,Point(-97.7245301 30.2365654),,,"former movie theater in Austin, Texas, United States"
http://www.wikidata.org/entity/Q42298498,Regal Riverside 8,Point(-97.7245301 30.2365654),,,"former movie theater in Austin, Texas, United States"
http://www.wikidata.org/entity/Q42298498,Regal Riverside 8,Point(-97.7245301 30.2365654),,,"former movie theater in Austin, Texas, United States"
http://www.wikidata.org/entity/Q42298498,Regal Riverside 8,Point(-97.7245301 30.2365654),,,"former movie theater in Austin, Texas, United States"
http://www.wikidata.org/entity/Q42298498,Regal Riverside 8,Point(-97.7245301 30.2365654),,,"former movie theater in Austin, Texas, United States"
http://www.wikidata.org/entity/Q42298498,Regal Riverside 8,Point(-97.7245301 30.2365654),,,"former movie theater in Austin, Texas, United States"
http://www.wikidata.org/entity/Q42298498,Regal Riverside 8,Point(-97.7245301 30.2365654),,,"former movie theater in Austin, Texas, United States"
http://www.wikidata.org/entity/Q42298498,Regal Riverside 8,Point(-97.7245301 30.2365654),,,"former movie theater in Austin, Texas, United States"
http://www.wikidata.org/entity/Q42298498,Regal Riverside 8,Point(-97.7245301 30.2365654),,,"former movie theater in Austin, Texas, United States"
http://www.wikidata.org/entity/Q42298498,Regal Riverside 8,Point(-97.7245301 30.2365654),,,"former movie theater in Austin, Texas, United States"
http://www.wikidata.org/entity/Q42298498,Regal Riverside 8,Point(-97.7245301 30.2365654),,,"former movie theater in Austin, Texas, United States"
http://www.wikidata.org/entity/Q42298498,Regal Riverside 8,Point(-97.7245301 30.2365654),,,"former movie theater in Austin, Texas, United States"
http://www.wikidata.org/entity/Q42298498,Regal Riverside 8,Point(-97.7245301 30.2365654),,,"former movie theater in Austin, Texas, United States"
http://www.wikidata.org/entity/Q42298498,Regal Riverside 8,Point(-97.7245301 30.2365654),,,"former movie theater in Austin, Texas, United States"
http://www.wikidata.org/entity/Q42298498,Regal Riverside 8,Point(-97.7245301 30.2365654),,,"former movie theater in Austin, Texas, United States"
http://www.wikidata.org/entity/Q42298498,Regal Riverside 8,Point(-97.7245301 30.2365654),,,"former movie theater in Austin, Texas, United States"
http://www.wikidata.org/entity/Q42298498,Regal Riverside 8,Point(-97.7245301 30.2365654),,,"former movie theater in Austin, Texas, United States"
http://www.wikidata.org/entity/Q42298498,Regal Riverside 8,Point(-97.7245301 30.2365654),,,"former movie theater in Austin, Texas, United States"
http://www.wikidata.org/entity/Q42298498,Regal Riverside 8,Point(-97.7245301 30.2365654),,,"former movie theater in Austin, Texas, United States"
http://www.wikidata.org/entity/Q42298498,Regal Riverside 8,Point(-97.7245301 30.2365654),,,"former movie theater in Austin, Texas, United States"
http://www.wikidata.org/entity/Q42298499,Blue Starlite Mini Urban Drive-In,Point(-97.695468 30.3015534),,,"drive-in movie theater in Austin, Texas, United States"
http://www.wikidata.org/entity/Q42298499,Blue Starlite Mini Urban Drive-In,Point(-97.695468 30.3015534),,,"drive-in movie theater in Austin, Texas, United States"
http://www.wikidata.org/entity/Q42298499,Blue Starlite Mini Urban Drive-In,Point(-97.695468 30.3015534),,,"drive-in movie theater in Austin, Texas, United States"
http://www.wikidata.org/entity/Q42298499,Blue Starlite Mini Urban Drive-In,Point(-97.695468 30.3015534),,,"drive-in movie theater in Austin, Texas, United States"
http://www.wikidata.org/entity/Q42298499,Blue Starlite Mini Urban Drive-In,Point(-97.695468 30.3015534),,,"drive-in movie theater in Austin, Texas, United States"
http://www.wikidata.org/entity/Q42298499,Blue Starlite Mini Urban Drive-In,Point(-97.695468 30.3015534),,,"drive-in movie theater in Austin, Texas, United States"
http://www.wikidata.org/entity/Q42298499,Blue Starlite Mini Urban Drive-In,Point(-97.695468 30.3015534),,,"drive-in movie theater in Austin, Texas, United States"
http://www.wikidata.org/entity/Q42298499,Blue Starlite Mini Urban Drive-In,Point(-97.695468 30.3015534),,,"drive-in movie theater in Austin, Texas, United States"
http://www.wikidata.org/entity/Q42298499,Blue Starlite Mini Urban Drive-In,Point(-97.695468 30.3015534),,,"drive-in movie theater in Austin, Texas, United States"
http://www.wikidata.org/entity/Q42298499,Blue Starlite Mini Urban Drive-In,Point(-97.695468 30.3015534),,,"drive-in movie theater in Austin, Texas, United States"
http://www.wikidata.org/entity/Q42298499,Blue Starlite Mini Urban Drive-In,Point(-97.695468 30.3015534),,,"drive-in movie theater in Austin, Texas, United States"
http://www.wikidata.org/entity/Q42298499,Blue Starlite Mini Urban Drive-In,Point(-97.695468 30.3015534),,,"drive-in movie theater in Austin, Texas, United States"
http://www.wikidata.org/entity/Q42298499,Blue Starlite Mini Urban Drive-In,Point(-97.695468 30.3015534),,,"drive-in movie theater in Austin, Texas, United States"
http://www.wikidata.org/entity/Q42298499,Blue Starlite Mini Urban Drive-In,Point(-97.695468 30.3015534),,,"drive-in movie theater in Austin, Texas, United States"
http://www.wikidata.org/entity/Q42298499,Blue Starlite Mini Urban Drive-In,Point(-97.695468 30.3015534),,,"drive-in movie theater in Austin, Texas, United States"
http://www.wikidata.org/entity/Q42298499,Blue Starlite Mini Urban Drive-In,Point(-97.695468 30.3015534),,,"drive-in movie theater in Austin, Texas, United States"
http://www.wikidata.org/entity/Q42298499,Blue Starlite Mini Urban Drive-In,Point(-97.695468 30.3015534),,,"drive-in movie theater in Austin, Texas, United States"
http://www.wikidata.org/entity/Q42298499,Blue Starlite Mini Urban Drive-In,Point(-97.695468 30.3015534),,,"drive-in movie theater in Austin, Texas, United States"
http://www.wikidata.org/entity/Q42298499,Blue Starlite Mini Urban Drive-In,Point(-97.695468 30.3015534),,,"drive-in movie theater in Austin, Texas, United States"
http://www.wikidata.org/entity/Q42298499,Blue Starlite Mini Urban Drive-In,Point(-97.695468 30.3015534),,,"drive-in movie theater in Austin, Texas, United States"
http://www.wikidata.org/entity/Q42298499,Blue Starlite Mini Urban Drive-In,Point(-97.695468 30.3015534),,,"drive-in movie theater in Austin, Texas, United States"
http://www.wikidata.org/entity/Q42298499,Blue Starlite Mini Urban Drive-In,Point(-97.695468 30.3015534),,,"drive-in movie theater in Austin, Texas, United States"
http://www.wikidata.org/entity/Q42298499,Blue Starlite Mini Urban Drive-In,Point(-97.695468 30.3015534),,,"drive-in movie theater in Austin, Texas, United States"
http://www.wikidata.org/entity/Q42298499,Blue Starlite Mini Urban Drive-In,Point(-97.695468 30.3015534),,,"drive-in movie theater in Austin, Texas, United States"
http://www.wikidata.org/entity/Q42298499,Blue Starlite Mini Urban Drive-In,Point(-97.695468 30.3015534),,,"drive-in movie theater in Austin, Texas, United States"
http://www.wikidata.org/entity/Q42298499,Blue Starlite Mini Urban Drive-In,Point(-97.695468 30.3015534),,,"drive-in movie theater in Austin, Texas, United States"
http://www.wikidata.org/entity/Q42298499,Blue Starlite Mini Urban Drive-In,Point(-97.695468 30.3015534),,,"drive-in movie theater in Austin, Texas, United States"
http://www.wikidata.org/entity/Q42298499,Blue Starlite Mini Urban Drive-In,Point(-97.695468 30.3015534),,,"drive-in movie theater in Austin, Texas, United States"
http://www.wikidata.org/entity/Q42298499,Blue Starlite Mini Urban Drive-In,Point(-97.695468 30.3015534),,,"drive-in movie theater in Austin, Texas, United States"
http://www.wikidata.org/entity/Q42298499,Blue Starlite Mini Urban Drive-In,Point(-97.695468 30.3015534),,,"drive-in movie theater in Austin, Texas, United States"
http://www.wikidata.org/entity/Q42298499,Blue Starlite Mini Urban Drive-In,Point(-97.695468 30.3015534),,,"drive-in movie theater in Austin, Texas, United States"
http://www.wikidata.org/entity/Q42298499,Blue Starlite Mini Urban Drive-In,Point(-97.695468 30.3015534),,,"drive-in movie theater in Austin, Texas, United States"
http://www.wikidata.org/entity/Q42298499,Blue Starlite Mini Urban Drive-In,Point(-97.695468 30.3015534),,,"drive-in movie theater in Austin, Texas, United States"
http://www.wikidata.org/entity/Q42298499,Blue Starlite Mini Urban Drive-In,Point(-97.695468 30.3015534),,,"drive-in movie theater in Austin, Texas, United States"
http://www.wikidata.org/entity/Q42298499,Blue Starlite Mini Urban Drive-In,Point(-97.695468 30.3015534),,,"drive-in movie theater in Austin, Texas, United States"
http://www.wikidata.org/entity/Q42298499,Blue Starlite Mini Urban Drive-In,Point(-97.695468 30.3015534),,,"drive-in movie theater in Austin, Texas, United States"
http://www.wikidata.org/entity/Q42298499,Blue Starlite Mini Urban Drive-In,Point(-97.695468 30.3015534),,,"drive-in movie theater in Austin, Texas, United States"
http://www.wikidata.org/entity/Q42298499,Blue Starlite Mini Urban Drive-In,Point(-97.695468 30.3015534),,,"drive-in movie theater in Austin, Texas, United States"
http://www.wikidata.org/entity/Q42298499,Blue Starlite Mini Urban Drive-In,Point(-97.695468 30.3015534),,,"drive-in movie theater in Austin, Texas, United States"
http://www.wikidata.org/entity/Q42298499,Blue Starlite Mini Urban Drive-In,Point(-97.695468 30.3015534),,,"drive-in movie theater in Austin, Texas, United States"
http://www.wikidata.org/entity/Q42298499,Blue Starlite Mini Urban Drive-In,Point(-97.695468 30.3015534),,,"drive-in movie theater in Austin, Texas, United States"
http://www.wikidata.org/entity/Q42298499,Blue Starlite Mini Urban Drive-In,Point(-97.695468 30.3015534),,,"drive-in movie theater in Austin, Texas, United States"
http://www.wikidata.org/entity/Q42298499,Blue Starlite Mini Urban Drive-In,Point(-97.695468 30.3015534),,,"drive-in movie theater in Austin, Texas, United States"
http://www.wikidata.org/entity/Q42298499,Blue Starlite Mini Urban Drive-In,Point(-97.695468 30.3015534),,,"drive-in movie theater in Austin, Texas, United States"
http://www.wikidata.org/entity/Q42298499,Blue Starlite Mini Urban Drive-In,Point(-97.695468 30.3015534),,,"drive-in movie theater in Austin, Texas, United States"
http://www.wikidata.org/entity/Q42298496,Southpark 3,Point(-97.7440065 30.2166168),,,"former movie theater in Austin, Texas, United States"
http://www.wikidata.org/entity/Q42298496,Southpark 3,Point(-97.7440065 30.2166168),,,"former movie theater in Austin, Texas, United States"
http://www.wikidata.org/entity/Q42298496,Southpark 3,Point(-97.7440065 30.2166168),,,"former movie theater in Austin, Texas, United States"
http://www.wikidata.org/entity/Q42298496,Southpark 3,Point(-97.7440065 30.2166168),,,"former movie theater in Austin, Texas, United States"
http://www.wikidata.org/entity/Q42298496,Southpark 3,Point(-97.7440065 30.2166168),,,"former movie theater in Austin, Texas, United States"
http://www.wikidata.org/entity/Q42298489,Fox Theatre,Point(-97.7160408 30.3327716),,,"former movie theater in Austin, Texas, United States"
http://www.wikidata.org/entity/Q42298489,Fox Theatre,Point(-97.7160408 30.3327716),,,"former movie theater in Austin, Texas, United States"
http://www.wikidata.org/entity/Q42298489,Fox Theatre,Point(-97.7160408 30.3327716),,,"former movie theater in Austin, Texas, United States"
http://www.wikidata.org/entity/Q42298489,Fox Theatre,Point(-97.7160408 30.3327716),,,"former movie theater in Austin, Texas, United States"
http://www.wikidata.org/entity/Q42298489,Fox Theatre,Point(-97.7160408 30.3327716),,,"former movie theater in Austin, Texas, United States"
http://www.wikidata.org/entity/Q42298489,Fox Theatre,Point(-97.7160408 30.3327716),,,"former movie theater in Austin, Texas, United States"
http://www.wikidata.org/entity/Q42298489,Fox Theatre,Point(-97.7160408 30.3327716),,,"former movie theater in Austin, Texas, United States"
http://www.wikidata.org/entity/Q42298489,Fox Theatre,Point(-97.7160408 30.3327716),,,"former movie theater in Austin, Texas, United States"
http://www.wikidata.org/entity/Q42298489,Fox Theatre,Point(-97.7160408 30.3327716),,,"former movie theater in Austin, Texas, United States"
http://www.wikidata.org/entity/Q42298489,Fox Theatre,Point(-97.7160408 30.3327716),,,"former movie theater in Austin, Texas, United States"
http://www.wikidata.org/entity/Q42298489,Fox Theatre,Point(-97.7160408 30.3327716),,,"former movie theater in Austin, Texas, United States"
http://www.wikidata.org/entity/Q42298489,Fox Theatre,Point(-97.7160408 30.3327716),,,"former movie theater in Austin, Texas, United States"
http://www.wikidata.org/entity/Q42298489,Fox Theatre,Point(-97.7160408 30.3327716),,,"former movie theater in Austin, Texas, United States"
http://www.wikidata.org/entity/Q42298489,Fox Theatre,Point(-97.7160408 30.3327716),,,"former movie theater in Austin, Texas, United States"
http://www.wikidata.org/entity/Q42298489,Fox Theatre,Point(-97.7160408 30.3327716),,,"former movie theater in Austin, Texas, United States"
http://www.wikidata.org/entity/Q42298489,Fox Theatre,Point(-97.7160408 30.3327716),,,"former movie theater in Austin, Texas, United States"
http://www.wikidata.org/entity/Q42298489,Fox Theatre,Point(-97.7160408 30.3327716),,,"former movie theater in Austin, Texas, United States"
http://www.wikidata.org/entity/Q42298489,Fox Theatre,Point(-97.7160408 30.3327716),,,"former movie theater in Austin, Texas, United States"
http://www.wikidata.org/entity/Q42298489,Fox Theatre,Point(-97.7160408 30.3327716),,,"former movie theater in Austin, Texas, United States"
http://www.wikidata.org/entity/Q42298489,Fox Theatre,Point(-97.7160408 30.3327716),,,"former movie theater in Austin, Texas, United States"
http://www.wikidata.org/entity/Q42298489,Fox Theatre,Point(-97.7160408 30.3327716),,,"former movie theater in Austin, Texas, United States"
http://www.wikidata.org/entity/Q42298494,Moviehouse & Eatery Austin,Point(-97.853955 30.4037697),,http://themoviehouse.com,"movie theater in Austin, Texas, United States"
http://www.wikidata.org/entity/Q42298494,Moviehouse & Eatery Austin,Point(-97.853955 30.4037697),,http://themoviehouse.com,"movie theater in Austin, Texas, United States"
http://www.wikidata.org/entity/Q42298494,Moviehouse & Eatery Austin,Point(-97.853955 30.4037697),,http://themoviehouse.com,"movie theater in Austin, Texas, United States"
http://www.wikidata.org/entity/Q42298494,Moviehouse & Eatery Austin,Point(-97.853955 30.4037697),,http://themoviehouse.com,"movie theater in Austin, Texas, United States"
http://www.wikidata.org/entity/Q42298494,Moviehouse & Eatery Austin,Point(-97.853955 30.4037697),,http://themoviehouse.com,"movie theater in Austin, Texas, United States"
http://www.wikidata.org/entity/Q42298494,Moviehouse & Eatery Austin,Point(-97.853955 30.4037697),,http://themoviehouse.com,"movie theater in Austin, Texas, United States"
http://www.wikidata.org/entity/Q42298494,Moviehouse & Eatery Austin,Point(-97.853955 30.4037697),,http://themoviehouse.com,"movie theater in Austin, Texas, United States"
http://www.wikidata.org/entity/Q42298494,Moviehouse & Eatery Austin,Point(-97.853955 30.4037697),,http://themoviehouse.com,"movie theater in Austin, Texas, United States"
http://www.wikidata.org/entity/Q42298494,Moviehouse & Eatery Austin,Point(-97.853955 30.4037697),,http://themoviehouse.com,"movie theater in Austin, Texas, United States"
http://www.wikidata.org/entity/Q42298494,Moviehouse & Eatery Austin,Point(-97.853955 30.4037697),,http://themoviehouse.com,"movie theater in Austin, Texas, United States"
http://www.wikidata.org/entity/Q42298494,Moviehouse & Eatery Austin,Point(-97.853955 30.4037697),,http://themoviehouse.com,"movie theater in Austin, Texas, United States"
http://www.wikidata.org/entity/Q42298494,Moviehouse & Eatery Austin,Point(-97.853955 30.4037697),,http://themoviehouse.com,"movie theater in Austin, Texas, United States"
http://www.wikidata.org/entity/Q42298494,Moviehouse & Eatery Austin,Point(-97.853955 30.4037697),,http://themoviehouse.com,"movie theater in Austin, Texas, United States"
http://www.wikidata.org/entity/Q42298494,Moviehouse & Eatery Austin,Point(-97.853955 30.4037697),,http://themoviehouse.com,"movie theater in Austin, Texas, United States"
http://www.wikidata.org/entity/Q42298494,Moviehouse & Eatery Austin,Point(-97.853955 30.4037697),,http://themoviehouse.com,"movie theater in Austin, Texas, United States"
http://www.wikidata.org/entity/Q42298494,Moviehouse & Eatery Austin,Point(-97.853955 30.4037697),,http://themoviehouse.com,"movie theater in Austin, Texas, United States"
http://www.wikidata.org/entity/Q42298494,Moviehouse & Eatery Austin,Point(-97.853955 30.4037697),,http://themoviehouse.com,"movie theater in Austin, Texas, United States"
http://www.wikidata.org/entity/Q42298494,Moviehouse & Eatery Austin,Point(-97.853955 30.4037697),,http://themoviehouse.com,"movie theater in Austin, Texas, United States"
http://www.wikidata.org/entity/Q42298494,Moviehouse & Eatery Austin,Point(-97.853955 30.4037697),,http://themoviehouse.com,"movie theater in Austin, Texas, United States"
http://www.wikidata.org/entity/Q42298494,Moviehouse & Eatery Austin,Point(-97.853955 30.4037697),,http://themoviehouse.com,"movie theater in Austin, Texas, United States"
http://www.wikidata.org/entity/Q42298494,Moviehouse & Eatery Austin,Point(-97.853955 30.4037697),,http://themoviehouse.com,"movie theater in Austin, Texas, United States"
http://www.wikidata.org/entity/Q42298494,Moviehouse & Eatery Austin,Point(-97.853955 30.4037697),,http://themoviehouse.com,"movie theater in Austin, Texas, United States"
http://www.wikidata.org/entity/Q42298494,Moviehouse & Eatery Austin,Point(-97.853955 30.4037697),,http://themoviehouse.com,"movie theater in Austin, Texas, United States"
http://www.wikidata.org/entity/Q42298494,Moviehouse & Eatery Austin,Point(-97.853955 30.4037697),,http://themoviehouse.com,"movie theater in Austin, Texas, United States"
http://www.wikidata.org/entity/Q42298494,Moviehouse & Eatery Austin,Point(-97.853955 30.4037697),,http://themoviehouse.com,"movie theater in Austin, Texas, United States"
http://www.wikidata.org/entity/Q42298494,Moviehouse & Eatery Austin,Point(-97.853955 30.4037697),,http://themoviehouse.com,"movie theater in Austin, Texas, United States"
http://www.wikidata.org/entity/Q42298494,Moviehouse & Eatery Austin,Point(-97.853955 30.4037697),,http://themoviehouse.com,"movie theater in Austin, Texas, United States"
http://www.wikidata.org/entity/Q42298494,Moviehouse & Eatery Austin,Point(-97.853955 30.4037697),,http://themoviehouse.com,"movie theater in Austin, Texas, United States"
http://www.wikidata.org/entity/Q42298494,Moviehouse & Eatery Austin,Point(-97.853955 30.4037697),,http://themoviehouse.com,"movie theater in Austin, Texas, United States"
http://www.wikidata.org/entity/Q42298494,Moviehouse & Eatery Austin,Point(-97.853955 30.4037697),,http://themoviehouse.com,"movie theater in Austin, Texas, United States"
http://www.wikidata.org/entity/Q42298494,Moviehouse & Eatery Austin,Point(-97.853955 30.4037697),,http://themoviehouse.com,"movie theater in Austin, Texas, United States"
http://www.wikidata.org/entity/Q42298494,Moviehouse & Eatery Austin,Point(-97.853955 30.4037697),,http://themoviehouse.com,"movie theater in Austin, Texas, United States"
http://www.wikidata.org/entity/Q42298494,Moviehouse & Eatery Austin,Point(-97.853955 30.4037697),,http://themoviehouse.com,"movie theater in Austin, Texas, United States"
http://www.wikidata.org/entity/Q42298494,Moviehouse & Eatery Austin,Point(-97.853955 30.4037697),,http://themoviehouse.com,"movie theater in Austin, Texas, United States"
http://www.wikidata.org/entity/Q42298494,Moviehouse & Eatery Austin,Point(-97.853955 30.4037697),,http://themoviehouse.com,"movie theater in Austin, Texas, United States"
http://www.wikidata.org/entity/Q42298494,Moviehouse & Eatery Austin,Point(-97.853955 30.4037697),,http://themoviehouse.com,"movie theater in Austin, Texas, United States"
http://www.wikidata.org/entity/Q42298494,Moviehouse & Eatery Austin,Point(-97.853955 30.4037697),,http://themoviehouse.com,"movie theater in Austin, Texas, United States"
http://www.wikidata.org/entity/Q42298492,Lake Creek 7,Point(-97.949599 30.378097),,http://www.southwesttheaters.com,"movie theater in Austin, Texas, United States"
http://www.wikidata.org/entity/Q42298492,Lake Creek 7,Point(-97.949599 30.378097),,http://www.southwesttheaters.com,"movie theater in Austin, Texas, United States"
http://www.wikidata.org/entity/Q42298492,Lake Creek 7,Point(-97.949599 30.378097),,http://www.southwesttheaters.com,"movie theater in Austin, Texas, United States"
http://www.wikidata.org/entity/Q42298492,Lake Creek 7,Point(-97.949599 30.378097),,http://www.southwesttheaters.com,"movie theater in Austin, Texas, United States"
http://www.wikidata.org/entity/Q42298492,Lake Creek 7,Point(-97.949599 30.378097),,http://www.southwesttheaters.com,"movie theater in Austin, Texas, United States"
http://www.wikidata.org/entity/Q42298492,Lake Creek 7,Point(-97.949599 30.378097),,http://www.southwesttheaters.com,"movie theater in Austin, Texas, United States"
http://www.wikidata.org/entity/Q42298492,Lake Creek 7,Point(-97.949599 30.378097),,http://www.southwesttheaters.com,"movie theater in Austin, Texas, United States"
http://www.wikidata.org/entity/Q42298492,Lake Creek 7,Point(-97.949599 30.378097),,http://www.southwesttheaters.com,"movie theater in Austin, Texas, United States"
http://www.wikidata.org/entity/Q42298492,Lake Creek 7,Point(-97.949599 30.378097),,http://www.southwesttheaters.com,"movie theater in Austin, Texas, United States"
http://www.wikidata.org/entity/Q42298492,Lake Creek 7,Point(-97.949599 30.378097),,http://www.southwesttheaters.com,"movie theater in Austin, Texas, United States"
http://www.wikidata.org/entity/Q42298492,Lake Creek 7,Point(-97.949599 30.378097),,http://www.southwesttheaters.com,"movie theater in Austin, Texas, United States"
http://www.wikidata.org/entity/Q42298492,Lake Creek 7,Point(-97.949599 30.378097),,http://www.southwesttheaters.com,"movie theater in Austin, Texas, United States"
http://www.wikidata.org/entity/Q42298492,Lake Creek 7,Point(-97.949599 30.378097),,http://www.southwesttheaters.com,"movie theater in Austin, Texas, United States"
http://www.wikidata.org/entity/Q42298492,Lake Creek 7,Point(-97.949599 30.378097),,http://www.southwesttheaters.com,"movie theater in Austin, Texas, United States"
http://www.wikidata.org/entity/Q42298492,Lake Creek 7,Point(-97.949599 30.378097),,http://www.southwesttheaters.com,"movie theater in Austin, Texas, United States"
http://www.wikidata.org/entity/Q42298492,Lake Creek 7,Point(-97.949599 30.378097),,http://www.southwesttheaters.com,"movie theater in Austin, Texas, United States"
http://www.wikidata.org/entity/Q42298492,Lake Creek 7,Point(-97.949599 30.378097),,http://www.southwesttheaters.com,"movie theater in Austin, Texas, United States"
http://www.wikidata.org/entity/Q42298492,Lake Creek 7,Point(-97.949599 30.378097),,http://www.southwesttheaters.com,"movie theater in Austin, Texas, United States"
http://www.wikidata.org/entity/Q42298492,Lake Creek 7,Point(-97.949599 30.378097),,http://www.southwesttheaters.com,"movie theater in Austin, Texas, United States"
http://www.wikidata.org/entity/Q42298492,Lake Creek 7,Point(-97.949599 30.378097),,http://www.southwesttheaters.com,"movie theater in Austin, Texas, United States"
http://www.wikidata.org/entity/Q42298492,Lake Creek 7,Point(-97.949599 30.378097),,http://www.southwesttheaters.com,"movie theater in Austin, Texas, United States"
http://www.wikidata.org/entity/Q42298492,Lake Creek 7,Point(-97.949599 30.378097),,http://www.southwesttheaters.com,"movie theater in Austin, Texas, United States"
http://www.wikidata.org/entity/Q42298492,Lake Creek 7,Point(-97.949599 30.378097),,http://www.southwesttheaters.com,"movie theater in Austin, Texas, United States"
http://www.wikidata.org/entity/Q42298492,Lake Creek 7,Point(-97.949599 30.378097),,http://www.southwesttheaters.com,"movie theater in Austin, Texas, United States"
http://www.wikidata.org/entity/Q42298492,Lake Creek 7,Point(-97.949599 30.378097),,http://www.southwesttheaters.com,"movie theater in Austin, Texas, United States"
http://www.wikidata.org/entity/Q42298492,Lake Creek 7,Point(-97.949599 30.378097),,http://www.southwesttheaters.com,"movie theater in Austin, Texas, United States"
http://www.wikidata.org/entity/Q42298492,Lake Creek 7,Point(-97.949599 30.378097),,http://www.southwesttheaters.com,"movie theater in Austin, Texas, United States"
http://www.wikidata.org/entity/Q42298492,Lake Creek 7,Point(-97.949599 30.378097),,http://www.southwesttheaters.com,"movie theater in Austin, Texas, United States"
http://www.wikidata.org/entity/Q42298492,Lake Creek 7,Point(-97.949599 30.378097),,http://www.southwesttheaters.com,"movie theater in Austin, Texas, United States"
http://www.wikidata.org/entity/Q42298492,Lake Creek 7,Point(-97.949599 30.378097),,http://www.southwesttheaters.com,"movie theater in Austin, Texas, United States"
http://www.wikidata.org/entity/Q42298492,Lake Creek 7,Point(-97.949599 30.378097),,http://www.southwesttheaters.com,"movie theater in Austin, Texas, United States"
http://www.wikidata.org/entity/Q42298492,Lake Creek 7,Point(-97.949599 30.378097),,http://www.southwesttheaters.com,"movie theater in Austin, Texas, United States"
http://www.wikidata.org/entity/Q42298492,Lake Creek 7,Point(-97.949599 30.378097),,http://www.southwesttheaters.com,"movie theater in Austin, Texas, United States"
http://www.wikidata.org/entity/Q42298492,Lake Creek 7,Point(-97.949599 30.378097),,http://www.southwesttheaters.com,"movie theater in Austin, Texas, United States"
http://www.wikidata.org/entity/Q42298492,Lake Creek 7,Point(-97.949599 30.378097),,http://www.southwesttheaters.com,"movie theater in Austin, Texas, United States"
http://www.wikidata.org/entity/Q42298492,Lake Creek 7,Point(-97.949599 30.378097),,http://www.southwesttheaters.com,"movie theater in Austin, Texas, United States"
http://www.wikidata.org/entity/Q42298492,Lake Creek 7,Point(-97.949599 30.378097),,http://www.southwesttheaters.com,"movie theater in Austin, Texas, United States"
http://www.wikidata.org/entity/Q42298498,Regal Riverside 8,Point(-97.7245301 30.2365654),,,"former movie theater in Austin, Texas, United States"
http://www.wikidata.org/entity/Q42298498,Regal Riverside 8,Point(-97.7245301 30.2365654),,,"former movie theater in Austin, Texas, United States"
http://www.wikidata.org/entity/Q42298498,Regal Riverside 8,Point(-97.7245301 30.2365654),,,"former movie theater in Austin, Texas, United States"
http://www.wikidata.org/entity/Q42298498,Regal Riverside 8,Point(-97.7245301 30.2365654),,,"former movie theater in Austin, Texas, United States"
http://www.wikidata.org/entity/Q42298498,Regal Riverside 8,Point(-97.7245301 30.2365654),,,"former movie theater in Austin, Texas, United States"
http://www.wikidata.org/entity/Q42298496,Southpark 3,Point(-97.7440065 30.2166168),,,"former movie theater in Austin, Texas, United States"
http://www.wikidata.org/entity/Q42298496,Southpark 3,Point(-97.7440065 30.2166168),,,"former movie theater in Austin, Texas, United States"
http://www.wikidata.org/entity/Q42298496,Southpark 3,Point(-97.7440065 30.2166168),,,"former movie theater in Austin, Texas, United States"
http://www.wikidata.org/entity/Q42298496,Southpark 3,Point(-97.7440065 30.2166168),,,"former movie theater in Austin, Texas, United States"
http://www.wikidata.org/entity/Q42298496,Southpark 3,Point(-97.7440065 30.2166168),,,"former movie theater in Austin, Texas, United States"
http://www.wikidata.org/entity/Q42298496,Southpark 3,Point(-97.7440065 30.2166168),,,"former movie theater in Austin, Texas, United States"
http://www.wikidata.org/entity/Q42298496,Southpark 3,Point(-97.7440065 30.2166168),,,"former movie theater in Austin, Texas, United States"
http://www.wikidata.org/entity/Q42298496,Southpark 3,Point(-97.7440065 30.2166168),,,"former movie theater in Austin, Texas, United States"
http://www.wikidata.org/entity/Q42298496,Southpark 3,Point(-97.7440065 30.2166168),,,"former movie theater in Austin, Texas, United States"
http://www.wikidata.org/entity/Q42298496,Southpark 3,Point(-97.7440065 30.2166168),,,"former movie theater in Austin, Texas, United States"
http://www.wikidata.org/entity/Q42298496,Southpark 3,Point(-97.7440065 30.2166168),,,"former movie theater in Austin, Texas, United States"
http://www.wikidata.org/entity/Q42298496,Southpark 3,Point(-97.7440065 30.2166168),,,"former movie theater in Austin, Texas, United States"
http://www.wikidata.org/entity/Q42298496,Southpark 3,Point(-97.7440065 30.2166168),,,"former movie theater in Austin, Texas, United States"
http://www.wikidata.org/entity/Q42298496,Southpark 3,Point(-97.7440065 30.2166168),,,"former movie theater in Austin, Texas, United States"
http://www.wikidata.org/entity/Q42298496,Southpark 3,Point(-97.7440065 30.2166168),,,"former movie theater in Austin, Texas, United States"
http://www.wikidata.org/entity/Q42298496,Southpark 3,Point(-97.7440065 30.2166168),,,"former movie theater in Austin, Texas, United States"
http://www.wikidata.org/entity/Q42298497,Aquarius Theatres IV,Point(-97.7204749 30.2387308),,,"former movie theater in Austin, Texas, United States"
http://www.wikidata.org/entity/Q42298497,Aquarius Theatres IV,Point(-97.7204749 30.2387308),,,"former movie theater in Austin, Texas, United States"
http://www.wikidata.org/entity/Q42298497,Aquarius Theatres IV,Point(-97.7204749 30.2387308),,,"former movie theater in Austin, Texas, United States"
http://www.wikidata.org/entity/Q42298497,Aquarius Theatres IV,Point(-97.7204749 30.2387308),,,"former movie theater in Austin, Texas, United States"
http://www.wikidata.org/entity/Q42298497,Aquarius Theatres IV,Point(-97.7204749 30.2387308),,,"former movie theater in Austin, Texas, United States"
http://www.wikidata.org/entity/Q42298497,Aquarius Theatres IV,Point(-97.7204749 30.2387308),,,"former movie theater in Austin, Texas, United States"
http://www.wikidata.org/entity/Q42298497,Aquarius Theatres IV,Point(-97.7204749 30.2387308),,,"former movie theater in Austin, Texas, United States"
http://www.wikidata.org/entity/Q42298497,Aquarius Theatres IV,Point(-97.7204749 30.2387308),,,"former movie theater in Austin, Texas, United States"
http://www.wikidata.org/entity/Q42298497,Aquarius Theatres IV,Point(-97.7204749 30.2387308),,,"former movie theater in Austin, Texas, United States"
http://www.wikidata.org/entity/Q42298497,Aquarius Theatres IV,Point(-97.7204749 30.2387308),,,"former movie theater in Austin, Texas, United States"
http://www.wikidata.org/entity/Q42298497,Aquarius Theatres IV,Point(-97.7204749 30.2387308),,,"former movie theater in Austin, Texas, United States"
http://www.wikidata.org/entity/Q42298497,Aquarius Theatres IV,Point(-97.7204749 30.2387308),,,"former movie theater in Austin, Texas, United States"
http://www.wikidata.org/entity/Q42298497,Aquarius Theatres IV,Point(-97.7204749 30.2387308),,,"former movie theater in Austin, Texas, United States"
http://www.wikidata.org/entity/Q42298497,Aquarius Theatres IV,Point(-97.7204749 30.2387308),,,"former movie theater in Austin, Texas, United States"
http://www.wikidata.org/entity/Q42298497,Aquarius Theatres IV,Point(-97.7204749 30.2387308),,,"former movie theater in Austin, Texas, United States"
http://www.wikidata.org/entity/Q42298497,Aquarius Theatres IV,Point(-97.7204749 30.2387308),,,"former movie theater in Austin, Texas, United States"
http://www.wikidata.org/entity/Q42298497,Aquarius Theatres IV,Point(-97.7204749 30.2387308),,,"former movie theater in Austin, Texas, United States"
http://www.wikidata.org/entity/Q42298497,Aquarius Theatres IV,Point(-97.7204749 30.2387308),,,"former movie theater in Austin, Texas, United States"
http://www.wikidata.org/entity/Q42298497,Aquarius Theatres IV,Point(-97.7204749 30.2387308),,,"former movie theater in Austin, Texas, United States"
http://www.wikidata.org/entity/Q42298497,Aquarius Theatres IV,Point(-97.7204749 30.2387308),,,"former movie theater in Austin, Texas, United States"
http://www.wikidata.org/entity/Q42298497,Aquarius Theatres IV,Point(-97.7204749 30.2387308),,,"former movie theater in Austin, Texas, United States"
http://www.wikidata.org/entity/Q42298497,Aquarius Theatres IV,Point(-97.7204749 30.2387308),,,"former movie theater in Austin, Texas, United States"
http://www.wikidata.org/entity/Q42298497,Aquarius Theatres IV,Point(-97.7204749 30.2387308),,,"former movie theater in Austin, Texas, United States"
http://www.wikidata.org/entity/Q42298497,Aquarius Theatres IV,Point(-97.7204749 30.2387308),,,"former movie theater in Austin, Texas, United States"
http://www.wikidata.org/entity/Q42298497,Aquarius Theatres IV,Point(-97.7204749 30.2387308),,,"former movie theater in Austin, Texas, United States"
http://www.wikidata.org/entity/Q42298497,Aquarius Theatres IV,Point(-97.7204749 30.2387308),,,"former movie theater in Austin, Texas, United States"
http://www.wikidata.org/entity/Q42298497,Aquarius Theatres IV,Point(-97.7204749 30.2387308),,,"former movie theater in Austin, Texas, United States"
http://www.wikidata.org/entity/Q42298497,Aquarius Theatres IV,Point(-97.7204749 30.2387308),,,"former movie theater in Austin, Texas, United States"
http://www.wikidata.org/entity/Q42298497,Aquarius Theatres IV,Point(-97.7204749 30.2387308),,,"former movie theater in Austin, Texas, United States"
http://www.wikidata.org/entity/Q42298497,Aquarius Theatres IV,Point(-97.7204749 30.2387308),,,"former movie theater in Austin, Texas, United States"
http://www.wikidata.org/entity/Q42298497,Aquarius Theatres IV,Point(-97.7204749 30.2387308),,,"former movie theater in Austin, Texas, United States"
http://www.wikidata.org/entity/Q42298497,Aquarius Theatres IV,Point(-97.7204749 30.2387308),,,"former movie theater in Austin, Texas, United States"
http://www.wikidata.org/entity/Q42298497,Aquarius Theatres IV,Point(-97.7204749 30.2387308),,,"former movie theater in Austin, Texas, United States"
http://www.wikidata.org/entity/Q42298497,Aquarius Theatres IV,Point(-97.7204749 30.2387308),,,"former movie theater in Austin, Texas, United States"
http://www.wikidata.org/entity/Q42298497,Aquarius Theatres IV,Point(-97.7204749 30.2387308),,,"former movie theater in Austin, Texas, United States"
http://www.wikidata.org/entity/Q42298497,Aquarius Theatres IV,Point(-97.7204749 30.2387308),,,"former movie theater in Austin, Texas, United States"
http://www.wikidata.org/entity/Q42298497,Aquarius Theatres IV,Point(-97.7204749 30.2387308),,,"former movie theater in Austin, Texas, United States"
http://www.wikidata.org/entity/Q42298502,Millennium Theater,Point(-97.710563 30.271188),,http://www.myec.net,"movie theater in Austin, Texas, United States"
http://www.wikidata.org/entity/Q42298502,Millennium Theater,Point(-97.710563 30.271188),,http://www.myec.net,"movie theater in Austin, Texas, United States"
http://www.wikidata.org/entity/Q42298502,Millennium Theater,Point(-97.710563 30.271188),,http://www.myec.net,"movie theater in Austin, Texas, United States"
http://www.wikidata.org/entity/Q42298502,Millennium Theater,Point(-97.710563 30.271188),,http://www.myec.net,"movie theater in Austin, Texas, United States"
http://www.wikidata.org/entity/Q42298502,Millennium Theater,Point(-97.710563 30.271188),,http://www.myec.net,"movie theater in Austin, Texas, United States"
http://www.wikidata.org/entity/Q42298502,Millennium Theater,Point(-97.710563 30.271188),,http://www.myec.net,"movie theater in Austin, Texas, United States"
http://www.wikidata.org/entity/Q42298502,Millennium Theater,Point(-97.710563 30.271188),,http://www.myec.net,"movie theater in Austin, Texas, United States"
http://www.wikidata.org/entity/Q42298502,Millennium Theater,Point(-97.710563 30.271188),,http://www.myec.net,"movie theater in Austin, Texas, United States"
http://www.wikidata.org/entity/Q42298502,Millennium Theater,Point(-97.710563 30.271188),,http://www.myec.net,"movie theater in Austin, Texas, United States"
http://www.wikidata.org/entity/Q42298502,Millennium Theater,Point(-97.710563 30.271188),,http://www.myec.net,"movie theater in Austin, Texas, United States"
http://www.wikidata.org/entity/Q42298502,Millennium Theater,Point(-97.710563 30.271188),,http://www.myec.net,"movie theater in Austin, Texas, United States"
http://www.wikidata.org/entity/Q42298502,Millennium Theater,Point(-97.710563 30.271188),,http://www.myec.net,"movie theater in Austin, Texas, United States"
http://www.wikidata.org/entity/Q42298502,Millennium Theater,Point(-97.710563 30.271188),,http://www.myec.net,"movie theater in Austin, Texas, United States"
http://www.wikidata.org/entity/Q42298502,Millennium Theater,Point(-97.710563 30.271188),,http://www.myec.net,"movie theater in Austin, Texas, United States"
http://www.wikidata.org/entity/Q42298502,Millennium Theater,Point(-97.710563 30.271188),,http://www.myec.net,"movie theater in Austin, Texas, United States"
http://www.wikidata.org/entity/Q42298502,Millennium Theater,Point(-97.710563 30.271188),,http://www.myec.net,"movie theater in Austin, Texas, United States"
http://www.wikidata.org/entity/Q42298502,Millennium Theater,Point(-97.710563 30.271188),,http://www.myec.net,"movie theater in Austin, Texas, United States"
http://www.wikidata.org/entity/Q42298502,Millennium Theater,Point(-97.710563 30.271188),,http://www.myec.net,"movie theater in Austin, Texas, United States"
http://www.wikidata.org/entity/Q42298502,Millennium Theater,Point(-97.710563 30.271188),,http://www.myec.net,"movie theater in Austin, Texas, United States"
http://www.wikidata.org/entity/Q42298502,Millennium Theater,Point(-97.710563 30.271188),,http://www.myec.net,"movie theater in Austin, Texas, United States"
http://www.wikidata.org/entity/Q42298502,Millennium Theater,Point(-97.710563 30.271188),,http://www.myec.net,"movie theater in Austin, Texas, United States"
http://www.wikidata.org/entity/Q42298502,Millennium Theater,Point(-97.710563 30.271188),,http://www.myec.net,"movie theater in Austin, Texas, United States"
http://www.wikidata.org/entity/Q42298502,Millennium Theater,Point(-97.710563 30.271188),,http://www.myec.net,"movie theater in Austin, Texas, United States"
http://www.wikidata.org/entity/Q42298502,Millennium Theater,Point(-97.710563 30.271188),,http://www.myec.net,"movie theater in Austin, Texas, United States"
http://www.wikidata.org/entity/Q42298502,Millennium Theater,Point(-97.710563 30.271188),,http://www.myec.net,"movie theater in Austin, Texas, United States"
http://www.wikidata.org/entity/Q42298502,Millennium Theater,Point(-97.710563 30.271188),,http://www.myec.net,"movie theater in Austin, Texas, United States"
http://www.wikidata.org/entity/Q42298502,Millennium Theater,Point(-97.710563 30.271188),,http://www.myec.net,"movie theater in Austin, Texas, United States"
http://www.wikidata.org/entity/Q42298502,Millennium Theater,Point(-97.710563 30.271188),,http://www.myec.net,"movie theater in Austin, Texas, United States"
http://www.wikidata.org/entity/Q42298502,Millennium Theater,Point(-97.710563 30.271188),,http://www.myec.net,"movie theater in Austin, Texas, United States"
http://www.wikidata.org/entity/Q42298502,Millennium Theater,Point(-97.710563 30.271188),,http://www.myec.net,"movie theater in Austin, Texas, United States"
http://www.wikidata.org/entity/Q42298502,Millennium Theater,Point(-97.710563 30.271188),,http://www.myec.net,"movie theater in Austin, Texas, United States"
http://www.wikidata.org/entity/Q42298502,Millennium Theater,Point(-97.710563 30.271188),,http://www.myec.net,"movie theater in Austin, Texas, United States"
http://www.wikidata.org/entity/Q42298502,Millennium Theater,Point(-97.710563 30.271188),,http://www.myec.net,"movie theater in Austin, Texas, United States"
http://www.wikidata.org/entity/Q42298502,Millennium Theater,Point(-97.710563 30.271188),,http://www.myec.net,"movie theater in Austin, Texas, United States"
http://www.wikidata.org/entity/Q42298502,Millennium Theater,Point(-97.710563 30.271188),,http://www.myec.net,"movie theater in Austin, Texas, United States"
http://www.wikidata.org/entity/Q42298502,Millennium Theater,Point(-97.710563 30.271188),,http://www.myec.net,"movie theater in Austin, Texas, United States"
http://www.wikidata.org/entity/Q42298502,Millennium Theater,Point(-97.710563 30.271188),,http://www.myec.net,"movie theater in Austin, Texas, United States"
http://www.wikidata.org/entity/Q42298503,Southwest Twin Drive-In,Point(-97.7540936 30.2210485),,,"former drive-in movie theater in Austin, Texas, United States"
http://www.wikidata.org/entity/Q42298503,Southwest Twin Drive-In,Point(-97.7540936 30.2210485),,,"former drive-in movie theater in Austin, Texas, United States"
http://www.wikidata.org/entity/Q42298503,Southwest Twin Drive-In,Point(-97.7540936 30.2210485),,,"former drive-in movie theater in Austin, Texas, United States"
http://www.wikidata.org/entity/Q42298503,Southwest Twin Drive-In,Point(-97.7540936 30.2210485),,,"former drive-in movie theater in Austin, Texas, United States"
http://www.wikidata.org/entity/Q42298503,Southwest Twin Drive-In,Point(-97.7540936 30.2210485),,,"former drive-in movie theater in Austin, Texas, United States"
http://www.wikidata.org/entity/Q42298503,Southwest Twin Drive-In,Point(-97.7540936 30.2210485),,,"former drive-in movie theater in Austin, Texas, United States"
http://www.wikidata.org/entity/Q42298503,Southwest Twin Drive-In,Point(-97.7540936 30.2210485),,,"former drive-in movie theater in Austin, Texas, United States"
http://www.wikidata.org/entity/Q42298503,Southwest Twin Drive-In,Point(-97.7540936 30.2210485),,,"former drive-in movie theater in Austin, Texas, United States"
http://www.wikidata.org/entity/Q42298503,Southwest Twin Drive-In,Point(-97.7540936 30.2210485),,,"former drive-in movie theater in Austin, Texas, United States"
http://www.wikidata.org/entity/Q42298503,Southwest Twin Drive-In,Point(-97.7540936 30.2210485),,,"former drive-in movie theater in Austin, Texas, United States"
http://www.wikidata.org/entity/Q42298503,Southwest Twin Drive-In,Point(-97.7540936 30.2210485),,,"former drive-in movie theater in Austin, Texas, United States"
http://www.wikidata.org/entity/Q42298503,Southwest Twin Drive-In,Point(-97.7540936 30.2210485),,,"former drive-in movie theater in Austin, Texas, United States"
http://www.wikidata.org/entity/Q42298503,Southwest Twin Drive-In,Point(-97.7540936 30.2210485),,,"former drive-in movie theater in Austin, Texas, United States"
http://www.wikidata.org/entity/Q42298503,Southwest Twin Drive-In,Point(-97.7540936 30.2210485),,,"former drive-in movie theater in Austin, Texas, United States"
http://www.wikidata.org/entity/Q42298503,Southwest Twin Drive-In,Point(-97.7540936 30.2210485),,,"former drive-in movie theater in Austin, Texas, United States"
http://www.wikidata.org/entity/Q42298503,Southwest Twin Drive-In,Point(-97.7540936 30.2210485),,,"former drive-in movie theater in Austin, Texas, United States"
http://www.wikidata.org/entity/Q42298503,Southwest Twin Drive-In,Point(-97.7540936 30.2210485),,,"former drive-in movie theater in Austin, Texas, United States"
http://www.wikidata.org/entity/Q42298503,Southwest Twin Drive-In,Point(-97.7540936 30.2210485),,,"former drive-in movie theater in Austin, Texas, United States"
http://www.wikidata.org/entity/Q42298503,Southwest Twin Drive-In,Point(-97.7540936 30.2210485),,,"former drive-in movie theater in Austin, Texas, United States"
http://www.wikidata.org/entity/Q42298503,Southwest Twin Drive-In,Point(-97.7540936 30.2210485),,,"former drive-in movie theater in Austin, Texas, United States"
http://www.wikidata.org/entity/Q42298503,Southwest Twin Drive-In,Point(-97.7540936 30.2210485),,,"former drive-in movie theater in Austin, Texas, United States"
http://www.wikidata.org/entity/Q42298503,Southwest Twin Drive-In,Point(-97.7540936 30.2210485),,,"former drive-in movie theater in Austin, Texas, United States"
http://www.wikidata.org/entity/Q42298503,Southwest Twin Drive-In,Point(-97.7540936 30.2210485),,,"former drive-in movie theater in Austin, Texas, United States"
http://www.wikidata.org/entity/Q42298503,Southwest Twin Drive-In,Point(-97.7540936 30.2210485),,,"former drive-in movie theater in Austin, Texas, United States"
http://www.wikidata.org/entity/Q42298503,Southwest Twin Drive-In,Point(-97.7540936 30.2210485),,,"former drive-in movie theater in Austin, Texas, United States"
http://www.wikidata.org/entity/Q42298503,Southwest Twin Drive-In,Point(-97.7540936 30.2210485),,,"former drive-in movie theater in Austin, Texas, United States"
http://www.wikidata.org/entity/Q42298503,Southwest Twin Drive-In,Point(-97.7540936 30.2210485),,,"former drive-in movie theater in Austin, Texas, United States"
http://www.wikidata.org/entity/Q42298503,Southwest Twin Drive-In,Point(-97.7540936 30.2210485),,,"former drive-in movie theater in Austin, Texas, United States"
http://www.wikidata.org/entity/Q42298503,Southwest Twin Drive-In,Point(-97.7540936 30.2210485),,,"former drive-in movie theater in Austin, Texas, United States"
http://www.wikidata.org/entity/Q42298503,Southwest Twin Drive-In,Point(-97.7540936 30.2210485),,,"former drive-in movie theater in Austin, Texas, United States"
http://www.wikidata.org/entity/Q42298503,Southwest Twin Drive-In,Point(-97.7540936 30.2210485),,,"former drive-in movie theater in Austin, Texas, United States"
http://www.wikidata.org/entity/Q42298503,Southwest Twin Drive-In,Point(-97.7540936 30.2210485),,,"former drive-in movie theater in Austin, Texas, United States"
http://www.wikidata.org/entity/Q42298503,Southwest Twin Drive-In,Point(-97.7540936 30.2210485),,,"former drive-in movie theater in Austin, Texas, United States"
http://www.wikidata.org/entity/Q42298503,Southwest Twin Drive-In,Point(-97.7540936 30.2210485),,,"former drive-in movie theater in Austin, Texas, United States"
http://www.wikidata.org/entity/Q42298503,Southwest Twin Drive-In,Point(-97.7540936 30.2210485),,,"former drive-in movie theater in Austin, Texas, United States"
http://www.wikidata.org/entity/Q42298503,Southwest Twin Drive-In,Point(-97.7540936 30.2210485),,,"former drive-in movie theater in Austin, Texas, United States"
http://www.wikidata.org/entity/Q42298503,Southwest Twin Drive-In,Point(-97.7540936 30.2210485),,,"former drive-in movie theater in Austin, Texas, United States"
http://www.wikidata.org/entity/Q42298503,Southwest Twin Drive-In,Point(-97.7540936 30.2210485),,,"former drive-in movie theater in Austin, Texas, United States"
http://www.wikidata.org/entity/Q42298503,Southwest Twin Drive-In,Point(-97.7540936 30.2210485),,,"former drive-in movie theater in Austin, Texas, United States"
http://www.wikidata.org/entity/Q42298503,Southwest Twin Drive-In,Point(-97.7540936 30.2210485),,,"former drive-in movie theater in Austin, Texas, United States"
http://www.wikidata.org/entity/Q42298503,Southwest Twin Drive-In,Point(-97.7540936 30.2210485),,,"former drive-in movie theater in Austin, Texas, United States"
http://www.wikidata.org/entity/Q42298503,Southwest Twin Drive-In,Point(-97.7540936 30.2210485),,,"former drive-in movie theater in Austin, Texas, United States"
http://www.wikidata.org/entity/Q42298503,Southwest Twin Drive-In,Point(-97.7540936 30.2210485),,,"former drive-in movie theater in Austin, Texas, United States"
http://www.wikidata.org/entity/Q42298503,Southwest Twin Drive-In,Point(-97.7540936 30.2210485),,,"former drive-in movie theater in Austin, Texas, United States"
http://www.wikidata.org/entity/Q42298503,Southwest Twin Drive-In,Point(-97.7540936 30.2210485),,,"former drive-in movie theater in Austin, Texas, United States"
http://www.wikidata.org/entity/Q42298500,Americana Theatre,Point(-97.741107 30.323286),,,"former movie theater in Austin, Texas, United States"
http://www.wikidata.org/entity/Q42298500,Americana Theatre,Point(-97.741107 30.323286),,,"former movie theater in Austin, Texas, United States"
http://www.wikidata.org/entity/Q42298500,Americana Theatre,Point(-97.741107 30.323286),,,"former movie theater in Austin, Texas, United States"
http://www.wikidata.org/entity/Q42298500,Americana Theatre,Point(-97.741107 30.323286),,,"former movie theater in Austin, Texas, United States"
http://www.wikidata.org/entity/Q42298500,Americana Theatre,Point(-97.741107 30.323286),,,"former movie theater in Austin, Texas, United States"
http://www.wikidata.org/entity/Q42298500,Americana Theatre,Point(-97.741107 30.323286),,,"former movie theater in Austin, Texas, United States"
http://www.wikidata.org/entity/Q42298500,Americana Theatre,Point(-97.741107 30.323286),,,"former movie theater in Austin, Texas, United States"
http://www.wikidata.org/entity/Q42298500,Americana Theatre,Point(-97.741107 30.323286),,,"former movie theater in Austin, Texas, United States"
http://www.wikidata.org/entity/Q42298500,Americana Theatre,Point(-97.741107 30.323286),,,"former movie theater in Austin, Texas, United States"
http://www.wikidata.org/entity/Q42298500,Americana Theatre,Point(-97.741107 30.323286),,,"former movie theater in Austin, Texas, United States"
http://www.wikidata.org/entity/Q42298500,Americana Theatre,Point(-97.741107 30.323286),,,"former movie theater in Austin, Texas, United States"
http://www.wikidata.org/entity/Q42298500,Americana Theatre,Point(-97.741107 30.323286),,,"former movie theater in Austin, Texas, United States"
http://www.wikidata.org/entity/Q42298500,Americana Theatre,Point(-97.741107 30.323286),,,"former movie theater in Austin, Texas, United States"
http://www.wikidata.org/entity/Q42298500,Americana Theatre,Point(-97.741107 30.323286),,,"former movie theater in Austin, Texas, United States"
http://www.wikidata.org/entity/Q42298500,Americana Theatre,Point(-97.741107 30.323286),,,"former movie theater in Austin, Texas, United States"
http://www.wikidata.org/entity/Q42298500,Americana Theatre,Point(-97.741107 30.323286),,,"former movie theater in Austin, Texas, United States"
http://www.wikidata.org/entity/Q42298500,Americana Theatre,Point(-97.741107 30.323286),,,"former movie theater in Austin, Texas, United States"
http://www.wikidata.org/entity/Q42298500,Americana Theatre,Point(-97.741107 30.323286),,,"former movie theater in Austin, Texas, United States"
http://www.wikidata.org/entity/Q42298500,Americana Theatre,Point(-97.741107 30.323286),,,"former movie theater in Austin, Texas, United States"
http://www.wikidata.org/entity/Q42298500,Americana Theatre,Point(-97.741107 30.323286),,,"former movie theater in Austin, Texas, United States"
http://www.wikidata.org/entity/Q42298500,Americana Theatre,Point(-97.741107 30.323286),,,"former movie theater in Austin, Texas, United States"
http://www.wikidata.org/entity/Q42298500,Americana Theatre,Point(-97.741107 30.323286),,,"former movie theater in Austin, Texas, United States"
http://www.wikidata.org/entity/Q42298500,Americana Theatre,Point(-97.741107 30.323286),,,"former movie theater in Austin, Texas, United States"
http://www.wikidata.org/entity/Q42298500,Americana Theatre,Point(-97.741107 30.323286),,,"former movie theater in Austin, Texas, United States"
http://www.wikidata.org/entity/Q42298500,Americana Theatre,Point(-97.741107 30.323286),,,"former movie theater in Austin, Texas, United States"
http://www.wikidata.org/entity/Q42298500,Americana Theatre,Point(-97.741107 30.323286),,,"former movie theater in Austin, Texas, United States"
http://www.wikidata.org/entity/Q42298500,Americana Theatre,Point(-97.741107 30.323286),,,"former movie theater in Austin, Texas, United States"
http://www.wikidata.org/entity/Q42298500,Americana Theatre,Point(-97.741107 30.323286),,,"former movie theater in Austin, Texas, United States"
http://www.wikidata.org/entity/Q42298500,Americana Theatre,Point(-97.741107 30.323286),,,"former movie theater in Austin, Texas, United States"
http://www.wikidata.org/entity/Q42298500,Americana Theatre,Point(-97.741107 30.323286),,,"former movie theater in Austin, Texas, United States"
http://www.wikidata.org/entity/Q42298500,Americana Theatre,Point(-97.741107 30.323286),,,"former movie theater in Austin, Texas, United States"
http://www.wikidata.org/entity/Q42298500,Americana Theatre,Point(-97.741107 30.323286),,,"former movie theater in Austin, Texas, United States"
http://www.wikidata.org/entity/Q42298500,Americana Theatre,Point(-97.741107 30.323286),,,"former movie theater in Austin, Texas, United States"
http://www.wikidata.org/entity/Q42298500,Americana Theatre,Point(-97.741107 30.323286),,,"former movie theater in Austin, Texas, United States"
http://www.wikidata.org/entity/Q42298500,Americana Theatre,Point(-97.741107 30.323286),,,"former movie theater in Austin, Texas, United States"
http://www.wikidata.org/entity/Q42298500,Americana Theatre,Point(-97.741107 30.323286),,,"former movie theater in Austin, Texas, United States"
http://www.wikidata.org/entity/Q42298500,Americana Theatre,Point(-97.741107 30.323286),,,"former movie theater in Austin, Texas, United States"
http://www.wikidata.org/entity/Q42298504,Bridge Creek 8 Cinema,Point(-97.698207 30.336963),,,"former movie theater in Austin, Texas, United States"
http://www.wikidata.org/entity/Q42298504,Bridge Creek 8 Cinema,Point(-97.698207 30.336963),,,"former movie theater in Austin, Texas, United States"
http://www.wikidata.org/entity/Q42298504,Bridge Creek 8 Cinema,Point(-97.698207 30.336963),,,"former movie theater in Austin, Texas, United States"
http://www.wikidata.org/entity/Q42298504,Bridge Creek 8 Cinema,Point(-97.698207 30.336963),,,"former movie theater in Austin, Texas, United States"
http://www.wikidata.org/entity/Q42298504,Bridge Creek 8 Cinema,Point(-97.698207 30.336963),,,"former movie theater in Austin, Texas, United States"
http://www.wikidata.org/entity/Q42298504,Bridge Creek 8 Cinema,Point(-97.698207 30.336963),,,"former movie theater in Austin, Texas, United States"
http://www.wikidata.org/entity/Q42298504,Bridge Creek 8 Cinema,Point(-97.698207 30.336963),,,"former movie theater in Austin, Texas, United States"
http://www.wikidata.org/entity/Q42298504,Bridge Creek 8 Cinema,Point(-97.698207 30.336963),,,"former movie theater in Austin, Texas, United States"
http://www.wikidata.org/entity/Q42298504,Bridge Creek 8 Cinema,Point(-97.698207 30.336963),,,"former movie theater in Austin, Texas, United States"
http://www.wikidata.org/entity/Q42298504,Bridge Creek 8 Cinema,Point(-97.698207 30.336963),,,"former movie theater in Austin, Texas, United States"
http://www.wikidata.org/entity/Q42298504,Bridge Creek 8 Cinema,Point(-97.698207 30.336963),,,"former movie theater in Austin, Texas, United States"
http://www.wikidata.org/entity/Q42298504,Bridge Creek 8 Cinema,Point(-97.698207 30.336963),,,"former movie theater in Austin, Texas, United States"
http://www.wikidata.org/entity/Q42298504,Bridge Creek 8 Cinema,Point(-97.698207 30.336963),,,"former movie theater in Austin, Texas, United States"
http://www.wikidata.org/entity/Q42298504,Bridge Creek 8 Cinema,Point(-97.698207 30.336963),,,"former movie theater in Austin, Texas, United States"
http://www.wikidata.org/entity/Q42298504,Bridge Creek 8 Cinema,Point(-97.698207 30.336963),,,"former movie theater in Austin, Texas, United States"
http://www.wikidata.org/entity/Q42298504,Bridge Creek 8 Cinema,Point(-97.698207 30.336963),,,"former movie theater in Austin, Texas, United States"
http://www.wikidata.org/entity/Q42298504,Bridge Creek 8 Cinema,Point(-97.698207 30.336963),,,"former movie theater in Austin, Texas, United States"
http://www.wikidata.org/entity/Q42298504,Bridge Creek 8 Cinema,Point(-97.698207 30.336963),,,"former movie theater in Austin, Texas, United States"
http://www.wikidata.org/entity/Q42298504,Bridge Creek 8 Cinema,Point(-97.698207 30.336963),,,"former movie theater in Austin, Texas, United States"
http://www.wikidata.org/entity/Q42298504,Bridge Creek 8 Cinema,Point(-97.698207 30.336963),,,"former movie theater in Austin, Texas, United States"
http://www.wikidata.org/entity/Q42298504,Bridge Creek 8 Cinema,Point(-97.698207 30.336963),,,"former movie theater in Austin, Texas, United States"
http://www.wikidata.org/entity/Q42298504,Bridge Creek 8 Cinema,Point(-97.698207 30.336963),,,"former movie theater in Austin, Texas, United States"
http://www.wikidata.org/entity/Q42298504,Bridge Creek 8 Cinema,Point(-97.698207 30.336963),,,"former movie theater in Austin, Texas, United States"
http://www.wikidata.org/entity/Q42298504,Bridge Creek 8 Cinema,Point(-97.698207 30.336963),,,"former movie theater in Austin, Texas, United States"
http://www.wikidata.org/entity/Q42298504,Bridge Creek 8 Cinema,Point(-97.698207 30.336963),,,"former movie theater in Austin, Texas, United States"
http://www.wikidata.org/entity/Q42298504,Bridge Creek 8 Cinema,Point(-97.698207 30.336963),,,"former movie theater in Austin, Texas, United States"
http://www.wikidata.org/entity/Q42298504,Bridge Creek 8 Cinema,Point(-97.698207 30.336963),,,"former movie theater in Austin, Texas, United States"
http://www.wikidata.org/entity/Q42298504,Bridge Creek 8 Cinema,Point(-97.698207 30.336963),,,"former movie theater in Austin, Texas, United States"
http://www.wikidata.org/entity/Q2872127,The Contemporary Austin,Point(-97.741579 30.270507),,http://thecontemporaryaustin.org/,"contemporary art museum with two locations in Austin, Texas"
http://www.wikidata.org/entity/Q2872127,The Contemporary Austin,Point(-97.741579 30.270507),,http://thecontemporaryaustin.org/,"contemporary art museum with two locations in Austin, Texas"
http://www.wikidata.org/entity/Q2872127,The Contemporary Austin,Point(-97.7428 30.2693),,http://www.amoa.org/,"contemporary art museum with two locations in Austin, Texas"
http://www.wikidata.org/entity/Q2872127,The Contemporary Austin,Point(-97.7428 30.2693),,http://www.amoa.org/,"contemporary art museum with two locations in Austin, Texas"
http://www.wikidata.org/entity/Q2872127,The Contemporary Austin,Point(-97.7428 30.2693),,http://www.amoa.org/,"contemporary art museum with two locations in Austin, Texas"
http://www.wikidata.org/entity/Q2872127,The Contemporary Austin,Point(-97.741579 30.270507),,http://www.amoa.org/,"contemporary art museum with two locations in Austin, Texas"
http://www.wikidata.org/entity/Q2872127,The Contemporary Austin,Point(-97.741579 30.270507),,http://www.amoa.org/,"contemporary art museum with two locations in Austin, Texas"
http://www.wikidata.org/entity/Q2872127,The Contemporary Austin,Point(-97.741579 30.270507),,http://www.amoa.org/,"contemporary art museum with two locations in Austin, Texas"
http://www.wikidata.org/entity/Q2872127,The Contemporary Austin,Point(-97.7428 30.2693),,http://thecontemporaryaustin.org/,"contemporary art museum with two locations in Austin, Texas"
http://www.wikidata.org/entity/Q2872127,The Contemporary Austin,Point(-97.7428 30.2693),,http://thecontemporaryaustin.org/,"contemporary art museum with two locations in Austin, Texas"
http://www.wikidata.org/entity/Q2872127,The Contemporary Austin,Point(-97.7428 30.2693),,http://thecontemporaryaustin.org/,"contemporary art museum with two locations in Austin, Texas"
http://www.wikidata.org/entity/Q2872127,The Contemporary Austin,Point(-97.741579 30.270507),,http://thecontemporaryaustin.org/,"contemporary art museum with two locations in Austin, Texas"
http://www.wikidata.org/entity/Q2872127,The Contemporary Austin,Point(-97.741579 30.270507),,http://thecontemporaryaustin.org/,"contemporary art museum with two locations in Austin, Texas"
http://www.wikidata.org/entity/Q2872127,The Contemporary Austin,Point(-97.741579 30.270507),,http://thecontemporaryaustin.org/,"contemporary art museum with two locations in Austin, Texas"
http://www.wikidata.org/entity/Q2906140,Blanton Museum of Art,Point(-97.737684 30.280811),blantonmuseum,https://www.blantonmuseum.org/,"art museum in Austin, Texas"
http://www.wikidata.org/entity/Q2906140,Blanton Museum of Art,Point(-97.737684 30.280811),blantonmuseum,https://www.blantonmuseum.org/,"art museum in Austin, Texas"
http://www.wikidata.org/entity/Q2906140,Blanton Museum of Art,Point(-97.737684 30.280811),blantonmuseum,https://www.blantonmuseum.org/,"art museum in Austin, Texas"
http://www.wikidata.org/entity/Q2906140,Blanton Museum of Art,Point(-97.737684 30.280811),blantonmuseum,https://www.blantonmuseum.org/,"art museum in Austin, Texas"
http://www.wikidata.org/entity/Q2906140,Blanton Museum of Art,Point(-97.737684 30.280811),blantonmuseum,https://www.blantonmuseum.org/,"art museum in Austin, Texas"
http://www.wikidata.org/entity/Q2906140,Blanton Museum of Art,Point(-97.737684 30.280811),blantonmuseum,https://www.blantonmuseum.org/,"art museum in Austin, Texas"
http://www.wikidata.org/entity/Q2906140,Blanton Museum of Art,Point(-97.737684 30.280811),blantonmuseum,https://www.blantonmuseum.org/,"art museum in Austin, Texas"
http://www.wikidata.org/entity/Q2906140,Blanton Museum of Art,Point(-97.737684 30.280811),blantonmuseum,https://www.blantonmuseum.org/,"art museum in Austin, Texas"
http://www.wikidata.org/entity/Q2906140,Blanton Museum of Art,Point(-97.737684 30.280811),blantonmuseum,https://www.blantonmuseum.org/,"art museum in Austin, Texas"
http://www.wikidata.org/entity/Q2906140,Blanton Museum of Art,Point(-97.737684 30.280811),blantonmuseum,https://www.blantonmuseum.org/,"art museum in Austin, Texas"
http://www.wikidata.org/entity/Q3519347,Texas Memorial Museum,Point(-97.7324 30.287),,http://www.utexas.edu/tmm/exhibits/index.html,"natural history museum in Austin, Texas"
http://www.wikidata.org/entity/Q4782731,Meadows Center for Water and the Environment,Point(-97.9313 29.893),,http://www.meadowscenter.txstate.edu/,nature center in Texas
http://www.wikidata.org/entity/Q4782731,Meadows Center for Water and the Environment,Point(-97.9313 29.893),,http://www.meadowscenter.txstate.edu/,nature center in Texas
http://www.wikidata.org/entity/Q4782731,Meadows Center for Water and the Environment,Point(-97.9313 29.893),,http://www.meadowscenter.txstate.edu/,nature center in Texas
http://www.wikidata.org/entity/Q4782731,Meadows Center for Water and the Environment,Point(-97.9313 29.893),,http://www.meadowscenter.txstate.edu/,nature center in Texas
http://www.wikidata.org/entity/Q4792544,Armadillo World Headquarters,Point(-97.75 30.258),,,"music venue and nightclub located in Austin, Texas"
http://www.wikidata.org/entity/Q4792544,Armadillo World Headquarters,Point(-97.75 30.258),,,"music venue and nightclub located in Austin, Texas"
http://www.wikidata.org/entity/Q4792544,Armadillo World Headquarters,Point(-97.75 30.258),,,"music venue and nightclub located in Austin, Texas"
http://www.wikidata.org/entity/Q4792544,Armadillo World Headquarters,Point(-97.75 30.258),,,"music venue and nightclub located in Austin, Texas"
http://www.wikidata.org/entity/Q4820014,Auditorium Shores,Point(-97.754 30.2616),,,"urban park in Austin, Texas"
http://www.wikidata.org/entity/Q4823015,Austin Central Fire Station 1,Point(-97.73946812 30.26590366),,,"building in Austin, Travis County, Texas"
http://www.wikidata.org/entity/Q4823341,Austin Zoo,Point(-97.9358 30.2569),,http://www.austinzoo.org/,zoo in the United States
http://www.wikidata.org/entity/Q4823341,Austin Zoo,Point(-97.9358 30.2569),,http://www.austinzoo.org/,zoo in the United States
http://www.wikidata.org/entity/Q4823341,Austin Zoo,Point(-97.9358 30.2569),,http://www.austinzoo.org/,zoo in the United States
http://www.wikidata.org/entity/Q4823341,Austin Zoo,Point(-97.9358 30.2569),,http://www.austinzoo.org/,zoo in the United States
http://www.wikidata.org/entity/Q4823341,Austin Zoo,Point(-97.9358 30.2569),,http://www.austinzoo.org/,zoo in the United States
http://www.wikidata.org/entity/Q4823341,Austin Zoo,Point(-97.9358 30.2569),,http://www.austinzoo.org/,zoo in the United States
http://www.wikidata.org/entity/Q4823341,Austin Zoo,Point(-97.9358 30.2569),,http://www.austinzoo.org/,zoo in the United States
http://www.wikidata.org/entity/Q4823341,Austin Zoo,Point(-97.9358 30.2569),,http://www.austinzoo.org/,zoo in the United States
http://www.wikidata.org/entity/Q4823341,Austin Zoo,Point(-97.9358 30.2569),,http://www.austinzoo.org/,zoo in the United States
http://www.wikidata.org/entity/Q4823341,Austin Zoo,Point(-97.9358 30.2569),,http://www.austinzoo.org/,zoo in the United States
http://www.wikidata.org/entity/Q4823341,Austin Zoo,Point(-97.9358 30.2569),,http://www.austinzoo.org/,zoo in the United States
http://www.wikidata.org/entity/Q4823341,Austin Zoo,Point(-97.9358 30.2569),,http://www.austinzoo.org/,zoo in the United States
http://www.wikidata.org/entity/Q4823341,Austin Zoo,Point(-97.9358 30.2569),,http://www.austinzoo.org/,zoo in the United States
http://www.wikidata.org/entity/Q4823341,Austin Zoo,Point(-97.9358 30.2569),,http://www.austinzoo.org/,zoo in the United States
http://www.wikidata.org/entity/Q4823341,Austin Zoo,Point(-97.9358 30.2569),,http://www.austinzoo.org/,zoo in the United States
http://www.wikidata.org/entity/Q4823341,Austin Zoo,Point(-97.9358 30.2569),,http://www.austinzoo.org/,zoo in the United States
http://www.wikidata.org/entity/Q4823341,Austin Zoo,Point(-97.9358 30.2569),,http://www.austinzoo.org/,zoo in the United States
http://www.wikidata.org/entity/Q4823341,Austin Zoo,Point(-97.9358 30.2569),,http://www.austinzoo.org/,zoo in the United States
http://www.wikidata.org/entity/Q4823341,Austin Zoo,Point(-97.9358 30.2569),,http://www.austinzoo.org/,zoo in the United States
http://www.wikidata.org/entity/Q4823341,Austin Zoo,Point(-97.9358 30.2569),,http://www.austinzoo.org/,zoo in the United States
http://www.wikidata.org/entity/Q4823341,Austin Zoo,Point(-97.9358 30.2569),,http://www.austinzoo.org/,zoo in the United States
http://www.wikidata.org/entity/Q4823341,Austin Zoo,Point(-97.9358 30.2569),,http://www.austinzoo.org/,zoo in the United States
http://www.wikidata.org/entity/Q4823341,Austin Zoo,Point(-97.9358 30.2569),,http://www.austinzoo.org/,zoo in the United States
http://www.wikidata.org/entity/Q4823341,Austin Zoo,Point(-97.9358 30.2569),,http://www.austinzoo.org/,zoo in the United States
http://www.wikidata.org/entity/Q4823341,Austin Zoo,Point(-97.9358 30.2569),,http://www.austinzoo.org/,zoo in the United States
http://www.wikidata.org/entity/Q4823341,Austin Zoo,Point(-97.9358 30.2569),,http://www.austinzoo.org/,zoo in the United States
http://www.wikidata.org/entity/Q4848382,Bailey Park,Point(-97.7466 30.3026),,,"park in Texas, United States of America, United States of America"
http://www.wikidata.org/entity/Q4865617,Barton Creek Greenbelt,Point(-97.799 30.245),,,"public park in Austin, Texas"
http://www.wikidata.org/entity/Q4865688,Barton Springs Pool,Point(-97.77 30.2639),,,outdoor swimming pool in the United States
http://www.wikidata.org/entity/Q4865688,Barton Springs Pool,Point(-97.77 30.2639),,,outdoor swimming pool in the United States
http://www.wikidata.org/entity/Q4865688,Barton Springs Pool,Point(-97.77 30.2639),,,outdoor swimming pool in the United States
http://www.wikidata.org/entity/Q4865688,Barton Springs Pool,Point(-97.77 30.2639),,,outdoor swimming pool in the United States
http://www.wikidata.org/entity/Q4865688,Barton Springs Pool,Point(-97.77 30.2639),,,outdoor swimming pool in the United States
http://www.wikidata.org/entity/Q4865688,Barton Springs Pool,Point(-97.77 30.2639),,,outdoor swimming pool in the United States
http://www.wikidata.org/entity/Q4865688,Barton Springs Pool,Point(-97.77 30.2639),,,outdoor swimming pool in the United States
http://www.wikidata.org/entity/Q4865688,Barton Springs Pool,Point(-97.77 30.2639),,,outdoor swimming pool in the United States
http://www.wikidata.org/entity/Q4865688,Barton Springs Pool,Point(-97.77 30.2639),,,outdoor swimming pool in the United States
http://www.wikidata.org/entity/Q42298504,Bridge Creek 8 Cinema,Point(-97.698207 30.336963),,,"former movie theater in Austin, Texas, United States"
http://www.wikidata.org/entity/Q42298504,Bridge Creek 8 Cinema,Point(-97.698207 30.336963),,,"former movie theater in Austin, Texas, United States"
http://www.wikidata.org/entity/Q42298504,Bridge Creek 8 Cinema,Point(-97.698207 30.336963),,,"former movie theater in Austin, Texas, United States"
http://www.wikidata.org/entity/Q42298504,Bridge Creek 8 Cinema,Point(-97.698207 30.336963),,,"former movie theater in Austin, Texas, United States"
http://www.wikidata.org/entity/Q42298504,Bridge Creek 8 Cinema,Point(-97.698207 30.336963),,,"former movie theater in Austin, Texas, United States"
http://www.wikidata.org/entity/Q42298504,Bridge Creek 8 Cinema,Point(-97.698207 30.336963),,,"former movie theater in Austin, Texas, United States"
http://www.wikidata.org/entity/Q42298504,Bridge Creek 8 Cinema,Point(-97.698207 30.336963),,,"former movie theater in Austin, Texas, United States"
http://www.wikidata.org/entity/Q42298504,Bridge Creek 8 Cinema,Point(-97.698207 30.336963),,,"former movie theater in Austin, Texas, United States"
http://www.wikidata.org/entity/Q42298504,Bridge Creek 8 Cinema,Point(-97.698207 30.336963),,,"former movie theater in Austin, Texas, United States"
http://www.wikidata.org/entity/Q42298505,Monarch Event Center,Point(-97.707043 30.327263),,,"movie theater in Austin, Texas, United States"
http://www.wikidata.org/entity/Q42298505,Monarch Event Center,Point(-97.707043 30.327263),,,"movie theater in Austin, Texas, United States"
http://www.wikidata.org/entity/Q42298505,Monarch Event Center,Point(-97.707043 30.327263),,,"movie theater in Austin, Texas, United States"
http://www.wikidata.org/entity/Q42298505,Monarch Event Center,Point(-97.707043 30.327263),,,"movie theater in Austin, Texas, United States"
http://www.wikidata.org/entity/Q42298505,Monarch Event Center,Point(-97.707043 30.327263),,,"movie theater in Austin, Texas, United States"
http://www.wikidata.org/entity/Q42298505,Monarch Event Center,Point(-97.707043 30.327263),,,"movie theater in Austin, Texas, United States"
http://www.wikidata.org/entity/Q42298505,Monarch Event Center,Point(-97.707043 30.327263),,,"movie theater in Austin, Texas, United States"
http://www.wikidata.org/entity/Q42298505,Monarch Event Center,Point(-97.707043 30.327263),,,"movie theater in Austin, Texas, United States"
http://www.wikidata.org/entity/Q42298505,Monarch Event Center,Point(-97.707043 30.327263),,,"movie theater in Austin, Texas, United States"
http://www.wikidata.org/entity/Q42298505,Monarch Event Center,Point(-97.707043 30.327263),,,"movie theater in Austin, Texas, United States"
http://www.wikidata.org/entity/Q42298505,Monarch Event Center,Point(-97.707043 30.327263),,,"movie theater in Austin, Texas, United States"
http://www.wikidata.org/entity/Q42298505,Monarch Event Center,Point(-97.707043 30.327263),,,"movie theater in Austin, Texas, United States"
http://www.wikidata.org/entity/Q42298505,Monarch Event Center,Point(-97.707043 30.327263),,,"movie theater in Austin, Texas, United States"
http://www.wikidata.org/entity/Q42298505,Monarch Event Center,Point(-97.707043 30.327263),,,"movie theater in Austin, Texas, United States"
http://www.wikidata.org/entity/Q42298505,Monarch Event Center,Point(-97.707043 30.327263),,,"movie theater in Austin, Texas, United States"
http://www.wikidata.org/entity/Q42298505,Monarch Event Center,Point(-97.707043 30.327263),,,"movie theater in Austin, Texas, United States"
http://www.wikidata.org/entity/Q42298505,Monarch Event Center,Point(-97.707043 30.327263),,,"movie theater in Austin, Texas, United States"
http://www.wikidata.org/entity/Q42298505,Monarch Event Center,Point(-97.707043 30.327263),,,"movie theater in Austin, Texas, United States"
http://www.wikidata.org/entity/Q42298505,Monarch Event Center,Point(-97.707043 30.327263),,,"movie theater in Austin, Texas, United States"
http://www.wikidata.org/entity/Q42298505,Monarch Event Center,Point(-97.707043 30.327263),,,"movie theater in Austin, Texas, United States"
http://www.wikidata.org/entity/Q42298505,Monarch Event Center,Point(-97.707043 30.327263),,,"movie theater in Austin, Texas, United States"
http://www.wikidata.org/entity/Q42298505,Monarch Event Center,Point(-97.707043 30.327263),,,"movie theater in Austin, Texas, United States"
http://www.wikidata.org/entity/Q42298505,Monarch Event Center,Point(-97.707043 30.327263),,,"movie theater in Austin, Texas, United States"
http://www.wikidata.org/entity/Q42298505,Monarch Event Center,Point(-97.707043 30.327263),,,"movie theater in Austin, Texas, United States"
http://www.wikidata.org/entity/Q42298505,Monarch Event Center,Point(-97.707043 30.327263),,,"movie theater in Austin, Texas, United States"
http://www.wikidata.org/entity/Q42298505,Monarch Event Center,Point(-97.707043 30.327263),,,"movie theater in Austin, Texas, United States"
http://www.wikidata.org/entity/Q42298505,Monarch Event Center,Point(-97.707043 30.327263),,,"movie theater in Austin, Texas, United States"
http://www.wikidata.org/entity/Q42298505,Monarch Event Center,Point(-97.707043 30.327263),,,"movie theater in Austin, Texas, United States"
http://www.wikidata.org/entity/Q42298505,Monarch Event Center,Point(-97.707043 30.327263),,,"movie theater in Austin, Texas, United States"
http://www.wikidata.org/entity/Q42298505,Monarch Event Center,Point(-97.707043 30.327263),,,"movie theater in Austin, Texas, United States"
http://www.wikidata.org/entity/Q42298505,Monarch Event Center,Point(-97.707043 30.327263),,,"movie theater in Austin, Texas, United States"
http://www.wikidata.org/entity/Q42298505,Monarch Event Center,Point(-97.707043 30.327263),,,"movie theater in Austin, Texas, United States"
http://www.wikidata.org/entity/Q42298505,Monarch Event Center,Point(-97.707043 30.327263),,,"movie theater in Austin, Texas, United States"
http://www.wikidata.org/entity/Q42298505,Monarch Event Center,Point(-97.707043 30.327263),,,"movie theater in Austin, Texas, United States"
http://www.wikidata.org/entity/Q42298505,Monarch Event Center,Point(-97.707043 30.327263),,,"movie theater in Austin, Texas, United States"
http://www.wikidata.org/entity/Q42298505,Monarch Event Center,Point(-97.707043 30.327263),,,"movie theater in Austin, Texas, United States"
http://www.wikidata.org/entity/Q42298505,Monarch Event Center,Point(-97.707043 30.327263),,,"movie theater in Austin, Texas, United States"
http://www.wikidata.org/entity/Q1052519,Cedar Park Center,Point(-97.8202 30.5414),,,architectural structure
http://www.wikidata.org/entity/Q1052519,Cedar Park Center,Point(-97.8202 30.5414),,,architectural structure
http://www.wikidata.org/entity/Q1052519,Cedar Park Center,Point(-97.8202 30.5414),,,architectural structure
http://www.wikidata.org/entity/Q1052519,Cedar Park Center,Point(-97.8202 30.5414),,,architectural structure
http://www.wikidata.org/entity/Q1052519,Cedar Park Center,Point(-97.8202 30.5414),,,architectural structure
http://www.wikidata.org/entity/Q1052519,Cedar Park Center,Point(-97.8202 30.5414),,,architectural structure
http://www.wikidata.org/entity/Q1052519,Cedar Park Center,Point(-97.8202 30.5414),,,architectural structure
http://www.wikidata.org/entity/Q1052519,Cedar Park Center,Point(-97.8202 30.5414),,,architectural structure
http://www.wikidata.org/entity/Q1052519,Cedar Park Center,Point(-97.8202 30.5414),,,architectural structure
http://www.wikidata.org/entity/Q1853779,Lyndon Baines Johnson Library and Museum,Point(-97.7292 30.2857),lbjlibrarynow,https://www.lbjlibrary.org/,"presidential library and museum for U.S. President Lyndon B. Johnson in Austin, Texas"
http://www.wikidata.org/entity/Q2066231,Pedernales Falls State Park,Point(-98.2417 30.3),pedernalesfallsstatepark,https://tpwd.texas.gov/state-parks/pedernales-falls,"State park in Texas, United States"
http://www.wikidata.org/entity/Q2066231,Pedernales Falls State Park,Point(-98.2417 30.3),pedernalesfallsstatepark,https://tpwd.texas.gov/state-parks/pedernales-falls,"State park in Texas, United States"
http://www.wikidata.org/entity/Q2066231,Pedernales Falls State Park,Point(-98.2417 30.3),pedernalesfallsstatepark,https://tpwd.texas.gov/state-parks/pedernales-falls,"State park in Texas, United States"
http://www.wikidata.org/entity/Q2066231,Pedernales Falls State Park,Point(-98.2417 30.3),pedernalesfallsstatepark,https://tpwd.texas.gov/state-parks/pedernales-falls,"State park in Texas, United States"
http://www.wikidata.org/entity/Q2645392,Lady Bird Johnson Wildflower Center,Point(-97.8706 30.1853),,https://www.wildflower.org/,botanical garden and arboretum in Texas
http://www.wikidata.org/entity/Q2645392,Lady Bird Johnson Wildflower Center,Point(-97.8706 30.1853),,https://www.wildflower.org/,botanical garden and arboretum in Texas
http://www.wikidata.org/entity/Q2645392,Lady Bird Johnson Wildflower Center,Point(-97.8706 30.1853),,https://www.wildflower.org/,botanical garden and arboretum in Texas
http://www.wikidata.org/entity/Q2645392,Lady Bird Johnson Wildflower Center,Point(-97.8706 30.1853),,https://www.wildflower.org/,botanical garden and arboretum in Texas
http://www.wikidata.org/entity/Q2645392,Lady Bird Johnson Wildflower Center,Point(-97.8706 30.1853),,https://www.wildflower.org/,botanical garden and arboretum in Texas
http://www.wikidata.org/entity/Q2645392,Lady Bird Johnson Wildflower Center,Point(-97.8706 30.1853),,https://www.wildflower.org/,botanical garden and arboretum in Texas
http://www.wikidata.org/entity/Q2645392,Lady Bird Johnson Wildflower Center,Point(-97.8706 30.1853),,https://www.wildflower.org/,botanical garden and arboretum in Texas
http://www.wikidata.org/entity/Q2645392,Lady Bird Johnson Wildflower Center,Point(-97.8706 30.1853),,https://www.wildflower.org/,botanical garden and arboretum in Texas
http://www.wikidata.org/entity/Q2645392,Lady Bird Johnson Wildflower Center,Point(-97.8706 30.1853),,https://www.wildflower.org/,botanical garden and arboretum in Texas
http://www.wikidata.org/entity/Q2645392,Lady Bird Johnson Wildflower Center,Point(-97.8706 30.1853),,https://www.wildflower.org/,botanical garden and arboretum in Texas
http://www.wikidata.org/entity/Q2872112,Austin Convention Center,Point(-97.7401 30.2625),,https://www.austinconventioncenter.com/,multi-purpose convention center
http://www.wikidata.org/entity/Q2872112,Austin Convention Center,Point(-97.7401 30.2625),,https://www.austinconventioncenter.com/,multi-purpose convention center
http://www.wikidata.org/entity/Q2872112,Austin Convention Center,Point(-97.7401 30.2625),,https://www.austinconventioncenter.com/,multi-purpose convention center
http://www.wikidata.org/entity/Q2872112,Austin Convention Center,Point(-97.7401 30.2625),,https://www.austinconventioncenter.com/,multi-purpose convention center
http://www.wikidata.org/entity/Q2872127,The Contemporary Austin,Point(-97.7428 30.2693),,http://www.amoa.org/,"contemporary art museum with two locations in Austin, Texas"
http://www.wikidata.org/entity/Q2872127,The Contemporary Austin,Point(-97.741579 30.270507),,http://www.amoa.org/,"contemporary art museum with two locations in Austin, Texas"
http://www.wikidata.org/entity/Q2872127,The Contemporary Austin,Point(-97.7428 30.2693),,http://thecontemporaryaustin.org/,"contemporary art museum with two locations in Austin, Texas"
http://www.wikidata.org/entity/Q2872127,The Contemporary Austin,Point(-97.741579 30.270507),,http://thecontemporaryaustin.org/,"contemporary art museum with two locations in Austin, Texas"
http://www.wikidata.org/entity/Q2872127,The Contemporary Austin,Point(-97.7428 30.2693),,http://www.amoa.org/,"contemporary art museum with two locations in Austin, Texas"
http://www.wikidata.org/entity/Q2872127,The Contemporary Austin,Point(-97.7428 30.2693),,http://www.amoa.org/,"contemporary art museum with two locations in Austin, Texas"
http://www.wikidata.org/entity/Q2872127,The Contemporary Austin,Point(-97.7428 30.2693),,http://www.amoa.org/,"contemporary art museum with two locations in Austin, Texas"
http://www.wikidata.org/entity/Q2872127,The Contemporary Austin,Point(-97.741579 30.270507),,http://www.amoa.org/,"contemporary art museum with two locations in Austin, Texas"
http://www.wikidata.org/entity/Q2872127,The Contemporary Austin,Point(-97.741579 30.270507),,http://www.amoa.org/,"contemporary art museum with two locations in Austin, Texas"
http://www.wikidata.org/entity/Q2872127,The Contemporary Austin,Point(-97.741579 30.270507),,http://www.amoa.org/,"contemporary art museum with two locations in Austin, Texas"
http://www.wikidata.org/entity/Q2872127,The Contemporary Austin,Point(-97.7428 30.2693),,http://thecontemporaryaustin.org/,"contemporary art museum with two locations in Austin, Texas"
http://www.wikidata.org/entity/Q2872127,The Contemporary Austin,Point(-97.7428 30.2693),,http://thecontemporaryaustin.org/,"contemporary art museum with two locations in Austin, Texas"
http://www.wikidata.org/entity/Q2872127,The Contemporary Austin,Point(-97.7428 30.2693),,http://thecontemporaryaustin.org/,"contemporary art museum with two locations in Austin, Texas"
http://www.wikidata.org/entity/Q2872127,The Contemporary Austin,Point(-97.741579 30.270507),,http://thecontemporaryaustin.org/,"contemporary art museum with two locations in Austin, Texas"
http://www.wikidata.org/entity/Q2872127,The Contemporary Austin,Point(-97.741579 30.270507),,http://thecontemporaryaustin.org/,"contemporary art museum with two locations in Austin, Texas"
http://www.wikidata.org/entity/Q2872127,The Contemporary Austin,Point(-97.741579 30.270507),,http://thecontemporaryaustin.org/,"contemporary art museum with two locations in Austin, Texas"
http://www.wikidata.org/entity/Q2872127,The Contemporary Austin,Point(-97.7428 30.2693),,http://www.amoa.org/,"contemporary art museum with two locations in Austin, Texas"
http://www.wikidata.org/entity/Q2872127,The Contemporary Austin,Point(-97.7428 30.2693),,http://www.amoa.org/,"contemporary art museum with two locations in Austin, Texas"
http://www.wikidata.org/entity/Q2872127,The Contemporary Austin,Point(-97.7428 30.2693),,http://www.amoa.org/,"contemporary art museum with two locations in Austin, Texas"
http://www.wikidata.org/entity/Q2872127,The Contemporary Austin,Point(-97.741579 30.270507),,http://www.amoa.org/,"contemporary art museum with two locations in Austin, Texas"
http://www.wikidata.org/entity/Q2872127,The Contemporary Austin,Point(-97.741579 30.270507),,http://www.amoa.org/,"contemporary art museum with two locations in Austin, Texas"
http://www.wikidata.org/entity/Q2872127,The Contemporary Austin,Point(-97.741579 30.270507),,http://www.amoa.org/,"contemporary art museum with two locations in Austin, Texas"
http://www.wikidata.org/entity/Q2872127,The Contemporary Austin,Point(-97.7428 30.2693),,http://thecontemporaryaustin.org/,"contemporary art museum with two locations in Austin, Texas"
http://www.wikidata.org/entity/Q2872127,The Contemporary Austin,Point(-97.7428 30.2693),,http://thecontemporaryaustin.org/,"contemporary art museum with two locations in Austin, Texas"
http://www.wikidata.org/entity/Q2872127,The Contemporary Austin,Point(-97.7428 30.2693),,http://thecontemporaryaustin.org/,"contemporary art museum with two locations in Austin, Texas"
http://www.wikidata.org/entity/Q2872127,The Contemporary Austin,Point(-97.741579 30.270507),,http://thecontemporaryaustin.org/,"contemporary art museum with two locations in Austin, Texas"
http://www.wikidata.org/entity/Q78614830,Flix Brewhouse Round Rock,Point(-97.67983 30.48848),,https://www.flixbrewhouse.com/round-rock/cinema-info,"movie theater in Round Rock, Texas"
http://www.wikidata.org/entity/Q78614830,Flix Brewhouse Round Rock,Point(-97.67983 30.48848),,https://www.flixbrewhouse.com/round-rock/cinema-info,"movie theater in Round Rock, Texas"
http://www.wikidata.org/entity/Q78614830,Flix Brewhouse Round Rock,Point(-97.67983 30.48848),,https://www.flixbrewhouse.com/round-rock/cinema-info,"movie theater in Round Rock, Texas"
http://www.wikidata.org/entity/Q78614830,Flix Brewhouse Round Rock,Point(-97.67983 30.48848),,https://www.flixbrewhouse.com/round-rock/cinema-info,"movie theater in Round Rock, Texas"
http://www.wikidata.org/entity/Q78614830,Flix Brewhouse Round Rock,Point(-97.67983 30.48848),,https://www.flixbrewhouse.com/round-rock/cinema-info,"movie theater in Round Rock, Texas"
http://www.wikidata.org/entity/Q78614830,Flix Brewhouse Round Rock,Point(-97.67983 30.48848),,https://www.flixbrewhouse.com/round-rock/cinema-info,"movie theater in Round Rock, Texas"
http://www.wikidata.org/entity/Q78614830,Flix Brewhouse Round Rock,Point(-97.67983 30.48848),,https://www.flixbrewhouse.com/round-rock/cinema-info,"movie theater in Round Rock, Texas"
http://www.wikidata.org/entity/Q78614830,Flix Brewhouse Round Rock,Point(-97.67983 30.48848),,https://www.flixbrewhouse.com/round-rock/cinema-info,"movie theater in Round Rock, Texas"
http://www.wikidata.org/entity/Q78614830,Flix Brewhouse Round Rock,Point(-97.67983 30.48848),,https://www.flixbrewhouse.com/round-rock/cinema-info,"movie theater in Round Rock, Texas"
http://www.wikidata.org/entity/Q78614830,Flix Brewhouse Round Rock,Point(-97.67983 30.48848),,https://www.flixbrewhouse.com/round-rock/cinema-info,"movie theater in Round Rock, Texas"
http://www.wikidata.org/entity/Q78614830,Flix Brewhouse Round Rock,Point(-97.67983 30.48848),,https://www.flixbrewhouse.com/round-rock/cinema-info,"movie theater in Round Rock, Texas"
http://www.wikidata.org/entity/Q78614830,Flix Brewhouse Round Rock,Point(-97.67983 30.48848),,https://www.flixbrewhouse.com/round-rock/cinema-info,"movie theater in Round Rock, Texas"
http://www.wikidata.org/entity/Q78614830,Flix Brewhouse Round Rock,Point(-97.67983 30.48848),,https://www.flixbrewhouse.com/round-rock/cinema-info,"movie theater in Round Rock, Texas"
http://www.wikidata.org/entity/Q78614830,Flix Brewhouse Round Rock,Point(-97.67983 30.48848),,https://www.flixbrewhouse.com/round-rock/cinema-info,"movie theater in Round Rock, Texas"
http://www.wikidata.org/entity/Q78614830,Flix Brewhouse Round Rock,Point(-97.67983 30.48848),,https://www.flixbrewhouse.com/round-rock/cinema-info,"movie theater in Round Rock, Texas"
http://www.wikidata.org/entity/Q78614830,Flix Brewhouse Round Rock,Point(-97.67983 30.48848),,https://www.flixbrewhouse.com/round-rock/cinema-info,"movie theater in Round Rock, Texas"
http://www.wikidata.org/entity/Q78614830,Flix Brewhouse Round Rock,Point(-97.67983 30.48848),,https://www.flixbrewhouse.com/round-rock/cinema-info,"movie theater in Round Rock, Texas"
http://www.wikidata.org/entity/Q78614830,Flix Brewhouse Round Rock,Point(-97.67983 30.48848),,https://www.flixbrewhouse.com/round-rock/cinema-info,"movie theater in Round Rock, Texas"
http://www.wikidata.org/entity/Q78614830,Flix Brewhouse Round Rock,Point(-97.67983 30.48848),,https://www.flixbrewhouse.com/round-rock/cinema-info,"movie theater in Round Rock, Texas"
http://www.wikidata.org/entity/Q78614830,Flix Brewhouse Round Rock,Point(-97.67983 30.48848),,https://www.flixbrewhouse.com/round-rock/cinema-info,"movie theater in Round Rock, Texas"
http://www.wikidata.org/entity/Q78614830,Flix Brewhouse Round Rock,Point(-97.67983 30.48848),,https://www.flixbrewhouse.com/round-rock/cinema-info,"movie theater in Round Rock, Texas"
http://www.wikidata.org/entity/Q78614830,Flix Brewhouse Round Rock,Point(-97.67983 30.48848),,https://www.flixbrewhouse.com/round-rock/cinema-info,"movie theater in Round Rock, Texas"
http://www.wikidata.org/entity/Q78614830,Flix Brewhouse Round Rock,Point(-97.67983 30.48848),,https://www.flixbrewhouse.com/round-rock/cinema-info,"movie theater in Round Rock, Texas"
http://www.wikidata.org/entity/Q78614830,Flix Brewhouse Round Rock,Point(-97.67983 30.48848),,https://www.flixbrewhouse.com/round-rock/cinema-info,"movie theater in Round Rock, Texas"
http://www.wikidata.org/entity/Q78614830,Flix Brewhouse Round Rock,Point(-97.67983 30.48848),,https://www.flixbrewhouse.com/round-rock/cinema-info,"movie theater in Round Rock, Texas"
http://www.wikidata.org/entity/Q78614830,Flix Brewhouse Round Rock,Point(-97.67983 30.48848),,https://www.flixbrewhouse.com/round-rock/cinema-info,"movie theater in Round Rock, Texas"
http://www.wikidata.org/entity/Q78614830,Flix Brewhouse Round Rock,Point(-97.67983 30.48848),,https://www.flixbrewhouse.com/round-rock/cinema-info,"movie theater in Round Rock, Texas"
http://www.wikidata.org/entity/Q78614830,Flix Brewhouse Round Rock,Point(-97.67983 30.48848),,https://www.flixbrewhouse.com/round-rock/cinema-info,"movie theater in Round Rock, Texas"
http://www.wikidata.org/entity/Q78614830,Flix Brewhouse Round Rock,Point(-97.67983 30.48848),,https://www.flixbrewhouse.com/round-rock/cinema-info,"movie theater in Round Rock, Texas"
http://www.wikidata.org/entity/Q78614830,Flix Brewhouse Round Rock,Point(-97.67983 30.48848),,https://www.flixbrewhouse.com/round-rock/cinema-info,"movie theater in Round Rock, Texas"
http://www.wikidata.org/entity/Q80928321,Moviehouse & Eatery Lantana Place,Point(-97.8694 30.25531),,https://sites.themoviehouse.com/lantana/,"movie theater in Austin, Texas"
http://www.wikidata.org/entity/Q80928321,Moviehouse & Eatery Lantana Place,Point(-97.8694 30.25531),,https://sites.themoviehouse.com/lantana/,"movie theater in Austin, Texas"
http://www.wikidata.org/entity/Q80928321,Moviehouse & Eatery Lantana Place,Point(-97.8694 30.25531),,https://sites.themoviehouse.com/lantana/,"movie theater in Austin, Texas"
http://www.wikidata.org/entity/Q80928321,Moviehouse & Eatery Lantana Place,Point(-97.8694 30.25531),,https://sites.themoviehouse.com/lantana/,"movie theater in Austin, Texas"
http://www.wikidata.org/entity/Q80928321,Moviehouse & Eatery Lantana Place,Point(-97.8694 30.25531),,https://sites.themoviehouse.com/lantana/,"movie theater in Austin, Texas"
http://www.wikidata.org/entity/Q80928321,Moviehouse & Eatery Lantana Place,Point(-97.8694 30.25531),,https://sites.themoviehouse.com/lantana/,"movie theater in Austin, Texas"
http://www.wikidata.org/entity/Q80928321,Moviehouse & Eatery Lantana Place,Point(-97.8694 30.25531),,https://sites.themoviehouse.com/lantana/,"movie theater in Austin, Texas"
http://www.wikidata.org/entity/Q80928321,Moviehouse & Eatery Lantana Place,Point(-97.8694 30.25531),,https://sites.themoviehouse.com/lantana/,"movie theater in Austin, Texas"
http://www.wikidata.org/entity/Q80928321,Moviehouse & Eatery Lantana Place,Point(-97.8694 30.25531),,https://sites.themoviehouse.com/lantana/,"movie theater in Austin, Texas"
http://www.wikidata.org/entity/Q80928321,Moviehouse & Eatery Lantana Place,Point(-97.8694 30.25531),,https://sites.themoviehouse.com/lantana/,"movie theater in Austin, Texas"
http://www.wikidata.org/entity/Q80928321,Moviehouse & Eatery Lantana Place,Point(-97.8694 30.25531),,https://sites.themoviehouse.com/lantana/,"movie theater in Austin, Texas"
http://www.wikidata.org/entity/Q80928321,Moviehouse & Eatery Lantana Place,Point(-97.8694 30.25531),,https://sites.themoviehouse.com/lantana/,"movie theater in Austin, Texas"
http://www.wikidata.org/entity/Q80928321,Moviehouse & Eatery Lantana Place,Point(-97.8694 30.25531),,https://sites.themoviehouse.com/lantana/,"movie theater in Austin, Texas"
http://www.wikidata.org/entity/Q80928321,Moviehouse & Eatery Lantana Place,Point(-97.8694 30.25531),,https://sites.themoviehouse.com/lantana/,"movie theater in Austin, Texas"
http://www.wikidata.org/entity/Q80928321,Moviehouse & Eatery Lantana Place,Point(-97.8694 30.25531),,https://sites.themoviehouse.com/lantana/,"movie theater in Austin, Texas"
http://www.wikidata.org/entity/Q80928321,Moviehouse & Eatery Lantana Place,Point(-97.8694 30.25531),,https://sites.themoviehouse.com/lantana/,"movie theater in Austin, Texas"
http://www.wikidata.org/entity/Q80928321,Moviehouse & Eatery Lantana Place,Point(-97.8694 30.25531),,https://sites.themoviehouse.com/lantana/,"movie theater in Austin, Texas"
http://www.wikidata.org/entity/Q80928321,Moviehouse & Eatery Lantana Place,Point(-97.8694 30.25531),,https://sites.themoviehouse.com/lantana/,"movie theater in Austin, Texas"
http://www.wikidata.org/entity/Q80928321,Moviehouse & Eatery Lantana Place,Point(-97.8694 30.25531),,https://sites.themoviehouse.com/lantana/,"movie theater in Austin, Texas"
http://www.wikidata.org/entity/Q80928321,Moviehouse & Eatery Lantana Place,Point(-97.8694 30.25531),,https://sites.themoviehouse.com/lantana/,"movie theater in Austin, Texas"
http://www.wikidata.org/entity/Q80928321,Moviehouse & Eatery Lantana Place,Point(-97.8694 30.25531),,https://sites.themoviehouse.com/lantana/,"movie theater in Austin, Texas"
http://www.wikidata.org/entity/Q80928321,Moviehouse & Eatery Lantana Place,Point(-97.8694 30.25531),,https://sites.themoviehouse.com/lantana/,"movie theater in Austin, Texas"
http://www.wikidata.org/entity/Q80928321,Moviehouse & Eatery Lantana Place,Point(-97.8694 30.25531),,https://sites.themoviehouse.com/lantana/,"movie theater in Austin, Texas"
http://www.wikidata.org/entity/Q80928321,Moviehouse & Eatery Lantana Place,Point(-97.8694 30.25531),,https://sites.themoviehouse.com/lantana/,"movie theater in Austin, Texas"
http://www.wikidata.org/entity/Q80928321,Moviehouse & Eatery Lantana Place,Point(-97.8694 30.25531),,https://sites.themoviehouse.com/lantana/,"movie theater in Austin, Texas"
http://www.wikidata.org/entity/Q80928321,Moviehouse & Eatery Lantana Place,Point(-97.8694 30.25531),,https://sites.themoviehouse.com/lantana/,"movie theater in Austin, Texas"
http://www.wikidata.org/entity/Q80928321,Moviehouse & Eatery Lantana Place,Point(-97.8694 30.25531),,https://sites.themoviehouse.com/lantana/,"movie theater in Austin, Texas"
http://www.wikidata.org/entity/Q80928321,Moviehouse & Eatery Lantana Place,Point(-97.8694 30.25531),,https://sites.themoviehouse.com/lantana/,"movie theater in Austin, Texas"
http://www.wikidata.org/entity/Q80928321,Moviehouse & Eatery Lantana Place,Point(-97.8694 30.25531),,https://sites.themoviehouse.com/lantana/,"movie theater in Austin, Texas"
http://www.wikidata.org/entity/Q80928321,Moviehouse & Eatery Lantana Place,Point(-97.8694 30.25531),,https://sites.themoviehouse.com/lantana/,"movie theater in Austin, Texas"
http://www.wikidata.org/entity/Q80928321,Moviehouse & Eatery Lantana Place,Point(-97.8694 30.25531),,https://sites.themoviehouse.com/lantana/,"movie theater in Austin, Texas"
http://www.wikidata.org/entity/Q80928321,Moviehouse & Eatery Lantana Place,Point(-97.8694 30.25531),,https://sites.themoviehouse.com/lantana/,"movie theater in Austin, Texas"
http://www.wikidata.org/entity/Q80928321,Moviehouse & Eatery Lantana Place,Point(-97.8694 30.25531),,https://sites.themoviehouse.com/lantana/,"movie theater in Austin, Texas"
http://www.wikidata.org/entity/Q80928321,Moviehouse & Eatery Lantana Place,Point(-97.8694 30.25531),,https://sites.themoviehouse.com/lantana/,"movie theater in Austin, Texas"
http://www.wikidata.org/entity/Q80928321,Moviehouse & Eatery Lantana Place,Point(-97.8694 30.25531),,https://sites.themoviehouse.com/lantana/,"movie theater in Austin, Texas"
http://www.wikidata.org/entity/Q80928321,Moviehouse & Eatery Lantana Place,Point(-97.8694 30.25531),,https://sites.themoviehouse.com/lantana/,"movie theater in Austin, Texas"
http://www.wikidata.org/entity/Q80928321,Moviehouse & Eatery Lantana Place,Point(-97.8694 30.25531),,https://sites.themoviehouse.com/lantana/,"movie theater in Austin, Texas"
http://www.wikidata.org/entity/Q80929973,Doc’s Drive-In Theatre,Point(-97.79544 30.0602),,https://www.docsdriveintheatre.com/,"drive-in movie theater in Buda, Texas"
http://www.wikidata.org/entity/Q80929973,Doc’s Drive-In Theatre,Point(-97.79544 30.0602),,https://www.docsdriveintheatre.com/,"drive-in movie theater in Buda, Texas"
http://www.wikidata.org/entity/Q80929973,Doc’s Drive-In Theatre,Point(-97.79544 30.0602),,https://www.docsdriveintheatre.com/,"drive-in movie theater in Buda, Texas"
http://www.wikidata.org/entity/Q80929973,Doc’s Drive-In Theatre,Point(-97.79544 30.0602),,https://www.docsdriveintheatre.com/,"drive-in movie theater in Buda, Texas"
http://www.wikidata.org/entity/Q80929973,Doc’s Drive-In Theatre,Point(-97.79544 30.0602),,https://www.docsdriveintheatre.com/,"drive-in movie theater in Buda, Texas"
http://www.wikidata.org/entity/Q80929973,Doc’s Drive-In Theatre,Point(-97.79544 30.0602),,https://www.docsdriveintheatre.com/,"drive-in movie theater in Buda, Texas"
http://www.wikidata.org/entity/Q80929973,Doc’s Drive-In Theatre,Point(-97.79544 30.0602),,https://www.docsdriveintheatre.com/,"drive-in movie theater in Buda, Texas"
http://www.wikidata.org/entity/Q80929973,Doc’s Drive-In Theatre,Point(-97.79544 30.0602),,https://www.docsdriveintheatre.com/,"drive-in movie theater in Buda, Texas"
http://www.wikidata.org/entity/Q80929973,Doc’s Drive-In Theatre,Point(-97.79544 30.0602),,https://www.docsdriveintheatre.com/,"drive-in movie theater in Buda, Texas"
http://www.wikidata.org/entity/Q80929973,Doc’s Drive-In Theatre,Point(-97.79544 30.0602),,https://www.docsdriveintheatre.com/,"drive-in movie theater in Buda, Texas"
http://www.wikidata.org/entity/Q80929973,Doc’s Drive-In Theatre,Point(-97.79544 30.0602),,https://www.docsdriveintheatre.com/,"drive-in movie theater in Buda, Texas"
http://www.wikidata.org/entity/Q80929973,Doc’s Drive-In Theatre,Point(-97.79544 30.0602),,https://www.docsdriveintheatre.com/,"drive-in movie theater in Buda, Texas"
http://www.wikidata.org/entity/Q80929973,Doc’s Drive-In Theatre,Point(-97.79544 30.0602),,https://www.docsdriveintheatre.com/,"drive-in movie theater in Buda, Texas"
http://www.wikidata.org/entity/Q80929973,Doc’s Drive-In Theatre,Point(-97.79544 30.0602),,https://www.docsdriveintheatre.com/,"drive-in movie theater in Buda, Texas"
http://www.wikidata.org/entity/Q80929973,Doc’s Drive-In Theatre,Point(-97.79544 30.0602),,https://www.docsdriveintheatre.com/,"drive-in movie theater in Buda, Texas"
http://www.wikidata.org/entity/Q80929973,Doc’s Drive-In Theatre,Point(-97.79544 30.0602),,https://www.docsdriveintheatre.com/,"drive-in movie theater in Buda, Texas"
http://www.wikidata.org/entity/Q80929973,Doc’s Drive-In Theatre,Point(-97.79544 30.0602),,https://www.docsdriveintheatre.com/,"drive-in movie theater in Buda, Texas"
http://www.wikidata.org/entity/Q80929973,Doc’s Drive-In Theatre,Point(-97.79544 30.0602),,https://www.docsdriveintheatre.com/,"drive-in movie theater in Buda, Texas"
http://www.wikidata.org/entity/Q80929973,Doc’s Drive-In Theatre,Point(-97.79544 30.0602),,https://www.docsdriveintheatre.com/,"drive-in movie theater in Buda, Texas"
http://www.wikidata.org/entity/Q80929973,Doc’s Drive-In Theatre,Point(-97.79544 30.0602),,https://www.docsdriveintheatre.com/,"drive-in movie theater in Buda, Texas"
http://www.wikidata.org/entity/Q80929973,Doc’s Drive-In Theatre,Point(-97.79544 30.0602),,https://www.docsdriveintheatre.com/,"drive-in movie theater in Buda, Texas"
http://www.wikidata.org/entity/Q80929973,Doc’s Drive-In Theatre,Point(-97.79544 30.0602),,https://www.docsdriveintheatre.com/,"drive-in movie theater in Buda, Texas"
http://www.wikidata.org/entity/Q80929973,Doc’s Drive-In Theatre,Point(-97.79544 30.0602),,https://www.docsdriveintheatre.com/,"drive-in movie theater in Buda, Texas"
http://www.wikidata.org/entity/Q80929973,Doc’s Drive-In Theatre,Point(-97.79544 30.0602),,https://www.docsdriveintheatre.com/,"drive-in movie theater in Buda, Texas"
http://www.wikidata.org/entity/Q80929973,Doc’s Drive-In Theatre,Point(-97.79544 30.0602),,https://www.docsdriveintheatre.com/,"drive-in movie theater in Buda, Texas"
http://www.wikidata.org/entity/Q80929973,Doc’s Drive-In Theatre,Point(-97.79544 30.0602),,https://www.docsdriveintheatre.com/,"drive-in movie theater in Buda, Texas"
http://www.wikidata.org/entity/Q80929973,Doc’s Drive-In Theatre,Point(-97.79544 30.0602),,https://www.docsdriveintheatre.com/,"drive-in movie theater in Buda, Texas"
http://www.wikidata.org/entity/Q80929973,Doc’s Drive-In Theatre,Point(-97.79544 30.0602),,https://www.docsdriveintheatre.com/,"drive-in movie theater in Buda, Texas"
http://www.wikidata.org/entity/Q80929973,Doc’s Drive-In Theatre,Point(-97.79544 30.0602),,https://www.docsdriveintheatre.com/,"drive-in movie theater in Buda, Texas"
http://www.wikidata.org/entity/Q80929973,Doc’s Drive-In Theatre,Point(-97.79544 30.0602),,https://www.docsdriveintheatre.com/,"drive-in movie theater in Buda, Texas"
http://www.wikidata.org/entity/Q80929973,Doc’s Drive-In Theatre,Point(-97.79544 30.0602),,https://www.docsdriveintheatre.com/,"drive-in movie theater in Buda, Texas"
http://www.wikidata.org/entity/Q80929973,Doc’s Drive-In Theatre,Point(-97.79544 30.0602),,https://www.docsdriveintheatre.com/,"drive-in movie theater in Buda, Texas"
http://www.wikidata.org/entity/Q80929973,Doc’s Drive-In Theatre,Point(-97.79544 30.0602),,https://www.docsdriveintheatre.com/,"drive-in movie theater in Buda, Texas"
http://www.wikidata.org/entity/Q80929973,Doc’s Drive-In Theatre,Point(-97.79544 30.0602),,https://www.docsdriveintheatre.com/,"drive-in movie theater in Buda, Texas"
http://www.wikidata.org/entity/Q80929973,Doc’s Drive-In Theatre,Point(-97.79544 30.0602),,https://www.docsdriveintheatre.com/,"drive-in movie theater in Buda, Texas"
http://www.wikidata.org/entity/Q80929973,Doc’s Drive-In Theatre,Point(-97.79544 30.0602),,https://www.docsdriveintheatre.com/,"drive-in movie theater in Buda, Texas"
http://www.wikidata.org/entity/Q80929973,Doc’s Drive-In Theatre,Point(-97.79544 30.0602),,https://www.docsdriveintheatre.com/,"drive-in movie theater in Buda, Texas"
http://www.wikidata.org/entity/Q80929973,Doc’s Drive-In Theatre,Point(-97.79544 30.0602),,https://www.docsdriveintheatre.com/,"drive-in movie theater in Buda, Texas"
http://www.wikidata.org/entity/Q80929973,Doc’s Drive-In Theatre,Point(-97.79544 30.0602),,https://www.docsdriveintheatre.com/,"drive-in movie theater in Buda, Texas"
http://www.wikidata.org/entity/Q80929973,Doc’s Drive-In Theatre,Point(-97.79544 30.0602),,https://www.docsdriveintheatre.com/,"drive-in movie theater in Buda, Texas"
http://www.wikidata.org/entity/Q80929973,Doc’s Drive-In Theatre,Point(-97.79544 30.0602),,https://www.docsdriveintheatre.com/,"drive-in movie theater in Buda, Texas"
http://www.wikidata.org/entity/Q80929973,Doc’s Drive-In Theatre,Point(-97.79544 30.0602),,https://www.docsdriveintheatre.com/,"drive-in movie theater in Buda, Texas"
http://www.wikidata.org/entity/Q80929973,Doc’s Drive-In Theatre,Point(-97.79544 30.0602),,https://www.docsdriveintheatre.com/,"drive-in movie theater in Buda, Texas"
http://www.wikidata.org/entity/Q80929973,Doc’s Drive-In Theatre,Point(-97.79544 30.0602),,https://www.docsdriveintheatre.com/,"drive-in movie theater in Buda, Texas"
http://www.wikidata.org/entity/Q80929973,Doc’s Drive-In Theatre,Point(-97.79544 30.0602),,https://www.docsdriveintheatre.com/,"drive-in movie theater in Buda, Texas"
http://www.wikidata.org/entity/Q81229863,Bob Bullock IMAX,Point(-97.73899 30.28026),,https://www.thestoryoftexas.com/visit/see-films,"movie theater in Austin, Texas"
http://www.wikidata.org/entity/Q81229863,Bob Bullock IMAX,Point(-97.73899 30.28026),,https://www.thestoryoftexas.com/visit/see-films,"movie theater in Austin, Texas"
http://www.wikidata.org/entity/Q81229863,Bob Bullock IMAX,Point(-97.73899 30.28026),,https://www.thestoryoftexas.com/visit/see-films,"movie theater in Austin, Texas"
http://www.wikidata.org/entity/Q81229863,Bob Bullock IMAX,Point(-97.73899 30.28026),,https://www.thestoryoftexas.com/visit/see-films,"movie theater in Austin, Texas"
http://www.wikidata.org/entity/Q81229863,Bob Bullock IMAX,Point(-97.73899 30.28026),,https://www.thestoryoftexas.com/visit/see-films,"movie theater in Austin, Texas"
http://www.wikidata.org/entity/Q81229863,Bob Bullock IMAX,Point(-97.73899 30.28026),,https://www.thestoryoftexas.com/visit/see-films,"movie theater in Austin, Texas"
http://www.wikidata.org/entity/Q81229863,Bob Bullock IMAX,Point(-97.73899 30.28026),,https://www.thestoryoftexas.com/visit/see-films,"movie theater in Austin, Texas"
http://www.wikidata.org/entity/Q81229863,Bob Bullock IMAX,Point(-97.73899 30.28026),,https://www.thestoryoftexas.com/visit/see-films,"movie theater in Austin, Texas"
http://www.wikidata.org/entity/Q81229863,Bob Bullock IMAX,Point(-97.73899 30.28026),,https://www.thestoryoftexas.com/visit/see-films,"movie theater in Austin, Texas"
http://www.wikidata.org/entity/Q81229863,Bob Bullock IMAX,Point(-97.73899 30.28026),,https://www.thestoryoftexas.com/visit/see-films,"movie theater in Austin, Texas"
http://www.wikidata.org/entity/Q81229863,Bob Bullock IMAX,Point(-97.73899 30.28026),,https://www.thestoryoftexas.com/visit/see-films,"movie theater in Austin, Texas"
http://www.wikidata.org/entity/Q81229863,Bob Bullock IMAX,Point(-97.73899 30.28026),,https://www.thestoryoftexas.com/visit/see-films,"movie theater in Austin, Texas"
http://www.wikidata.org/entity/Q81229863,Bob Bullock IMAX,Point(-97.73899 30.28026),,https://www.thestoryoftexas.com/visit/see-films,"movie theater in Austin, Texas"
http://www.wikidata.org/entity/Q81229863,Bob Bullock IMAX,Point(-97.73899 30.28026),,https://www.thestoryoftexas.com/visit/see-films,"movie theater in Austin, Texas"
http://www.wikidata.org/entity/Q81229863,Bob Bullock IMAX,Point(-97.73899 30.28026),,https://www.thestoryoftexas.com/visit/see-films,"movie theater in Austin, Texas"
http://www.wikidata.org/entity/Q81229863,Bob Bullock IMAX,Point(-97.73899 30.28026),,https://www.thestoryoftexas.com/visit/see-films,"movie theater in Austin, Texas"
http://www.wikidata.org/entity/Q81229863,Bob Bullock IMAX,Point(-97.73899 30.28026),,https://www.thestoryoftexas.com/visit/see-films,"movie theater in Austin, Texas"
http://www.wikidata.org/entity/Q81229863,Bob Bullock IMAX,Point(-97.73899 30.28026),,https://www.thestoryoftexas.com/visit/see-films,"movie theater in Austin, Texas"
http://www.wikidata.org/entity/Q81229863,Bob Bullock IMAX,Point(-97.73899 30.28026),,https://www.thestoryoftexas.com/visit/see-films,"movie theater in Austin, Texas"
http://www.wikidata.org/entity/Q81229863,Bob Bullock IMAX,Point(-97.73899 30.28026),,https://www.thestoryoftexas.com/visit/see-films,"movie theater in Austin, Texas"
http://www.wikidata.org/entity/Q81229863,Bob Bullock IMAX,Point(-97.73899 30.28026),,https://www.thestoryoftexas.com/visit/see-films,"movie theater in Austin, Texas"
http://www.wikidata.org/entity/Q81229863,Bob Bullock IMAX,Point(-97.73899 30.28026),,https://www.thestoryoftexas.com/visit/see-films,"movie theater in Austin, Texas"
http://www.wikidata.org/entity/Q81229863,Bob Bullock IMAX,Point(-97.73899 30.28026),,https://www.thestoryoftexas.com/visit/see-films,"movie theater in Austin, Texas"
http://www.wikidata.org/entity/Q81229863,Bob Bullock IMAX,Point(-97.73899 30.28026),,https://www.thestoryoftexas.com/visit/see-films,"movie theater in Austin, Texas"
http://www.wikidata.org/entity/Q81229863,Bob Bullock IMAX,Point(-97.73899 30.28026),,https://www.thestoryoftexas.com/visit/see-films,"movie theater in Austin, Texas"
http://www.wikidata.org/entity/Q81229863,Bob Bullock IMAX,Point(-97.73899 30.28026),,https://www.thestoryoftexas.com/visit/see-films,"movie theater in Austin, Texas"
http://www.wikidata.org/entity/Q81229863,Bob Bullock IMAX,Point(-97.73899 30.28026),,https://www.thestoryoftexas.com/visit/see-films,"movie theater in Austin, Texas"
http://www.wikidata.org/entity/Q81229863,Bob Bullock IMAX,Point(-97.73899 30.28026),,https://www.thestoryoftexas.com/visit/see-films,"movie theater in Austin, Texas"
http://www.wikidata.org/entity/Q81229863,Bob Bullock IMAX,Point(-97.73899 30.28026),,https://www.thestoryoftexas.com/visit/see-films,"movie theater in Austin, Texas"
http://www.wikidata.org/entity/Q81229863,Bob Bullock IMAX,Point(-97.73899 30.28026),,https://www.thestoryoftexas.com/visit/see-films,"movie theater in Austin, Texas"
http://www.wikidata.org/entity/Q81229863,Bob Bullock IMAX,Point(-97.73899 30.28026),,https://www.thestoryoftexas.com/visit/see-films,"movie theater in Austin, Texas"
http://www.wikidata.org/entity/Q81229863,Bob Bullock IMAX,Point(-97.73899 30.28026),,https://www.thestoryoftexas.com/visit/see-films,"movie theater in Austin, Texas"
http://www.wikidata.org/entity/Q81229863,Bob Bullock IMAX,Point(-97.73899 30.28026),,https://www.thestoryoftexas.com/visit/see-films,"movie theater in Austin, Texas"
http://www.wikidata.org/entity/Q81229863,Bob Bullock IMAX,Point(-97.73899 30.28026),,https://www.thestoryoftexas.com/visit/see-films,"movie theater in Austin, Texas"
http://www.wikidata.org/entity/Q81229863,Bob Bullock IMAX,Point(-97.73899 30.28026),,https://www.thestoryoftexas.com/visit/see-films,"movie theater in Austin, Texas"
http://www.wikidata.org/entity/Q81229863,Bob Bullock IMAX,Point(-97.73899 30.28026),,https://www.thestoryoftexas.com/visit/see-films,"movie theater in Austin, Texas"
http://www.wikidata.org/entity/Q81229863,Bob Bullock IMAX,Point(-97.73899 30.28026),,https://www.thestoryoftexas.com/visit/see-films,"movie theater in Austin, Texas"
http://www.wikidata.org/entity/Q85796613,Republic Square,Point(-97.747306 30.267806),,,"urban park in Austin, Texas"
http://www.wikidata.org/entity/Q85796613,Republic Square,Point(-97.747306 30.267806),,,"urban park in Austin, Texas"
http://www.wikidata.org/entity/Q85796613,Republic Square,Point(-97.747306 30.267806),,,"urban park in Austin, Texas"
http://www.wikidata.org/entity/Q85796613,Republic Square,Point(-97.747306 30.267806),,,"urban park in Austin, Texas"
http://www.wikidata.org/entity/Q85796613,Republic Square,Point(-97.747306 30.267806),,,"urban park in Austin, Texas"
http://www.wikidata.org/entity/Q85796613,Republic Square,Point(-97.747306 30.267806),,,"urban park in Austin, Texas"
http://www.wikidata.org/entity/Q85796613,Republic Square,Point(-97.747306 30.267806),,,"urban park in Austin, Texas"
http://www.wikidata.org/entity/Q85796613,Republic Square,Point(-97.747306 30.267806),,,"urban park in Austin, Texas"
http://www.wikidata.org/entity/Q85796613,Republic Square,Point(-97.747306 30.267806),,,"urban park in Austin, Texas"
http://www.wikidata.org/entity/Q85796613,Republic Square,Point(-97.747306 30.267806),,,"urban park in Austin, Texas"
http://www.wikidata.org/entity/Q85796613,Republic Square,Point(-97.747306 30.267806),,,"urban park in Austin, Texas"
http://www.wikidata.org/entity/Q85796613,Republic Square,Point(-97.747306 30.267806),,,"urban park in Austin, Texas"
http://www.wikidata.org/entity/Q85796613,Republic Square,Point(-97.747306 30.267806),,,"urban park in Austin, Texas"
http://www.wikidata.org/entity/Q85796613,Republic Square,Point(-97.747306 30.267806),,,"urban park in Austin, Texas"
http://www.wikidata.org/entity/Q85796613,Republic Square,Point(-97.747306 30.267806),,,"urban park in Austin, Texas"
http://www.wikidata.org/entity/Q85796613,Republic Square,Point(-97.747306 30.267806),,,"urban park in Austin, Texas"
http://www.wikidata.org/entity/Q85796613,Republic Square,Point(-97.747306 30.267806),,,"urban park in Austin, Texas"
http://www.wikidata.org/entity/Q85796613,Republic Square,Point(-97.747306 30.267806),,,"urban park in Austin, Texas"
http://www.wikidata.org/entity/Q85796613,Republic Square,Point(-97.747306 30.267806),,,"urban park in Austin, Texas"
http://www.wikidata.org/entity/Q85796613,Republic Square,Point(-97.747306 30.267806),,,"urban park in Austin, Texas"
http://www.wikidata.org/entity/Q85796613,Republic Square,Point(-97.747306 30.267806),,,"urban park in Austin, Texas"
http://www.wikidata.org/entity/Q85796613,Republic Square,Point(-97.747306 30.267806),,,"urban park in Austin, Texas"
http://www.wikidata.org/entity/Q85796613,Republic Square,Point(-97.747306 30.267806),,,"urban park in Austin, Texas"
http://www.wikidata.org/entity/Q85796613,Republic Square,Point(-97.747306 30.267806),,,"urban park in Austin, Texas"
http://www.wikidata.org/entity/Q85796613,Republic Square,Point(-97.747306 30.267806),,,"urban park in Austin, Texas"
http://www.wikidata.org/entity/Q99196106,Blue Starlight Mini Urban Drive-in,Point(-97.69637 30.28634),,https://www.bluestarlitedrivein.com/austin,"small drive-in movie theater in Austin, Texas"
http://www.wikidata.org/entity/Q99196106,Blue Starlight Mini Urban Drive-in,Point(-97.69637 30.28634),,https://www.bluestarlitedrivein.com/austin,"small drive-in movie theater in Austin, Texas"
http://www.wikidata.org/entity/Q99196106,Blue Starlight Mini Urban Drive-in,Point(-97.69637 30.28634),,https://www.bluestarlitedrivein.com/austin,"small drive-in movie theater in Austin, Texas"
http://www.wikidata.org/entity/Q99196106,Blue Starlight Mini Urban Drive-in,Point(-97.69637 30.28634),,https://www.bluestarlitedrivein.com/austin,"small drive-in movie theater in Austin, Texas"
http://www.wikidata.org/entity/Q99196106,Blue Starlight Mini Urban Drive-in,Point(-97.69637 30.28634),,https://www.bluestarlitedrivein.com/austin,"small drive-in movie theater in Austin, Texas"
http://www.wikidata.org/entity/Q99196106,Blue Starlight Mini Urban Drive-in,Point(-97.69637 30.28634),,https://www.bluestarlitedrivein.com/austin,"small drive-in movie theater in Austin, Texas"
http://www.wikidata.org/entity/Q99196106,Blue Starlight Mini Urban Drive-in,Point(-97.69637 30.28634),,https://www.bluestarlitedrivein.com/austin,"small drive-in movie theater in Austin, Texas"
http://www.wikidata.org/entity/Q99196106,Blue Starlight Mini Urban Drive-in,Point(-97.69637 30.28634),,https://www.bluestarlitedrivein.com/austin,"small drive-in movie theater in Austin, Texas"
http://www.wikidata.org/entity/Q99196106,Blue Starlight Mini Urban Drive-in,Point(-97.69637 30.28634),,https://www.bluestarlitedrivein.com/austin,"small drive-in movie theater in Austin, Texas"
http://www.wikidata.org/entity/Q99196106,Blue Starlight Mini Urban Drive-in,Point(-97.69637 30.28634),,https://www.bluestarlitedrivein.com/austin,"small drive-in movie theater in Austin, Texas"
http://www.wikidata.org/entity/Q99196106,Blue Starlight Mini Urban Drive-in,Point(-97.69637 30.28634),,https://www.bluestarlitedrivein.com/austin,"small drive-in movie theater in Austin, Texas"
http://www.wikidata.org/entity/Q99196106,Blue Starlight Mini Urban Drive-in,Point(-97.69637 30.28634),,https://www.bluestarlitedrivein.com/austin,"small drive-in movie theater in Austin, Texas"
http://www.wikidata.org/entity/Q99196106,Blue Starlight Mini Urban Drive-in,Point(-97.69637 30.28634),,https://www.bluestarlitedrivein.com/austin,"small drive-in movie theater in Austin, Texas"
http://www.wikidata.org/entity/Q99196106,Blue Starlight Mini Urban Drive-in,Point(-97.69637 30.28634),,https://www.bluestarlitedrivein.com/austin,"small drive-in movie theater in Austin, Texas"
http://www.wikidata.org/entity/Q99196106,Blue Starlight Mini Urban Drive-in,Point(-97.69637 30.28634),,https://www.bluestarlitedrivein.com/austin,"small drive-in movie theater in Austin, Texas"
http://www.wikidata.org/entity/Q99196106,Blue Starlight Mini Urban Drive-in,Point(-97.69637 30.28634),,https://www.bluestarlitedrivein.com/austin,"small drive-in movie theater in Austin, Texas"
http://www.wikidata.org/entity/Q99196106,Blue Starlight Mini Urban Drive-in,Point(-97.69637 30.28634),,https://www.bluestarlitedrivein.com/austin,"small drive-in movie theater in Austin, Texas"
http://www.wikidata.org/entity/Q99196106,Blue Starlight Mini Urban Drive-in,Point(-97.69637 30.28634),,https://www.bluestarlitedrivein.com/austin,"small drive-in movie theater in Austin, Texas"
http://www.wikidata.org/entity/Q99196106,Blue Starlight Mini Urban Drive-in,Point(-97.69637 30.28634),,https://www.bluestarlitedrivein.com/austin,"small drive-in movie theater in Austin, Texas"
http://www.wikidata.org/entity/Q99196106,Blue Starlight Mini Urban Drive-in,Point(-97.69637 30.28634),,https://www.bluestarlitedrivein.com/austin,"small drive-in movie theater in Austin, Texas"
http://www.wikidata.org/entity/Q99196106,Blue Starlight Mini Urban Drive-in,Point(-97.69637 30.28634),,https://www.bluestarlitedrivein.com/austin,"small drive-in movie theater in Austin, Texas"
http://www.wikidata.org/entity/Q99196106,Blue Starlight Mini Urban Drive-in,Point(-97.69637 30.28634),,https://www.bluestarlitedrivein.com/austin,"small drive-in movie theater in Austin, Texas"
http://www.wikidata.org/entity/Q99196106,Blue Starlight Mini Urban Drive-in,Point(-97.69637 30.28634),,https://www.bluestarlitedrivein.com/austin,"small drive-in movie theater in Austin, Texas"
http://www.wikidata.org/entity/Q99196106,Blue Starlight Mini Urban Drive-in,Point(-97.69637 30.28634),,https://www.bluestarlitedrivein.com/austin,"small drive-in movie theater in Austin, Texas"
http://www.wikidata.org/entity/Q99196106,Blue Starlight Mini Urban Drive-in,Point(-97.69637 30.28634),,https://www.bluestarlitedrivein.com/austin,"small drive-in movie theater in Austin, Texas"
http://www.wikidata.org/entity/Q99196106,Blue Starlight Mini Urban Drive-in,Point(-97.69637 30.28634),,https://www.bluestarlitedrivein.com/austin,"small drive-in movie theater in Austin, Texas"
http://www.wikidata.org/entity/Q49556279,Saint Stephens Episcopal School Baseball Field,Point(-97.821111111 30.327777777),,,"park in Travis County, Texas, United States of America"
http://www.wikidata.org/entity/Q49556950,San Gabriel Park,Point(-97.669722222 30.652777777),,,"park in Williamson County, Texas, United States of America"
http://www.wikidata.org/entity/Q49557049,San Marcos City Park,Point(-97.934722222 29.886111111),,,"park in Hays County, Texas, United States of America"
http://www.wikidata.org/entity/Q49557485,Sandy Creek Park,Point(-97.906666666 30.468888888),,,"park in Travis County, Texas, United States of America"
http://www.wikidata.org/entity/Q49558192,Sawyer Park,Point(-97.785277777 30.677222222),,,"park in Williamson County, Texas, United States of America"
http://www.wikidata.org/entity/Q49558678,Schroeter Park,Point(-97.7375 30.413611111),,,"park in Travis County, Texas, United States of America"
http://www.wikidata.org/entity/Q49559130,Seabrook Park,Point(-97.701666666 30.284722222),,,"park in Travis County, Texas, United States of America"
http://www.wikidata.org/entity/Q49559498,Selma Hughes Park,Point(-97.904166666 30.338333333),,,"park in Travis County, Texas, United States of America"
http://www.wikidata.org/entity/Q49561285,Shipe Playground,Point(-97.727222222 30.307777777),,,park in the United States of America
http://www.wikidata.org/entity/Q49561339,Shoal Beach,Point(-97.746666666 30.263611111),,,park in the United States of America
http://www.wikidata.org/entity/Q49562370,Slaughter Creek Metropolitan Park,Point(-97.873055555 30.1975),,,park in the United States of America
http://www.wikidata.org/entity/Q49563153,South Austin Park,Point(-97.767777777 30.241666666),,,"park in Travis County, Texas, United States of America"
http://www.wikidata.org/entity/Q49563198,South Boggy Creek Greenbelt Park,Point(-97.780277777 30.179722222),,,"park in Travis County, Texas, United States of America"
http://www.wikidata.org/entity/Q56445073,San Gabriel Park,Point(-97.66932 30.65073),,,"Park in Georgetown, Texas, U.S."
http://www.wikidata.org/entity/Q60742232,Blue Hole Park,Point(-97.68 30.643055555),,,"Lagoon and park in Georgetown, Texas, U.S."
http://www.wikidata.org/entity/Q60742978,Veterans Memorial Plaza,Point(-97.719 30.716),,,"memorial plaza in Georgetown, Texas, USA"
http://www.wikidata.org/entity/Q60742978,Veterans Memorial Plaza,Point(-97.719 30.716),,,"memorial plaza in Georgetown, Texas, USA"
http://www.wikidata.org/entity/Q60742978,Veterans Memorial Plaza,Point(-97.719 30.716),,,"memorial plaza in Georgetown, Texas, USA"
http://www.wikidata.org/entity/Q60742978,Veterans Memorial Plaza,Point(-97.719 30.716),,,"memorial plaza in Georgetown, Texas, USA"
http://www.wikidata.org/entity/Q78103821,Alamo Drafthouse Cedar Park,Point(-97.77187 30.52429),,https://drafthouse.com/national/theater/cedar-park,"movie theater in Cedar Park, Texas"
http://www.wikidata.org/entity/Q78103821,Alamo Drafthouse Cedar Park,Point(-97.77187 30.52429),,https://drafthouse.com/national/theater/cedar-park,"movie theater in Cedar Park, Texas"
http://www.wikidata.org/entity/Q78103821,Alamo Drafthouse Cedar Park,Point(-97.77187 30.52429),,https://drafthouse.com/national/theater/cedar-park,"movie theater in Cedar Park, Texas"
http://www.wikidata.org/entity/Q78103821,Alamo Drafthouse Cedar Park,Point(-97.77187 30.52429),,https://drafthouse.com/national/theater/cedar-park,"movie theater in Cedar Park, Texas"
http://www.wikidata.org/entity/Q78103821,Alamo Drafthouse Cedar Park,Point(-97.77187 30.52429),,https://drafthouse.com/national/theater/cedar-park,"movie theater in Cedar Park, Texas"
http://www.wikidata.org/entity/Q78103821,Alamo Drafthouse Cedar Park,Point(-97.77187 30.52429),,https://drafthouse.com/national/theater/cedar-park,"movie theater in Cedar Park, Texas"
http://www.wikidata.org/entity/Q78103821,Alamo Drafthouse Cedar Park,Point(-97.77187 30.52429),,https://drafthouse.com/national/theater/cedar-park,"movie theater in Cedar Park, Texas"
http://www.wikidata.org/entity/Q78103821,Alamo Drafthouse Cedar Park,Point(-97.77187 30.52429),,https://drafthouse.com/national/theater/cedar-park,"movie theater in Cedar Park, Texas"
http://www.wikidata.org/entity/Q78103821,Alamo Drafthouse Cedar Park,Point(-97.77187 30.52429),,https://drafthouse.com/national/theater/cedar-park,"movie theater in Cedar Park, Texas"
http://www.wikidata.org/entity/Q78103821,Alamo Drafthouse Cedar Park,Point(-97.77187 30.52429),,https://drafthouse.com/national/theater/cedar-park,"movie theater in Cedar Park, Texas"
http://www.wikidata.org/entity/Q78103821,Alamo Drafthouse Cedar Park,Point(-97.77187 30.52429),,https://drafthouse.com/national/theater/cedar-park,"movie theater in Cedar Park, Texas"
http://www.wikidata.org/entity/Q78103821,Alamo Drafthouse Cedar Park,Point(-97.77187 30.52429),,https://drafthouse.com/national/theater/cedar-park,"movie theater in Cedar Park, Texas"
http://www.wikidata.org/entity/Q78103821,Alamo Drafthouse Cedar Park,Point(-97.77187 30.52429),,https://drafthouse.com/national/theater/cedar-park,"movie theater in Cedar Park, Texas"
http://www.wikidata.org/entity/Q78103821,Alamo Drafthouse Cedar Park,Point(-97.77187 30.52429),,https://drafthouse.com/national/theater/cedar-park,"movie theater in Cedar Park, Texas"
http://www.wikidata.org/entity/Q78103821,Alamo Drafthouse Cedar Park,Point(-97.77187 30.52429),,https://drafthouse.com/national/theater/cedar-park,"movie theater in Cedar Park, Texas"
http://www.wikidata.org/entity/Q78103821,Alamo Drafthouse Cedar Park,Point(-97.77187 30.52429),,https://drafthouse.com/national/theater/cedar-park,"movie theater in Cedar Park, Texas"
http://www.wikidata.org/entity/Q78103821,Alamo Drafthouse Cedar Park,Point(-97.77187 30.52429),,https://drafthouse.com/national/theater/cedar-park,"movie theater in Cedar Park, Texas"
http://www.wikidata.org/entity/Q78103821,Alamo Drafthouse Cedar Park,Point(-97.77187 30.52429),,https://drafthouse.com/national/theater/cedar-park,"movie theater in Cedar Park, Texas"
http://www.wikidata.org/entity/Q78103821,Alamo Drafthouse Cedar Park,Point(-97.77187 30.52429),,https://drafthouse.com/national/theater/cedar-park,"movie theater in Cedar Park, Texas"
http://www.wikidata.org/entity/Q78103821,Alamo Drafthouse Cedar Park,Point(-97.77187 30.52429),,https://drafthouse.com/national/theater/cedar-park,"movie theater in Cedar Park, Texas"
http://www.wikidata.org/entity/Q78103821,Alamo Drafthouse Cedar Park,Point(-97.77187 30.52429),,https://drafthouse.com/national/theater/cedar-park,"movie theater in Cedar Park, Texas"
http://www.wikidata.org/entity/Q78103821,Alamo Drafthouse Cedar Park,Point(-97.77187 30.52429),,https://drafthouse.com/national/theater/cedar-park,"movie theater in Cedar Park, Texas"
http://www.wikidata.org/entity/Q78103821,Alamo Drafthouse Cedar Park,Point(-97.77187 30.52429),,https://drafthouse.com/national/theater/cedar-park,"movie theater in Cedar Park, Texas"
http://www.wikidata.org/entity/Q78103821,Alamo Drafthouse Cedar Park,Point(-97.77187 30.52429),,https://drafthouse.com/national/theater/cedar-park,"movie theater in Cedar Park, Texas"
http://www.wikidata.org/entity/Q78103821,Alamo Drafthouse Cedar Park,Point(-97.77187 30.52429),,https://drafthouse.com/national/theater/cedar-park,"movie theater in Cedar Park, Texas"
http://www.wikidata.org/entity/Q78103821,Alamo Drafthouse Cedar Park,Point(-97.77187 30.52429),,https://drafthouse.com/national/theater/cedar-park,"movie theater in Cedar Park, Texas"
http://www.wikidata.org/entity/Q78103821,Alamo Drafthouse Cedar Park,Point(-97.77187 30.52429),,https://drafthouse.com/national/theater/cedar-park,"movie theater in Cedar Park, Texas"
http://www.wikidata.org/entity/Q78103821,Alamo Drafthouse Cedar Park,Point(-97.77187 30.52429),,https://drafthouse.com/national/theater/cedar-park,"movie theater in Cedar Park, Texas"
http://www.wikidata.org/entity/Q78103821,Alamo Drafthouse Cedar Park,Point(-97.77187 30.52429),,https://drafthouse.com/national/theater/cedar-park,"movie theater in Cedar Park, Texas"
http://www.wikidata.org/entity/Q78103821,Alamo Drafthouse Cedar Park,Point(-97.77187 30.52429),,https://drafthouse.com/national/theater/cedar-park,"movie theater in Cedar Park, Texas"
http://www.wikidata.org/entity/Q78103821,Alamo Drafthouse Cedar Park,Point(-97.77187 30.52429),,https://drafthouse.com/national/theater/cedar-park,"movie theater in Cedar Park, Texas"
http://www.wikidata.org/entity/Q78103821,Alamo Drafthouse Cedar Park,Point(-97.77187 30.52429),,https://drafthouse.com/national/theater/cedar-park,"movie theater in Cedar Park, Texas"
http://www.wikidata.org/entity/Q78103821,Alamo Drafthouse Cedar Park,Point(-97.77187 30.52429),,https://drafthouse.com/national/theater/cedar-park,"movie theater in Cedar Park, Texas"
http://www.wikidata.org/entity/Q78103821,Alamo Drafthouse Cedar Park,Point(-97.77187 30.52429),,https://drafthouse.com/national/theater/cedar-park,"movie theater in Cedar Park, Texas"
http://www.wikidata.org/entity/Q78103821,Alamo Drafthouse Cedar Park,Point(-97.77187 30.52429),,https://drafthouse.com/national/theater/cedar-park,"movie theater in Cedar Park, Texas"
http://www.wikidata.org/entity/Q78103821,Alamo Drafthouse Cedar Park,Point(-97.77187 30.52429),,https://drafthouse.com/national/theater/cedar-park,"movie theater in Cedar Park, Texas"
http://www.wikidata.org/entity/Q78103821,Alamo Drafthouse Cedar Park,Point(-97.77187 30.52429),,https://drafthouse.com/national/theater/cedar-park,"movie theater in Cedar Park, Texas"
http://www.wikidata.org/entity/Q78189858,Sky Cinemas Dripping Springs,Point(-97.97763 30.20416),,,"movie theater in Austin, Texas"
http://www.wikidata.org/entity/Q78189858,Sky Cinemas Dripping Springs,Point(-97.97763 30.20416),,,"movie theater in Austin, Texas"
http://www.wikidata.org/entity/Q78189858,Sky Cinemas Dripping Springs,Point(-97.97763 30.20416),,,"movie theater in Austin, Texas"
http://www.wikidata.org/entity/Q78189858,Sky Cinemas Dripping Springs,Point(-97.97763 30.20416),,,"movie theater in Austin, Texas"
http://www.wikidata.org/entity/Q78189858,Sky Cinemas Dripping Springs,Point(-97.97763 30.20416),,,"movie theater in Austin, Texas"
http://www.wikidata.org/entity/Q78189858,Sky Cinemas Dripping Springs,Point(-97.97763 30.20416),,,"movie theater in Austin, Texas"
http://www.wikidata.org/entity/Q78189858,Sky Cinemas Dripping Springs,Point(-97.97763 30.20416),,,"movie theater in Austin, Texas"
http://www.wikidata.org/entity/Q78189858,Sky Cinemas Dripping Springs,Point(-97.97763 30.20416),,,"movie theater in Austin, Texas"
http://www.wikidata.org/entity/Q78189858,Sky Cinemas Dripping Springs,Point(-97.97763 30.20416),,,"movie theater in Austin, Texas"
http://www.wikidata.org/entity/Q78189858,Sky Cinemas Dripping Springs,Point(-97.97763 30.20416),,,"movie theater in Austin, Texas"
http://www.wikidata.org/entity/Q78189858,Sky Cinemas Dripping Springs,Point(-97.97763 30.20416),,,"movie theater in Austin, Texas"
http://www.wikidata.org/entity/Q78189858,Sky Cinemas Dripping Springs,Point(-97.97763 30.20416),,,"movie theater in Austin, Texas"
http://www.wikidata.org/entity/Q78189858,Sky Cinemas Dripping Springs,Point(-97.97763 30.20416),,,"movie theater in Austin, Texas"
http://www.wikidata.org/entity/Q78189858,Sky Cinemas Dripping Springs,Point(-97.97763 30.20416),,,"movie theater in Austin, Texas"
http://www.wikidata.org/entity/Q78189858,Sky Cinemas Dripping Springs,Point(-97.97763 30.20416),,,"movie theater in Austin, Texas"
http://www.wikidata.org/entity/Q78189858,Sky Cinemas Dripping Springs,Point(-97.97763 30.20416),,,"movie theater in Austin, Texas"
http://www.wikidata.org/entity/Q78189858,Sky Cinemas Dripping Springs,Point(-97.97763 30.20416),,,"movie theater in Austin, Texas"
http://www.wikidata.org/entity/Q78189858,Sky Cinemas Dripping Springs,Point(-97.97763 30.20416),,,"movie theater in Austin, Texas"
http://www.wikidata.org/entity/Q78189858,Sky Cinemas Dripping Springs,Point(-97.97763 30.20416),,,"movie theater in Austin, Texas"
http://www.wikidata.org/entity/Q78189858,Sky Cinemas Dripping Springs,Point(-97.97763 30.20416),,,"movie theater in Austin, Texas"
http://www.wikidata.org/entity/Q78189858,Sky Cinemas Dripping Springs,Point(-97.97763 30.20416),,,"movie theater in Austin, Texas"
http://www.wikidata.org/entity/Q78189858,Sky Cinemas Dripping Springs,Point(-97.97763 30.20416),,,"movie theater in Austin, Texas"
http://www.wikidata.org/entity/Q78189858,Sky Cinemas Dripping Springs,Point(-97.97763 30.20416),,,"movie theater in Austin, Texas"
http://www.wikidata.org/entity/Q78189858,Sky Cinemas Dripping Springs,Point(-97.97763 30.20416),,,"movie theater in Austin, Texas"
http://www.wikidata.org/entity/Q78189858,Sky Cinemas Dripping Springs,Point(-97.97763 30.20416),,,"movie theater in Austin, Texas"
http://www.wikidata.org/entity/Q78189858,Sky Cinemas Dripping Springs,Point(-97.97763 30.20416),,,"movie theater in Austin, Texas"
http://www.wikidata.org/entity/Q78189858,Sky Cinemas Dripping Springs,Point(-97.97763 30.20416),,,"movie theater in Austin, Texas"
http://www.wikidata.org/entity/Q78189858,Sky Cinemas Dripping Springs,Point(-97.97763 30.20416),,,"movie theater in Austin, Texas"
http://www.wikidata.org/entity/Q78189858,Sky Cinemas Dripping Springs,Point(-97.97763 30.20416),,,"movie theater in Austin, Texas"
http://www.wikidata.org/entity/Q78189858,Sky Cinemas Dripping Springs,Point(-97.97763 30.20416),,,"movie theater in Austin, Texas"
http://www.wikidata.org/entity/Q78189858,Sky Cinemas Dripping Springs,Point(-97.97763 30.20416),,,"movie theater in Austin, Texas"
http://www.wikidata.org/entity/Q78189858,Sky Cinemas Dripping Springs,Point(-97.97763 30.20416),,,"movie theater in Austin, Texas"
http://www.wikidata.org/entity/Q78189858,Sky Cinemas Dripping Springs,Point(-97.97763 30.20416),,,"movie theater in Austin, Texas"
http://www.wikidata.org/entity/Q78189858,Sky Cinemas Dripping Springs,Point(-97.97763 30.20416),,,"movie theater in Austin, Texas"
http://www.wikidata.org/entity/Q78189858,Sky Cinemas Dripping Springs,Point(-97.97763 30.20416),,,"movie theater in Austin, Texas"
http://www.wikidata.org/entity/Q78189858,Sky Cinemas Dripping Springs,Point(-97.97763 30.20416),,,"movie theater in Austin, Texas"
http://www.wikidata.org/entity/Q78189858,Sky Cinemas Dripping Springs,Point(-97.97763 30.20416),,,"movie theater in Austin, Texas"
http://www.wikidata.org/entity/Q78614830,Flix Brewhouse Round Rock,Point(-97.67983 30.48848),,https://www.flixbrewhouse.com/round-rock/cinema-info,"movie theater in Round Rock, Texas"
http://www.wikidata.org/entity/Q78614830,Flix Brewhouse Round Rock,Point(-97.67983 30.48848),,https://www.flixbrewhouse.com/round-rock/cinema-info,"movie theater in Round Rock, Texas"
http://www.wikidata.org/entity/Q78614830,Flix Brewhouse Round Rock,Point(-97.67983 30.48848),,https://www.flixbrewhouse.com/round-rock/cinema-info,"movie theater in Round Rock, Texas"
http://www.wikidata.org/entity/Q78614830,Flix Brewhouse Round Rock,Point(-97.67983 30.48848),,https://www.flixbrewhouse.com/round-rock/cinema-info,"movie theater in Round Rock, Texas"
http://www.wikidata.org/entity/Q78614830,Flix Brewhouse Round Rock,Point(-97.67983 30.48848),,https://www.flixbrewhouse.com/round-rock/cinema-info,"movie theater in Round Rock, Texas"
http://www.wikidata.org/entity/Q78614830,Flix Brewhouse Round Rock,Point(-97.67983 30.48848),,https://www.flixbrewhouse.com/round-rock/cinema-info,"movie theater in Round Rock, Texas"
http://www.wikidata.org/entity/Q78614830,Flix Brewhouse Round Rock,Point(-97.67983 30.48848),,https://www.flixbrewhouse.com/round-rock/cinema-info,"movie theater in Round Rock, Texas"
http://www.wikidata.org/entity/Q99196106,Blue Starlight Mini Urban Drive-in,Point(-97.69637 30.28634),,https://www.bluestarlitedrivein.com/austin,"small drive-in movie theater in Austin, Texas"
http://www.wikidata.org/entity/Q99196106,Blue Starlight Mini Urban Drive-in,Point(-97.69637 30.28634),,https://www.bluestarlitedrivein.com/austin,"small drive-in movie theater in Austin, Texas"
http://www.wikidata.org/entity/Q99196106,Blue Starlight Mini Urban Drive-in,Point(-97.69637 30.28634),,https://www.bluestarlitedrivein.com/austin,"small drive-in movie theater in Austin, Texas"
http://www.wikidata.org/entity/Q99196106,Blue Starlight Mini Urban Drive-in,Point(-97.69637 30.28634),,https://www.bluestarlitedrivein.com/austin,"small drive-in movie theater in Austin, Texas"
http://www.wikidata.org/entity/Q99196106,Blue Starlight Mini Urban Drive-in,Point(-97.69637 30.28634),,https://www.bluestarlitedrivein.com/austin,"small drive-in movie theater in Austin, Texas"
http://www.wikidata.org/entity/Q99196106,Blue Starlight Mini Urban Drive-in,Point(-97.69637 30.28634),,https://www.bluestarlitedrivein.com/austin,"small drive-in movie theater in Austin, Texas"
http://www.wikidata.org/entity/Q99196106,Blue Starlight Mini Urban Drive-in,Point(-97.69637 30.28634),,https://www.bluestarlitedrivein.com/austin,"small drive-in movie theater in Austin, Texas"
http://www.wikidata.org/entity/Q99196106,Blue Starlight Mini Urban Drive-in,Point(-97.69637 30.28634),,https://www.bluestarlitedrivein.com/austin,"small drive-in movie theater in Austin, Texas"
http://www.wikidata.org/entity/Q99196106,Blue Starlight Mini Urban Drive-in,Point(-97.69637 30.28634),,https://www.bluestarlitedrivein.com/austin,"small drive-in movie theater in Austin, Texas"
http://www.wikidata.org/entity/Q99196106,Blue Starlight Mini Urban Drive-in,Point(-97.69637 30.28634),,https://www.bluestarlitedrivein.com/austin,"small drive-in movie theater in Austin, Texas"
http://www.wikidata.org/entity/Q99196106,Blue Starlight Mini Urban Drive-in,Point(-97.69637 30.28634),,https://www.bluestarlitedrivein.com/austin,"small drive-in movie theater in Austin, Texas"
http://www.wikidata.org/entity/Q104833688,Magnolia Cafe,Point(-97.75142799 30.244614038),,http://magnoliacafeaustin.com/,"Tex-Mex restaurant in Austin, Texas, U.S."
http://www.wikidata.org/entity/Q105965249,Pioneer Town Opera House,Point(-98.110791352 29.985900577),,,"theatre of the Western-themed ""Pioneer Town"" section of the 7A Ranch Resort in Wimberly, Texas, United States"
http://www.wikidata.org/entity/Q105965249,Pioneer Town Opera House,Point(-98.110791352 29.985900577),,,"theatre of the Western-themed ""Pioneer Town"" section of the 7A Ranch Resort in Wimberly, Texas, United States"
http://www.wikidata.org/entity/Q105965249,Pioneer Town Opera House,Point(-98.110791352 29.985900577),,,"theatre of the Western-themed ""Pioneer Town"" section of the 7A Ranch Resort in Wimberly, Texas, United States"
http://www.wikidata.org/entity/Q105965249,Pioneer Town Opera House,Point(-98.110791352 29.985900577),,,"theatre of the Western-themed ""Pioneer Town"" section of the 7A Ranch Resort in Wimberly, Texas, United States"
http://www.wikidata.org/entity/Q105965249,Pioneer Town Opera House,Point(-98.110791352 29.985900577),,,"theatre of the Western-themed ""Pioneer Town"" section of the 7A Ranch Resort in Wimberly, Texas, United States"
http://www.wikidata.org/entity/Q105965249,Pioneer Town Opera House,Point(-98.110791352 29.985900577),,,"theatre of the Western-themed ""Pioneer Town"" section of the 7A Ranch Resort in Wimberly, Texas, United States"
http://www.wikidata.org/entity/Q105965249,Pioneer Town Opera House,Point(-98.110791352 29.985900577),,,"theatre of the Western-themed ""Pioneer Town"" section of the 7A Ranch Resort in Wimberly, Texas, United States"
http://www.wikidata.org/entity/Q105965249,Pioneer Town Opera House,Point(-98.110791352 29.985900577),,,"theatre of the Western-themed ""Pioneer Town"" section of the 7A Ranch Resort in Wimberly, Texas, United States"
http://www.wikidata.org/entity/Q105965249,Pioneer Town Opera House,Point(-98.110791352 29.985900577),,,"theatre of the Western-themed ""Pioneer Town"" section of the 7A Ranch Resort in Wimberly, Texas, United States"
http://www.wikidata.org/entity/Q105965249,Pioneer Town Opera House,Point(-98.110791352 29.985900577),,,"theatre of the Western-themed ""Pioneer Town"" section of the 7A Ranch Resort in Wimberly, Texas, United States"
http://www.wikidata.org/entity/Q105965249,Pioneer Town Opera House,Point(-98.110791352 29.985900577),,,"theatre of the Western-themed ""Pioneer Town"" section of the 7A Ranch Resort in Wimberly, Texas, United States"
http://www.wikidata.org/entity/Q105965249,Pioneer Town Opera House,Point(-98.110791352 29.985900577),,,"theatre of the Western-themed ""Pioneer Town"" section of the 7A Ranch Resort in Wimberly, Texas, United States"
http://www.wikidata.org/entity/Q105965249,Pioneer Town Opera House,Point(-98.110791352 29.985900577),,,"theatre of the Western-themed ""Pioneer Town"" section of the 7A Ranch Resort in Wimberly, Texas, United States"
http://www.wikidata.org/entity/Q105965249,Pioneer Town Opera House,Point(-98.110791352 29.985900577),,,"theatre of the Western-themed ""Pioneer Town"" section of the 7A Ranch Resort in Wimberly, Texas, United States"
http://www.wikidata.org/entity/Q105965249,Pioneer Town Opera House,Point(-98.110791352 29.985900577),,,"theatre of the Western-themed ""Pioneer Town"" section of the 7A Ranch Resort in Wimberly, Texas, United States"
http://www.wikidata.org/entity/Q105965249,Pioneer Town Opera House,Point(-98.110791352 29.985900577),,,"theatre of the Western-themed ""Pioneer Town"" section of the 7A Ranch Resort in Wimberly, Texas, United States"
http://www.wikidata.org/entity/Q105965249,Pioneer Town Opera House,Point(-98.110791352 29.985900577),,,"theatre of the Western-themed ""Pioneer Town"" section of the 7A Ranch Resort in Wimberly, Texas, United States"
http://www.wikidata.org/entity/Q105965249,Pioneer Town Opera House,Point(-98.110791352 29.985900577),,,"theatre of the Western-themed ""Pioneer Town"" section of the 7A Ranch Resort in Wimberly, Texas, United States"
http://www.wikidata.org/entity/Q105965249,Pioneer Town Opera House,Point(-98.110791352 29.985900577),,,"theatre of the Western-themed ""Pioneer Town"" section of the 7A Ranch Resort in Wimberly, Texas, United States"
http://www.wikidata.org/entity/Q105965249,Pioneer Town Opera House,Point(-98.110791352 29.985900577),,,"theatre of the Western-themed ""Pioneer Town"" section of the 7A Ranch Resort in Wimberly, Texas, United States"
http://www.wikidata.org/entity/Q105965249,Pioneer Town Opera House,Point(-98.110791352 29.985900577),,,"theatre of the Western-themed ""Pioneer Town"" section of the 7A Ranch Resort in Wimberly, Texas, United States"
http://www.wikidata.org/entity/Q105965249,Pioneer Town Opera House,Point(-98.110791352 29.985900577),,,"theatre of the Western-themed ""Pioneer Town"" section of the 7A Ranch Resort in Wimberly, Texas, United States"
http://www.wikidata.org/entity/Q105965249,Pioneer Town Opera House,Point(-98.110791352 29.985900577),,,"theatre of the Western-themed ""Pioneer Town"" section of the 7A Ranch Resort in Wimberly, Texas, United States"
http://www.wikidata.org/entity/Q105965249,Pioneer Town Opera House,Point(-98.110791352 29.985900577),,,"theatre of the Western-themed ""Pioneer Town"" section of the 7A Ranch Resort in Wimberly, Texas, United States"
http://www.wikidata.org/entity/Q105965249,Pioneer Town Opera House,Point(-98.110791352 29.985900577),,,"theatre of the Western-themed ""Pioneer Town"" section of the 7A Ranch Resort in Wimberly, Texas, United States"
http://www.wikidata.org/entity/Q105965249,Pioneer Town Opera House,Point(-98.110791352 29.985900577),,,"theatre of the Western-themed ""Pioneer Town"" section of the 7A Ranch Resort in Wimberly, Texas, United States"
http://www.wikidata.org/entity/Q107317429,Palmer Events Center,Point(-97.749639916 30.260290056),,,"auditorium at S. 1st St. at Riverside Dr. Austin, Texas"
http://www.wikidata.org/entity/Q107317429,Palmer Events Center,Point(-97.749639916 30.260290056),,,"auditorium at S. 1st St. at Riverside Dr. Austin, Texas"
http://www.wikidata.org/entity/Q107317429,Palmer Events Center,Point(-97.749639916 30.260290056),,,"auditorium at S. 1st St. at Riverside Dr. Austin, Texas"
http://www.wikidata.org/entity/Q107317429,Palmer Events Center,Point(-97.749639916 30.260290056),,,"auditorium at S. 1st St. at Riverside Dr. Austin, Texas"
http://www.wikidata.org/entity/Q107317429,Palmer Events Center,Point(-97.749639916 30.260290056),,,"auditorium at S. 1st St. at Riverside Dr. Austin, Texas"
http://www.wikidata.org/entity/Q107317429,Palmer Events Center,Point(-97.749639916 30.260290056),,,"auditorium at S. 1st St. at Riverside Dr. Austin, Texas"
http://www.wikidata.org/entity/Q107317429,Palmer Events Center,Point(-97.749639916 30.260290056),,,"auditorium at S. 1st St. at Riverside Dr. Austin, Texas"
http://www.wikidata.org/entity/Q107317429,Palmer Events Center,Point(-97.749639916 30.260290056),,,"auditorium at S. 1st St. at Riverside Dr. Austin, Texas"
http://www.wikidata.org/entity/Q107317429,Palmer Events Center,Point(-97.749639916 30.260290056),,,"auditorium at S. 1st St. at Riverside Dr. Austin, Texas"
http://www.wikidata.org/entity/Q107317450,Texas Federation of Women's Clubs Building,Point(-97.747883991 30.287800762),,,"clubhouse at 2312 San Gabriel St. Austin, Texas"
http://www.wikidata.org/entity/Q107317450,Texas Federation of Women's Clubs Building,Point(-97.747883991 30.287800762),,,"clubhouse at 2312 San Gabriel St. Austin, Texas"
http://www.wikidata.org/entity/Q107317450,Texas Federation of Women's Clubs Building,Point(-97.747883991 30.287800762),,,"clubhouse at 2312 San Gabriel St. Austin, Texas"
http://www.wikidata.org/entity/Q107317450,Texas Federation of Women's Clubs Building,Point(-97.747883991 30.287800762),,,"clubhouse at 2312 San Gabriel St. Austin, Texas"
http://www.wikidata.org/entity/Q107555913,Chisholm Trail Crossing Park,Point(-97.6894 30.5119),,,"park in Round Rock, Texas, U.S"
http://www.wikidata.org/entity/Q112548056,Oilcan Harry's,Point(-97.745416666 30.266527777),,,"gay bar in Austin, Texas, U.S"
http://www.wikidata.org/entity/Q112548056,Oilcan Harry's,Point(-97.745416666 30.266527777),,,"gay bar in Austin, Texas, U.S"
http://www.wikidata.org/entity/Q112548056,Oilcan Harry's,Point(-97.745416666 30.266527777),,,"gay bar in Austin, Texas, U.S"
http://www.wikidata.org/entity/Q112548056,Oilcan Harry's,Point(-97.745416666 30.266527777),,,"gay bar in Austin, Texas, U.S"
http://www.wikidata.org/entity/Q114529736,Southland Oaks Neighborhood Park,Point(-97.86483 30.16111),,,"park in Shady Hollow, Texas, USA"
http://www.wikidata.org/entity/Q114785144,Austin Educational Theatre,Point(-97.83141 30.138607),,https://www.austinedtheatre.org/,"educational theater in Austin, TX, USA"
http://www.wikidata.org/entity/Q114785144,Austin Educational Theatre,Point(-97.83141 30.138607),,https://www.austinedtheatre.org/,"educational theater in Austin, TX, USA"
http://www.wikidata.org/entity/Q114785144,Austin Educational Theatre,Point(-97.83141 30.138607),,https://www.austinedtheatre.org/,"educational theater in Austin, TX, USA"
http://www.wikidata.org/entity/Q114785144,Austin Educational Theatre,Point(-97.83141 30.138607),,https://www.austinedtheatre.org/,"educational theater in Austin, TX, USA"
http://www.wikidata.org/entity/Q114785144,Austin Educational Theatre,Point(-97.83141 30.138607),,https://www.austinedtheatre.org/,"educational theater in Austin, TX, USA"
http://www.wikidata.org/entity/Q114785144,Austin Educational Theatre,Point(-97.83141 30.138607),,https://www.austinedtheatre.org/,"educational theater in Austin, TX, USA"
http://www.wikidata.org/entity/Q114785144,Austin Educational Theatre,Point(-97.83141 30.138607),,https://www.austinedtheatre.org/,"educational theater in Austin, TX, USA"
http://www.wikidata.org/entity/Q114785144,Austin Educational Theatre,Point(-97.83141 30.138607),,https://www.austinedtheatre.org/,"educational theater in Austin, TX, USA"
http://www.wikidata.org/entity/Q114785144,Austin Educational Theatre,Point(-97.83141 30.138607),,https://www.austinedtheatre.org/,"educational theater in Austin, TX, USA"
http://www.wikidata.org/entity/Q114785144,Austin Educational Theatre,Point(-97.83141 30.138607),,https://www.austinedtheatre.org/,"educational theater in Austin, TX, USA"
http://www.wikidata.org/entity/Q114785144,Austin Educational Theatre,Point(-97.83141 30.138607),,https://www.austinedtheatre.org/,"educational theater in Austin, TX, USA"
http://www.wikidata.org/entity/Q114785144,Austin Educational Theatre,Point(-97.83141 30.138607),,https://www.austinedtheatre.org/,"educational theater in Austin, TX, USA"
http://www.wikidata.org/entity/Q114785144,Austin Educational Theatre,Point(-97.83141 30.138607),,https://www.austinedtheatre.org/,"educational theater in Austin, TX, USA"
http://www.wikidata.org/entity/Q114785144,Austin Educational Theatre,Point(-97.83141 30.138607),,https://www.austinedtheatre.org/,"educational theater in Austin, TX, USA"
http://www.wikidata.org/entity/Q114785144,Austin Educational Theatre,Point(-97.83141 30.138607),,https://www.austinedtheatre.org/,"educational theater in Austin, TX, USA"
http://www.wikidata.org/entity/Q114785144,Austin Educational Theatre,Point(-97.83141 30.138607),,https://www.austinedtheatre.org/,"educational theater in Austin, TX, USA"
http://www.wikidata.org/entity/Q114785144,Austin Educational Theatre,Point(-97.83141 30.138607),,https://www.austinedtheatre.org/,"educational theater in Austin, TX, USA"
http://www.wikidata.org/entity/Q114785144,Austin Educational Theatre,Point(-97.83141 30.138607),,https://www.austinedtheatre.org/,"educational theater in Austin, TX, USA"
http://www.wikidata.org/entity/Q114785144,Austin Educational Theatre,Point(-97.83141 30.138607),,https://www.austinedtheatre.org/,"educational theater in Austin, TX, USA"
http://www.wikidata.org/entity/Q114785144,Austin Educational Theatre,Point(-97.83141 30.138607),,https://www.austinedtheatre.org/,"educational theater in Austin, TX, USA"
http://www.wikidata.org/entity/Q114785144,Austin Educational Theatre,Point(-97.83141 30.138607),,https://www.austinedtheatre.org/,"educational theater in Austin, TX, USA"
http://www.wikidata.org/entity/Q114785144,Austin Educational Theatre,Point(-97.83141 30.138607),,https://www.austinedtheatre.org/,"educational theater in Austin, TX, USA"
http://www.wikidata.org/entity/Q114785144,Austin Educational Theatre,Point(-97.83141 30.138607),,https://www.austinedtheatre.org/,"educational theater in Austin, TX, USA"
http://www.wikidata.org/entity/Q114785144,Austin Educational Theatre,Point(-97.83141 30.138607),,https://www.austinedtheatre.org/,"educational theater in Austin, TX, USA"
http://www.wikidata.org/entity/Q114785144,Austin Educational Theatre,Point(-97.83141 30.138607),,https://www.austinedtheatre.org/,"educational theater in Austin, TX, USA"
http://www.wikidata.org/entity/Q114785144,Austin Educational Theatre,Point(-97.83141 30.138607),,https://www.austinedtheatre.org/,"educational theater in Austin, TX, USA"
http://www.wikidata.org/entity/Q118868634,Joe's Bakery and Coffee Shop,Point(-97.71666 30.26112),,,"restaurant in Austin, Texas, U.S"
http://www.wikidata.org/entity/Q121609813,Southside Market & Barbeque,Point(-97.3863 30.3497),,,"restaurant in Elgin, Texas"
http://www.wikidata.org/entity/Q123111713,Este,Point(-97.719583333 30.284027777),,,"restaurant in Austin, Texas, U.S"
http://www.wikidata.org/entity/Q7336901,Ritz,Point(-97.7396 30.2673),,https://drafthouse.com/theater/ritz,"historic theater in Austin, Texas, United States"
http://www.wikidata.org/entity/Q7373677,Royal Arch Masonic Lodge,Point(-97.74504493 30.26948195),,,"masonic temple in Austin, Texas"
http://www.wikidata.org/entity/Q7373677,Royal Arch Masonic Lodge,Point(-97.74504493 30.26948195),,,"masonic temple in Austin, Texas"
http://www.wikidata.org/entity/Q7373677,Royal Arch Masonic Lodge,Point(-97.74504493 30.26948195),,,"masonic temple in Austin, Texas"
http://www.wikidata.org/entity/Q7373677,Royal Arch Masonic Lodge,Point(-97.74504493 30.26948195),,,"masonic temple in Austin, Texas"
http://www.wikidata.org/entity/Q7566082,South Austin Museum of Popular Culture,Point(-97.765 30.2517),,https://www.southpop.org/,American nonprofit organization
http://www.wikidata.org/entity/Q7566082,South Austin Museum of Popular Culture,Point(-97.765 30.2517),,https://www.southpop.org/,American nonprofit organization
http://www.wikidata.org/entity/Q7566082,South Austin Museum of Popular Culture,Point(-97.765 30.2517),,https://www.southpop.org/,American nonprofit organization
http://www.wikidata.org/entity/Q7566082,South Austin Museum of Popular Culture,Point(-97.765 30.2517),,https://www.southpop.org/,American nonprofit organization
http://www.wikidata.org/entity/Q7566082,South Austin Museum of Popular Culture,Point(-97.765 30.2517),,https://www.southpop.org/,American nonprofit organization
http://www.wikidata.org/entity/Q7566082,South Austin Museum of Popular Culture,Point(-97.765 30.2517),,https://www.southpop.org/,American nonprofit organization
http://www.wikidata.org/entity/Q7566082,South Austin Museum of Popular Culture,Point(-97.765 30.2517),,https://www.southpop.org/,American nonprofit organization
http://www.wikidata.org/entity/Q7566082,South Austin Museum of Popular Culture,Point(-97.765 30.2517),,https://www.southpop.org/,American nonprofit organization
http://www.wikidata.org/entity/Q7566082,South Austin Museum of Popular Culture,Point(-97.765 30.2517),,https://www.southpop.org/,American nonprofit organization
http://www.wikidata.org/entity/Q7570793,Southgate-Lewis House,Point(-97.72353635 30.27284408),,,"historic place in Austin, Travis County, Texas"
http://www.wikidata.org/entity/Q7570793,Southgate-Lewis House,Point(-97.723611 30.273056),,,"historic place in Austin, Travis County, Texas"
http://www.wikidata.org/entity/Q7756086,Paramount Theatre,Point(-97.74202405 30.2693839),,,"theater and movie theater in Austin, Texas"
http://www.wikidata.org/entity/Q7756086,Paramount Theatre,Point(-97.74202405 30.2693839),,,"theater and movie theater in Austin, Texas"
http://www.wikidata.org/entity/Q7756086,Paramount Theatre,Point(-97.74202405 30.2693839),,,"theater and movie theater in Austin, Texas"
http://www.wikidata.org/entity/Q7756086,Paramount Theatre,Point(-97.74202405 30.2693839),,,"theater and movie theater in Austin, Texas"
http://www.wikidata.org/entity/Q7756086,Paramount Theatre,Point(-97.74202405 30.2693839),,,"theater and movie theater in Austin, Texas"
http://www.wikidata.org/entity/Q7756086,Paramount Theatre,Point(-97.74202405 30.2693839),,,"theater and movie theater in Austin, Texas"
http://www.wikidata.org/entity/Q7756086,Paramount Theatre,Point(-97.74202405 30.2693839),,,"theater and movie theater in Austin, Texas"
http://www.wikidata.org/entity/Q7756086,Paramount Theatre,Point(-97.74202405 30.2693839),,,"theater and movie theater in Austin, Texas"
http://www.wikidata.org/entity/Q7756086,Paramount Theatre,Point(-97.74202405 30.2693839),,,"theater and movie theater in Austin, Texas"
http://www.wikidata.org/entity/Q7756086,Paramount Theatre,Point(-97.74202405 30.2693839),,,"theater and movie theater in Austin, Texas"
http://www.wikidata.org/entity/Q7756086,Paramount Theatre,Point(-97.74202405 30.2693839),,,"theater and movie theater in Austin, Texas"
http://www.wikidata.org/entity/Q7756086,Paramount Theatre,Point(-97.74202405 30.2693839),,,"theater and movie theater in Austin, Texas"
http://www.wikidata.org/entity/Q7756086,Paramount Theatre,Point(-97.74202405 30.2693839),,,"theater and movie theater in Austin, Texas"
http://www.wikidata.org/entity/Q7756086,Paramount Theatre,Point(-97.74202405 30.2693839),,,"theater and movie theater in Austin, Texas"
http://www.wikidata.org/entity/Q7756086,Paramount Theatre,Point(-97.74202405 30.2693839),,,"theater and movie theater in Austin, Texas"
http://www.wikidata.org/entity/Q7756086,Paramount Theatre,Point(-97.74202405 30.2693839),,,"theater and movie theater in Austin, Texas"
http://www.wikidata.org/entity/Q7756086,Paramount Theatre,Point(-97.74202405 30.2693839),,,"theater and movie theater in Austin, Texas"
http://www.wikidata.org/entity/Q7756086,Paramount Theatre,Point(-97.74202405 30.2693839),,,"theater and movie theater in Austin, Texas"
http://www.wikidata.org/entity/Q7756086,Paramount Theatre,Point(-97.74202405 30.2693839),,,"theater and movie theater in Austin, Texas"
http://www.wikidata.org/entity/Q7756086,Paramount Theatre,Point(-97.74202405 30.2693839),,,"theater and movie theater in Austin, Texas"
http://www.wikidata.org/entity/Q7756086,Paramount Theatre,Point(-97.74202405 30.2693839),,,"theater and movie theater in Austin, Texas"
http://www.wikidata.org/entity/Q7756086,Paramount Theatre,Point(-97.74202405 30.2693839),,,"theater and movie theater in Austin, Texas"
http://www.wikidata.org/entity/Q7756086,Paramount Theatre,Point(-97.74202405 30.2693839),,,"theater and movie theater in Austin, Texas"
http://www.wikidata.org/entity/Q7756086,Paramount Theatre,Point(-97.74202405 30.2693839),,,"theater and movie theater in Austin, Texas"
http://www.wikidata.org/entity/Q7756086,Paramount Theatre,Point(-97.74202405 30.2693839),,,"theater and movie theater in Austin, Texas"
http://www.wikidata.org/entity/Q7756086,Paramount Theatre,Point(-97.74202405 30.2693839),,,"theater and movie theater in Austin, Texas"
http://www.wikidata.org/entity/Q7756086,Paramount Theatre,Point(-97.74202405 30.2693839),,,"theater and movie theater in Austin, Texas"
http://www.wikidata.org/entity/Q7756086,Paramount Theatre,Point(-97.74202405 30.2693839),,,"theater and movie theater in Austin, Texas"
http://www.wikidata.org/entity/Q7756086,Paramount Theatre,Point(-97.74202405 30.2693839),,,"theater and movie theater in Austin, Texas"
http://www.wikidata.org/entity/Q7756086,Paramount Theatre,Point(-97.74202405 30.2693839),,,"theater and movie theater in Austin, Texas"
http://www.wikidata.org/entity/Q7756086,Paramount Theatre,Point(-97.74202405 30.2693839),,,"theater and movie theater in Austin, Texas"
http://www.wikidata.org/entity/Q7756086,Paramount Theatre,Point(-97.74202405 30.2693839),,,"theater and movie theater in Austin, Texas"
http://www.wikidata.org/entity/Q7756086,Paramount Theatre,Point(-97.74202405 30.2693839),,,"theater and movie theater in Austin, Texas"
http://www.wikidata.org/entity/Q7756086,Paramount Theatre,Point(-97.74202405 30.2693839),,,"theater and movie theater in Austin, Texas"
http://www.wikidata.org/entity/Q7756086,Paramount Theatre,Point(-97.74202405 30.2693839),,,"theater and movie theater in Austin, Texas"
http://www.wikidata.org/entity/Q7756086,Paramount Theatre,Point(-97.74202405 30.2693839),,,"theater and movie theater in Austin, Texas"
http://www.wikidata.org/entity/Q7756086,Paramount Theatre,Point(-97.74202405 30.2693839),,,"theater and movie theater in Austin, Texas"
http://www.wikidata.org/entity/Q7756086,Paramount Theatre,Point(-97.74202405 30.2693839),,,"theater and movie theater in Austin, Texas"
http://www.wikidata.org/entity/Q7756086,Paramount Theatre,Point(-97.74202405 30.2693839),,,"theater and movie theater in Austin, Texas"
http://www.wikidata.org/entity/Q7756086,Paramount Theatre,Point(-97.74202405 30.2693839),,,"theater and movie theater in Austin, Texas"
http://www.wikidata.org/entity/Q7756086,Paramount Theatre,Point(-97.74202405 30.2693839),,,"theater and movie theater in Austin, Texas"
http://www.wikidata.org/entity/Q7756086,Paramount Theatre,Point(-97.74202405 30.2693839),,,"theater and movie theater in Austin, Texas"
http://www.wikidata.org/entity/Q7756086,Paramount Theatre,Point(-97.74202405 30.2693839),,,"theater and movie theater in Austin, Texas"
http://www.wikidata.org/entity/Q7756086,Paramount Theatre,Point(-97.74202405 30.2693839),,,"theater and movie theater in Austin, Texas"
http://www.wikidata.org/entity/Q7756086,Paramount Theatre,Point(-97.74202405 30.2693839),,,"theater and movie theater in Austin, Texas"
http://www.wikidata.org/entity/Q7756086,Paramount Theatre,Point(-97.74202405 30.2693839),,,"theater and movie theater in Austin, Texas"
http://www.wikidata.org/entity/Q7756086,Paramount Theatre,Point(-97.74202405 30.2693839),,,"theater and movie theater in Austin, Texas"
http://www.wikidata.org/entity/Q7756086,Paramount Theatre,Point(-97.74202405 30.2693839),,,"theater and movie theater in Austin, Texas"
http://www.wikidata.org/entity/Q7756086,Paramount Theatre,Point(-97.74202405 30.2693839),,,"theater and movie theater in Austin, Texas"
http://www.wikidata.org/entity/Q7756086,Paramount Theatre,Point(-97.74202405 30.2693839),,,"theater and movie theater in Austin, Texas"
http://www.wikidata.org/entity/Q7756086,Paramount Theatre,Point(-97.74202405 30.2693839),,,"theater and movie theater in Austin, Texas"
http://www.wikidata.org/entity/Q7756086,Paramount Theatre,Point(-97.74202405 30.2693839),,,"theater and movie theater in Austin, Texas"
http://www.wikidata.org/entity/Q31530795,Springdale Park,Point(-97.681944444 30.277222222),,,"park in Travis County, Texas, United States of America"
http://www.wikidata.org/entity/Q31532117,Stark Park,Point(-97.663611111 30.523055555),,,"park in Williamson County, Texas, United States of America"
http://www.wikidata.org/entity/Q31532562,Steck Valley Park,Point(-97.758333333 30.386666666),,,"park in Travis County, Texas, United States of America"
http://www.wikidata.org/entity/Q31532980,Stella Park,Point(-97.67334 30.52366),,,"park in Williamson County, Texas, United States of America"
http://www.wikidata.org/entity/Q31558369,Tom Hughes Park,Point(-97.880277777 30.3975),,,"park in Travis County, Texas, United States of America"
http://www.wikidata.org/entity/Q31560329,Travis County Softball Field Complex,Point(-97.644166666 30.198611111),,,"park in Travis County, Texas, United States of America"
http://www.wikidata.org/entity/Q31572131,Veterans of Foreign Wars Park,Point(-97.673888888 30.6425),,,"park in Williamson County, Texas, United States of America"
http://www.wikidata.org/entity/Q31574807,East Metropolitan Park,Point(-97.524444444 30.289166666),,,"park in Travis County, Texas, United States of America"
http://www.wikidata.org/entity/Q31577286,Walnut Creek Nature Preserve,Point(-97.651388888 30.326388888),,,"park in Travis County, Texas, United States of America"
http://www.wikidata.org/entity/Q31577422,Walnut Spring Park,Point(-97.780833333 30.687222222),,,"park in Williamson County, Texas, United States of America"
http://www.wikidata.org/entity/Q31577549,Walter Beach,Point(-97.739444444 30.255277777),,,"park in Travis County, Texas, United States of America"
http://www.wikidata.org/entity/Q6704103,Lundberg Bakery,Point(-97.74155918 30.2721912),,https://www.austintexas.gov/old-bakery,"building in Austin, Travis County, Texas"
http://www.wikidata.org/entity/Q6704103,Lundberg Bakery,Point(-97.7415 30.2722),,https://www.austintexas.gov/old-bakery,"building in Austin, Travis County, Texas"
http://www.wikidata.org/entity/Q6801971,McKinney Falls State Park,Point(-97.7219 30.1808),,https://tpwd.texas.gov/state-parks/mckinney-falls,"state park located at the southeastern edge of Austin, Texas, USA"
http://www.wikidata.org/entity/Q6801971,McKinney Falls State Park,Point(-97.7219 30.1808),,https://tpwd.texas.gov/state-parks/mckinney-falls,"state park located at the southeastern edge of Austin, Texas, USA"
http://www.wikidata.org/entity/Q6801971,McKinney Falls State Park,Point(-97.7219 30.1808),,https://tpwd.texas.gov/state-parks/mckinney-falls,"state park located at the southeastern edge of Austin, Texas, USA"
http://www.wikidata.org/entity/Q6801971,McKinney Falls State Park,Point(-97.7219 30.1808),,https://tpwd.texas.gov/state-parks/mckinney-falls,"state park located at the southeastern edge of Austin, Texas, USA"
http://www.wikidata.org/entity/Q6859447,Millett Opera House,Point(-97.740667 30.27080599),,,"historic place in Austin, Travis County, Texas"
http://www.wikidata.org/entity/Q6859447,Millett Opera House,Point(-97.740667 30.27080599),,,"historic place in Austin, Travis County, Texas"
http://www.wikidata.org/entity/Q6859447,Millett Opera House,Point(-97.740667 30.27080599),,,"historic place in Austin, Travis County, Texas"
http://www.wikidata.org/entity/Q6859447,Millett Opera House,Point(-97.740833 30.270833),,,"historic place in Austin, Travis County, Texas"
http://www.wikidata.org/entity/Q6859447,Millett Opera House,Point(-97.740833 30.270833),,,"historic place in Austin, Travis County, Texas"
http://www.wikidata.org/entity/Q6859447,Millett Opera House,Point(-97.740833 30.270833),,,"historic place in Austin, Travis County, Texas"
http://www.wikidata.org/entity/Q6859447,Millett Opera House,Point(-97.740667 30.27080599),,,"historic place in Austin, Travis County, Texas"
http://www.wikidata.org/entity/Q6859447,Millett Opera House,Point(-97.740667 30.27080599),,,"historic place in Austin, Travis County, Texas"
http://www.wikidata.org/entity/Q6859447,Millett Opera House,Point(-97.740667 30.27080599),,,"historic place in Austin, Travis County, Texas"
http://www.wikidata.org/entity/Q6859447,Millett Opera House,Point(-97.740833 30.270833),,,"historic place in Austin, Travis County, Texas"
http://www.wikidata.org/entity/Q6859447,Millett Opera House,Point(-97.740833 30.270833),,,"historic place in Austin, Travis County, Texas"
http://www.wikidata.org/entity/Q6859447,Millett Opera House,Point(-97.740833 30.270833),,,"historic place in Austin, Travis County, Texas"
http://www.wikidata.org/entity/Q6859447,Millett Opera House,Point(-97.740667 30.27080599),,,"historic place in Austin, Travis County, Texas"
http://www.wikidata.org/entity/Q6859447,Millett Opera House,Point(-97.740667 30.27080599),,,"historic place in Austin, Travis County, Texas"
http://www.wikidata.org/entity/Q6859447,Millett Opera House,Point(-97.740667 30.27080599),,,"historic place in Austin, Travis County, Texas"
http://www.wikidata.org/entity/Q6859447,Millett Opera House,Point(-97.740833 30.270833),,,"historic place in Austin, Travis County, Texas"
http://www.wikidata.org/entity/Q6859447,Millett Opera House,Point(-97.740833 30.270833),,,"historic place in Austin, Travis County, Texas"
http://www.wikidata.org/entity/Q6859447,Millett Opera House,Point(-97.740833 30.270833),,,"historic place in Austin, Travis County, Texas"
http://www.wikidata.org/entity/Q6859447,Millett Opera House,Point(-97.740667 30.27080599),,,"historic place in Austin, Travis County, Texas"
http://www.wikidata.org/entity/Q6859447,Millett Opera House,Point(-97.740667 30.27080599),,,"historic place in Austin, Travis County, Texas"
http://www.wikidata.org/entity/Q6859447,Millett Opera House,Point(-97.740667 30.27080599),,,"historic place in Austin, Travis County, Texas"
http://www.wikidata.org/entity/Q6859447,Millett Opera House,Point(-97.740833 30.270833),,,"historic place in Austin, Travis County, Texas"
http://www.wikidata.org/entity/Q6859447,Millett Opera House,Point(-97.740833 30.270833),,,"historic place in Austin, Travis County, Texas"
http://www.wikidata.org/entity/Q6859447,Millett Opera House,Point(-97.740833 30.270833),,,"historic place in Austin, Travis County, Texas"
http://www.wikidata.org/entity/Q6859447,Millett Opera House,Point(-97.740667 30.27080599),,,"historic place in Austin, Travis County, Texas"
http://www.wikidata.org/entity/Q6859447,Millett Opera House,Point(-97.740667 30.27080599),,,"historic place in Austin, Travis County, Texas"
http://www.wikidata.org/entity/Q6859447,Millett Opera House,Point(-97.740667 30.27080599),,,"historic place in Austin, Travis County, Texas"
http://www.wikidata.org/entity/Q6859447,Millett Opera House,Point(-97.740833 30.270833),,,"historic place in Austin, Travis County, Texas"
http://www.wikidata.org/entity/Q6859447,Millett Opera House,Point(-97.740833 30.270833),,,"historic place in Austin, Travis County, Texas"
http://www.wikidata.org/entity/Q6859447,Millett Opera House,Point(-97.740833 30.270833),,,"historic place in Austin, Travis County, Texas"
http://www.wikidata.org/entity/Q6859447,Millett Opera House,Point(-97.740667 30.27080599),,,"historic place in Austin, Travis County, Texas"
http://www.wikidata.org/entity/Q6859447,Millett Opera House,Point(-97.740667 30.27080599),,,"historic place in Austin, Travis County, Texas"
http://www.wikidata.org/entity/Q6859447,Millett Opera House,Point(-97.740667 30.27080599),,,"historic place in Austin, Travis County, Texas"
http://www.wikidata.org/entity/Q6859447,Millett Opera House,Point(-97.740833 30.270833),,,"historic place in Austin, Travis County, Texas"
http://www.wikidata.org/entity/Q6859447,Millett Opera House,Point(-97.740833 30.270833),,,"historic place in Austin, Travis County, Texas"
http://www.wikidata.org/entity/Q6859447,Millett Opera House,Point(-97.740833 30.270833),,,"historic place in Austin, Travis County, Texas"
http://www.wikidata.org/entity/Q6989547,Neill-Cochran House,Point(-97.748056 30.287222),neillcochran,https://www.nchmuseum.org/,"historic place in Austin, Travis County, Texas"
http://www.wikidata.org/entity/Q7074427,Oasis Restaurant,Point(-97.8745 30.4054),,https://www.oasis-austin.com/,"restaurant in Texas, United States"
http://www.wikidata.org/entity/Q7158432,Pease Park,Point(-97.7541 30.2851),,,"urban park in Austin, Texas"
http://www.wikidata.org/entity/Q7296141,Raul's,Point(-97.7417 30.2908),,,"austin, Texas music venue"
http://www.wikidata.org/entity/Q7296141,Raul's,Point(-97.7417 30.2908),,,"austin, Texas music venue"
http://www.wikidata.org/entity/Q7296141,Raul's,Point(-97.7417 30.2908),,,"austin, Texas music venue"
http://www.wikidata.org/entity/Q7296141,Raul's,Point(-97.7417 30.2908),,,"austin, Texas music venue"
http://www.wikidata.org/entity/Q7296141,Raul's,Point(-97.7417 30.2908),,,"austin, Texas music venue"
http://www.wikidata.org/entity/Q7296141,Raul's,Point(-97.7417 30.2908),,,"austin, Texas music venue"
http://www.wikidata.org/entity/Q7296141,Raul's,Point(-97.7417 30.2908),,,"austin, Texas music venue"
http://www.wikidata.org/entity/Q7296141,Raul's,Point(-97.7417 30.2908),,,"austin, Texas music venue"
http://www.wikidata.org/entity/Q7336901,Ritz,Point(-97.7396 30.2673),,https://drafthouse.com/theater/ritz,"historic theater in Austin, Texas, United States"
http://www.wikidata.org/entity/Q7336901,Ritz,Point(-97.7396 30.2673),,https://drafthouse.com/theater/ritz,"historic theater in Austin, Texas, United States"
http://www.wikidata.org/entity/Q7336901,Ritz,Point(-97.7396 30.2673),,https://drafthouse.com/theater/ritz,"historic theater in Austin, Texas, United States"
http://www.wikidata.org/entity/Q7336901,Ritz,Point(-97.7396 30.2673),,https://drafthouse.com/theater/ritz,"historic theater in Austin, Texas, United States"
http://www.wikidata.org/entity/Q7336901,Ritz,Point(-97.7396 30.2673),,https://drafthouse.com/theater/ritz,"historic theater in Austin, Texas, United States"
http://www.wikidata.org/entity/Q7336901,Ritz,Point(-97.7396 30.2673),,https://drafthouse.com/theater/ritz,"historic theater in Austin, Texas, United States"
http://www.wikidata.org/entity/Q7336901,Ritz,Point(-97.7396 30.2673),,https://drafthouse.com/theater/ritz,"historic theater in Austin, Texas, United States"
http://www.wikidata.org/entity/Q7336901,Ritz,Point(-97.7396 30.2673),,https://drafthouse.com/theater/ritz,"historic theater in Austin, Texas, United States"
http://www.wikidata.org/entity/Q7336901,Ritz,Point(-97.7396 30.2673),,https://drafthouse.com/theater/ritz,"historic theater in Austin, Texas, United States"
http://www.wikidata.org/entity/Q7336901,Ritz,Point(-97.7396 30.2673),,https://drafthouse.com/theater/ritz,"historic theater in Austin, Texas, United States"
http://www.wikidata.org/entity/Q7336901,Ritz,Point(-97.7396 30.2673),,https://drafthouse.com/theater/ritz,"historic theater in Austin, Texas, United States"
http://www.wikidata.org/entity/Q7336901,Ritz,Point(-97.7396 30.2673),,https://drafthouse.com/theater/ritz,"historic theater in Austin, Texas, United States"
http://www.wikidata.org/entity/Q7336901,Ritz,Point(-97.7396 30.2673),,https://drafthouse.com/theater/ritz,"historic theater in Austin, Texas, United States"
http://www.wikidata.org/entity/Q7336901,Ritz,Point(-97.7396 30.2673),,https://drafthouse.com/theater/ritz,"historic theater in Austin, Texas, United States"
http://www.wikidata.org/entity/Q7336901,Ritz,Point(-97.7396 30.2673),,https://drafthouse.com/theater/ritz,"historic theater in Austin, Texas, United States"
http://www.wikidata.org/entity/Q7336901,Ritz,Point(-97.7396 30.2673),,https://drafthouse.com/theater/ritz,"historic theater in Austin, Texas, United States"
http://www.wikidata.org/entity/Q7336901,Ritz,Point(-97.7396 30.2673),,https://drafthouse.com/theater/ritz,"historic theater in Austin, Texas, United States"
http://www.wikidata.org/entity/Q7336901,Ritz,Point(-97.7396 30.2673),,https://drafthouse.com/theater/ritz,"historic theater in Austin, Texas, United States"
http://www.wikidata.org/entity/Q7336901,Ritz,Point(-97.7396 30.2673),,https://drafthouse.com/theater/ritz,"historic theater in Austin, Texas, United States"
http://www.wikidata.org/entity/Q7336901,Ritz,Point(-97.7396 30.2673),,https://drafthouse.com/theater/ritz,"historic theater in Austin, Texas, United States"
http://www.wikidata.org/entity/Q7336901,Ritz,Point(-97.7396 30.2673),,https://drafthouse.com/theater/ritz,"historic theater in Austin, Texas, United States"
http://www.wikidata.org/entity/Q7336901,Ritz,Point(-97.7396 30.2673),,https://drafthouse.com/theater/ritz,"historic theater in Austin, Texas, United States"
http://www.wikidata.org/entity/Q7336901,Ritz,Point(-97.7396 30.2673),,https://drafthouse.com/theater/ritz,"historic theater in Austin, Texas, United States"
http://www.wikidata.org/entity/Q7336901,Ritz,Point(-97.7396 30.2673),,https://drafthouse.com/theater/ritz,"historic theater in Austin, Texas, United States"
http://www.wikidata.org/entity/Q7336901,Ritz,Point(-97.7396 30.2673),,https://drafthouse.com/theater/ritz,"historic theater in Austin, Texas, United States"
http://www.wikidata.org/entity/Q7336901,Ritz,Point(-97.7396 30.2673),,https://drafthouse.com/theater/ritz,"historic theater in Austin, Texas, United States"
http://www.wikidata.org/entity/Q7336901,Ritz,Point(-97.7396 30.2673),,https://drafthouse.com/theater/ritz,"historic theater in Austin, Texas, United States"
http://www.wikidata.org/entity/Q7336901,Ritz,Point(-97.7396 30.2673),,https://drafthouse.com/theater/ritz,"historic theater in Austin, Texas, United States"
http://www.wikidata.org/entity/Q7336901,Ritz,Point(-97.7396 30.2673),,https://drafthouse.com/theater/ritz,"historic theater in Austin, Texas, United States"
http://www.wikidata.org/entity/Q7336901,Ritz,Point(-97.7396 30.2673),,https://drafthouse.com/theater/ritz,"historic theater in Austin, Texas, United States"
http://www.wikidata.org/entity/Q7336901,Ritz,Point(-97.7396 30.2673),,https://drafthouse.com/theater/ritz,"historic theater in Austin, Texas, United States"
http://www.wikidata.org/entity/Q7336901,Ritz,Point(-97.7396 30.2673),,https://drafthouse.com/theater/ritz,"historic theater in Austin, Texas, United States"
http://www.wikidata.org/entity/Q7336901,Ritz,Point(-97.7396 30.2673),,https://drafthouse.com/theater/ritz,"historic theater in Austin, Texas, United States"
http://www.wikidata.org/entity/Q7336901,Ritz,Point(-97.7396 30.2673),,https://drafthouse.com/theater/ritz,"historic theater in Austin, Texas, United States"
http://www.wikidata.org/entity/Q7336901,Ritz,Point(-97.7396 30.2673),,https://drafthouse.com/theater/ritz,"historic theater in Austin, Texas, United States"
http://www.wikidata.org/entity/Q7336901,Ritz,Point(-97.7396 30.2673),,https://drafthouse.com/theater/ritz,"historic theater in Austin, Texas, United States"
http://www.wikidata.org/entity/Q7756086,Paramount Theatre,Point(-97.74202405 30.2693839),,,"theater and movie theater in Austin, Texas"
http://www.wikidata.org/entity/Q7762125,The Salt Lick,Point(-98.0132 30.1317),,https://www.saltlickbbq.com/,Texas barbecue restaurant
http://www.wikidata.org/entity/Q7876695,Uchi,Point(-97.759588 30.257501),,http://www.uchiaustin.com,"restaurant in Texas, United States"
http://www.wikidata.org/entity/Q7881605,Umlauf Sculpture Garden and Museum,Point(-97.7658 30.2633),umlaufsculpture,https://www.umlaufsculpture.org/,"art museum in Austin, Texas"
http://www.wikidata.org/entity/Q7881605,Umlauf Sculpture Garden and Museum,Point(-97.7658 30.2633),umlaufsculpture,https://www.umlaufsculpture.org/,"art museum in Austin, Texas"
http://www.wikidata.org/entity/Q7881605,Umlauf Sculpture Garden and Museum,Point(-97.7658 30.2633),umlaufsculpture,https://www.umlaufsculpture.org/,"art museum in Austin, Texas"
http://www.wikidata.org/entity/Q7881605,Umlauf Sculpture Garden and Museum,Point(-97.7658 30.2633),umlaufsculpture,https://www.umlaufsculpture.org/,"art museum in Austin, Texas"
http://www.wikidata.org/entity/Q7881605,Umlauf Sculpture Garden and Museum,Point(-97.7658 30.2633),umlaufsculpture,https://www.umlaufsculpture.org/,"art museum in Austin, Texas"
http://www.wikidata.org/entity/Q7881605,Umlauf Sculpture Garden and Museum,Point(-97.7658 30.2633),umlaufsculpture,https://www.umlaufsculpture.org/,"art museum in Austin, Texas"
http://www.wikidata.org/entity/Q7881605,Umlauf Sculpture Garden and Museum,Point(-97.7658 30.2633),umlaufsculpture,https://www.umlaufsculpture.org/,"art museum in Austin, Texas"
http://www.wikidata.org/entity/Q7881605,Umlauf Sculpture Garden and Museum,Point(-97.7658 30.2633),umlaufsculpture,https://www.umlaufsculpture.org/,"art museum in Austin, Texas"
http://www.wikidata.org/entity/Q7881605,Umlauf Sculpture Garden and Museum,Point(-97.7658 30.2633),umlaufsculpture,https://www.umlaufsculpture.org/,"art museum in Austin, Texas"
http://www.wikidata.org/entity/Q7881605,Umlauf Sculpture Garden and Museum,Point(-97.7658 30.2633),umlaufsculpture,https://www.umlaufsculpture.org/,"art museum in Austin, Texas"
http://www.wikidata.org/entity/Q7881605,Umlauf Sculpture Garden and Museum,Point(-97.7658 30.2633),umlaufsculpture,https://www.umlaufsculpture.org/,"art museum in Austin, Texas"
http://www.wikidata.org/entity/Q7881605,Umlauf Sculpture Garden and Museum,Point(-97.7658 30.2633),umlaufsculpture,https://www.umlaufsculpture.org/,"art museum in Austin, Texas"
http://www.wikidata.org/entity/Q7881605,Umlauf Sculpture Garden and Museum,Point(-97.7658 30.2633),umlaufsculpture,https://www.umlaufsculpture.org/,"art museum in Austin, Texas"
http://www.wikidata.org/entity/Q7881605,Umlauf Sculpture Garden and Museum,Point(-97.7658 30.2633),umlaufsculpture,https://www.umlaufsculpture.org/,"art museum in Austin, Texas"
http://www.wikidata.org/entity/Q7881605,Umlauf Sculpture Garden and Museum,Point(-97.7658 30.2633),umlaufsculpture,https://www.umlaufsculpture.org/,"art museum in Austin, Texas"
http://www.wikidata.org/entity/Q7881605,Umlauf Sculpture Garden and Museum,Point(-97.7658 30.2633),umlaufsculpture,https://www.umlaufsculpture.org/,"art museum in Austin, Texas"
http://www.wikidata.org/entity/Q7881605,Umlauf Sculpture Garden and Museum,Point(-97.7658 30.2633),umlaufsculpture,https://www.umlaufsculpture.org/,"art museum in Austin, Texas"
http://www.wikidata.org/entity/Q7896439,University of Texas Performing Arts Center,Point(-97.731268 30.286058),,,"performing arts center in Austin, Texas, United States"
http://www.wikidata.org/entity/Q7896439,University of Texas Performing Arts Center,Point(-97.731268 30.286058),,,"performing arts center in Austin, Texas, United States"
http://www.wikidata.org/entity/Q7896439,University of Texas Performing Arts Center,Point(-97.731268 30.286058),,,"performing arts center in Austin, Texas, United States"
http://www.wikidata.org/entity/Q7896439,University of Texas Performing Arts Center,Point(-97.731268 30.286058),,,"performing arts center in Austin, Texas, United States"
http://www.wikidata.org/entity/Q7896439,University of Texas Performing Arts Center,Point(-97.731268 30.286058),,,"performing arts center in Austin, Texas, United States"
http://www.wikidata.org/entity/Q7896439,University of Texas Performing Arts Center,Point(-97.731268 30.286058),,,"performing arts center in Austin, Texas, United States"
http://www.wikidata.org/entity/Q7896439,University of Texas Performing Arts Center,Point(-97.731268 30.286058),,,"performing arts center in Austin, Texas, United States"
http://www.wikidata.org/entity/Q7896439,University of Texas Performing Arts Center,Point(-97.731268 30.286058),,,"performing arts center in Austin, Texas, United States"
http://www.wikidata.org/entity/Q7896439,University of Texas Performing Arts Center,Point(-97.731268 30.286058),,,"performing arts center in Austin, Texas, United States"
http://www.wikidata.org/entity/Q7896439,University of Texas Performing Arts Center,Point(-97.731268 30.286058),,,"performing arts center in Austin, Texas, United States"
http://www.wikidata.org/entity/Q7896439,University of Texas Performing Arts Center,Point(-97.731268 30.286058),,,"performing arts center in Austin, Texas, United States"
http://www.wikidata.org/entity/Q7896439,University of Texas Performing Arts Center,Point(-97.731268 30.286058),,,"performing arts center in Austin, Texas, United States"
http://www.wikidata.org/entity/Q7896439,University of Texas Performing Arts Center,Point(-97.731268 30.286058),,,"performing arts center in Austin, Texas, United States"
http://www.wikidata.org/entity/Q7896439,University of Texas Performing Arts Center,Point(-97.731268 30.286058),,,"performing arts center in Austin, Texas, United States"
http://www.wikidata.org/entity/Q7896439,University of Texas Performing Arts Center,Point(-97.731268 30.286058),,,"performing arts center in Austin, Texas, United States"
http://www.wikidata.org/entity/Q7896439,University of Texas Performing Arts Center,Point(-97.731268 30.286058),,,"performing arts center in Austin, Texas, United States"
http://www.wikidata.org/entity/Q7896439,University of Texas Performing Arts Center,Point(-97.731268 30.286058),,,"performing arts center in Austin, Texas, United States"
http://www.wikidata.org/entity/Q7896439,University of Texas Performing Arts Center,Point(-97.731268 30.286058),,,"performing arts center in Austin, Texas, United States"
http://www.wikidata.org/entity/Q7896439,University of Texas Performing Arts Center,Point(-97.731268 30.286058),,,"performing arts center in Austin, Texas, United States"
http://www.wikidata.org/entity/Q7896439,University of Texas Performing Arts Center,Point(-97.731268 30.286058),,,"performing arts center in Austin, Texas, United States"
http://www.wikidata.org/entity/Q7896439,University of Texas Performing Arts Center,Point(-97.731268 30.286058),,,"performing arts center in Austin, Texas, United States"
http://www.wikidata.org/entity/Q7896439,University of Texas Performing Arts Center,Point(-97.731268 30.286058),,,"performing arts center in Austin, Texas, United States"
http://www.wikidata.org/entity/Q7896439,University of Texas Performing Arts Center,Point(-97.731268 30.286058),,,"performing arts center in Austin, Texas, United States"
http://www.wikidata.org/entity/Q7896439,University of Texas Performing Arts Center,Point(-97.731268 30.286058),,,"performing arts center in Austin, Texas, United States"
http://www.wikidata.org/entity/Q7896439,University of Texas Performing Arts Center,Point(-97.731268 30.286058),,,"performing arts center in Austin, Texas, United States"
http://www.wikidata.org/entity/Q7896439,University of Texas Performing Arts Center,Point(-97.731268 30.286058),,,"performing arts center in Austin, Texas, United States"
http://www.wikidata.org/entity/Q7896439,University of Texas Performing Arts Center,Point(-97.731268 30.286058),,,"performing arts center in Austin, Texas, United States"
http://www.wikidata.org/entity/Q7896439,University of Texas Performing Arts Center,Point(-97.731268 30.286058),,,"performing arts center in Austin, Texas, United States"
http://www.wikidata.org/entity/Q7896439,University of Texas Performing Arts Center,Point(-97.731268 30.286058),,,"performing arts center in Austin, Texas, United States"
http://www.wikidata.org/entity/Q7896439,University of Texas Performing Arts Center,Point(-97.731268 30.286058),,,"performing arts center in Austin, Texas, United States"
http://www.wikidata.org/entity/Q7896439,University of Texas Performing Arts Center,Point(-97.731268 30.286058),,,"performing arts center in Austin, Texas, United States"
http://www.wikidata.org/entity/Q7896439,University of Texas Performing Arts Center,Point(-97.731268 30.286058),,,"performing arts center in Austin, Texas, United States"
http://www.wikidata.org/entity/Q7896439,University of Texas Performing Arts Center,Point(-97.731268 30.286058),,,"performing arts center in Austin, Texas, United States"
http://www.wikidata.org/entity/Q7896439,University of Texas Performing Arts Center,Point(-97.731268 30.286058),,,"performing arts center in Austin, Texas, United States"
http://www.wikidata.org/entity/Q7943484,Vulcan Gas Company,Point(-97.73846 30.26739),,,60s-70s music venue
http://www.wikidata.org/entity/Q7943484,Vulcan Gas Company,Point(-97.73846 30.26739),,,60s-70s music venue
http://www.wikidata.org/entity/Q7943484,Vulcan Gas Company,Point(-97.73846 30.26739),,,60s-70s music venue
http://www.wikidata.org/entity/Q7943484,Vulcan Gas Company,Point(-97.73846 30.26739),,,60s-70s music venue
http://www.wikidata.org/entity/Q8063851,Zach Theatre,Point(-97.759 30.264),,,"Theatre company in Austin, Texas, US"
http://www.wikidata.org/entity/Q8063851,Zach Theatre,Point(-97.759 30.264),,,"Theatre company in Austin, Texas, US"
http://www.wikidata.org/entity/Q8063851,Zach Theatre,Point(-97.759 30.264),,,"Theatre company in Austin, Texas, US"
http://www.wikidata.org/entity/Q8063851,Zach Theatre,Point(-97.759 30.264),,,"Theatre company in Austin, Texas, US"
http://www.wikidata.org/entity/Q8063851,Zach Theatre,Point(-97.759 30.264),,,"Theatre company in Austin, Texas, US"
http://www.wikidata.org/entity/Q8063851,Zach Theatre,Point(-97.759 30.264),,,"Theatre company in Austin, Texas, US"
http://www.wikidata.org/entity/Q8063851,Zach Theatre,Point(-97.759 30.264),,,"Theatre company in Austin, Texas, US"
http://www.wikidata.org/entity/Q8063851,Zach Theatre,Point(-97.759 30.264),,,"Theatre company in Austin, Texas, US"
http://www.wikidata.org/entity/Q8063851,Zach Theatre,Point(-97.759 30.264),,,"Theatre company in Austin, Texas, US"
http://www.wikidata.org/entity/Q8063851,Zach Theatre,Point(-97.759 30.264),,,"Theatre company in Austin, Texas, US"
http://www.wikidata.org/entity/Q8063851,Zach Theatre,Point(-97.759 30.264),,,"Theatre company in Austin, Texas, US"
http://www.wikidata.org/entity/Q8063851,Zach Theatre,Point(-97.759 30.264),,,"Theatre company in Austin, Texas, US"
http://www.wikidata.org/entity/Q8063851,Zach Theatre,Point(-97.759 30.264),,,"Theatre company in Austin, Texas, US"
http://www.wikidata.org/entity/Q8063851,Zach Theatre,Point(-97.759 30.264),,,"Theatre company in Austin, Texas, US"
http://www.wikidata.org/entity/Q8063851,Zach Theatre,Point(-97.759 30.264),,,"Theatre company in Austin, Texas, US"
http://www.wikidata.org/entity/Q8063851,Zach Theatre,Point(-97.759 30.264),,,"Theatre company in Austin, Texas, US"
http://www.wikidata.org/entity/Q8063851,Zach Theatre,Point(-97.759 30.264),,,"Theatre company in Austin, Texas, US"
http://www.wikidata.org/entity/Q8063851,Zach Theatre,Point(-97.759 30.264),,,"Theatre company in Austin, Texas, US"
http://www.wikidata.org/entity/Q8063851,Zach Theatre,Point(-97.759 30.264),,,"Theatre company in Austin, Texas, US"
http://www.wikidata.org/entity/Q8063851,Zach Theatre,Point(-97.759 30.264),,,"Theatre company in Austin, Texas, US"
http://www.wikidata.org/entity/Q8063851,Zach Theatre,Point(-97.759 30.264),,,"Theatre company in Austin, Texas, US"
http://www.wikidata.org/entity/Q8063851,Zach Theatre,Point(-97.759 30.264),,,"Theatre company in Austin, Texas, US"
http://www.wikidata.org/entity/Q8063851,Zach Theatre,Point(-97.759 30.264),,,"Theatre company in Austin, Texas, US"
http://www.wikidata.org/entity/Q8063851,Zach Theatre,Point(-97.759 30.264),,,"Theatre company in Austin, Texas, US"
http://www.wikidata.org/entity/Q8063851,Zach Theatre,Point(-97.759 30.264),,,"Theatre company in Austin, Texas, US"
http://www.wikidata.org/entity/Q8063851,Zach Theatre,Point(-97.759 30.264),,,"Theatre company in Austin, Texas, US"
http://www.wikidata.org/entity/Q8071899,Zilker Park,Point(-97.776667 30.263611),,,"park in Austin, Texas, United States of America"
http://www.wikidata.org/entity/Q8071899,Zilker Park,Point(-97.776667 30.263611),,,"park in Austin, Texas, United States of America"
http://www.wikidata.org/entity/Q8071899,Zilker Park,Point(-97.776667 30.263611),,,"park in Austin, Texas, United States of America"
http://www.wikidata.org/entity/Q8071899,Zilker Park,Point(-97.776667 30.263611),,,"park in Austin, Texas, United States of America"
http://www.wikidata.org/entity/Q8071899,Zilker Park,Point(-97.776667 30.263611),,,"park in Austin, Texas, United States of America"
http://www.wikidata.org/entity/Q8071899,Zilker Park,Point(-97.773154352 30.268381759),,,"park in Austin, Texas, United States of America"
http://www.wikidata.org/entity/Q8071899,Zilker Park,Point(-97.773154352 30.268381759),,,"park in Austin, Texas, United States of America"
http://www.wikidata.org/entity/Q8071899,Zilker Park,Point(-97.773154352 30.268381759),,,"park in Austin, Texas, United States of America"
http://www.wikidata.org/entity/Q8071899,Zilker Park,Point(-97.773154352 30.268381759),,,"park in Austin, Texas, United States of America"
http://www.wikidata.org/entity/Q8071899,Zilker Park,Point(-97.773154352 30.268381759),,,"park in Austin, Texas, United States of America"
http://www.wikidata.org/entity/Q8071899,Zilker Park,Point(-97.776667 30.263611),,,"park in Austin, Texas, United States of America"
http://www.wikidata.org/entity/Q8071899,Zilker Park,Point(-97.773154352 30.268381759),,,"park in Austin, Texas, United States of America"
http://www.wikidata.org/entity/Q8071899,Zilker Park,Point(-97.776667 30.263611),,,"park in Austin, Texas, United States of America"
http://www.wikidata.org/entity/Q8071899,Zilker Park,Point(-97.776667 30.263611),,,"park in Austin, Texas, United States of America"
http://www.wikidata.org/entity/Q8071899,Zilker Park,Point(-97.776667 30.263611),,,"park in Austin, Texas, United States of America"
http://www.wikidata.org/entity/Q8071899,Zilker Park,Point(-97.776667 30.263611),,,"park in Austin, Texas, United States of America"
http://www.wikidata.org/entity/Q8071899,Zilker Park,Point(-97.776667 30.263611),,,"park in Austin, Texas, United States of America"
http://www.wikidata.org/entity/Q8071899,Zilker Park,Point(-97.773154352 30.268381759),,,"park in Austin, Texas, United States of America"
http://www.wikidata.org/entity/Q8071899,Zilker Park,Point(-97.773154352 30.268381759),,,"park in Austin, Texas, United States of America"
http://www.wikidata.org/entity/Q8071899,Zilker Park,Point(-97.773154352 30.268381759),,,"park in Austin, Texas, United States of America"
http://www.wikidata.org/entity/Q8071899,Zilker Park,Point(-97.773154352 30.268381759),,,"park in Austin, Texas, United States of America"
http://www.wikidata.org/entity/Q8071899,Zilker Park,Point(-97.773154352 30.268381759),,,"park in Austin, Texas, United States of America"
http://www.wikidata.org/entity/Q8071899,Zilker Park,Point(-97.776667 30.263611),,,"park in Austin, Texas, United States of America"
http://www.wikidata.org/entity/Q8071899,Zilker Park,Point(-97.776667 30.263611),,,"park in Austin, Texas, United States of America"
http://www.wikidata.org/entity/Q8071899,Zilker Park,Point(-97.776667 30.263611),,,"park in Austin, Texas, United States of America"
http://www.wikidata.org/entity/Q8071899,Zilker Park,Point(-97.776667 30.263611),,,"park in Austin, Texas, United States of America"
http://www.wikidata.org/entity/Q8071899,Zilker Park,Point(-97.776667 30.263611),,,"park in Austin, Texas, United States of America"
http://www.wikidata.org/entity/Q8071899,Zilker Park,Point(-97.773154352 30.268381759),,,"park in Austin, Texas, United States of America"
http://www.wikidata.org/entity/Q8071899,Zilker Park,Point(-97.773154352 30.268381759),,,"park in Austin, Texas, United States of America"
http://www.wikidata.org/entity/Q8071899,Zilker Park,Point(-97.773154352 30.268381759),,,"park in Austin, Texas, United States of America"
http://www.wikidata.org/entity/Q8071899,Zilker Park,Point(-97.773154352 30.268381759),,,"park in Austin, Texas, United States of America"
http://www.wikidata.org/entity/Q8071899,Zilker Park,Point(-97.773154352 30.268381759),,,"park in Austin, Texas, United States of America"
http://www.wikidata.org/entity/Q8071899,Zilker Park,Point(-97.776667 30.263611),,,"park in Austin, Texas, United States of America"
http://www.wikidata.org/entity/Q8071899,Zilker Park,Point(-97.776667 30.263611),,,"park in Austin, Texas, United States of America"
http://www.wikidata.org/entity/Q8071899,Zilker Park,Point(-97.776667 30.263611),,,"park in Austin, Texas, United States of America"
http://www.wikidata.org/entity/Q8071899,Zilker Park,Point(-97.776667 30.263611),,,"park in Austin, Texas, United States of America"
http://www.wikidata.org/entity/Q8071899,Zilker Park,Point(-97.776667 30.263611),,,"park in Austin, Texas, United States of America"
http://www.wikidata.org/entity/Q8071899,Zilker Park,Point(-97.773154352 30.268381759),,,"park in Austin, Texas, United States of America"
http://www.wikidata.org/entity/Q8071899,Zilker Park,Point(-97.773154352 30.268381759),,,"park in Austin, Texas, United States of America"
http://www.wikidata.org/entity/Q8071899,Zilker Park,Point(-97.773154352 30.268381759),,,"park in Austin, Texas, United States of America"
http://www.wikidata.org/entity/Q8071899,Zilker Park,Point(-97.773154352 30.268381759),,,"park in Austin, Texas, United States of America"
http://www.wikidata.org/entity/Q8071899,Zilker Park,Point(-97.773154352 30.268381759),,,"park in Austin, Texas, United States of America"
http://www.wikidata.org/entity/Q8071899,Zilker Park,Point(-97.776667 30.263611),,,"park in Austin, Texas, United States of America"
http://www.wikidata.org/entity/Q8071899,Zilker Park,Point(-97.776667 30.263611),,,"park in Austin, Texas, United States of America"
http://www.wikidata.org/entity/Q8071899,Zilker Park,Point(-97.776667 30.263611),,,"park in Austin, Texas, United States of America"
http://www.wikidata.org/entity/Q8071899,Zilker Park,Point(-97.776667 30.263611),,,"park in Austin, Texas, United States of America"
http://www.wikidata.org/entity/Q8071899,Zilker Park,Point(-97.776667 30.263611),,,"park in Austin, Texas, United States of America"
http://www.wikidata.org/entity/Q8071899,Zilker Park,Point(-97.773154352 30.268381759),,,"park in Austin, Texas, United States of America"
http://www.wikidata.org/entity/Q8071899,Zilker Park,Point(-97.773154352 30.268381759),,,"park in Austin, Texas, United States of America"
http://www.wikidata.org/entity/Q8071899,Zilker Park,Point(-97.773154352 30.268381759),,,"park in Austin, Texas, United States of America"
http://www.wikidata.org/entity/Q8071899,Zilker Park,Point(-97.773154352 30.268381759),,,"park in Austin, Texas, United States of America"
http://www.wikidata.org/entity/Q8071899,Zilker Park,Point(-97.773154352 30.268381759),,,"park in Austin, Texas, United States of America"
http://www.wikidata.org/entity/Q8071897,Zilker Botanical Garden,Point(-97.7714 30.2689),zilkergarden,http://www.zilkergarden.org/,"botanical garden in Austin, Texas, U.S"
http://www.wikidata.org/entity/Q8071897,Zilker Botanical Garden,Point(-97.7714 30.2689),zilkergarden,http://www.zilkergarden.org/,"botanical garden in Austin, Texas, U.S"
http://www.wikidata.org/entity/Q8071897,Zilker Botanical Garden,Point(-97.7714 30.2689),zilkergarden,http://www.zilkergarden.org/,"botanical garden in Austin, Texas, U.S"
http://www.wikidata.org/entity/Q8071897,Zilker Botanical Garden,Point(-97.7714 30.2689),zilkergarden,http://www.zilkergarden.org/,"botanical garden in Austin, Texas, U.S"
http://www.wikidata.org/entity/Q8071897,Zilker Botanical Garden,Point(-97.7714 30.2689),zilkergarden,http://www.zilkergarden.org/,"botanical garden in Austin, Texas, U.S"
http://www.wikidata.org/entity/Q8071897,Zilker Botanical Garden,Point(-97.7714 30.2689),zilkergarden,http://www.zilkergarden.org/,"botanical garden in Austin, Texas, U.S"
http://www.wikidata.org/entity/Q8071897,Zilker Botanical Garden,Point(-97.7714 30.2689),zilkergarden,http://www.zilkergarden.org/,"botanical garden in Austin, Texas, U.S"
http://www.wikidata.org/entity/Q8071897,Zilker Botanical Garden,Point(-97.7714 30.2689),zilkergarden,http://www.zilkergarden.org/,"botanical garden in Austin, Texas, U.S"
http://www.wikidata.org/entity/Q8071897,Zilker Botanical Garden,Point(-97.7714 30.2689),zilkergarden,http://www.zilkergarden.org/,"botanical garden in Austin, Texas, U.S"
http://www.wikidata.org/entity/Q8071897,Zilker Botanical Garden,Point(-97.7714 30.2689),zilkergarden,http://www.zilkergarden.org/,"botanical garden in Austin, Texas, U.S"
http://www.wikidata.org/entity/Q10858643,Bullock Texas State History Museum,Point(-97.7388 30.2802),bullockmuseum,http://www.thestoryoftexas.com/,"museum in Austin, Texas"
http://www.wikidata.org/entity/Q10858643,Bullock Texas State History Museum,Point(-97.7388 30.2802),bullockmuseum,http://www.thestoryoftexas.com/,"museum in Austin, Texas"
http://www.wikidata.org/entity/Q10858643,Bullock Texas State History Museum,Point(-97.7388 30.2802),bullockmuseum,http://www.thestoryoftexas.com/,"museum in Austin, Texas"
http://www.wikidata.org/entity/Q10858643,Bullock Texas State History Museum,Point(-97.7388 30.2802),bullockmuseum,http://www.thestoryoftexas.com/,"museum in Austin, Texas"
http://www.wikidata.org/entity/Q14710319,Austin Aquarium,Point(-97.7923 30.45),,http://www.austinaquarium.com/,"aquarium in Austin, Texas"
http://www.wikidata.org/entity/Q14710319,Austin Aquarium,Point(-97.7923 30.45),,http://www.austinaquarium.com/,"aquarium in Austin, Texas"
http://www.wikidata.org/entity/Q14710319,Austin Aquarium,Point(-97.7923 30.45),,http://www.austinaquarium.com/,"aquarium in Austin, Texas"
http://www.wikidata.org/entity/Q14710319,Austin Aquarium,Point(-97.7923 30.45),,http://www.austinaquarium.com/,"aquarium in Austin, Texas"
http://www.wikidata.org/entity/Q14710319,Austin Aquarium,Point(-97.7923 30.45),,http://www.austinaquarium.com/,"aquarium in Austin, Texas"
http://www.wikidata.org/entity/Q14710319,Austin Aquarium,Point(-97.7923 30.45),,http://www.austinaquarium.com/,"aquarium in Austin, Texas"
http://www.wikidata.org/entity/Q14710319,Austin Aquarium,Point(-97.7923 30.45),,http://www.austinaquarium.com/,"aquarium in Austin, Texas"
http://www.wikidata.org/entity/Q14710319,Austin Aquarium,Point(-97.7923 30.45),,http://www.austinaquarium.com/,"aquarium in Austin, Texas"
http://www.wikidata.org/entity/Q14710319,Austin Aquarium,Point(-97.7923 30.45),,http://www.austinaquarium.com/,"aquarium in Austin, Texas"
http://www.wikidata.org/entity/Q14710319,Austin Aquarium,Point(-97.7923 30.45),,http://www.austinaquarium.com/,"aquarium in Austin, Texas"
http://www.wikidata.org/entity/Q14710319,Austin Aquarium,Point(-97.7923 30.45),,http://www.austinaquarium.com/,"aquarium in Austin, Texas"
http://www.wikidata.org/entity/Q14710319,Austin Aquarium,Point(-97.7923 30.45),,http://www.austinaquarium.com/,"aquarium in Austin, Texas"
http://www.wikidata.org/entity/Q14710319,Austin Aquarium,Point(-97.7923 30.45),,http://www.austinaquarium.com/,"aquarium in Austin, Texas"
http://www.wikidata.org/entity/Q14710319,Austin Aquarium,Point(-97.7923 30.45),,http://www.austinaquarium.com/,"aquarium in Austin, Texas"
http://www.wikidata.org/entity/Q14710319,Austin Aquarium,Point(-97.7923 30.45),,http://www.austinaquarium.com/,"aquarium in Austin, Texas"
http://www.wikidata.org/entity/Q14710319,Austin Aquarium,Point(-97.7923 30.45),,http://www.austinaquarium.com/,"aquarium in Austin, Texas"
http://www.wikidata.org/entity/Q14710319,Austin Aquarium,Point(-97.7923 30.45),,http://www.austinaquarium.com/,"aquarium in Austin, Texas"
http://www.wikidata.org/entity/Q14710319,Austin Aquarium,Point(-97.7923 30.45),,http://www.austinaquarium.com/,"aquarium in Austin, Texas"
http://www.wikidata.org/entity/Q31577612,Walter E Long Municipal Park,Point(-97.601944444 30.279444444),,,"park in Travis County, Texas, United States of America"
http://www.wikidata.org/entity/Q31579650,Waterloo Park,Point(-97.733611111 30.273888888),,,"park in Travis County, Texas, United States of America"
http://www.wikidata.org/entity/Q31581869,West Austin Park,Point(-97.7575 30.276944444),,,"park in Travis County, Texas, United States of America"
http://www.wikidata.org/entity/Q31582086,West Bull Creek Preserve,Point(-97.8025 30.381388888),,,"park in Travis County, Texas, United States of America"
http://www.wikidata.org/entity/Q31583662,Westenfield Park,Point(-97.763888888 30.287777777),,,"park in Travis County, Texas, United States of America"
http://www.wikidata.org/entity/Q31587463,Wild Basin Wilderness Preserve,Point(-97.821666666 30.31),,,"nature reserve in Travis County, Texas, United States of America"
http://www.wikidata.org/entity/Q31596337,Zargosa Park,Point(-97.711944444 30.262222222),,,"park in Travis County, Texas, United States of America"
http://www.wikidata.org/entity/Q34806397,Adams Park,Point(-97.738888888 30.292777777),,,"park in Travis County, Texas, United States of America"
http://www.wikidata.org/entity/Q34808254,Alamo Park,Point(-97.720277777 30.282777777),,,"park in Travis County, Texas, United States of America"
http://www.wikidata.org/entity/Q34809862,Allen Memorial County Park,Point(-97.755277777 30.343611111),,,park in the United States of America
http://www.wikidata.org/entity/Q34816748,Arkansas Bend Park,Point(-97.951666666 30.401111111),,,park in the United States of America
http://www.wikidata.org/entity/Q34830476,Baptist Academy San Marocs Baseball Field,Point(-97.997222222 29.901111111),,,park in the United States of America
http://www.wikidata.org/entity/Q34830510,Baptist Academy San Marocs Football Field,Point(-98.000555555 29.900833333),,,park in the United States of America
http://www.wikidata.org/entity/Q34830779,Bar K Park,Point(-97.996388888 30.4675),,,park in the United States of America
http://www.wikidata.org/entity/Q34831448,Bastrop Erhard Field,Point(-97.310555555 30.117222222),,,park in the United States of America
http://www.wikidata.org/entity/Q34831981,Battle Bend Park,Point(-97.768888888 30.213055555),,,park in the United States of America
http://www.wikidata.org/entity/Q34838582,Bee Caves Preserve,Point(-97.790277777 30.2925),,,park in the United States of America
http://www.wikidata.org/entity/Q42298481,Queen Theater,Point(-97.742824 30.269277),,,"former movie theater in Austin, Texas, United States"
http://www.wikidata.org/entity/Q42298481,Queen Theater,Point(-97.742824 30.269277),,,"former movie theater in Austin, Texas, United States"
http://www.wikidata.org/entity/Q42298481,Queen Theater,Point(-97.742824 30.269277),,,"former movie theater in Austin, Texas, United States"
http://www.wikidata.org/entity/Q42298481,Queen Theater,Point(-97.742824 30.269277),,,"former movie theater in Austin, Texas, United States"
http://www.wikidata.org/entity/Q42298481,Queen Theater,Point(-97.742824 30.269277),,,"former movie theater in Austin, Texas, United States"
http://www.wikidata.org/entity/Q42298481,Queen Theater,Point(-97.742824 30.269277),,,"former movie theater in Austin, Texas, United States"
http://www.wikidata.org/entity/Q42298481,Queen Theater,Point(-97.742824 30.269277),,,"former movie theater in Austin, Texas, United States"
http://www.wikidata.org/entity/Q42298481,Queen Theater,Point(-97.742824 30.269277),,,"former movie theater in Austin, Texas, United States"
http://www.wikidata.org/entity/Q42298481,Queen Theater,Point(-97.742824 30.269277),,,"former movie theater in Austin, Texas, United States"
http://www.wikidata.org/entity/Q42298481,Queen Theater,Point(-97.742824 30.269277),,,"former movie theater in Austin, Texas, United States"
http://www.wikidata.org/entity/Q42298481,Queen Theater,Point(-97.742824 30.269277),,,"former movie theater in Austin, Texas, United States"
http://www.wikidata.org/entity/Q42298484,Violet Crown Cinema,Point(-97.7482146 30.2654559),,https://austin.violetcrown.com,"movie theater in Austin, Texas, United States"
http://www.wikidata.org/entity/Q42298484,Violet Crown Cinema,Point(-97.7482146 30.2654559),,https://austin.violetcrown.com,"movie theater in Austin, Texas, United States"
http://www.wikidata.org/entity/Q42298484,Violet Crown Cinema,Point(-97.7482146 30.2654559),,https://austin.violetcrown.com,"movie theater in Austin, Texas, United States"
http://www.wikidata.org/entity/Q42298484,Violet Crown Cinema,Point(-97.7482146 30.2654559),,https://austin.violetcrown.com,"movie theater in Austin, Texas, United States"
http://www.wikidata.org/entity/Q42298484,Violet Crown Cinema,Point(-97.7482146 30.2654559),,https://austin.violetcrown.com,"movie theater in Austin, Texas, United States"
http://www.wikidata.org/entity/Q42298484,Violet Crown Cinema,Point(-97.7482146 30.2654559),,https://austin.violetcrown.com,"movie theater in Austin, Texas, United States"
http://www.wikidata.org/entity/Q42298484,Violet Crown Cinema,Point(-97.7482146 30.2654559),,https://austin.violetcrown.com,"movie theater in Austin, Texas, United States"
http://www.wikidata.org/entity/Q42298484,Violet Crown Cinema,Point(-97.7482146 30.2654559),,https://austin.violetcrown.com,"movie theater in Austin, Texas, United States"
http://www.wikidata.org/entity/Q42298484,Violet Crown Cinema,Point(-97.7482146 30.2654559),,https://austin.violetcrown.com,"movie theater in Austin, Texas, United States"
http://www.wikidata.org/entity/Q42298484,Violet Crown Cinema,Point(-97.7482146 30.2654559),,https://austin.violetcrown.com,"movie theater in Austin, Texas, United States"
http://www.wikidata.org/entity/Q42298484,Violet Crown Cinema,Point(-97.7482146 30.2654559),,https://austin.violetcrown.com,"movie theater in Austin, Texas, United States"
http://www.wikidata.org/entity/Q42298484,Violet Crown Cinema,Point(-97.7482146 30.2654559),,https://austin.violetcrown.com,"movie theater in Austin, Texas, United States"
http://www.wikidata.org/entity/Q42298484,Violet Crown Cinema,Point(-97.7482146 30.2654559),,https://austin.violetcrown.com,"movie theater in Austin, Texas, United States"
http://www.wikidata.org/entity/Q42298484,Violet Crown Cinema,Point(-97.7482146 30.2654559),,https://austin.violetcrown.com,"movie theater in Austin, Texas, United States"
http://www.wikidata.org/entity/Q42298484,Violet Crown Cinema,Point(-97.7482146 30.2654559),,https://austin.violetcrown.com,"movie theater in Austin, Texas, United States"
http://www.wikidata.org/entity/Q42298484,Violet Crown Cinema,Point(-97.7482146 30.2654559),,https://austin.violetcrown.com,"movie theater in Austin, Texas, United States"
http://www.wikidata.org/entity/Q42298484,Violet Crown Cinema,Point(-97.7482146 30.2654559),,https://austin.violetcrown.com,"movie theater in Austin, Texas, United States"
http://www.wikidata.org/entity/Q42298484,Violet Crown Cinema,Point(-97.7482146 30.2654559),,https://austin.violetcrown.com,"movie theater in Austin, Texas, United States"
http://www.wikidata.org/entity/Q42298484,Violet Crown Cinema,Point(-97.7482146 30.2654559),,https://austin.violetcrown.com,"movie theater in Austin, Texas, United States"
http://www.wikidata.org/entity/Q42298484,Violet Crown Cinema,Point(-97.7482146 30.2654559),,https://austin.violetcrown.com,"movie theater in Austin, Texas, United States"
http://www.wikidata.org/entity/Q42298484,Violet Crown Cinema,Point(-97.7482146 30.2654559),,https://austin.violetcrown.com,"movie theater in Austin, Texas, United States"
http://www.wikidata.org/entity/Q42298484,Violet Crown Cinema,Point(-97.7482146 30.2654559),,https://austin.violetcrown.com,"movie theater in Austin, Texas, United States"
http://www.wikidata.org/entity/Q42298484,Violet Crown Cinema,Point(-97.7482146 30.2654559),,https://austin.violetcrown.com,"movie theater in Austin, Texas, United States"
http://www.wikidata.org/entity/Q42298484,Violet Crown Cinema,Point(-97.7482146 30.2654559),,https://austin.violetcrown.com,"movie theater in Austin, Texas, United States"
http://www.wikidata.org/entity/Q42298484,Violet Crown Cinema,Point(-97.7482146 30.2654559),,https://austin.violetcrown.com,"movie theater in Austin, Texas, United States"
http://www.wikidata.org/entity/Q42298484,Violet Crown Cinema,Point(-97.7482146 30.2654559),,https://austin.violetcrown.com,"movie theater in Austin, Texas, United States"
http://www.wikidata.org/entity/Q42298484,Violet Crown Cinema,Point(-97.7482146 30.2654559),,https://austin.violetcrown.com,"movie theater in Austin, Texas, United States"
http://www.wikidata.org/entity/Q42298484,Violet Crown Cinema,Point(-97.7482146 30.2654559),,https://austin.violetcrown.com,"movie theater in Austin, Texas, United States"
http://www.wikidata.org/entity/Q42298484,Violet Crown Cinema,Point(-97.7482146 30.2654559),,https://austin.violetcrown.com,"movie theater in Austin, Texas, United States"
http://www.wikidata.org/entity/Q42298484,Violet Crown Cinema,Point(-97.7482146 30.2654559),,https://austin.violetcrown.com,"movie theater in Austin, Texas, United States"
http://www.wikidata.org/entity/Q42298484,Violet Crown Cinema,Point(-97.7482146 30.2654559),,https://austin.violetcrown.com,"movie theater in Austin, Texas, United States"
http://www.wikidata.org/entity/Q42298484,Violet Crown Cinema,Point(-97.7482146 30.2654559),,https://austin.violetcrown.com,"movie theater in Austin, Texas, United States"
http://www.wikidata.org/entity/Q42298484,Violet Crown Cinema,Point(-97.7482146 30.2654559),,https://austin.violetcrown.com,"movie theater in Austin, Texas, United States"
http://www.wikidata.org/entity/Q42298484,Violet Crown Cinema,Point(-97.7482146 30.2654559),,https://austin.violetcrown.com,"movie theater in Austin, Texas, United States"
http://www.wikidata.org/entity/Q42298484,Violet Crown Cinema,Point(-97.7482146 30.2654559),,https://austin.violetcrown.com,"movie theater in Austin, Texas, United States"
http://www.wikidata.org/entity/Q42298484,Violet Crown Cinema,Point(-97.7482146 30.2654559),,https://austin.violetcrown.com,"movie theater in Austin, Texas, United States"
http://www.wikidata.org/entity/Q42298484,Violet Crown Cinema,Point(-97.7482146 30.2654559),,https://austin.violetcrown.com,"movie theater in Austin, Texas, United States"
http://www.wikidata.org/entity/Q124409777,Blue Hole Regional Park,Point(-98.087 30.00209),,,"park in Wimberley, Texas"
http://www.wikidata.org/entity/Q128693643,Texas Science and Natural History Museum,Point(-97.732388888 30.287),,https://sciencemuseum.utexas.edu/,"Science and natural history museum in Austin, Texas"
http://www.wikidata.org/entity/Q130313843,Chili's at 45th and Lamar,Point(-97.7383 30.3133),,,"chili's location in Austin, Texas, U.S"
http://www.wikidata.org/entity/Q131127340,Pioneer Farms,Point(-97.6590796 30.3684592),,,"living history museum in Austin, Texas"
http://www.wikidata.org/entity/Q131325105,Barley Swine,Point(-97.738333333 30.341388888),,,"restaurant in Austin, Texas, U.S"
http://www.wikidata.org/entity/Q131325112,Hestia,Point(-97.75 30.266944444),,,"restaurant in Austin, Texas, U.S"
http://www.wikidata.org/entity/Q131325116,InterStellar BBQ,Point(-97.81521 30.4615),interstellarbbq,https://www.theinterstellarbbq.com/,"restaurant in Austin, Texas, U.S"
http://www.wikidata.org/entity/Q131325116,InterStellar BBQ,Point(-97.81521 30.4615),interstellarbbq,https://www.theinterstellarbbq.com/,"restaurant in Austin, Texas, U.S"
http://www.wikidata.org/entity/Q131325116,InterStellar BBQ,Point(-97.81521 30.4615),interstellarbbq,https://www.theinterstellarbbq.com/,"restaurant in Austin, Texas, U.S"
http://www.wikidata.org/entity/Q131325116,InterStellar BBQ,Point(-97.81521 30.4615),interstellarbbq,https://www.theinterstellarbbq.com/,"restaurant in Austin, Texas, U.S"
http://www.wikidata.org/entity/Q131325116,InterStellar BBQ,Point(-97.81521 30.4615),interstellarbbq,https://www.theinterstellarbbq.com/,"restaurant in Austin, Texas, U.S"
http://www.wikidata.org/entity/Q131480870,Stubb's BBQ,Point(-97.736202 30.26844),stubbsaustin,https://www.stubbsaustin.com/,"restaurant and live music venue located in Austin, Texas"
http://www.wikidata.org/entity/Q131480870,Stubb's BBQ,Point(-97.736202 30.26844),stubbsaustin,https://www.stubbsaustin.com/,"restaurant and live music venue located in Austin, Texas"
http://www.wikidata.org/entity/Q131480870,Stubb's BBQ,Point(-97.736202 30.26844),stubbsaustin,https://www.stubbsaustin.com/,"restaurant and live music venue located in Austin, Texas"
http://www.wikidata.org/entity/Q131480870,Stubb's BBQ,Point(-97.736202 30.26844),stubbsaustin,https://www.stubbsaustin.com/,"restaurant and live music venue located in Austin, Texas"
http://www.wikidata.org/entity/Q131480870,Stubb's BBQ,Point(-97.736202 30.26844),stubbsaustin,https://www.stubbsaustin.com/,"restaurant and live music venue located in Austin, Texas"
http://www.wikidata.org/entity/Q131480870,Stubb's BBQ,Point(-97.736202 30.26844),stubbsaustin,https://www.stubbsaustin.com/,"restaurant and live music venue located in Austin, Texas"
http://www.wikidata.org/entity/Q131480870,Stubb's BBQ,Point(-97.736202 30.26844),stubbsaustin,https://www.stubbsaustin.com/,"restaurant and live music venue located in Austin, Texas"
http://www.wikidata.org/entity/Q131480870,Stubb's BBQ,Point(-97.736202 30.26844),stubbsaustin,https://www.stubbsaustin.com/,"restaurant and live music venue located in Austin, Texas"
http://www.wikidata.org/entity/Q131735947,Comadre Panadería,Point(-97.713333333 30.275277777),,,"bakery in Austin, Texas, U.S"
http://www.wikidata.org/entity/Q133571403,The William J. Battle collection of Plaster Casts,Point(-97.73743704 30.28100544),,https://battlecasts.la.utexas.edu/,plaster cast collection of ancient Greek and Roman sculptures at the Blanton Museum of Art
http://www.wikidata.org/entity/Q133571403,The William J. Battle collection of Plaster Casts,Point(-97.73743704 30.28100544),,https://battlecasts.la.utexas.edu/,plaster cast collection of ancient Greek and Roman sculptures at the Blanton Museum of Art
http://www.wikidata.org/entity/Q133571403,The William J. Battle collection of Plaster Casts,Point(-97.73743704 30.28100544),,https://battlecasts.la.utexas.edu/,plaster cast collection of ancient Greek and Roman sculptures at the Blanton Museum of Art
http://www.wikidata.org/entity/Q133571403,The William J. Battle collection of Plaster Casts,Point(-97.73743704 30.28100544),,https://battlecasts.la.utexas.edu/,plaster cast collection of ancient Greek and Roman sculptures at the Blanton Museum of Art
http://www.wikidata.org/entity/Q136106428,Odd Duck,Point(-97.762 30.2547),,,"restaurant in Austin, Texas, U.S"
http://www.wikidata.org/entity/Q136534426,Original Hoffbrau Steakhouse,Point(-97.74921 30.269727),,,"restaurant in Austin, Texas"
http://www.wikidata.org/entity/Q136564544,Banger's Sausage House & Beer Garden,Point(-97.738333333 30.258888888),,,"restaurant in Austin, Texas, U.S"
http://www.wikidata.org/entity/Q138520649,Buford's Backyard Beer Garden,Point(-97.7497488 30.2703181),,https://www.bufordsaustin.com,"bar in Austin, Texas, US"
http://www.wikidata.org/entity/Q138520649,Buford's Backyard Beer Garden,Point(-97.7497488 30.2703181),,https://www.bufordsaustin.com,"bar in Austin, Texas, US"
http://www.wikidata.org/entity/Q138520649,Buford's Backyard Beer Garden,Point(-97.7497488 30.2703181),,https://www.bufordsaustin.com,"bar in Austin, Texas, US"
http://www.wikidata.org/entity/Q138520649,Buford's Backyard Beer Garden,Point(-97.7497488 30.2703181),,https://www.bufordsaustin.com,"bar in Austin, Texas, US"
http://www.wikidata.org/entity/Q138520649,Buford's Backyard Beer Garden,Point(-97.7497488 30.2703181),,https://www.bufordsaustin.com,"bar in Austin, Texas, US"
http://www.wikidata.org/entity/Q138589719,COTALAND,Point(-97.641 30.137),,,"amusement park complex in Texas, United States"
http://www.wikidata.org/entity/Q138589719,COTALAND,Point(-97.641 30.137),,,"amusement park complex in Texas, United States"
http://www.wikidata.org/entity/Q138589719,COTALAND,Point(-97.641 30.137),,,"amusement park complex in Texas, United States"
http://www.wikidata.org/entity/Q138589719,COTALAND,Point(-97.641 30.137),,,"amusement park complex in Texas, United States"
http://www.wikidata.org/entity/Q139594975,Café Crème (Austin),Point(-97.73469 30.23055),cafecremeaustin,https://cafecremeaustin.com/,"Coffee shop and bakery in Austin, Texas"
http://www.wikidata.org/entity/Q139594975,Café Crème (Austin),Point(-97.73469 30.23055),cafecremeaustin,https://cafecremeaustin.com/,"Coffee shop and bakery in Austin, Texas"
http://www.wikidata.org/entity/Q140723843,O. Henry Museum,Point(-97.739058277 30.265708783),,https://www.austintexas.gov/o-henry,"historic house museum in Austin, Texas"
http://www.wikidata.org/entity/Q15961566,The Thinkery,Point(-97.705 30.2975),,http://thinkeryaustin.org/,
http://www.wikidata.org/entity/Q15961566,The Thinkery,Point(-97.705 30.2975),,http://thinkeryaustin.org/,
http://www.wikidata.org/entity/Q15961566,The Thinkery,Point(-97.705 30.2975),,http://thinkeryaustin.org/,
http://www.wikidata.org/entity/Q15961566,The Thinkery,Point(-97.705 30.2975),,http://thinkeryaustin.org/,
http://www.wikidata.org/entity/Q99024093,Zilker Park Clubhouse,Point(-97.776199 30.273765),,,
http://www.wikidata.org/entity/Q99024093,Zilker Park Clubhouse,Point(-97.776199 30.273765),,,
http://www.wikidata.org/entity/Q99024093,Zilker Park Clubhouse,Point(-97.776199 30.273765),,,
http://www.wikidata.org/entity/Q99024093,Zilker Park Clubhouse,Point(-97.776199 30.273765),,,
http://www.wikidata.org/entity/Q113412927,Dirty Dog Bar,Point(-97.7402297 30.2664217),,https://www.dirtydogbar.com/,
http://www.wikidata.org/entity/Q113412927,Dirty Dog Bar,Point(-97.7402297 30.2664217),,https://www.dirtydogbar.com/,
http://www.wikidata.org/entity/Q113412927,Dirty Dog Bar,Point(-97.7402297 30.2664217),,https://www.dirtydogbar.com/,
http://www.wikidata.org/entity/Q113412927,Dirty Dog Bar,Point(-97.7402297 30.2664217),,https://www.dirtydogbar.com/,
http://www.wikidata.org/entity/Q113412927,Dirty Dog Bar,Point(-97.7402297 30.2664217),,https://www.dirtydogbar.com/,
http://www.wikidata.org/entity/Q113412949,Sledge Hammer On Sixth,Point(-97.7403114 30.2664594),,,
http://www.wikidata.org/entity/Q113412949,Sledge Hammer On Sixth,Point(-97.7403114 30.2664594),,,
http://www.wikidata.org/entity/Q113412949,Sledge Hammer On Sixth,Point(-97.7403114 30.2664594),,,
http://www.wikidata.org/entity/Q113412949,Sledge Hammer On Sixth,Point(-97.7403114 30.2664594),,,
http://www.wikidata.org/entity/Q113412949,Sledge Hammer On Sixth,Point(-97.7403114 30.2664594),,,
http://www.wikidata.org/entity/Q14711046,Mexic-Arte Museum,Point(-97.7429 30.267),mexic_arte,https://mexic-artemuseum.org/,"Art museum in Austin, Texas"
http://www.wikidata.org/entity/Q14711046,Mexic-Arte Museum,Point(-97.7429 30.267),mexic_arte,https://mexic-artemuseum.org/,"Art museum in Austin, Texas"
http://www.wikidata.org/entity/Q14711046,Mexic-Arte Museum,Point(-97.7429 30.267),mexic_arte,https://mexic-artemuseum.org/,"Art museum in Austin, Texas"
http://www.wikidata.org/entity/Q14711046,Mexic-Arte Museum,Point(-97.7429 30.267),mexic_arte,https://mexic-artemuseum.org/,"Art museum in Austin, Texas"
http://www.wikidata.org/entity/Q14711046,Mexic-Arte Museum,Point(-97.7429 30.267),mexic_arte,https://mexic-artemuseum.org/,"Art museum in Austin, Texas"
http://www.wikidata.org/entity/Q14711046,Mexic-Arte Museum,Point(-97.7429 30.267),mexic_arte,https://mexic-artemuseum.org/,"Art museum in Austin, Texas"
http://www.wikidata.org/entity/Q14711046,Mexic-Arte Museum,Point(-97.7429 30.267),mexic_arte,https://mexic-artemuseum.org/,"Art museum in Austin, Texas"
http://www.wikidata.org/entity/Q14711046,Mexic-Arte Museum,Point(-97.7429 30.267),mexic_arte,https://mexic-artemuseum.org/,"Art museum in Austin, Texas"
http://www.wikidata.org/entity/Q14711046,Mexic-Arte Museum,Point(-97.7429 30.267),mexic_arte,https://mexic-artemuseum.org/,"Art museum in Austin, Texas"
http://www.wikidata.org/entity/Q14711311,Scholz Garten,Point(-97.736361 30.277722),,,"historic place in Austin, Travis County, Texas"
http://www.wikidata.org/entity/Q14711311,Scholz Garten,Point(-97.736361 30.277722),,,"historic place in Austin, Travis County, Texas"
http://www.wikidata.org/entity/Q14711311,Scholz Garten,Point(-97.7364 30.2778),,,"historic place in Austin, Travis County, Texas"
http://www.wikidata.org/entity/Q14711311,Scholz Garten,Point(-97.7364 30.2778),,,"historic place in Austin, Travis County, Texas"
http://www.wikidata.org/entity/Q14711311,Scholz Garten,Point(-97.736361 30.277722),,,"historic place in Austin, Travis County, Texas"
http://www.wikidata.org/entity/Q14711311,Scholz Garten,Point(-97.7364 30.2778),,,"historic place in Austin, Travis County, Texas"
http://www.wikidata.org/entity/Q14711311,Scholz Garten,Point(-97.736361 30.277722),,,"historic place in Austin, Travis County, Texas"
http://www.wikidata.org/entity/Q14711311,Scholz Garten,Point(-97.736361 30.277722),,,"historic place in Austin, Travis County, Texas"
http://www.wikidata.org/entity/Q14711311,Scholz Garten,Point(-97.7364 30.2778),,,"historic place in Austin, Travis County, Texas"
http://www.wikidata.org/entity/Q14711311,Scholz Garten,Point(-97.7364 30.2778),,,"historic place in Austin, Travis County, Texas"
http://www.wikidata.org/entity/Q16894284,Lockhart State Park,Point(-97.6978 29.8553),,https://tpwd.texas.gov/state-parks/lockhart,"state park in Texas, United States"
http://www.wikidata.org/entity/Q16894284,Lockhart State Park,Point(-97.6978 29.8553),,https://tpwd.texas.gov/state-parks/lockhart,"state park in Texas, United States"
http://www.wikidata.org/entity/Q16894284,Lockhart State Park,Point(-97.6978 29.8553),,https://tpwd.texas.gov/state-parks/lockhart,"state park in Texas, United States"
http://www.wikidata.org/entity/Q16894284,Lockhart State Park,Point(-97.6978 29.8553),,https://tpwd.texas.gov/state-parks/lockhart,"state park in Texas, United States"
http://www.wikidata.org/entity/Q16985375,Hyde Park Theatre,Point(-97.7341 30.3082),,,"theatre in Austin, Texas"
http://www.wikidata.org/entity/Q16985375,Hyde Park Theatre,Point(-97.7341 30.3082),,,"theatre in Austin, Texas"
http://www.wikidata.org/entity/Q16985375,Hyde Park Theatre,Point(-97.7341 30.3082),,,"theatre in Austin, Texas"
http://www.wikidata.org/entity/Q16985375,Hyde Park Theatre,Point(-97.7341 30.3082),,,"theatre in Austin, Texas"
http://www.wikidata.org/entity/Q16985375,Hyde Park Theatre,Point(-97.7341 30.3082),,,"theatre in Austin, Texas"
http://www.wikidata.org/entity/Q16985375,Hyde Park Theatre,Point(-97.7341 30.3082),,,"theatre in Austin, Texas"
http://www.wikidata.org/entity/Q16985375,Hyde Park Theatre,Point(-97.7341 30.3082),,,"theatre in Austin, Texas"
http://www.wikidata.org/entity/Q16985375,Hyde Park Theatre,Point(-97.7341 30.3082),,,"theatre in Austin, Texas"
http://www.wikidata.org/entity/Q16985375,Hyde Park Theatre,Point(-97.7341 30.3082),,,"theatre in Austin, Texas"
http://www.wikidata.org/entity/Q16985375,Hyde Park Theatre,Point(-97.7341 30.3082),,,"theatre in Austin, Texas"
http://www.wikidata.org/entity/Q16985375,Hyde Park Theatre,Point(-97.7341 30.3082),,,"theatre in Austin, Texas"
http://www.wikidata.org/entity/Q16985375,Hyde Park Theatre,Point(-97.7341 30.3082),,,"theatre in Austin, Texas"
http://www.wikidata.org/entity/Q16985375,Hyde Park Theatre,Point(-97.7341 30.3082),,,"theatre in Austin, Texas"
http://www.wikidata.org/entity/Q16985375,Hyde Park Theatre,Point(-97.7341 30.3082),,,"theatre in Austin, Texas"
http://www.wikidata.org/entity/Q16985375,Hyde Park Theatre,Point(-97.7341 30.3082),,,"theatre in Austin, Texas"
http://www.wikidata.org/entity/Q16985375,Hyde Park Theatre,Point(-97.7341 30.3082),,,"theatre in Austin, Texas"
http://www.wikidata.org/entity/Q16985375,Hyde Park Theatre,Point(-97.7341 30.3082),,,"theatre in Austin, Texas"
http://www.wikidata.org/entity/Q16985375,Hyde Park Theatre,Point(-97.7341 30.3082),,,"theatre in Austin, Texas"
http://www.wikidata.org/entity/Q16985375,Hyde Park Theatre,Point(-97.7341 30.3082),,,"theatre in Austin, Texas"
http://www.wikidata.org/entity/Q16985375,Hyde Park Theatre,Point(-97.7341 30.3082),,,"theatre in Austin, Texas"
http://www.wikidata.org/entity/Q16985375,Hyde Park Theatre,Point(-97.7341 30.3082),,,"theatre in Austin, Texas"
http://www.wikidata.org/entity/Q16985375,Hyde Park Theatre,Point(-97.7341 30.3082),,,"theatre in Austin, Texas"
http://www.wikidata.org/entity/Q16985375,Hyde Park Theatre,Point(-97.7341 30.3082),,,"theatre in Austin, Texas"
http://www.wikidata.org/entity/Q16985375,Hyde Park Theatre,Point(-97.7341 30.3082),,,"theatre in Austin, Texas"
http://www.wikidata.org/entity/Q16985375,Hyde Park Theatre,Point(-97.7341 30.3082),,,"theatre in Austin, Texas"
http://www.wikidata.org/entity/Q16985375,Hyde Park Theatre,Point(-97.7341 30.3082),,,"theatre in Austin, Texas"
http://www.wikidata.org/entity/Q17016907,Liberty Hill International Sculpture Park,Point(-97.909 30.663),,,"sculpture garden in Liberty Hill, Texas"
http://www.wikidata.org/entity/Q17016907,Liberty Hill International Sculpture Park,Point(-97.909 30.663),,,"sculpture garden in Liberty Hill, Texas"
http://www.wikidata.org/entity/Q17016907,Liberty Hill International Sculpture Park,Point(-97.909 30.663),,,"sculpture garden in Liberty Hill, Texas"
http://www.wikidata.org/entity/Q17016907,Liberty Hill International Sculpture Park,Point(-97.909 30.663),,,"sculpture garden in Liberty Hill, Texas"
http://www.wikidata.org/entity/Q17016907,Liberty Hill International Sculpture Park,Point(-97.909 30.663),,,"sculpture garden in Liberty Hill, Texas"
http://www.wikidata.org/entity/Q17016907,Liberty Hill International Sculpture Park,Point(-97.909 30.663),,,"sculpture garden in Liberty Hill, Texas"
http://www.wikidata.org/entity/Q17016907,Liberty Hill International Sculpture Park,Point(-97.909 30.663),,,"sculpture garden in Liberty Hill, Texas"
http://www.wikidata.org/entity/Q17016907,Liberty Hill International Sculpture Park,Point(-97.909 30.663),,,"sculpture garden in Liberty Hill, Texas"
http://www.wikidata.org/entity/Q17018978,Louie Mueller Barbecue,Point(-97.4111 30.5688),,,Barbecue restaurant
http://www.wikidata.org/entity/Q17066354,Williamson Museum,Point(-97.67827 30.63682),,https://williamsonmuseum.org/,"local history museum in Georgetown, Williamson County, Texas"
http://www.wikidata.org/entity/Q17156834,Texas Military Forces Museum,Point(-97.76111111 30.31361111),,http://texasmilitaryforcesmuseum.org,"military Museum in Texas, United States"
http://www.wikidata.org/entity/Q18157795,Rosewood Park,Point(-97.7142 30.2722),,,"park in Austin, Texas, United States"
http://www.wikidata.org/entity/Q18157795,Rosewood Park,Point(-97.7142 30.2722),,,"park in Austin, Texas, United States"
http://www.wikidata.org/entity/Q18157795,Rosewood Park,Point(-97.7142 30.2722),,,"park in Austin, Texas, United States"
http://www.wikidata.org/entity/Q18157795,Rosewood Park,Point(-97.7142 30.2722),,,"park in Austin, Texas, United States"
http://www.wikidata.org/entity/Q18157795,Rosewood Park,Point(-97.7142 30.2722),,,"park in Austin, Texas, United States"
http://www.wikidata.org/entity/Q18157795,Rosewood Park,Point(-97.7142 30.2722),,,"park in Austin, Texas, United States"
http://www.wikidata.org/entity/Q18157795,Rosewood Park,Point(-97.7142 30.2722),,,"park in Austin, Texas, United States"
http://www.wikidata.org/entity/Q18157795,Rosewood Park,Point(-97.7142 30.2722),,,"park in Austin, Texas, United States"
http://www.wikidata.org/entity/Q18157795,Rosewood Park,Point(-97.7142 30.2722),,,"park in Austin, Texas, United States"
http://www.wikidata.org/entity/Q18157795,Rosewood Park,Point(-97.7142 30.2722),,,"park in Austin, Texas, United States"
http://www.wikidata.org/entity/Q18157795,Rosewood Park,Point(-97.7142 30.2722),,,"park in Austin, Texas, United States"
http://www.wikidata.org/entity/Q18157795,Rosewood Park,Point(-97.7142 30.2722),,,"park in Austin, Texas, United States"
http://www.wikidata.org/entity/Q18157795,Rosewood Park,Point(-97.7142 30.2722),,,"park in Austin, Texas, United States"
http://www.wikidata.org/entity/Q18157795,Rosewood Park,Point(-97.7142 30.2722),,,"park in Austin, Texas, United States"
http://www.wikidata.org/entity/Q18157795,Rosewood Park,Point(-97.7142 30.2722),,,"park in Austin, Texas, United States"
http://www.wikidata.org/entity/Q18157795,Rosewood Park,Point(-97.7142 30.2722),,,"park in Austin, Texas, United States"
http://www.wikidata.org/entity/Q18157795,Rosewood Park,Point(-97.7142 30.2722),,,"park in Austin, Texas, United States"
http://www.wikidata.org/entity/Q18157795,Rosewood Park,Point(-97.7142 30.2722),,,"park in Austin, Texas, United States"
http://www.wikidata.org/entity/Q18157795,Rosewood Park,Point(-97.7142 30.2722),,,"park in Austin, Texas, United States"
http://www.wikidata.org/entity/Q18157795,Rosewood Park,Point(-97.7142 30.2722),,,"park in Austin, Texas, United States"
http://www.wikidata.org/entity/Q18157795,Rosewood Park,Point(-97.7142 30.2722),,,"park in Austin, Texas, United States"
http://www.wikidata.org/entity/Q18157795,Rosewood Park,Point(-97.7142 30.2722),,,"park in Austin, Texas, United States"
http://www.wikidata.org/entity/Q18157795,Rosewood Park,Point(-97.7142 30.2722),,,"park in Austin, Texas, United States"
http://www.wikidata.org/entity/Q18157795,Rosewood Park,Point(-97.7142 30.2722),,,"park in Austin, Texas, United States"
http://www.wikidata.org/entity/Q18157795,Rosewood Park,Point(-97.7142 30.2722),,,"park in Austin, Texas, United States"
http://www.wikidata.org/entity/Q18351651,Dick's Classic Garage,Point(-97.965388888 29.864805555),,http://www.dicksclassicgarage.com/,"automobile museum in San Marcos, Texas"
http://www.wikidata.org/entity/Q18351651,Dick's Classic Garage,Point(-97.965388888 29.864805555),,http://www.dicksclassicgarage.com/,"automobile museum in San Marcos, Texas"
http://www.wikidata.org/entity/Q18351651,Dick's Classic Garage,Point(-97.965388888 29.864805555),,http://www.dicksclassicgarage.com/,"automobile museum in San Marcos, Texas"
http://www.wikidata.org/entity/Q18351651,Dick's Classic Garage,Point(-97.965388888 29.864805555),,http://www.dicksclassicgarage.com/,"automobile museum in San Marcos, Texas"
http://www.wikidata.org/entity/Q19879898,Franklin Barbecue,Point(-97.731312 30.270079),,http://franklinbarbecue.com/,barbecue restaurant
http://www.wikidata.org/entity/Q19880991,Jester King Brewery,Point(-97.999763888 30.2308),,,brewery
http://www.wikidata.org/entity/Q20858423,Texas Museum of Science and Technology,Point(-97.776136 30.541603),,http://www.txmost.org,"science museum in Cedar Park, Texas"
http://www.wikidata.org/entity/Q20858423,Texas Museum of Science and Technology,Point(-97.776136 30.541603),,http://www.txmost.org,"science museum in Cedar Park, Texas"
http://www.wikidata.org/entity/Q20858423,Texas Museum of Science and Technology,Point(-97.776136 30.541603),,http://www.txmost.org,"science museum in Cedar Park, Texas"
http://www.wikidata.org/entity/Q20858423,Texas Museum of Science and Technology,Point(-97.776136 30.541603),,http://www.txmost.org,"science museum in Cedar Park, Texas"
http://www.wikidata.org/entity/Q29470853,Walnut Creek Metropolitan Park,Point(-97.686 30.4),,,"park in Texas, United States of America, United States of America"
http://www.wikidata.org/entity/Q29470853,Walnut Creek Metropolitan Park,Point(-97.68251 30.39687),,,"park in Texas, United States of America, United States of America"
http://www.wikidata.org/entity/Q29470856,Bull Creek District Park,Point(-97.7846 30.3686),,,"park in Texas, United States of America"
http://www.wikidata.org/entity/Q31486583,Red and Charlie McCombs Field,Point(-97.724722222 30.280833333),,,"park in Travis County, Texas, United States of America"
http://www.wikidata.org/entity/Q31495478,Roy G Guerrero Colorado River Park,Point(-97.693611111 30.244444444),,,"park in Travis County, Texas, United States of America"
