catalog_id,provider_name,provider_type,passenger_search_fit,api_access_status,commercial_permission_status,recommended_wave,source_status,source,notes
1,ABX Air,iata_member_airline,review_required,not_verified_contact_required,not_verified_contact_required,research_backlog,official_iata_2026_member_list,https://www.iata.org/contentassets/c81222d96c9a4e0bb4ff6ced0126f0bb/iata-annual-review-2026.pdf,"Catalog inclusion is not API access, inventory permission, or ticketing authority."
2,Aegean Airlines,iata_member_airline,review_required,not_verified_contact_required,not_verified_contact_required,research_backlog,official_iata_2026_member_list,https://www.iata.org/contentassets/c81222d96c9a4e0bb4ff6ced0126f0bb/iata-annual-review-2026.pdf,"Catalog inclusion is not API access, inventory permission, or ticketing authority."
3,Aer Lingus,iata_member_airline,review_required,not_verified_contact_required,not_verified_contact_required,research_backlog,official_iata_2026_member_list,https://www.iata.org/contentassets/c81222d96c9a4e0bb4ff6ced0126f0bb/iata-annual-review-2026.pdf,"Catalog inclusion is not API access, inventory permission, or ticketing authority."
4,Aero Mongolia,iata_member_airline,review_required,not_verified_contact_required,not_verified_contact_required,research_backlog,official_iata_2026_member_list,https://www.iata.org/contentassets/c81222d96c9a4e0bb4ff6ced0126f0bb/iata-annual-review-2026.pdf,"Catalog inclusion is not API access, inventory permission, or ticketing authority."
5,Aero Republica,iata_member_airline,review_required,not_verified_contact_required,not_verified_contact_required,research_backlog,official_iata_2026_member_list,https://www.iata.org/contentassets/c81222d96c9a4e0bb4ff6ced0126f0bb/iata-annual-review-2026.pdf,"Catalog inclusion is not API access, inventory permission, or ticketing authority."
6,Aeroflot,iata_member_airline,review_required,not_verified_contact_required,not_verified_contact_required,research_backlog,official_iata_2026_member_list,https://www.iata.org/contentassets/c81222d96c9a4e0bb4ff6ced0126f0bb/iata-annual-review-2026.pdf,"Catalog inclusion is not API access, inventory permission, or ticketing authority."
7,Aeroitalia,iata_member_airline,review_required,not_verified_contact_required,not_verified_contact_required,research_backlog,official_iata_2026_member_list,https://www.iata.org/contentassets/c81222d96c9a4e0bb4ff6ced0126f0bb/iata-annual-review-2026.pdf,"Catalog inclusion is not API access, inventory permission, or ticketing authority."
8,Aerolineas Argentinas,iata_member_airline,review_required,not_verified_contact_required,not_verified_contact_required,research_backlog,official_iata_2026_member_list,https://www.iata.org/contentassets/c81222d96c9a4e0bb4ff6ced0126f0bb/iata-annual-review-2026.pdf,"Catalog inclusion is not API access, inventory permission, or ticketing authority."
9,Aeromexico,iata_member_airline,review_required,not_verified_contact_required,not_verified_contact_required,research_backlog,official_iata_2026_member_list,https://www.iata.org/contentassets/c81222d96c9a4e0bb4ff6ced0126f0bb/iata-annual-review-2026.pdf,"Catalog inclusion is not API access, inventory permission, or ticketing authority."
10,Africa World Airlines,iata_member_airline,review_required,not_verified_contact_required,not_verified_contact_required,research_backlog,official_iata_2026_member_list,https://www.iata.org/contentassets/c81222d96c9a4e0bb4ff6ced0126f0bb/iata-annual-review-2026.pdf,"Catalog inclusion is not API access, inventory permission, or ticketing authority."
11,Air Algerie,iata_member_airline,review_required,not_verified_contact_required,not_verified_contact_required,research_backlog,official_iata_2026_member_list,https://www.iata.org/contentassets/c81222d96c9a4e0bb4ff6ced0126f0bb/iata-annual-review-2026.pdf,"Catalog inclusion is not API access, inventory permission, or ticketing authority."
12,Air Arabia,iata_member_airline,review_required,not_verified_contact_required,not_verified_contact_required,research_backlog,official_iata_2026_member_list,https://www.iata.org/contentassets/c81222d96c9a4e0bb4ff6ced0126f0bb/iata-annual-review-2026.pdf,"Catalog inclusion is not API access, inventory permission, or ticketing authority."
13,Air Astana,iata_member_airline,review_required,not_verified_contact_required,not_verified_contact_required,research_backlog,official_iata_2026_member_list,https://www.iata.org/contentassets/c81222d96c9a4e0bb4ff6ced0126f0bb/iata-annual-review-2026.pdf,"Catalog inclusion is not API access, inventory permission, or ticketing authority."
14,Air Astra,iata_member_airline,review_required,not_verified_contact_required,not_verified_contact_required,research_backlog,official_iata_2026_member_list,https://www.iata.org/contentassets/c81222d96c9a4e0bb4ff6ced0126f0bb/iata-annual-review-2026.pdf,"Catalog inclusion is not API access, inventory permission, or ticketing authority."
15,Air Atlanta Icelandic,iata_member_airline,review_required,not_verified_contact_required,not_verified_contact_required,research_backlog,official_iata_2026_member_list,https://www.iata.org/contentassets/c81222d96c9a4e0bb4ff6ced0126f0bb/iata-annual-review-2026.pdf,"Catalog inclusion is not API access, inventory permission, or ticketing authority."
16,Air Austral,iata_member_airline,review_required,not_verified_contact_required,not_verified_contact_required,research_backlog,official_iata_2026_member_list,https://www.iata.org/contentassets/c81222d96c9a4e0bb4ff6ced0126f0bb/iata-annual-review-2026.pdf,"Catalog inclusion is not API access, inventory permission, or ticketing authority."
17,Air Baltic,iata_member_airline,review_required,not_verified_contact_required,not_verified_contact_required,research_backlog,official_iata_2026_member_list,https://www.iata.org/contentassets/c81222d96c9a4e0bb4ff6ced0126f0bb/iata-annual-review-2026.pdf,"Catalog inclusion is not API access, inventory permission, or ticketing authority."
18,Air Botswana,iata_member_airline,review_required,not_verified_contact_required,not_verified_contact_required,research_backlog,official_iata_2026_member_list,https://www.iata.org/contentassets/c81222d96c9a4e0bb4ff6ced0126f0bb/iata-annual-review-2026.pdf,"Catalog inclusion is not API access, inventory permission, or ticketing authority."
19,Air Cairo,iata_member_airline,review_required,not_verified_contact_required,not_verified_contact_required,research_backlog,official_iata_2026_member_list,https://www.iata.org/contentassets/c81222d96c9a4e0bb4ff6ced0126f0bb/iata-annual-review-2026.pdf,"Catalog inclusion is not API access, inventory permission, or ticketing authority."
20,Air Caledonie,iata_member_airline,review_required,not_verified_contact_required,not_verified_contact_required,research_backlog,official_iata_2026_member_list,https://www.iata.org/contentassets/c81222d96c9a4e0bb4ff6ced0126f0bb/iata-annual-review-2026.pdf,"Catalog inclusion is not API access, inventory permission, or ticketing authority."
21,Air Cambodia,iata_member_airline,review_required,not_verified_contact_required,not_verified_contact_required,research_backlog,official_iata_2026_member_list,https://www.iata.org/contentassets/c81222d96c9a4e0bb4ff6ced0126f0bb/iata-annual-review-2026.pdf,"Catalog inclusion is not API access, inventory permission, or ticketing authority."
22,Air Canada,iata_member_airline,review_required,not_verified_contact_required,not_verified_contact_required,research_backlog,official_iata_2026_member_list,https://www.iata.org/contentassets/c81222d96c9a4e0bb4ff6ced0126f0bb/iata-annual-review-2026.pdf,"Catalog inclusion is not API access, inventory permission, or ticketing authority."
23,Air Caraibes,iata_member_airline,review_required,not_verified_contact_required,not_verified_contact_required,research_backlog,official_iata_2026_member_list,https://www.iata.org/contentassets/c81222d96c9a4e0bb4ff6ced0126f0bb/iata-annual-review-2026.pdf,"Catalog inclusion is not API access, inventory permission, or ticketing authority."
24,Air Changan,iata_member_airline,review_required,not_verified_contact_required,not_verified_contact_required,research_backlog,official_iata_2026_member_list,https://www.iata.org/contentassets/c81222d96c9a4e0bb4ff6ced0126f0bb/iata-annual-review-2026.pdf,"Catalog inclusion is not API access, inventory permission, or ticketing authority."
25,Air China,iata_member_airline,review_required,not_verified_contact_required,not_verified_contact_required,research_backlog,official_iata_2026_member_list,https://www.iata.org/contentassets/c81222d96c9a4e0bb4ff6ced0126f0bb/iata-annual-review-2026.pdf,"Catalog inclusion is not API access, inventory permission, or ticketing authority."
26,Air Corsica,iata_member_airline,review_required,not_verified_contact_required,not_verified_contact_required,research_backlog,official_iata_2026_member_list,https://www.iata.org/contentassets/c81222d96c9a4e0bb4ff6ced0126f0bb/iata-annual-review-2026.pdf,"Catalog inclusion is not API access, inventory permission, or ticketing authority."
27,Air Dolomiti,iata_member_airline,review_required,not_verified_contact_required,not_verified_contact_required,research_backlog,official_iata_2026_member_list,https://www.iata.org/contentassets/c81222d96c9a4e0bb4ff6ced0126f0bb/iata-annual-review-2026.pdf,"Catalog inclusion is not API access, inventory permission, or ticketing authority."
28,Air Europa,iata_member_airline,review_required,not_verified_contact_required,not_verified_contact_required,research_backlog,official_iata_2026_member_list,https://www.iata.org/contentassets/c81222d96c9a4e0bb4ff6ced0126f0bb/iata-annual-review-2026.pdf,"Catalog inclusion is not API access, inventory permission, or ticketing authority."
29,Air France,iata_member_airline,review_required,not_verified_contact_required,not_verified_contact_required,research_backlog,official_iata_2026_member_list,https://www.iata.org/contentassets/c81222d96c9a4e0bb4ff6ced0126f0bb/iata-annual-review-2026.pdf,"Catalog inclusion is not API access, inventory permission, or ticketing authority."
30,Air Greenland,iata_member_airline,review_required,not_verified_contact_required,not_verified_contact_required,research_backlog,official_iata_2026_member_list,https://www.iata.org/contentassets/c81222d96c9a4e0bb4ff6ced0126f0bb/iata-annual-review-2026.pdf,"Catalog inclusion is not API access, inventory permission, or ticketing authority."
31,Air Guilin,iata_member_airline,review_required,not_verified_contact_required,not_verified_contact_required,research_backlog,official_iata_2026_member_list,https://www.iata.org/contentassets/c81222d96c9a4e0bb4ff6ced0126f0bb/iata-annual-review-2026.pdf,"Catalog inclusion is not API access, inventory permission, or ticketing authority."
32,Air Hong Kong,iata_member_airline,review_required,not_verified_contact_required,not_verified_contact_required,research_backlog,official_iata_2026_member_list,https://www.iata.org/contentassets/c81222d96c9a4e0bb4ff6ced0126f0bb/iata-annual-review-2026.pdf,"Catalog inclusion is not API access, inventory permission, or ticketing authority."
33,Air India,iata_member_airline,review_required,not_verified_contact_required,not_verified_contact_required,research_backlog,official_iata_2026_member_list,https://www.iata.org/contentassets/c81222d96c9a4e0bb4ff6ced0126f0bb/iata-annual-review-2026.pdf,"Catalog inclusion is not API access, inventory permission, or ticketing authority."
34,Air India Express,iata_member_airline,review_required,not_verified_contact_required,not_verified_contact_required,research_backlog,official_iata_2026_member_list,https://www.iata.org/contentassets/c81222d96c9a4e0bb4ff6ced0126f0bb/iata-annual-review-2026.pdf,"Catalog inclusion is not API access, inventory permission, or ticketing authority."
35,Air Koryo,iata_member_airline,review_required,not_verified_contact_required,not_verified_contact_required,research_backlog,official_iata_2026_member_list,https://www.iata.org/contentassets/c81222d96c9a4e0bb4ff6ced0126f0bb/iata-annual-review-2026.pdf,"Catalog inclusion is not API access, inventory permission, or ticketing authority."
36,Air Macau,iata_member_airline,review_required,not_verified_contact_required,not_verified_contact_required,research_backlog,official_iata_2026_member_list,https://www.iata.org/contentassets/c81222d96c9a4e0bb4ff6ced0126f0bb/iata-annual-review-2026.pdf,"Catalog inclusion is not API access, inventory permission, or ticketing authority."
37,Air Mauritius,iata_member_airline,review_required,not_verified_contact_required,not_verified_contact_required,research_backlog,official_iata_2026_member_list,https://www.iata.org/contentassets/c81222d96c9a4e0bb4ff6ced0126f0bb/iata-annual-review-2026.pdf,"Catalog inclusion is not API access, inventory permission, or ticketing authority."
38,Air Montenegro,iata_member_airline,review_required,not_verified_contact_required,not_verified_contact_required,research_backlog,official_iata_2026_member_list,https://www.iata.org/contentassets/c81222d96c9a4e0bb4ff6ced0126f0bb/iata-annual-review-2026.pdf,"Catalog inclusion is not API access, inventory permission, or ticketing authority."
39,Air New Zealand,iata_member_airline,review_required,not_verified_contact_required,not_verified_contact_required,research_backlog,official_iata_2026_member_list,https://www.iata.org/contentassets/c81222d96c9a4e0bb4ff6ced0126f0bb/iata-annual-review-2026.pdf,"Catalog inclusion is not API access, inventory permission, or ticketing authority."
40,Air Niugini,iata_member_airline,review_required,not_verified_contact_required,not_verified_contact_required,research_backlog,official_iata_2026_member_list,https://www.iata.org/contentassets/c81222d96c9a4e0bb4ff6ced0126f0bb/iata-annual-review-2026.pdf,"Catalog inclusion is not API access, inventory permission, or ticketing authority."
41,Air Nostrum,iata_member_airline,review_required,not_verified_contact_required,not_verified_contact_required,research_backlog,official_iata_2026_member_list,https://www.iata.org/contentassets/c81222d96c9a4e0bb4ff6ced0126f0bb/iata-annual-review-2026.pdf,"Catalog inclusion is not API access, inventory permission, or ticketing authority."
42,Air Peace,iata_member_airline,review_required,not_verified_contact_required,not_verified_contact_required,research_backlog,official_iata_2026_member_list,https://www.iata.org/contentassets/c81222d96c9a4e0bb4ff6ced0126f0bb/iata-annual-review-2026.pdf,"Catalog inclusion is not API access, inventory permission, or ticketing authority."
43,Air Premia,iata_member_airline,review_required,not_verified_contact_required,not_verified_contact_required,research_backlog,official_iata_2026_member_list,https://www.iata.org/contentassets/c81222d96c9a4e0bb4ff6ced0126f0bb/iata-annual-review-2026.pdf,"Catalog inclusion is not API access, inventory permission, or ticketing authority."
44,Air Senegal,iata_member_airline,review_required,not_verified_contact_required,not_verified_contact_required,research_backlog,official_iata_2026_member_list,https://www.iata.org/contentassets/c81222d96c9a4e0bb4ff6ced0126f0bb/iata-annual-review-2026.pdf,"Catalog inclusion is not API access, inventory permission, or ticketing authority."
45,Air Serbia,iata_member_airline,review_required,not_verified_contact_required,not_verified_contact_required,research_backlog,official_iata_2026_member_list,https://www.iata.org/contentassets/c81222d96c9a4e0bb4ff6ced0126f0bb/iata-annual-review-2026.pdf,"Catalog inclusion is not API access, inventory permission, or ticketing authority."
46,Air Seychelles,iata_member_airline,review_required,not_verified_contact_required,not_verified_contact_required,research_backlog,official_iata_2026_member_list,https://www.iata.org/contentassets/c81222d96c9a4e0bb4ff6ced0126f0bb/iata-annual-review-2026.pdf,"Catalog inclusion is not API access, inventory permission, or ticketing authority."
47,Air Tahiti,iata_member_airline,review_required,not_verified_contact_required,not_verified_contact_required,research_backlog,official_iata_2026_member_list,https://www.iata.org/contentassets/c81222d96c9a4e0bb4ff6ced0126f0bb/iata-annual-review-2026.pdf,"Catalog inclusion is not API access, inventory permission, or ticketing authority."
48,Air Tahiti Nui,iata_member_airline,review_required,not_verified_contact_required,not_verified_contact_required,research_backlog,official_iata_2026_member_list,https://www.iata.org/contentassets/c81222d96c9a4e0bb4ff6ced0126f0bb/iata-annual-review-2026.pdf,"Catalog inclusion is not API access, inventory permission, or ticketing authority."
49,Air Tanzania,iata_member_airline,review_required,not_verified_contact_required,not_verified_contact_required,research_backlog,official_iata_2026_member_list,https://www.iata.org/contentassets/c81222d96c9a4e0bb4ff6ced0126f0bb/iata-annual-review-2026.pdf,"Catalog inclusion is not API access, inventory permission, or ticketing authority."
50,Air Transat,iata_member_airline,review_required,not_verified_contact_required,not_verified_contact_required,research_backlog,official_iata_2026_member_list,https://www.iata.org/contentassets/c81222d96c9a4e0bb4ff6ced0126f0bb/iata-annual-review-2026.pdf,"Catalog inclusion is not API access, inventory permission, or ticketing authority."
51,Air Vanuatu,iata_member_airline,review_required,not_verified_contact_required,not_verified_contact_required,research_backlog,official_iata_2026_member_list,https://www.iata.org/contentassets/c81222d96c9a4e0bb4ff6ced0126f0bb/iata-annual-review-2026.pdf,"Catalog inclusion is not API access, inventory permission, or ticketing authority."
52,Aircalin,iata_member_airline,review_required,not_verified_contact_required,not_verified_contact_required,research_backlog,official_iata_2026_member_list,https://www.iata.org/contentassets/c81222d96c9a4e0bb4ff6ced0126f0bb/iata-annual-review-2026.pdf,"Catalog inclusion is not API access, inventory permission, or ticketing authority."
53,Airhub Airlines,iata_member_airline,review_required,not_verified_contact_required,not_verified_contact_required,research_backlog,official_iata_2026_member_list,https://www.iata.org/contentassets/c81222d96c9a4e0bb4ff6ced0126f0bb/iata-annual-review-2026.pdf,"Catalog inclusion is not API access, inventory permission, or ticketing authority."
54,Airline Geosky,iata_member_airline,review_required,not_verified_contact_required,not_verified_contact_required,research_backlog,official_iata_2026_member_list,https://www.iata.org/contentassets/c81222d96c9a4e0bb4ff6ced0126f0bb/iata-annual-review-2026.pdf,"Catalog inclusion is not API access, inventory permission, or ticketing authority."
55,Airlink,iata_member_airline,review_required,not_verified_contact_required,not_verified_contact_required,research_backlog,official_iata_2026_member_list,https://www.iata.org/contentassets/c81222d96c9a4e0bb4ff6ced0126f0bb/iata-annual-review-2026.pdf,"Catalog inclusion is not API access, inventory permission, or ticketing authority."
56,AIRZETA,iata_member_airline,review_required,not_verified_contact_required,not_verified_contact_required,research_backlog,official_iata_2026_member_list,https://www.iata.org/contentassets/c81222d96c9a4e0bb4ff6ced0126f0bb/iata-annual-review-2026.pdf,"Catalog inclusion is not API access, inventory permission, or ticketing authority."
57,AJet,iata_member_airline,review_required,not_verified_contact_required,not_verified_contact_required,research_backlog,official_iata_2026_member_list,https://www.iata.org/contentassets/c81222d96c9a4e0bb4ff6ced0126f0bb/iata-annual-review-2026.pdf,"Catalog inclusion is not API access, inventory permission, or ticketing authority."
58,Akasa Air,iata_member_airline,review_required,not_verified_contact_required,not_verified_contact_required,research_backlog,official_iata_2026_member_list,https://www.iata.org/contentassets/c81222d96c9a4e0bb4ff6ced0126f0bb/iata-annual-review-2026.pdf,"Catalog inclusion is not API access, inventory permission, or ticketing authority."
59,Alaska Airlines,iata_member_airline,review_required,not_verified_contact_required,not_verified_contact_required,research_backlog,official_iata_2026_member_list,https://www.iata.org/contentassets/c81222d96c9a4e0bb4ff6ced0126f0bb/iata-annual-review-2026.pdf,"Catalog inclusion is not API access, inventory permission, or ticketing authority."
60,Albastar,iata_member_airline,review_required,not_verified_contact_required,not_verified_contact_required,research_backlog,official_iata_2026_member_list,https://www.iata.org/contentassets/c81222d96c9a4e0bb4ff6ced0126f0bb/iata-annual-review-2026.pdf,"Catalog inclusion is not API access, inventory permission, or ticketing authority."
61,AlMasria Universal Airlines,iata_member_airline,review_required,not_verified_contact_required,not_verified_contact_required,research_backlog,official_iata_2026_member_list,https://www.iata.org/contentassets/c81222d96c9a4e0bb4ff6ced0126f0bb/iata-annual-review-2026.pdf,"Catalog inclusion is not API access, inventory permission, or ticketing authority."
62,Amelia (Regourd Aviation),iata_member_airline,review_required,not_verified_contact_required,not_verified_contact_required,research_backlog,official_iata_2026_member_list,https://www.iata.org/contentassets/c81222d96c9a4e0bb4ff6ced0126f0bb/iata-annual-review-2026.pdf,"Catalog inclusion is not API access, inventory permission, or ticketing authority."
63,American Airlines,iata_member_airline,review_required,not_verified_contact_required,not_verified_contact_required,research_backlog,official_iata_2026_member_list,https://www.iata.org/contentassets/c81222d96c9a4e0bb4ff6ced0126f0bb/iata-annual-review-2026.pdf,"Catalog inclusion is not API access, inventory permission, or ticketing authority."
64,ANA,iata_member_airline,review_required,not_verified_contact_required,not_verified_contact_required,research_backlog,official_iata_2026_member_list,https://www.iata.org/contentassets/c81222d96c9a4e0bb4ff6ced0126f0bb/iata-annual-review-2026.pdf,"Catalog inclusion is not API access, inventory permission, or ticketing authority."
65,APG Airlines,iata_member_airline,review_required,not_verified_contact_required,not_verified_contact_required,research_backlog,official_iata_2026_member_list,https://www.iata.org/contentassets/c81222d96c9a4e0bb4ff6ced0126f0bb/iata-annual-review-2026.pdf,"Catalog inclusion is not API access, inventory permission, or ticketing authority."
66,Arajet,iata_member_airline,review_required,not_verified_contact_required,not_verified_contact_required,research_backlog,official_iata_2026_member_list,https://www.iata.org/contentassets/c81222d96c9a4e0bb4ff6ced0126f0bb/iata-annual-review-2026.pdf,"Catalog inclusion is not API access, inventory permission, or ticketing authority."
67,Arkia Israeli Airlines,iata_member_airline,review_required,not_verified_contact_required,not_verified_contact_required,research_backlog,official_iata_2026_member_list,https://www.iata.org/contentassets/c81222d96c9a4e0bb4ff6ced0126f0bb/iata-annual-review-2026.pdf,"Catalog inclusion is not API access, inventory permission, or ticketing authority."
68,Asiana Airlines,iata_member_airline,review_required,not_verified_contact_required,not_verified_contact_required,research_backlog,official_iata_2026_member_list,https://www.iata.org/contentassets/c81222d96c9a4e0bb4ff6ced0126f0bb/iata-annual-review-2026.pdf,"Catalog inclusion is not API access, inventory permission, or ticketing authority."
69,ASKY,iata_member_airline,review_required,not_verified_contact_required,not_verified_contact_required,research_backlog,official_iata_2026_member_list,https://www.iata.org/contentassets/c81222d96c9a4e0bb4ff6ced0126f0bb/iata-annual-review-2026.pdf,"Catalog inclusion is not API access, inventory permission, or ticketing authority."
70,ASL Airlines Belgium,iata_member_airline,review_required,not_verified_contact_required,not_verified_contact_required,research_backlog,official_iata_2026_member_list,https://www.iata.org/contentassets/c81222d96c9a4e0bb4ff6ced0126f0bb/iata-annual-review-2026.pdf,"Catalog inclusion is not API access, inventory permission, or ticketing authority."
71,ASL Airlines France,iata_member_airline,review_required,not_verified_contact_required,not_verified_contact_required,research_backlog,official_iata_2026_member_list,https://www.iata.org/contentassets/c81222d96c9a4e0bb4ff6ced0126f0bb/iata-annual-review-2026.pdf,"Catalog inclusion is not API access, inventory permission, or ticketing authority."
72,ASL Airlines Ireland,iata_member_airline,review_required,not_verified_contact_required,not_verified_contact_required,research_backlog,official_iata_2026_member_list,https://www.iata.org/contentassets/c81222d96c9a4e0bb4ff6ced0126f0bb/iata-annual-review-2026.pdf,"Catalog inclusion is not API access, inventory permission, or ticketing authority."
73,Atlantic Airways,iata_member_airline,review_required,not_verified_contact_required,not_verified_contact_required,research_backlog,official_iata_2026_member_list,https://www.iata.org/contentassets/c81222d96c9a4e0bb4ff6ced0126f0bb/iata-annual-review-2026.pdf,"Catalog inclusion is not API access, inventory permission, or ticketing authority."
74,Atlas Air,iata_member_airline,review_required,not_verified_contact_required,not_verified_contact_required,research_backlog,official_iata_2026_member_list,https://www.iata.org/contentassets/c81222d96c9a4e0bb4ff6ced0126f0bb/iata-annual-review-2026.pdf,"Catalog inclusion is not API access, inventory permission, or ticketing authority."
75,Austrian,iata_member_airline,review_required,not_verified_contact_required,not_verified_contact_required,research_backlog,official_iata_2026_member_list,https://www.iata.org/contentassets/c81222d96c9a4e0bb4ff6ced0126f0bb/iata-annual-review-2026.pdf,"Catalog inclusion is not API access, inventory permission, or ticketing authority."
76,Avianca,iata_member_airline,review_required,not_verified_contact_required,not_verified_contact_required,research_backlog,official_iata_2026_member_list,https://www.iata.org/contentassets/c81222d96c9a4e0bb4ff6ced0126f0bb/iata-annual-review-2026.pdf,"Catalog inclusion is not API access, inventory permission, or ticketing authority."
77,Avianca Costa Rica,iata_member_airline,review_required,not_verified_contact_required,not_verified_contact_required,research_backlog,official_iata_2026_member_list,https://www.iata.org/contentassets/c81222d96c9a4e0bb4ff6ced0126f0bb/iata-annual-review-2026.pdf,"Catalog inclusion is not API access, inventory permission, or ticketing authority."
78,Avianca Ecuador,iata_member_airline,review_required,not_verified_contact_required,not_verified_contact_required,research_backlog,official_iata_2026_member_list,https://www.iata.org/contentassets/c81222d96c9a4e0bb4ff6ced0126f0bb/iata-annual-review-2026.pdf,"Catalog inclusion is not API access, inventory permission, or ticketing authority."
79,Avion Express,iata_member_airline,review_required,not_verified_contact_required,not_verified_contact_required,research_backlog,official_iata_2026_member_list,https://www.iata.org/contentassets/c81222d96c9a4e0bb4ff6ced0126f0bb/iata-annual-review-2026.pdf,"Catalog inclusion is not API access, inventory permission, or ticketing authority."
80,Avion Express Malta,iata_member_airline,review_required,not_verified_contact_required,not_verified_contact_required,research_backlog,official_iata_2026_member_list,https://www.iata.org/contentassets/c81222d96c9a4e0bb4ff6ced0126f0bb/iata-annual-review-2026.pdf,"Catalog inclusion is not API access, inventory permission, or ticketing authority."
81,Azerbaijan Airlines,iata_member_airline,review_required,not_verified_contact_required,not_verified_contact_required,research_backlog,official_iata_2026_member_list,https://www.iata.org/contentassets/c81222d96c9a4e0bb4ff6ced0126f0bb/iata-annual-review-2026.pdf,"Catalog inclusion is not API access, inventory permission, or ticketing authority."
82,Azores Airlines,iata_member_airline,review_required,not_verified_contact_required,not_verified_contact_required,research_backlog,official_iata_2026_member_list,https://www.iata.org/contentassets/c81222d96c9a4e0bb4ff6ced0126f0bb/iata-annual-review-2026.pdf,"Catalog inclusion is not API access, inventory permission, or ticketing authority."
83,Azul Brazilian Airlines,iata_member_airline,review_required,not_verified_contact_required,not_verified_contact_required,research_backlog,official_iata_2026_member_list,https://www.iata.org/contentassets/c81222d96c9a4e0bb4ff6ced0126f0bb/iata-annual-review-2026.pdf,"Catalog inclusion is not API access, inventory permission, or ticketing authority."
84,Badr Airlines,iata_member_airline,review_required,not_verified_contact_required,not_verified_contact_required,research_backlog,official_iata_2026_member_list,https://www.iata.org/contentassets/c81222d96c9a4e0bb4ff6ced0126f0bb/iata-annual-review-2026.pdf,"Catalog inclusion is not API access, inventory permission, or ticketing authority."
85,Bahamasair,iata_member_airline,review_required,not_verified_contact_required,not_verified_contact_required,research_backlog,official_iata_2026_member_list,https://www.iata.org/contentassets/c81222d96c9a4e0bb4ff6ced0126f0bb/iata-annual-review-2026.pdf,"Catalog inclusion is not API access, inventory permission, or ticketing authority."
86,Bamboo Airways,iata_member_airline,review_required,not_verified_contact_required,not_verified_contact_required,research_backlog,official_iata_2026_member_list,https://www.iata.org/contentassets/c81222d96c9a4e0bb4ff6ced0126f0bb/iata-annual-review-2026.pdf,"Catalog inclusion is not API access, inventory permission, or ticketing authority."
87,Bangkok Airways,iata_member_airline,review_required,not_verified_contact_required,not_verified_contact_required,research_backlog,official_iata_2026_member_list,https://www.iata.org/contentassets/c81222d96c9a4e0bb4ff6ced0126f0bb/iata-annual-review-2026.pdf,"Catalog inclusion is not API access, inventory permission, or ticketing authority."
88,Batik Air,iata_member_airline,review_required,not_verified_contact_required,not_verified_contact_required,research_backlog,official_iata_2026_member_list,https://www.iata.org/contentassets/c81222d96c9a4e0bb4ff6ced0126f0bb/iata-annual-review-2026.pdf,"Catalog inclusion is not API access, inventory permission, or ticketing authority."
89,Batik Air Malaysia,iata_member_airline,review_required,not_verified_contact_required,not_verified_contact_required,research_backlog,official_iata_2026_member_list,https://www.iata.org/contentassets/c81222d96c9a4e0bb4ff6ced0126f0bb/iata-annual-review-2026.pdf,"Catalog inclusion is not API access, inventory permission, or ticketing authority."
90,BBN Airlines,iata_member_airline,review_required,not_verified_contact_required,not_verified_contact_required,research_backlog,official_iata_2026_member_list,https://www.iata.org/contentassets/c81222d96c9a4e0bb4ff6ced0126f0bb/iata-annual-review-2026.pdf,"Catalog inclusion is not API access, inventory permission, or ticketing authority."
91,Belavia Belarusian Airlines,iata_member_airline,review_required,not_verified_contact_required,not_verified_contact_required,research_backlog,official_iata_2026_member_list,https://www.iata.org/contentassets/c81222d96c9a4e0bb4ff6ced0126f0bb/iata-annual-review-2026.pdf,"Catalog inclusion is not API access, inventory permission, or ticketing authority."
92,Biman Bangladesh Airlines,iata_member_airline,review_required,not_verified_contact_required,not_verified_contact_required,research_backlog,official_iata_2026_member_list,https://www.iata.org/contentassets/c81222d96c9a4e0bb4ff6ced0126f0bb/iata-annual-review-2026.pdf,"Catalog inclusion is not API access, inventory permission, or ticketing authority."
93,Binter Canarias,iata_member_airline,review_required,not_verified_contact_required,not_verified_contact_required,research_backlog,official_iata_2026_member_list,https://www.iata.org/contentassets/c81222d96c9a4e0bb4ff6ced0126f0bb/iata-annual-review-2026.pdf,"Catalog inclusion is not API access, inventory permission, or ticketing authority."
94,Blue Bird Airways,iata_member_airline,review_required,not_verified_contact_required,not_verified_contact_required,research_backlog,official_iata_2026_member_list,https://www.iata.org/contentassets/c81222d96c9a4e0bb4ff6ced0126f0bb/iata-annual-review-2026.pdf,"Catalog inclusion is not API access, inventory permission, or ticketing authority."
95,BoA Boliviana de Aviacion,iata_member_airline,review_required,not_verified_contact_required,not_verified_contact_required,research_backlog,official_iata_2026_member_list,https://www.iata.org/contentassets/c81222d96c9a4e0bb4ff6ced0126f0bb/iata-annual-review-2026.pdf,"Catalog inclusion is not API access, inventory permission, or ticketing authority."
96,Braathens Regional Airways,iata_member_airline,review_required,not_verified_contact_required,not_verified_contact_required,research_backlog,official_iata_2026_member_list,https://www.iata.org/contentassets/c81222d96c9a4e0bb4ff6ced0126f0bb/iata-annual-review-2026.pdf,"Catalog inclusion is not API access, inventory permission, or ticketing authority."
97,British Airways,iata_member_airline,review_required,not_verified_contact_required,not_verified_contact_required,research_backlog,official_iata_2026_member_list,https://www.iata.org/contentassets/c81222d96c9a4e0bb4ff6ced0126f0bb/iata-annual-review-2026.pdf,"Catalog inclusion is not API access, inventory permission, or ticketing authority."
98,Brussels Airlines,iata_member_airline,review_required,not_verified_contact_required,not_verified_contact_required,research_backlog,official_iata_2026_member_list,https://www.iata.org/contentassets/c81222d96c9a4e0bb4ff6ced0126f0bb/iata-annual-review-2026.pdf,"Catalog inclusion is not API access, inventory permission, or ticketing authority."
99,Bulgaria Air,iata_member_airline,review_required,not_verified_contact_required,not_verified_contact_required,research_backlog,official_iata_2026_member_list,https://www.iata.org/contentassets/c81222d96c9a4e0bb4ff6ced0126f0bb/iata-annual-review-2026.pdf,"Catalog inclusion is not API access, inventory permission, or ticketing authority."
100,Camair-Co,iata_member_airline,review_required,not_verified_contact_required,not_verified_contact_required,research_backlog,official_iata_2026_member_list,https://www.iata.org/contentassets/c81222d96c9a4e0bb4ff6ced0126f0bb/iata-annual-review-2026.pdf,"Catalog inclusion is not API access, inventory permission, or ticketing authority."
101,Capital Airlines,iata_member_airline,review_required,not_verified_contact_required,not_verified_contact_required,research_backlog,official_iata_2026_member_list,https://www.iata.org/contentassets/c81222d96c9a4e0bb4ff6ced0126f0bb/iata-annual-review-2026.pdf,"Catalog inclusion is not API access, inventory permission, or ticketing authority."
102,Cargojet Airways,iata_member_airline,unlikely_cargo_only,not_verified_contact_required,not_verified_contact_required,research_backlog,official_iata_2026_member_list,https://www.iata.org/contentassets/c81222d96c9a4e0bb4ff6ced0126f0bb/iata-annual-review-2026.pdf,"Catalog inclusion is not API access, inventory permission, or ticketing authority."
103,Cargolux,iata_member_airline,unlikely_cargo_only,not_verified_contact_required,not_verified_contact_required,research_backlog,official_iata_2026_member_list,https://www.iata.org/contentassets/c81222d96c9a4e0bb4ff6ced0126f0bb/iata-annual-review-2026.pdf,"Catalog inclusion is not API access, inventory permission, or ticketing authority."
104,Caribbean Airlines,iata_member_airline,review_required,not_verified_contact_required,not_verified_contact_required,research_backlog,official_iata_2026_member_list,https://www.iata.org/contentassets/c81222d96c9a4e0bb4ff6ced0126f0bb/iata-annual-review-2026.pdf,"Catalog inclusion is not API access, inventory permission, or ticketing authority."
105,Carpatair,iata_member_airline,review_required,not_verified_contact_required,not_verified_contact_required,research_backlog,official_iata_2026_member_list,https://www.iata.org/contentassets/c81222d96c9a4e0bb4ff6ced0126f0bb/iata-annual-review-2026.pdf,"Catalog inclusion is not API access, inventory permission, or ticketing authority."
106,Cathay Pacific,iata_member_airline,review_required,not_verified_contact_required,not_verified_contact_required,research_backlog,official_iata_2026_member_list,https://www.iata.org/contentassets/c81222d96c9a4e0bb4ff6ced0126f0bb/iata-annual-review-2026.pdf,"Catalog inclusion is not API access, inventory permission, or ticketing authority."
107,Cebu Pacific,iata_member_airline,review_required,not_verified_contact_required,not_verified_contact_required,research_backlog,official_iata_2026_member_list,https://www.iata.org/contentassets/c81222d96c9a4e0bb4ff6ced0126f0bb/iata-annual-review-2026.pdf,"Catalog inclusion is not API access, inventory permission, or ticketing authority."
108,CemAir,iata_member_airline,review_required,not_verified_contact_required,not_verified_contact_required,research_backlog,official_iata_2026_member_list,https://www.iata.org/contentassets/c81222d96c9a4e0bb4ff6ced0126f0bb/iata-annual-review-2026.pdf,"Catalog inclusion is not API access, inventory permission, or ticketing authority."
109,Chair Airlines,iata_member_airline,review_required,not_verified_contact_required,not_verified_contact_required,research_backlog,official_iata_2026_member_list,https://www.iata.org/contentassets/c81222d96c9a4e0bb4ff6ced0126f0bb/iata-annual-review-2026.pdf,"Catalog inclusion is not API access, inventory permission, or ticketing authority."
110,Chalair,iata_member_airline,review_required,not_verified_contact_required,not_verified_contact_required,research_backlog,official_iata_2026_member_list,https://www.iata.org/contentassets/c81222d96c9a4e0bb4ff6ced0126f0bb/iata-annual-review-2026.pdf,"Catalog inclusion is not API access, inventory permission, or ticketing authority."
111,Challenge Airlines (BE),iata_member_airline,review_required,not_verified_contact_required,not_verified_contact_required,research_backlog,official_iata_2026_member_list,https://www.iata.org/contentassets/c81222d96c9a4e0bb4ff6ced0126f0bb/iata-annual-review-2026.pdf,"Catalog inclusion is not API access, inventory permission, or ticketing authority."
112,Challenge Airlines (IL),iata_member_airline,review_required,not_verified_contact_required,not_verified_contact_required,research_backlog,official_iata_2026_member_list,https://www.iata.org/contentassets/c81222d96c9a4e0bb4ff6ced0126f0bb/iata-annual-review-2026.pdf,"Catalog inclusion is not API access, inventory permission, or ticketing authority."
113,Chengdu Airlines,iata_member_airline,review_required,not_verified_contact_required,not_verified_contact_required,research_backlog,official_iata_2026_member_list,https://www.iata.org/contentassets/c81222d96c9a4e0bb4ff6ced0126f0bb/iata-annual-review-2026.pdf,"Catalog inclusion is not API access, inventory permission, or ticketing authority."
114,China Airlines,iata_member_airline,review_required,not_verified_contact_required,not_verified_contact_required,research_backlog,official_iata_2026_member_list,https://www.iata.org/contentassets/c81222d96c9a4e0bb4ff6ced0126f0bb/iata-annual-review-2026.pdf,"Catalog inclusion is not API access, inventory permission, or ticketing authority."
115,China Cargo Airlines,iata_member_airline,unlikely_cargo_only,not_verified_contact_required,not_verified_contact_required,research_backlog,official_iata_2026_member_list,https://www.iata.org/contentassets/c81222d96c9a4e0bb4ff6ced0126f0bb/iata-annual-review-2026.pdf,"Catalog inclusion is not API access, inventory permission, or ticketing authority."
116,China Eastern,iata_member_airline,review_required,not_verified_contact_required,not_verified_contact_required,research_backlog,official_iata_2026_member_list,https://www.iata.org/contentassets/c81222d96c9a4e0bb4ff6ced0126f0bb/iata-annual-review-2026.pdf,"Catalog inclusion is not API access, inventory permission, or ticketing authority."
117,China Express Airlines,iata_member_airline,review_required,not_verified_contact_required,not_verified_contact_required,research_backlog,official_iata_2026_member_list,https://www.iata.org/contentassets/c81222d96c9a4e0bb4ff6ced0126f0bb/iata-annual-review-2026.pdf,"Catalog inclusion is not API access, inventory permission, or ticketing authority."
118,China Postal Airlines,iata_member_airline,unlikely_cargo_only,not_verified_contact_required,not_verified_contact_required,research_backlog,official_iata_2026_member_list,https://www.iata.org/contentassets/c81222d96c9a4e0bb4ff6ced0126f0bb/iata-annual-review-2026.pdf,"Catalog inclusion is not API access, inventory permission, or ticketing authority."
119,China Southern Airlines,iata_member_airline,review_required,not_verified_contact_required,not_verified_contact_required,research_backlog,official_iata_2026_member_list,https://www.iata.org/contentassets/c81222d96c9a4e0bb4ff6ced0126f0bb/iata-annual-review-2026.pdf,"Catalog inclusion is not API access, inventory permission, or ticketing authority."
120,China United Airlines,iata_member_airline,review_required,not_verified_contact_required,not_verified_contact_required,research_backlog,official_iata_2026_member_list,https://www.iata.org/contentassets/c81222d96c9a4e0bb4ff6ced0126f0bb/iata-annual-review-2026.pdf,"Catalog inclusion is not API access, inventory permission, or ticketing authority."
121,Citilink,iata_member_airline,review_required,not_verified_contact_required,not_verified_contact_required,research_backlog,official_iata_2026_member_list,https://www.iata.org/contentassets/c81222d96c9a4e0bb4ff6ced0126f0bb/iata-annual-review-2026.pdf,"Catalog inclusion is not API access, inventory permission, or ticketing authority."
122,CityJet,iata_member_airline,review_required,not_verified_contact_required,not_verified_contact_required,research_backlog,official_iata_2026_member_list,https://www.iata.org/contentassets/c81222d96c9a4e0bb4ff6ced0126f0bb/iata-annual-review-2026.pdf,"Catalog inclusion is not API access, inventory permission, or ticketing authority."
123,Clic Air,iata_member_airline,review_required,not_verified_contact_required,not_verified_contact_required,research_backlog,official_iata_2026_member_list,https://www.iata.org/contentassets/c81222d96c9a4e0bb4ff6ced0126f0bb/iata-annual-review-2026.pdf,"Catalog inclusion is not API access, inventory permission, or ticketing authority."
124,Condor,iata_member_airline,review_required,not_verified_contact_required,not_verified_contact_required,research_backlog,official_iata_2026_member_list,https://www.iata.org/contentassets/c81222d96c9a4e0bb4ff6ced0126f0bb/iata-annual-review-2026.pdf,"Catalog inclusion is not API access, inventory permission, or ticketing authority."
125,Copa Airlines,iata_member_airline,review_required,not_verified_contact_required,not_verified_contact_required,research_backlog,official_iata_2026_member_list,https://www.iata.org/contentassets/c81222d96c9a4e0bb4ff6ced0126f0bb/iata-annual-review-2026.pdf,"Catalog inclusion is not API access, inventory permission, or ticketing authority."
126,Corendon Airlines,iata_member_airline,review_required,not_verified_contact_required,not_verified_contact_required,research_backlog,official_iata_2026_member_list,https://www.iata.org/contentassets/c81222d96c9a4e0bb4ff6ced0126f0bb/iata-annual-review-2026.pdf,"Catalog inclusion is not API access, inventory permission, or ticketing authority."
127,Corsair International,iata_member_airline,review_required,not_verified_contact_required,not_verified_contact_required,research_backlog,official_iata_2026_member_list,https://www.iata.org/contentassets/c81222d96c9a4e0bb4ff6ced0126f0bb/iata-annual-review-2026.pdf,"Catalog inclusion is not API access, inventory permission, or ticketing authority."
128,Croatia Airlines,iata_member_airline,review_required,not_verified_contact_required,not_verified_contact_required,research_backlog,official_iata_2026_member_list,https://www.iata.org/contentassets/c81222d96c9a4e0bb4ff6ced0126f0bb/iata-annual-review-2026.pdf,"Catalog inclusion is not API access, inventory permission, or ticketing authority."
129,Cubana,iata_member_airline,review_required,not_verified_contact_required,not_verified_contact_required,research_backlog,official_iata_2026_member_list,https://www.iata.org/contentassets/c81222d96c9a4e0bb4ff6ced0126f0bb/iata-annual-review-2026.pdf,"Catalog inclusion is not API access, inventory permission, or ticketing authority."
130,Cyprus Airways,iata_member_airline,review_required,not_verified_contact_required,not_verified_contact_required,research_backlog,official_iata_2026_member_list,https://www.iata.org/contentassets/c81222d96c9a4e0bb4ff6ced0126f0bb/iata-annual-review-2026.pdf,"Catalog inclusion is not API access, inventory permission, or ticketing authority."
131,DAN AIR,iata_member_airline,review_required,not_verified_contact_required,not_verified_contact_required,research_backlog,official_iata_2026_member_list,https://www.iata.org/contentassets/c81222d96c9a4e0bb4ff6ced0126f0bb/iata-annual-review-2026.pdf,"Catalog inclusion is not API access, inventory permission, or ticketing authority."
132,DAT (LT),iata_member_airline,review_required,not_verified_contact_required,not_verified_contact_required,research_backlog,official_iata_2026_member_list,https://www.iata.org/contentassets/c81222d96c9a4e0bb4ff6ced0126f0bb/iata-annual-review-2026.pdf,"Catalog inclusion is not API access, inventory permission, or ticketing authority."
133,Delta Air Lines,iata_member_airline,review_required,not_verified_contact_required,not_verified_contact_required,research_backlog,official_iata_2026_member_list,https://www.iata.org/contentassets/c81222d96c9a4e0bb4ff6ced0126f0bb/iata-annual-review-2026.pdf,"Catalog inclusion is not API access, inventory permission, or ticketing authority."
134,DHL Air,iata_member_airline,unlikely_cargo_only,not_verified_contact_required,not_verified_contact_required,research_backlog,official_iata_2026_member_list,https://www.iata.org/contentassets/c81222d96c9a4e0bb4ff6ced0126f0bb/iata-annual-review-2026.pdf,"Catalog inclusion is not API access, inventory permission, or ticketing authority."
135,DHL Air (Bahrain),iata_member_airline,unlikely_cargo_only,not_verified_contact_required,not_verified_contact_required,research_backlog,official_iata_2026_member_list,https://www.iata.org/contentassets/c81222d96c9a4e0bb4ff6ced0126f0bb/iata-annual-review-2026.pdf,"Catalog inclusion is not API access, inventory permission, or ticketing authority."
136,Discover Airlines,iata_member_airline,review_required,not_verified_contact_required,not_verified_contact_required,research_backlog,official_iata_2026_member_list,https://www.iata.org/contentassets/c81222d96c9a4e0bb4ff6ced0126f0bb/iata-annual-review-2026.pdf,"Catalog inclusion is not API access, inventory permission, or ticketing authority."
137,Domestic Airlines,iata_member_airline,review_required,not_verified_contact_required,not_verified_contact_required,research_backlog,official_iata_2026_member_list,https://www.iata.org/contentassets/c81222d96c9a4e0bb4ff6ced0126f0bb/iata-annual-review-2026.pdf,"Catalog inclusion is not API access, inventory permission, or ticketing authority."
138,Eastar Jet,iata_member_airline,review_required,not_verified_contact_required,not_verified_contact_required,research_backlog,official_iata_2026_member_list,https://www.iata.org/contentassets/c81222d96c9a4e0bb4ff6ced0126f0bb/iata-annual-review-2026.pdf,"Catalog inclusion is not API access, inventory permission, or ticketing authority."
139,Eastern Airlines,iata_member_airline,review_required,not_verified_contact_required,not_verified_contact_required,research_backlog,official_iata_2026_member_list,https://www.iata.org/contentassets/c81222d96c9a4e0bb4ff6ced0126f0bb/iata-annual-review-2026.pdf,"Catalog inclusion is not API access, inventory permission, or ticketing authority."
140,Edelweiss Air,iata_member_airline,review_required,not_verified_contact_required,not_verified_contact_required,research_backlog,official_iata_2026_member_list,https://www.iata.org/contentassets/c81222d96c9a4e0bb4ff6ced0126f0bb/iata-annual-review-2026.pdf,"Catalog inclusion is not API access, inventory permission, or ticketing authority."
141,Egyptair,iata_member_airline,review_required,not_verified_contact_required,not_verified_contact_required,research_backlog,official_iata_2026_member_list,https://www.iata.org/contentassets/c81222d96c9a4e0bb4ff6ced0126f0bb/iata-annual-review-2026.pdf,"Catalog inclusion is not API access, inventory permission, or ticketing authority."
142,EL AL,iata_member_airline,review_required,not_verified_contact_required,not_verified_contact_required,research_backlog,official_iata_2026_member_list,https://www.iata.org/contentassets/c81222d96c9a4e0bb4ff6ced0126f0bb/iata-annual-review-2026.pdf,"Catalog inclusion is not API access, inventory permission, or ticketing authority."
143,Electra Airways,iata_member_airline,review_required,not_verified_contact_required,not_verified_contact_required,research_backlog,official_iata_2026_member_list,https://www.iata.org/contentassets/c81222d96c9a4e0bb4ff6ced0126f0bb/iata-annual-review-2026.pdf,"Catalog inclusion is not API access, inventory permission, or ticketing authority."
144,Emirates,iata_member_airline,review_required,not_verified_contact_required,not_verified_contact_required,research_backlog,official_iata_2026_member_list,https://www.iata.org/contentassets/c81222d96c9a4e0bb4ff6ced0126f0bb/iata-annual-review-2026.pdf,"Catalog inclusion is not API access, inventory permission, or ticketing authority."
145,Estafeta Cargo,iata_member_airline,unlikely_cargo_only,not_verified_contact_required,not_verified_contact_required,research_backlog,official_iata_2026_member_list,https://www.iata.org/contentassets/c81222d96c9a4e0bb4ff6ced0126f0bb/iata-annual-review-2026.pdf,"Catalog inclusion is not API access, inventory permission, or ticketing authority."
146,Ethiopian Airlines,iata_member_airline,review_required,not_verified_contact_required,not_verified_contact_required,research_backlog,official_iata_2026_member_list,https://www.iata.org/contentassets/c81222d96c9a4e0bb4ff6ced0126f0bb/iata-annual-review-2026.pdf,"Catalog inclusion is not API access, inventory permission, or ticketing authority."
147,Etihad Airways,iata_member_airline,review_required,not_verified_contact_required,not_verified_contact_required,research_backlog,official_iata_2026_member_list,https://www.iata.org/contentassets/c81222d96c9a4e0bb4ff6ced0126f0bb/iata-annual-review-2026.pdf,"Catalog inclusion is not API access, inventory permission, or ticketing authority."
148,EuroAtlantic Airways,iata_member_airline,review_required,not_verified_contact_required,not_verified_contact_required,research_backlog,official_iata_2026_member_list,https://www.iata.org/contentassets/c81222d96c9a4e0bb4ff6ced0126f0bb/iata-annual-review-2026.pdf,"Catalog inclusion is not API access, inventory permission, or ticketing authority."
149,European Air Transport,iata_member_airline,review_required,not_verified_contact_required,not_verified_contact_required,research_backlog,official_iata_2026_member_list,https://www.iata.org/contentassets/c81222d96c9a4e0bb4ff6ced0126f0bb/iata-annual-review-2026.pdf,"Catalog inclusion is not API access, inventory permission, or ticketing authority."
150,Eurowings,iata_member_airline,review_required,not_verified_contact_required,not_verified_contact_required,research_backlog,official_iata_2026_member_list,https://www.iata.org/contentassets/c81222d96c9a4e0bb4ff6ced0126f0bb/iata-annual-review-2026.pdf,"Catalog inclusion is not API access, inventory permission, or ticketing authority."
151,EVA Air,iata_member_airline,review_required,not_verified_contact_required,not_verified_contact_required,research_backlog,official_iata_2026_member_list,https://www.iata.org/contentassets/c81222d96c9a4e0bb4ff6ced0126f0bb/iata-annual-review-2026.pdf,"Catalog inclusion is not API access, inventory permission, or ticketing authority."
152,Fastjet Zimbabwe,iata_member_airline,review_required,not_verified_contact_required,not_verified_contact_required,research_backlog,official_iata_2026_member_list,https://www.iata.org/contentassets/c81222d96c9a4e0bb4ff6ced0126f0bb/iata-annual-review-2026.pdf,"Catalog inclusion is not API access, inventory permission, or ticketing authority."
153,FedEx Express,iata_member_airline,unlikely_cargo_only,not_verified_contact_required,not_verified_contact_required,research_backlog,official_iata_2026_member_list,https://www.iata.org/contentassets/c81222d96c9a4e0bb4ff6ced0126f0bb/iata-annual-review-2026.pdf,"Catalog inclusion is not API access, inventory permission, or ticketing authority."
154,Fiji Airways,iata_member_airline,review_required,not_verified_contact_required,not_verified_contact_required,research_backlog,official_iata_2026_member_list,https://www.iata.org/contentassets/c81222d96c9a4e0bb4ff6ced0126f0bb/iata-annual-review-2026.pdf,"Catalog inclusion is not API access, inventory permission, or ticketing authority."
155,Finnair,iata_member_airline,review_required,not_verified_contact_required,not_verified_contact_required,research_backlog,official_iata_2026_member_list,https://www.iata.org/contentassets/c81222d96c9a4e0bb4ff6ced0126f0bb/iata-annual-review-2026.pdf,"Catalog inclusion is not API access, inventory permission, or ticketing authority."
156,FlexFlight,iata_member_airline,review_required,not_verified_contact_required,not_verified_contact_required,research_backlog,official_iata_2026_member_list,https://www.iata.org/contentassets/c81222d96c9a4e0bb4ff6ced0126f0bb/iata-annual-review-2026.pdf,"Catalog inclusion is not API access, inventory permission, or ticketing authority."
157,Fly Baghdad,iata_member_airline,review_required,not_verified_contact_required,not_verified_contact_required,research_backlog,official_iata_2026_member_list,https://www.iata.org/contentassets/c81222d96c9a4e0bb4ff6ced0126f0bb/iata-annual-review-2026.pdf,"Catalog inclusion is not API access, inventory permission, or ticketing authority."
158,Fly Namibia,iata_member_airline,review_required,not_verified_contact_required,not_verified_contact_required,research_backlog,official_iata_2026_member_list,https://www.iata.org/contentassets/c81222d96c9a4e0bb4ff6ced0126f0bb/iata-annual-review-2026.pdf,"Catalog inclusion is not API access, inventory permission, or ticketing authority."
159,Fly2Sky,iata_member_airline,review_required,not_verified_contact_required,not_verified_contact_required,research_backlog,official_iata_2026_member_list,https://www.iata.org/contentassets/c81222d96c9a4e0bb4ff6ced0126f0bb/iata-annual-review-2026.pdf,"Catalog inclusion is not API access, inventory permission, or ticketing authority."
160,Flyadeal,iata_member_airline,review_required,not_verified_contact_required,not_verified_contact_required,research_backlog,official_iata_2026_member_list,https://www.iata.org/contentassets/c81222d96c9a4e0bb4ff6ced0126f0bb/iata-annual-review-2026.pdf,"Catalog inclusion is not API access, inventory permission, or ticketing authority."
161,Flydubai,iata_member_airline,review_required,not_verified_contact_required,not_verified_contact_required,research_backlog,official_iata_2026_member_list,https://www.iata.org/contentassets/c81222d96c9a4e0bb4ff6ced0126f0bb/iata-annual-review-2026.pdf,"Catalog inclusion is not API access, inventory permission, or ticketing authority."
162,FlyGabon,iata_member_airline,review_required,not_verified_contact_required,not_verified_contact_required,research_backlog,official_iata_2026_member_list,https://www.iata.org/contentassets/c81222d96c9a4e0bb4ff6ced0126f0bb/iata-annual-review-2026.pdf,"Catalog inclusion is not API access, inventory permission, or ticketing authority."
163,Flynas,iata_member_airline,review_required,not_verified_contact_required,not_verified_contact_required,research_backlog,official_iata_2026_member_list,https://www.iata.org/contentassets/c81222d96c9a4e0bb4ff6ced0126f0bb/iata-annual-review-2026.pdf,"Catalog inclusion is not API access, inventory permission, or ticketing authority."
164,Flyone,iata_member_airline,review_required,not_verified_contact_required,not_verified_contact_required,research_backlog,official_iata_2026_member_list,https://www.iata.org/contentassets/c81222d96c9a4e0bb4ff6ced0126f0bb/iata-annual-review-2026.pdf,"Catalog inclusion is not API access, inventory permission, or ticketing authority."
165,Freebird Airlines,iata_member_airline,review_required,not_verified_contact_required,not_verified_contact_required,research_backlog,official_iata_2026_member_list,https://www.iata.org/contentassets/c81222d96c9a4e0bb4ff6ced0126f0bb/iata-annual-review-2026.pdf,"Catalog inclusion is not API access, inventory permission, or ticketing authority."
166,French Bee,iata_member_airline,review_required,not_verified_contact_required,not_verified_contact_required,research_backlog,official_iata_2026_member_list,https://www.iata.org/contentassets/c81222d96c9a4e0bb4ff6ced0126f0bb/iata-annual-review-2026.pdf,"Catalog inclusion is not API access, inventory permission, or ticketing authority."
167,Frontier Airlines,iata_member_airline,review_required,not_verified_contact_required,not_verified_contact_required,research_backlog,official_iata_2026_member_list,https://www.iata.org/contentassets/c81222d96c9a4e0bb4ff6ced0126f0bb/iata-annual-review-2026.pdf,"Catalog inclusion is not API access, inventory permission, or ticketing authority."
168,Fuzhou Airlines,iata_member_airline,review_required,not_verified_contact_required,not_verified_contact_required,research_backlog,official_iata_2026_member_list,https://www.iata.org/contentassets/c81222d96c9a4e0bb4ff6ced0126f0bb/iata-annual-review-2026.pdf,"Catalog inclusion is not API access, inventory permission, or ticketing authority."
169,Garuda Indonesia,iata_member_airline,review_required,not_verified_contact_required,not_verified_contact_required,research_backlog,official_iata_2026_member_list,https://www.iata.org/contentassets/c81222d96c9a4e0bb4ff6ced0126f0bb/iata-annual-review-2026.pdf,"Catalog inclusion is not API access, inventory permission, or ticketing authority."
170,Georgian Airways,iata_member_airline,review_required,not_verified_contact_required,not_verified_contact_required,research_backlog,official_iata_2026_member_list,https://www.iata.org/contentassets/c81222d96c9a4e0bb4ff6ced0126f0bb/iata-annual-review-2026.pdf,"Catalog inclusion is not API access, inventory permission, or ticketing authority."
171,German Airways,iata_member_airline,review_required,not_verified_contact_required,not_verified_contact_required,research_backlog,official_iata_2026_member_list,https://www.iata.org/contentassets/c81222d96c9a4e0bb4ff6ced0126f0bb/iata-annual-review-2026.pdf,"Catalog inclusion is not API access, inventory permission, or ticketing authority."
172,GetJet Airlines,iata_member_airline,review_required,not_verified_contact_required,not_verified_contact_required,research_backlog,official_iata_2026_member_list,https://www.iata.org/contentassets/c81222d96c9a4e0bb4ff6ced0126f0bb/iata-annual-review-2026.pdf,"Catalog inclusion is not API access, inventory permission, or ticketing authority."
173,Global Airways and Lift,iata_member_airline,review_required,not_verified_contact_required,not_verified_contact_required,research_backlog,official_iata_2026_member_list,https://www.iata.org/contentassets/c81222d96c9a4e0bb4ff6ced0126f0bb/iata-annual-review-2026.pdf,"Catalog inclusion is not API access, inventory permission, or ticketing authority."
174,GlobalX,iata_member_airline,review_required,not_verified_contact_required,not_verified_contact_required,research_backlog,official_iata_2026_member_list,https://www.iata.org/contentassets/c81222d96c9a4e0bb4ff6ced0126f0bb/iata-annual-review-2026.pdf,"Catalog inclusion is not API access, inventory permission, or ticketing authority."
175,GOL Linhas Aereas,iata_member_airline,review_required,not_verified_contact_required,not_verified_contact_required,research_backlog,official_iata_2026_member_list,https://www.iata.org/contentassets/c81222d96c9a4e0bb4ff6ced0126f0bb/iata-annual-review-2026.pdf,"Catalog inclusion is not API access, inventory permission, or ticketing authority."
176,Greater Bay Airlines,iata_member_airline,review_required,not_verified_contact_required,not_verified_contact_required,research_backlog,official_iata_2026_member_list,https://www.iata.org/contentassets/c81222d96c9a4e0bb4ff6ced0126f0bb/iata-annual-review-2026.pdf,"Catalog inclusion is not API access, inventory permission, or ticketing authority."
177,Gulf Air,iata_member_airline,review_required,not_verified_contact_required,not_verified_contact_required,research_backlog,official_iata_2026_member_list,https://www.iata.org/contentassets/c81222d96c9a4e0bb4ff6ced0126f0bb/iata-annual-review-2026.pdf,"Catalog inclusion is not API access, inventory permission, or ticketing authority."
178,GX Airlines,iata_member_airline,review_required,not_verified_contact_required,not_verified_contact_required,research_backlog,official_iata_2026_member_list,https://www.iata.org/contentassets/c81222d96c9a4e0bb4ff6ced0126f0bb/iata-annual-review-2026.pdf,"Catalog inclusion is not API access, inventory permission, or ticketing authority."
179,Hahnair,iata_member_airline,review_required,not_verified_contact_required,not_verified_contact_required,research_backlog,official_iata_2026_member_list,https://www.iata.org/contentassets/c81222d96c9a4e0bb4ff6ced0126f0bb/iata-annual-review-2026.pdf,"Catalog inclusion is not API access, inventory permission, or ticketing authority."
180,Hainan Airlines,iata_member_airline,review_required,not_verified_contact_required,not_verified_contact_required,research_backlog,official_iata_2026_member_list,https://www.iata.org/contentassets/c81222d96c9a4e0bb4ff6ced0126f0bb/iata-annual-review-2026.pdf,"Catalog inclusion is not API access, inventory permission, or ticketing authority."
181,Hawaiian Airlines,iata_member_airline,review_required,not_verified_contact_required,not_verified_contact_required,research_backlog,official_iata_2026_member_list,https://www.iata.org/contentassets/c81222d96c9a4e0bb4ff6ced0126f0bb/iata-annual-review-2026.pdf,"Catalog inclusion is not API access, inventory permission, or ticketing authority."
182,Hebei Airlines,iata_member_airline,review_required,not_verified_contact_required,not_verified_contact_required,research_backlog,official_iata_2026_member_list,https://www.iata.org/contentassets/c81222d96c9a4e0bb4ff6ced0126f0bb/iata-annual-review-2026.pdf,"Catalog inclusion is not API access, inventory permission, or ticketing authority."
183,Hello Jets,iata_member_airline,review_required,not_verified_contact_required,not_verified_contact_required,research_backlog,official_iata_2026_member_list,https://www.iata.org/contentassets/c81222d96c9a4e0bb4ff6ced0126f0bb/iata-annual-review-2026.pdf,"Catalog inclusion is not API access, inventory permission, or ticketing authority."
184,Heston Airlines,iata_member_airline,review_required,not_verified_contact_required,not_verified_contact_required,research_backlog,official_iata_2026_member_list,https://www.iata.org/contentassets/c81222d96c9a4e0bb4ff6ced0126f0bb/iata-annual-review-2026.pdf,"Catalog inclusion is not API access, inventory permission, or ticketing authority."
185,Hi Fly (Springjet),iata_member_airline,review_required,not_verified_contact_required,not_verified_contact_required,research_backlog,official_iata_2026_member_list,https://www.iata.org/contentassets/c81222d96c9a4e0bb4ff6ced0126f0bb/iata-annual-review-2026.pdf,"Catalog inclusion is not API access, inventory permission, or ticketing authority."
186,Hi Fly (Malta),iata_member_airline,review_required,not_verified_contact_required,not_verified_contact_required,research_backlog,official_iata_2026_member_list,https://www.iata.org/contentassets/c81222d96c9a4e0bb4ff6ced0126f0bb/iata-annual-review-2026.pdf,"Catalog inclusion is not API access, inventory permission, or ticketing authority."
187,Himalaya Airlines,iata_member_airline,review_required,not_verified_contact_required,not_verified_contact_required,research_backlog,official_iata_2026_member_list,https://www.iata.org/contentassets/c81222d96c9a4e0bb4ff6ced0126f0bb/iata-annual-review-2026.pdf,"Catalog inclusion is not API access, inventory permission, or ticketing authority."
188,Hong Kong Air Cargo,iata_member_airline,unlikely_cargo_only,not_verified_contact_required,not_verified_contact_required,research_backlog,official_iata_2026_member_list,https://www.iata.org/contentassets/c81222d96c9a4e0bb4ff6ced0126f0bb/iata-annual-review-2026.pdf,"Catalog inclusion is not API access, inventory permission, or ticketing authority."
189,Hong Kong Airlines,iata_member_airline,review_required,not_verified_contact_required,not_verified_contact_required,research_backlog,official_iata_2026_member_list,https://www.iata.org/contentassets/c81222d96c9a4e0bb4ff6ced0126f0bb/iata-annual-review-2026.pdf,"Catalog inclusion is not API access, inventory permission, or ticketing authority."
190,Hong Kong Express Airways,iata_member_airline,review_required,not_verified_contact_required,not_verified_contact_required,research_backlog,official_iata_2026_member_list,https://www.iata.org/contentassets/c81222d96c9a4e0bb4ff6ced0126f0bb/iata-annual-review-2026.pdf,"Catalog inclusion is not API access, inventory permission, or ticketing authority."
191,Iberia,iata_member_airline,review_required,not_verified_contact_required,not_verified_contact_required,research_backlog,official_iata_2026_member_list,https://www.iata.org/contentassets/c81222d96c9a4e0bb4ff6ced0126f0bb/iata-annual-review-2026.pdf,"Catalog inclusion is not API access, inventory permission, or ticketing authority."
192,Iberojet,iata_member_airline,review_required,not_verified_contact_required,not_verified_contact_required,research_backlog,official_iata_2026_member_list,https://www.iata.org/contentassets/c81222d96c9a4e0bb4ff6ced0126f0bb/iata-annual-review-2026.pdf,"Catalog inclusion is not API access, inventory permission, or ticketing authority."
193,Iberojet Airlines,iata_member_airline,review_required,not_verified_contact_required,not_verified_contact_required,research_backlog,official_iata_2026_member_list,https://www.iata.org/contentassets/c81222d96c9a4e0bb4ff6ced0126f0bb/iata-annual-review-2026.pdf,"Catalog inclusion is not API access, inventory permission, or ticketing authority."
194,Ibom Air,iata_member_airline,review_required,not_verified_contact_required,not_verified_contact_required,research_backlog,official_iata_2026_member_list,https://www.iata.org/contentassets/c81222d96c9a4e0bb4ff6ced0126f0bb/iata-annual-review-2026.pdf,"Catalog inclusion is not API access, inventory permission, or ticketing authority."
195,Icelandair,iata_member_airline,review_required,not_verified_contact_required,not_verified_contact_required,research_backlog,official_iata_2026_member_list,https://www.iata.org/contentassets/c81222d96c9a4e0bb4ff6ced0126f0bb/iata-annual-review-2026.pdf,"Catalog inclusion is not API access, inventory permission, or ticketing authority."
196,Ikar,iata_member_airline,review_required,not_verified_contact_required,not_verified_contact_required,research_backlog,official_iata_2026_member_list,https://www.iata.org/contentassets/c81222d96c9a4e0bb4ff6ced0126f0bb/iata-annual-review-2026.pdf,"Catalog inclusion is not API access, inventory permission, or ticketing authority."
197,IndiGo,iata_member_airline,review_required,not_verified_contact_required,not_verified_contact_required,research_backlog,official_iata_2026_member_list,https://www.iata.org/contentassets/c81222d96c9a4e0bb4ff6ced0126f0bb/iata-annual-review-2026.pdf,"Catalog inclusion is not API access, inventory permission, or ticketing authority."
198,Iran Air,iata_member_airline,review_required,not_verified_contact_required,not_verified_contact_required,research_backlog,official_iata_2026_member_list,https://www.iata.org/contentassets/c81222d96c9a4e0bb4ff6ced0126f0bb/iata-annual-review-2026.pdf,"Catalog inclusion is not API access, inventory permission, or ticketing authority."
199,Iran Airtour Airline,iata_member_airline,review_required,not_verified_contact_required,not_verified_contact_required,research_backlog,official_iata_2026_member_list,https://www.iata.org/contentassets/c81222d96c9a4e0bb4ff6ced0126f0bb/iata-annual-review-2026.pdf,"Catalog inclusion is not API access, inventory permission, or ticketing authority."
200,Iran Aseman Airlines,iata_member_airline,review_required,not_verified_contact_required,not_verified_contact_required,research_backlog,official_iata_2026_member_list,https://www.iata.org/contentassets/c81222d96c9a4e0bb4ff6ced0126f0bb/iata-annual-review-2026.pdf,"Catalog inclusion is not API access, inventory permission, or ticketing authority."
201,Israir,iata_member_airline,review_required,not_verified_contact_required,not_verified_contact_required,research_backlog,official_iata_2026_member_list,https://www.iata.org/contentassets/c81222d96c9a4e0bb4ff6ced0126f0bb/iata-annual-review-2026.pdf,"Catalog inclusion is not API access, inventory permission, or ticketing authority."
202,ITA Airways,iata_member_airline,review_required,not_verified_contact_required,not_verified_contact_required,research_backlog,official_iata_2026_member_list,https://www.iata.org/contentassets/c81222d96c9a4e0bb4ff6ced0126f0bb/iata-annual-review-2026.pdf,"Catalog inclusion is not API access, inventory permission, or ticketing authority."
203,Japan Airlines,iata_member_airline,review_required,not_verified_contact_required,not_verified_contact_required,research_backlog,official_iata_2026_member_list,https://www.iata.org/contentassets/c81222d96c9a4e0bb4ff6ced0126f0bb/iata-annual-review-2026.pdf,"Catalog inclusion is not API access, inventory permission, or ticketing authority."
204,Japan Transocean Air,iata_member_airline,review_required,not_verified_contact_required,not_verified_contact_required,research_backlog,official_iata_2026_member_list,https://www.iata.org/contentassets/c81222d96c9a4e0bb4ff6ced0126f0bb/iata-annual-review-2026.pdf,"Catalog inclusion is not API access, inventory permission, or ticketing authority."
205,Jazeera Airways,iata_member_airline,review_required,not_verified_contact_required,not_verified_contact_required,research_backlog,official_iata_2026_member_list,https://www.iata.org/contentassets/c81222d96c9a4e0bb4ff6ced0126f0bb/iata-annual-review-2026.pdf,"Catalog inclusion is not API access, inventory permission, or ticketing authority."
206,JD Airlines,iata_member_airline,review_required,not_verified_contact_required,not_verified_contact_required,research_backlog,official_iata_2026_member_list,https://www.iata.org/contentassets/c81222d96c9a4e0bb4ff6ced0126f0bb/iata-annual-review-2026.pdf,"Catalog inclusion is not API access, inventory permission, or ticketing authority."
207,Jeju Air,iata_member_airline,review_required,not_verified_contact_required,not_verified_contact_required,research_backlog,official_iata_2026_member_list,https://www.iata.org/contentassets/c81222d96c9a4e0bb4ff6ced0126f0bb/iata-annual-review-2026.pdf,"Catalog inclusion is not API access, inventory permission, or ticketing authority."
208,JetBlue,iata_member_airline,review_required,not_verified_contact_required,not_verified_contact_required,research_backlog,official_iata_2026_member_list,https://www.iata.org/contentassets/c81222d96c9a4e0bb4ff6ced0126f0bb/iata-annual-review-2026.pdf,"Catalog inclusion is not API access, inventory permission, or ticketing authority."
209,JetSMART Argentina,iata_member_airline,review_required,not_verified_contact_required,not_verified_contact_required,research_backlog,official_iata_2026_member_list,https://www.iata.org/contentassets/c81222d96c9a4e0bb4ff6ced0126f0bb/iata-annual-review-2026.pdf,"Catalog inclusion is not API access, inventory permission, or ticketing authority."
210,JetSMART Chile,iata_member_airline,review_required,not_verified_contact_required,not_verified_contact_required,research_backlog,official_iata_2026_member_list,https://www.iata.org/contentassets/c81222d96c9a4e0bb4ff6ced0126f0bb/iata-annual-review-2026.pdf,"Catalog inclusion is not API access, inventory permission, or ticketing authority."
211,JetSMART Colombia,iata_member_airline,review_required,not_verified_contact_required,not_verified_contact_required,research_backlog,official_iata_2026_member_list,https://www.iata.org/contentassets/c81222d96c9a4e0bb4ff6ced0126f0bb/iata-annual-review-2026.pdf,"Catalog inclusion is not API access, inventory permission, or ticketing authority."
212,JetSMART Peru,iata_member_airline,review_required,not_verified_contact_required,not_verified_contact_required,research_backlog,official_iata_2026_member_list,https://www.iata.org/contentassets/c81222d96c9a4e0bb4ff6ced0126f0bb/iata-annual-review-2026.pdf,"Catalog inclusion is not API access, inventory permission, or ticketing authority."
213,Jettime,iata_member_airline,review_required,not_verified_contact_required,not_verified_contact_required,research_backlog,official_iata_2026_member_list,https://www.iata.org/contentassets/c81222d96c9a4e0bb4ff6ced0126f0bb/iata-annual-review-2026.pdf,"Catalog inclusion is not API access, inventory permission, or ticketing authority."
214,Jin Air,iata_member_airline,review_required,not_verified_contact_required,not_verified_contact_required,research_backlog,official_iata_2026_member_list,https://www.iata.org/contentassets/c81222d96c9a4e0bb4ff6ced0126f0bb/iata-annual-review-2026.pdf,"Catalog inclusion is not API access, inventory permission, or ticketing authority."
215,Jordan Aviation,iata_member_airline,review_required,not_verified_contact_required,not_verified_contact_required,research_backlog,official_iata_2026_member_list,https://www.iata.org/contentassets/c81222d96c9a4e0bb4ff6ced0126f0bb/iata-annual-review-2026.pdf,"Catalog inclusion is not API access, inventory permission, or ticketing authority."
216,Juneyao Airlines,iata_member_airline,review_required,not_verified_contact_required,not_verified_contact_required,research_backlog,official_iata_2026_member_list,https://www.iata.org/contentassets/c81222d96c9a4e0bb4ff6ced0126f0bb/iata-annual-review-2026.pdf,"Catalog inclusion is not API access, inventory permission, or ticketing authority."
217,Kam Air,iata_member_airline,review_required,not_verified_contact_required,not_verified_contact_required,research_backlog,official_iata_2026_member_list,https://www.iata.org/contentassets/c81222d96c9a4e0bb4ff6ced0126f0bb/iata-annual-review-2026.pdf,"Catalog inclusion is not API access, inventory permission, or ticketing authority."
218,Kenya Airways,iata_member_airline,review_required,not_verified_contact_required,not_verified_contact_required,research_backlog,official_iata_2026_member_list,https://www.iata.org/contentassets/c81222d96c9a4e0bb4ff6ced0126f0bb/iata-annual-review-2026.pdf,"Catalog inclusion is not API access, inventory permission, or ticketing authority."
219,Klasjet,iata_member_airline,review_required,not_verified_contact_required,not_verified_contact_required,research_backlog,official_iata_2026_member_list,https://www.iata.org/contentassets/c81222d96c9a4e0bb4ff6ced0126f0bb/iata-annual-review-2026.pdf,"Catalog inclusion is not API access, inventory permission, or ticketing authority."
220,KLM,iata_member_airline,review_required,not_verified_contact_required,not_verified_contact_required,research_backlog,official_iata_2026_member_list,https://www.iata.org/contentassets/c81222d96c9a4e0bb4ff6ced0126f0bb/iata-annual-review-2026.pdf,"Catalog inclusion is not API access, inventory permission, or ticketing authority."
221,KM Malta Airlines,iata_member_airline,review_required,not_verified_contact_required,not_verified_contact_required,research_backlog,official_iata_2026_member_list,https://www.iata.org/contentassets/c81222d96c9a4e0bb4ff6ced0126f0bb/iata-annual-review-2026.pdf,"Catalog inclusion is not API access, inventory permission, or ticketing authority."
222,Korean Air,iata_member_airline,review_required,not_verified_contact_required,not_verified_contact_required,research_backlog,official_iata_2026_member_list,https://www.iata.org/contentassets/c81222d96c9a4e0bb4ff6ced0126f0bb/iata-annual-review-2026.pdf,"Catalog inclusion is not API access, inventory permission, or ticketing authority."
223,Kunming Airlines,iata_member_airline,review_required,not_verified_contact_required,not_verified_contact_required,research_backlog,official_iata_2026_member_list,https://www.iata.org/contentassets/c81222d96c9a4e0bb4ff6ced0126f0bb/iata-annual-review-2026.pdf,"Catalog inclusion is not API access, inventory permission, or ticketing authority."
224,Kuwait Airways,iata_member_airline,review_required,not_verified_contact_required,not_verified_contact_required,research_backlog,official_iata_2026_member_list,https://www.iata.org/contentassets/c81222d96c9a4e0bb4ff6ced0126f0bb/iata-annual-review-2026.pdf,"Catalog inclusion is not API access, inventory permission, or ticketing authority."
225,La Compagnie (DreamJet),iata_member_airline,review_required,not_verified_contact_required,not_verified_contact_required,research_backlog,official_iata_2026_member_list,https://www.iata.org/contentassets/c81222d96c9a4e0bb4ff6ced0126f0bb/iata-annual-review-2026.pdf,"Catalog inclusion is not API access, inventory permission, or ticketing authority."
226,LAM,iata_member_airline,review_required,not_verified_contact_required,not_verified_contact_required,research_backlog,official_iata_2026_member_list,https://www.iata.org/contentassets/c81222d96c9a4e0bb4ff6ced0126f0bb/iata-annual-review-2026.pdf,"Catalog inclusion is not API access, inventory permission, or ticketing authority."
227,Lao Airlines,iata_member_airline,review_required,not_verified_contact_required,not_verified_contact_required,research_backlog,official_iata_2026_member_list,https://www.iata.org/contentassets/c81222d96c9a4e0bb4ff6ced0126f0bb/iata-annual-review-2026.pdf,"Catalog inclusion is not API access, inventory permission, or ticketing authority."
228,LATAM Airlines Brasil,iata_member_airline,review_required,not_verified_contact_required,not_verified_contact_required,research_backlog,official_iata_2026_member_list,https://www.iata.org/contentassets/c81222d96c9a4e0bb4ff6ced0126f0bb/iata-annual-review-2026.pdf,"Catalog inclusion is not API access, inventory permission, or ticketing authority."
229,LATAM Airlines Colombia,iata_member_airline,review_required,not_verified_contact_required,not_verified_contact_required,research_backlog,official_iata_2026_member_list,https://www.iata.org/contentassets/c81222d96c9a4e0bb4ff6ced0126f0bb/iata-annual-review-2026.pdf,"Catalog inclusion is not API access, inventory permission, or ticketing authority."
230,LATAM Airlines Ecuador,iata_member_airline,review_required,not_verified_contact_required,not_verified_contact_required,research_backlog,official_iata_2026_member_list,https://www.iata.org/contentassets/c81222d96c9a4e0bb4ff6ced0126f0bb/iata-annual-review-2026.pdf,"Catalog inclusion is not API access, inventory permission, or ticketing authority."
231,LATAM Airlines Group,iata_member_airline,review_required,not_verified_contact_required,not_verified_contact_required,research_backlog,official_iata_2026_member_list,https://www.iata.org/contentassets/c81222d96c9a4e0bb4ff6ced0126f0bb/iata-annual-review-2026.pdf,"Catalog inclusion is not API access, inventory permission, or ticketing authority."
232,LATAM Airlines Paraguay,iata_member_airline,review_required,not_verified_contact_required,not_verified_contact_required,research_backlog,official_iata_2026_member_list,https://www.iata.org/contentassets/c81222d96c9a4e0bb4ff6ced0126f0bb/iata-annual-review-2026.pdf,"Catalog inclusion is not API access, inventory permission, or ticketing authority."
233,LATAM Airlines Peru,iata_member_airline,review_required,not_verified_contact_required,not_verified_contact_required,research_backlog,official_iata_2026_member_list,https://www.iata.org/contentassets/c81222d96c9a4e0bb4ff6ced0126f0bb/iata-annual-review-2026.pdf,"Catalog inclusion is not API access, inventory permission, or ticketing authority."
234,LATAM Cargo Brasil,iata_member_airline,unlikely_cargo_only,not_verified_contact_required,not_verified_contact_required,research_backlog,official_iata_2026_member_list,https://www.iata.org/contentassets/c81222d96c9a4e0bb4ff6ced0126f0bb/iata-annual-review-2026.pdf,"Catalog inclusion is not API access, inventory permission, or ticketing authority."
235,LATAM Cargo Chile,iata_member_airline,unlikely_cargo_only,not_verified_contact_required,not_verified_contact_required,research_backlog,official_iata_2026_member_list,https://www.iata.org/contentassets/c81222d96c9a4e0bb4ff6ced0126f0bb/iata-annual-review-2026.pdf,"Catalog inclusion is not API access, inventory permission, or ticketing authority."
236,Link Airways,iata_member_airline,review_required,not_verified_contact_required,not_verified_contact_required,research_backlog,official_iata_2026_member_list,https://www.iata.org/contentassets/c81222d96c9a4e0bb4ff6ced0126f0bb/iata-annual-review-2026.pdf,"Catalog inclusion is not API access, inventory permission, or ticketing authority."
237,Lion Air,iata_member_airline,review_required,not_verified_contact_required,not_verified_contact_required,research_backlog,official_iata_2026_member_list,https://www.iata.org/contentassets/c81222d96c9a4e0bb4ff6ced0126f0bb/iata-annual-review-2026.pdf,"Catalog inclusion is not API access, inventory permission, or ticketing authority."
238,Loganair,iata_member_airline,review_required,not_verified_contact_required,not_verified_contact_required,research_backlog,official_iata_2026_member_list,https://www.iata.org/contentassets/c81222d96c9a4e0bb4ff6ced0126f0bb/iata-annual-review-2026.pdf,"Catalog inclusion is not API access, inventory permission, or ticketing authority."
239,Loong Air,iata_member_airline,review_required,not_verified_contact_required,not_verified_contact_required,research_backlog,official_iata_2026_member_list,https://www.iata.org/contentassets/c81222d96c9a4e0bb4ff6ced0126f0bb/iata-annual-review-2026.pdf,"Catalog inclusion is not API access, inventory permission, or ticketing authority."
240,LOT Polish Airlines,iata_member_airline,review_required,not_verified_contact_required,not_verified_contact_required,research_backlog,official_iata_2026_member_list,https://www.iata.org/contentassets/c81222d96c9a4e0bb4ff6ced0126f0bb/iata-annual-review-2026.pdf,"Catalog inclusion is not API access, inventory permission, or ticketing authority."
241,Lucky Air,iata_member_airline,review_required,not_verified_contact_required,not_verified_contact_required,research_backlog,official_iata_2026_member_list,https://www.iata.org/contentassets/c81222d96c9a4e0bb4ff6ced0126f0bb/iata-annual-review-2026.pdf,"Catalog inclusion is not API access, inventory permission, or ticketing authority."
242,Lufthansa,iata_member_airline,review_required,not_verified_contact_required,not_verified_contact_required,research_backlog,official_iata_2026_member_list,https://www.iata.org/contentassets/c81222d96c9a4e0bb4ff6ced0126f0bb/iata-annual-review-2026.pdf,"Catalog inclusion is not API access, inventory permission, or ticketing authority."
243,Lufthansa Cargo,iata_member_airline,unlikely_cargo_only,not_verified_contact_required,not_verified_contact_required,research_backlog,official_iata_2026_member_list,https://www.iata.org/contentassets/c81222d96c9a4e0bb4ff6ced0126f0bb/iata-annual-review-2026.pdf,"Catalog inclusion is not API access, inventory permission, or ticketing authority."
244,Lufthansa City Airlines,iata_member_airline,review_required,not_verified_contact_required,not_verified_contact_required,research_backlog,official_iata_2026_member_list,https://www.iata.org/contentassets/c81222d96c9a4e0bb4ff6ced0126f0bb/iata-annual-review-2026.pdf,"Catalog inclusion is not API access, inventory permission, or ticketing authority."
245,Lufthansa CityLine,iata_member_airline,review_required,not_verified_contact_required,not_verified_contact_required,research_backlog,official_iata_2026_member_list,https://www.iata.org/contentassets/c81222d96c9a4e0bb4ff6ced0126f0bb/iata-annual-review-2026.pdf,"Catalog inclusion is not API access, inventory permission, or ticketing authority."
246,Luxair,iata_member_airline,review_required,not_verified_contact_required,not_verified_contact_required,research_backlog,official_iata_2026_member_list,https://www.iata.org/contentassets/c81222d96c9a4e0bb4ff6ced0126f0bb/iata-annual-review-2026.pdf,"Catalog inclusion is not API access, inventory permission, or ticketing authority."
247,Madagascar Airlines,iata_member_airline,review_required,not_verified_contact_required,not_verified_contact_required,research_backlog,official_iata_2026_member_list,https://www.iata.org/contentassets/c81222d96c9a4e0bb4ff6ced0126f0bb/iata-annual-review-2026.pdf,"Catalog inclusion is not API access, inventory permission, or ticketing authority."
248,Malaysia Airlines,iata_member_airline,review_required,not_verified_contact_required,not_verified_contact_required,research_backlog,official_iata_2026_member_list,https://www.iata.org/contentassets/c81222d96c9a4e0bb4ff6ced0126f0bb/iata-annual-review-2026.pdf,"Catalog inclusion is not API access, inventory permission, or ticketing authority."
249,Mandarin Airlines,iata_member_airline,review_required,not_verified_contact_required,not_verified_contact_required,research_backlog,official_iata_2026_member_list,https://www.iata.org/contentassets/c81222d96c9a4e0bb4ff6ced0126f0bb/iata-annual-review-2026.pdf,"Catalog inclusion is not API access, inventory permission, or ticketing authority."
250,Martinair Cargo,iata_member_airline,unlikely_cargo_only,not_verified_contact_required,not_verified_contact_required,research_backlog,official_iata_2026_member_list,https://www.iata.org/contentassets/c81222d96c9a4e0bb4ff6ced0126f0bb/iata-annual-review-2026.pdf,"Catalog inclusion is not API access, inventory permission, or ticketing authority."
251,MasAir,iata_member_airline,review_required,not_verified_contact_required,not_verified_contact_required,research_backlog,official_iata_2026_member_list,https://www.iata.org/contentassets/c81222d96c9a4e0bb4ff6ced0126f0bb/iata-annual-review-2026.pdf,"Catalog inclusion is not API access, inventory permission, or ticketing authority."
252,Mauritania Airlines International,iata_member_airline,review_required,not_verified_contact_required,not_verified_contact_required,research_backlog,official_iata_2026_member_list,https://www.iata.org/contentassets/c81222d96c9a4e0bb4ff6ced0126f0bb/iata-annual-review-2026.pdf,"Catalog inclusion is not API access, inventory permission, or ticketing authority."
253,Mavi Gok Airlines (MGA),iata_member_airline,review_required,not_verified_contact_required,not_verified_contact_required,research_backlog,official_iata_2026_member_list,https://www.iata.org/contentassets/c81222d96c9a4e0bb4ff6ced0126f0bb/iata-annual-review-2026.pdf,"Catalog inclusion is not API access, inventory permission, or ticketing authority."
254,MEA,iata_member_airline,review_required,not_verified_contact_required,not_verified_contact_required,research_backlog,official_iata_2026_member_list,https://www.iata.org/contentassets/c81222d96c9a4e0bb4ff6ced0126f0bb/iata-annual-review-2026.pdf,"Catalog inclusion is not API access, inventory permission, or ticketing authority."
255,MIAT Mongolian Airlines,iata_member_airline,review_required,not_verified_contact_required,not_verified_contact_required,research_backlog,official_iata_2026_member_list,https://www.iata.org/contentassets/c81222d96c9a4e0bb4ff6ced0126f0bb/iata-annual-review-2026.pdf,"Catalog inclusion is not API access, inventory permission, or ticketing authority."
256,MNG Airlines,iata_member_airline,review_required,not_verified_contact_required,not_verified_contact_required,research_backlog,official_iata_2026_member_list,https://www.iata.org/contentassets/c81222d96c9a4e0bb4ff6ced0126f0bb/iata-annual-review-2026.pdf,"Catalog inclusion is not API access, inventory permission, or ticketing authority."
257,Myanmar Airways International,iata_member_airline,review_required,not_verified_contact_required,not_verified_contact_required,research_backlog,official_iata_2026_member_list,https://www.iata.org/contentassets/c81222d96c9a4e0bb4ff6ced0126f0bb/iata-annual-review-2026.pdf,"Catalog inclusion is not API access, inventory permission, or ticketing authority."
258,Myanmar National Airlines,iata_member_airline,review_required,not_verified_contact_required,not_verified_contact_required,research_backlog,official_iata_2026_member_list,https://www.iata.org/contentassets/c81222d96c9a4e0bb4ff6ced0126f0bb/iata-annual-review-2026.pdf,"Catalog inclusion is not API access, inventory permission, or ticketing authority."
259,National Airlines,iata_member_airline,review_required,not_verified_contact_required,not_verified_contact_required,research_backlog,official_iata_2026_member_list,https://www.iata.org/contentassets/c81222d96c9a4e0bb4ff6ced0126f0bb/iata-annual-review-2026.pdf,"Catalog inclusion is not API access, inventory permission, or ticketing authority."
260,Nauru Airlines,iata_member_airline,review_required,not_verified_contact_required,not_verified_contact_required,research_backlog,official_iata_2026_member_list,https://www.iata.org/contentassets/c81222d96c9a4e0bb4ff6ced0126f0bb/iata-annual-review-2026.pdf,"Catalog inclusion is not API access, inventory permission, or ticketing authority."
261,Neos,iata_member_airline,review_required,not_verified_contact_required,not_verified_contact_required,research_backlog,official_iata_2026_member_list,https://www.iata.org/contentassets/c81222d96c9a4e0bb4ff6ced0126f0bb/iata-annual-review-2026.pdf,"Catalog inclusion is not API access, inventory permission, or ticketing authority."
262,Nesma Airlines,iata_member_airline,review_required,not_verified_contact_required,not_verified_contact_required,research_backlog,official_iata_2026_member_list,https://www.iata.org/contentassets/c81222d96c9a4e0bb4ff6ced0126f0bb/iata-annual-review-2026.pdf,"Catalog inclusion is not API access, inventory permission, or ticketing authority."
263,New Pacific Airlines,iata_member_airline,review_required,not_verified_contact_required,not_verified_contact_required,research_backlog,official_iata_2026_member_list,https://www.iata.org/contentassets/c81222d96c9a4e0bb4ff6ced0126f0bb/iata-annual-review-2026.pdf,"Catalog inclusion is not API access, inventory permission, or ticketing authority."
264,Nile Air,iata_member_airline,review_required,not_verified_contact_required,not_verified_contact_required,research_backlog,official_iata_2026_member_list,https://www.iata.org/contentassets/c81222d96c9a4e0bb4ff6ced0126f0bb/iata-annual-review-2026.pdf,"Catalog inclusion is not API access, inventory permission, or ticketing authority."
265,Nippon Cargo Airlines,iata_member_airline,unlikely_cargo_only,not_verified_contact_required,not_verified_contact_required,research_backlog,official_iata_2026_member_list,https://www.iata.org/contentassets/c81222d96c9a4e0bb4ff6ced0126f0bb/iata-annual-review-2026.pdf,"Catalog inclusion is not API access, inventory permission, or ticketing authority."
266,Nok Air,iata_member_airline,review_required,not_verified_contact_required,not_verified_contact_required,research_backlog,official_iata_2026_member_list,https://www.iata.org/contentassets/c81222d96c9a4e0bb4ff6ced0126f0bb/iata-annual-review-2026.pdf,"Catalog inclusion is not API access, inventory permission, or ticketing authority."
267,Nordic Regional Airlines (Norra),iata_member_airline,review_required,not_verified_contact_required,not_verified_contact_required,research_backlog,official_iata_2026_member_list,https://www.iata.org/contentassets/c81222d96c9a4e0bb4ff6ced0126f0bb/iata-annual-review-2026.pdf,"Catalog inclusion is not API access, inventory permission, or ticketing authority."
268,NordStar,iata_member_airline,review_required,not_verified_contact_required,not_verified_contact_required,research_backlog,official_iata_2026_member_list,https://www.iata.org/contentassets/c81222d96c9a4e0bb4ff6ced0126f0bb/iata-annual-review-2026.pdf,"Catalog inclusion is not API access, inventory permission, or ticketing authority."
269,Nordwind Airlines,iata_member_airline,review_required,not_verified_contact_required,not_verified_contact_required,research_backlog,official_iata_2026_member_list,https://www.iata.org/contentassets/c81222d96c9a4e0bb4ff6ced0126f0bb/iata-annual-review-2026.pdf,"Catalog inclusion is not API access, inventory permission, or ticketing authority."
270,Nouvelair,iata_member_airline,review_required,not_verified_contact_required,not_verified_contact_required,research_backlog,official_iata_2026_member_list,https://www.iata.org/contentassets/c81222d96c9a4e0bb4ff6ced0126f0bb/iata-annual-review-2026.pdf,"Catalog inclusion is not API access, inventory permission, or ticketing authority."
271,Okay Airways,iata_member_airline,review_required,not_verified_contact_required,not_verified_contact_required,research_backlog,official_iata_2026_member_list,https://www.iata.org/contentassets/c81222d96c9a4e0bb4ff6ced0126f0bb/iata-annual-review-2026.pdf,"Catalog inclusion is not API access, inventory permission, or ticketing authority."
272,Olympic Air,iata_member_airline,review_required,not_verified_contact_required,not_verified_contact_required,research_backlog,official_iata_2026_member_list,https://www.iata.org/contentassets/c81222d96c9a4e0bb4ff6ced0126f0bb/iata-annual-review-2026.pdf,"Catalog inclusion is not API access, inventory permission, or ticketing authority."
273,Oman Air,iata_member_airline,review_required,not_verified_contact_required,not_verified_contact_required,research_backlog,official_iata_2026_member_list,https://www.iata.org/contentassets/c81222d96c9a4e0bb4ff6ced0126f0bb/iata-annual-review-2026.pdf,"Catalog inclusion is not API access, inventory permission, or ticketing authority."
274,Overland Airways,iata_member_airline,review_required,not_verified_contact_required,not_verified_contact_required,research_backlog,official_iata_2026_member_list,https://www.iata.org/contentassets/c81222d96c9a4e0bb4ff6ced0126f0bb/iata-annual-review-2026.pdf,"Catalog inclusion is not API access, inventory permission, or ticketing authority."
275,Pakistan International Airlines,iata_member_airline,review_required,not_verified_contact_required,not_verified_contact_required,research_backlog,official_iata_2026_member_list,https://www.iata.org/contentassets/c81222d96c9a4e0bb4ff6ced0126f0bb/iata-annual-review-2026.pdf,"Catalog inclusion is not API access, inventory permission, or ticketing authority."
276,PAL Express,iata_member_airline,review_required,not_verified_contact_required,not_verified_contact_required,research_backlog,official_iata_2026_member_list,https://www.iata.org/contentassets/c81222d96c9a4e0bb4ff6ced0126f0bb/iata-annual-review-2026.pdf,"Catalog inclusion is not API access, inventory permission, or ticketing authority."
277,Paranair,iata_member_airline,review_required,not_verified_contact_required,not_verified_contact_required,research_backlog,official_iata_2026_member_list,https://www.iata.org/contentassets/c81222d96c9a4e0bb4ff6ced0126f0bb/iata-annual-review-2026.pdf,"Catalog inclusion is not API access, inventory permission, or ticketing authority."
278,Pegasus Airlines,iata_member_airline,review_required,not_verified_contact_required,not_verified_contact_required,research_backlog,official_iata_2026_member_list,https://www.iata.org/contentassets/c81222d96c9a4e0bb4ff6ced0126f0bb/iata-annual-review-2026.pdf,"Catalog inclusion is not API access, inventory permission, or ticketing authority."
279,Petroleum Air Services,iata_member_airline,review_required,not_verified_contact_required,not_verified_contact_required,research_backlog,official_iata_2026_member_list,https://www.iata.org/contentassets/c81222d96c9a4e0bb4ff6ced0126f0bb/iata-annual-review-2026.pdf,"Catalog inclusion is not API access, inventory permission, or ticketing authority."
280,PGA Portugalia Airlines,iata_member_airline,review_required,not_verified_contact_required,not_verified_contact_required,research_backlog,official_iata_2026_member_list,https://www.iata.org/contentassets/c81222d96c9a4e0bb4ff6ced0126f0bb/iata-annual-review-2026.pdf,"Catalog inclusion is not API access, inventory permission, or ticketing authority."
281,Philippine Airlines,iata_member_airline,review_required,not_verified_contact_required,not_verified_contact_required,research_backlog,official_iata_2026_member_list,https://www.iata.org/contentassets/c81222d96c9a4e0bb4ff6ced0126f0bb/iata-annual-review-2026.pdf,"Catalog inclusion is not API access, inventory permission, or ticketing authority."
282,Plus Ultra,iata_member_airline,review_required,not_verified_contact_required,not_verified_contact_required,research_backlog,official_iata_2026_member_list,https://www.iata.org/contentassets/c81222d96c9a4e0bb4ff6ced0126f0bb/iata-annual-review-2026.pdf,"Catalog inclusion is not API access, inventory permission, or ticketing authority."
283,Polar Air Cargo,iata_member_airline,unlikely_cargo_only,not_verified_contact_required,not_verified_contact_required,research_backlog,official_iata_2026_member_list,https://www.iata.org/contentassets/c81222d96c9a4e0bb4ff6ced0126f0bb/iata-annual-review-2026.pdf,"Catalog inclusion is not API access, inventory permission, or ticketing authority."
284,PopulAir,iata_member_airline,review_required,not_verified_contact_required,not_verified_contact_required,research_backlog,official_iata_2026_member_list,https://www.iata.org/contentassets/c81222d96c9a4e0bb4ff6ced0126f0bb/iata-annual-review-2026.pdf,"Catalog inclusion is not API access, inventory permission, or ticketing authority."
285,Porter Airlines,iata_member_airline,review_required,not_verified_contact_required,not_verified_contact_required,research_backlog,official_iata_2026_member_list,https://www.iata.org/contentassets/c81222d96c9a4e0bb4ff6ced0126f0bb/iata-annual-review-2026.pdf,"Catalog inclusion is not API access, inventory permission, or ticketing authority."
286,Poste Air Cargo,iata_member_airline,unlikely_cargo_only,not_verified_contact_required,not_verified_contact_required,research_backlog,official_iata_2026_member_list,https://www.iata.org/contentassets/c81222d96c9a4e0bb4ff6ced0126f0bb/iata-annual-review-2026.pdf,"Catalog inclusion is not API access, inventory permission, or ticketing authority."
287,Precision Air,iata_member_airline,review_required,not_verified_contact_required,not_verified_contact_required,research_backlog,official_iata_2026_member_list,https://www.iata.org/contentassets/c81222d96c9a4e0bb4ff6ced0126f0bb/iata-annual-review-2026.pdf,"Catalog inclusion is not API access, inventory permission, or ticketing authority."
288,Privilege Style,iata_member_airline,review_required,not_verified_contact_required,not_verified_contact_required,research_backlog,official_iata_2026_member_list,https://www.iata.org/contentassets/c81222d96c9a4e0bb4ff6ced0126f0bb/iata-annual-review-2026.pdf,"Catalog inclusion is not API access, inventory permission, or ticketing authority."
289,Proflight Zambia,iata_member_airline,review_required,not_verified_contact_required,not_verified_contact_required,research_backlog,official_iata_2026_member_list,https://www.iata.org/contentassets/c81222d96c9a4e0bb4ff6ced0126f0bb/iata-annual-review-2026.pdf,"Catalog inclusion is not API access, inventory permission, or ticketing authority."
290,Qantas,iata_member_airline,review_required,not_verified_contact_required,not_verified_contact_required,research_backlog,official_iata_2026_member_list,https://www.iata.org/contentassets/c81222d96c9a4e0bb4ff6ced0126f0bb/iata-annual-review-2026.pdf,"Catalog inclusion is not API access, inventory permission, or ticketing authority."
291,Qatar Airways,iata_member_airline,review_required,not_verified_contact_required,not_verified_contact_required,research_backlog,official_iata_2026_member_list,https://www.iata.org/contentassets/c81222d96c9a4e0bb4ff6ced0126f0bb/iata-annual-review-2026.pdf,"Catalog inclusion is not API access, inventory permission, or ticketing authority."
292,Qazaq Air,iata_member_airline,review_required,not_verified_contact_required,not_verified_contact_required,research_backlog,official_iata_2026_member_list,https://www.iata.org/contentassets/c81222d96c9a4e0bb4ff6ced0126f0bb/iata-annual-review-2026.pdf,"Catalog inclusion is not API access, inventory permission, or ticketing authority."
293,Qingdao Airlines,iata_member_airline,review_required,not_verified_contact_required,not_verified_contact_required,research_backlog,official_iata_2026_member_list,https://www.iata.org/contentassets/c81222d96c9a4e0bb4ff6ced0126f0bb/iata-annual-review-2026.pdf,"Catalog inclusion is not API access, inventory permission, or ticketing authority."
294,Red Sea Airlines,iata_member_airline,review_required,not_verified_contact_required,not_verified_contact_required,research_backlog,official_iata_2026_member_list,https://www.iata.org/contentassets/c81222d96c9a4e0bb4ff6ced0126f0bb/iata-annual-review-2026.pdf,"Catalog inclusion is not API access, inventory permission, or ticketing authority."
295,Riyadh Air,iata_member_airline,review_required,not_verified_contact_required,not_verified_contact_required,research_backlog,official_iata_2026_member_list,https://www.iata.org/contentassets/c81222d96c9a4e0bb4ff6ced0126f0bb/iata-annual-review-2026.pdf,"Catalog inclusion is not API access, inventory permission, or ticketing authority."
296,Rossiya Airlines,iata_member_airline,review_required,not_verified_contact_required,not_verified_contact_required,research_backlog,official_iata_2026_member_list,https://www.iata.org/contentassets/c81222d96c9a4e0bb4ff6ced0126f0bb/iata-annual-review-2026.pdf,"Catalog inclusion is not API access, inventory permission, or ticketing authority."
297,Royal Air Maroc,iata_member_airline,review_required,not_verified_contact_required,not_verified_contact_required,research_backlog,official_iata_2026_member_list,https://www.iata.org/contentassets/c81222d96c9a4e0bb4ff6ced0126f0bb/iata-annual-review-2026.pdf,"Catalog inclusion is not API access, inventory permission, or ticketing authority."
298,Royal Brunei,iata_member_airline,review_required,not_verified_contact_required,not_verified_contact_required,research_backlog,official_iata_2026_member_list,https://www.iata.org/contentassets/c81222d96c9a4e0bb4ff6ced0126f0bb/iata-annual-review-2026.pdf,"Catalog inclusion is not API access, inventory permission, or ticketing authority."
299,Royal Jordanian,iata_member_airline,review_required,not_verified_contact_required,not_verified_contact_required,research_backlog,official_iata_2026_member_list,https://www.iata.org/contentassets/c81222d96c9a4e0bb4ff6ced0126f0bb/iata-annual-review-2026.pdf,"Catalog inclusion is not API access, inventory permission, or ticketing authority."
300,Ruili Airlines,iata_member_airline,review_required,not_verified_contact_required,not_verified_contact_required,research_backlog,official_iata_2026_member_list,https://www.iata.org/contentassets/c81222d96c9a4e0bb4ff6ced0126f0bb/iata-annual-review-2026.pdf,"Catalog inclusion is not API access, inventory permission, or ticketing authority."
301,RusLine,iata_member_airline,review_required,not_verified_contact_required,not_verified_contact_required,research_backlog,official_iata_2026_member_list,https://www.iata.org/contentassets/c81222d96c9a4e0bb4ff6ced0126f0bb/iata-annual-review-2026.pdf,"Catalog inclusion is not API access, inventory permission, or ticketing authority."
302,RwandAir,iata_member_airline,review_required,not_verified_contact_required,not_verified_contact_required,research_backlog,official_iata_2026_member_list,https://www.iata.org/contentassets/c81222d96c9a4e0bb4ff6ced0126f0bb/iata-annual-review-2026.pdf,"Catalog inclusion is not API access, inventory permission, or ticketing authority."
303,S7 Airlines,iata_member_airline,review_required,not_verified_contact_required,not_verified_contact_required,research_backlog,official_iata_2026_member_list,https://www.iata.org/contentassets/c81222d96c9a4e0bb4ff6ced0126f0bb/iata-annual-review-2026.pdf,"Catalog inclusion is not API access, inventory permission, or ticketing authority."
304,Safair,iata_member_airline,review_required,not_verified_contact_required,not_verified_contact_required,research_backlog,official_iata_2026_member_list,https://www.iata.org/contentassets/c81222d96c9a4e0bb4ff6ced0126f0bb/iata-annual-review-2026.pdf,"Catalog inclusion is not API access, inventory permission, or ticketing authority."
305,Salam Air,iata_member_airline,review_required,not_verified_contact_required,not_verified_contact_required,research_backlog,official_iata_2026_member_list,https://www.iata.org/contentassets/c81222d96c9a4e0bb4ff6ced0126f0bb/iata-annual-review-2026.pdf,"Catalog inclusion is not API access, inventory permission, or ticketing authority."
306,SAS,iata_member_airline,review_required,not_verified_contact_required,not_verified_contact_required,research_backlog,official_iata_2026_member_list,https://www.iata.org/contentassets/c81222d96c9a4e0bb4ff6ced0126f0bb/iata-annual-review-2026.pdf,"Catalog inclusion is not API access, inventory permission, or ticketing authority."
307,SATA Air Acores,iata_member_airline,review_required,not_verified_contact_required,not_verified_contact_required,research_backlog,official_iata_2026_member_list,https://www.iata.org/contentassets/c81222d96c9a4e0bb4ff6ced0126f0bb/iata-annual-review-2026.pdf,"Catalog inclusion is not API access, inventory permission, or ticketing authority."
308,Saudi Arabian Airlines,iata_member_airline,review_required,not_verified_contact_required,not_verified_contact_required,research_backlog,official_iata_2026_member_list,https://www.iata.org/contentassets/c81222d96c9a4e0bb4ff6ced0126f0bb/iata-annual-review-2026.pdf,"Catalog inclusion is not API access, inventory permission, or ticketing authority."
309,SCAT Airlines,iata_member_airline,review_required,not_verified_contact_required,not_verified_contact_required,research_backlog,official_iata_2026_member_list,https://www.iata.org/contentassets/c81222d96c9a4e0bb4ff6ced0126f0bb/iata-annual-review-2026.pdf,"Catalog inclusion is not API access, inventory permission, or ticketing authority."
310,Scoot,iata_member_airline,review_required,not_verified_contact_required,not_verified_contact_required,research_backlog,official_iata_2026_member_list,https://www.iata.org/contentassets/c81222d96c9a4e0bb4ff6ced0126f0bb/iata-annual-review-2026.pdf,"Catalog inclusion is not API access, inventory permission, or ticketing authority."
311,SF Airlines,iata_member_airline,review_required,not_verified_contact_required,not_verified_contact_required,research_backlog,official_iata_2026_member_list,https://www.iata.org/contentassets/c81222d96c9a4e0bb4ff6ced0126f0bb/iata-annual-review-2026.pdf,"Catalog inclusion is not API access, inventory permission, or ticketing authority."
312,Shandong Airlines,iata_member_airline,review_required,not_verified_contact_required,not_verified_contact_required,research_backlog,official_iata_2026_member_list,https://www.iata.org/contentassets/c81222d96c9a4e0bb4ff6ced0126f0bb/iata-annual-review-2026.pdf,"Catalog inclusion is not API access, inventory permission, or ticketing authority."
313,Shanghai Airlines,iata_member_airline,review_required,not_verified_contact_required,not_verified_contact_required,research_backlog,official_iata_2026_member_list,https://www.iata.org/contentassets/c81222d96c9a4e0bb4ff6ced0126f0bb/iata-annual-review-2026.pdf,"Catalog inclusion is not API access, inventory permission, or ticketing authority."
314,Shenzhen Airlines,iata_member_airline,review_required,not_verified_contact_required,not_verified_contact_required,research_backlog,official_iata_2026_member_list,https://www.iata.org/contentassets/c81222d96c9a4e0bb4ff6ced0126f0bb/iata-annual-review-2026.pdf,"Catalog inclusion is not API access, inventory permission, or ticketing authority."
315,Sichuan Airlines,iata_member_airline,review_required,not_verified_contact_required,not_verified_contact_required,research_backlog,official_iata_2026_member_list,https://www.iata.org/contentassets/c81222d96c9a4e0bb4ff6ced0126f0bb/iata-annual-review-2026.pdf,"Catalog inclusion is not API access, inventory permission, or ticketing authority."
316,Silk Way West Airlines,iata_member_airline,review_required,not_verified_contact_required,not_verified_contact_required,research_backlog,official_iata_2026_member_list,https://www.iata.org/contentassets/c81222d96c9a4e0bb4ff6ced0126f0bb/iata-annual-review-2026.pdf,"Catalog inclusion is not API access, inventory permission, or ticketing authority."
317,Singapore Airlines,iata_member_airline,review_required,not_verified_contact_required,not_verified_contact_required,research_backlog,official_iata_2026_member_list,https://www.iata.org/contentassets/c81222d96c9a4e0bb4ff6ced0126f0bb/iata-annual-review-2026.pdf,"Catalog inclusion is not API access, inventory permission, or ticketing authority."
318,SKY Airline,iata_member_airline,review_required,not_verified_contact_required,not_verified_contact_required,research_backlog,official_iata_2026_member_list,https://www.iata.org/contentassets/c81222d96c9a4e0bb4ff6ced0126f0bb/iata-annual-review-2026.pdf,"Catalog inclusion is not API access, inventory permission, or ticketing authority."
319,SKY express,iata_member_airline,review_required,not_verified_contact_required,not_verified_contact_required,research_backlog,official_iata_2026_member_list,https://www.iata.org/contentassets/c81222d96c9a4e0bb4ff6ced0126f0bb/iata-annual-review-2026.pdf,"Catalog inclusion is not API access, inventory permission, or ticketing authority."
320,SkyUp Airlines,iata_member_airline,review_required,not_verified_contact_required,not_verified_contact_required,research_backlog,official_iata_2026_member_list,https://www.iata.org/contentassets/c81222d96c9a4e0bb4ff6ced0126f0bb/iata-annual-review-2026.pdf,"Catalog inclusion is not API access, inventory permission, or ticketing authority."
321,Smartavia,iata_member_airline,review_required,not_verified_contact_required,not_verified_contact_required,research_backlog,official_iata_2026_member_list,https://www.iata.org/contentassets/c81222d96c9a4e0bb4ff6ced0126f0bb/iata-annual-review-2026.pdf,"Catalog inclusion is not API access, inventory permission, or ticketing authority."
322,SmartLynx Airlines Malta,iata_member_airline,review_required,not_verified_contact_required,not_verified_contact_required,research_backlog,official_iata_2026_member_list,https://www.iata.org/contentassets/c81222d96c9a4e0bb4ff6ced0126f0bb/iata-annual-review-2026.pdf,"Catalog inclusion is not API access, inventory permission, or ticketing authority."
323,Smartwings,iata_member_airline,review_required,not_verified_contact_required,not_verified_contact_required,research_backlog,official_iata_2026_member_list,https://www.iata.org/contentassets/c81222d96c9a4e0bb4ff6ced0126f0bb/iata-annual-review-2026.pdf,"Catalog inclusion is not API access, inventory permission, or ticketing authority."
324,Solomon Airlines,iata_member_airline,review_required,not_verified_contact_required,not_verified_contact_required,research_backlog,official_iata_2026_member_list,https://www.iata.org/contentassets/c81222d96c9a4e0bb4ff6ced0126f0bb/iata-annual-review-2026.pdf,"Catalog inclusion is not API access, inventory permission, or ticketing authority."
325,Somon Air,iata_member_airline,review_required,not_verified_contact_required,not_verified_contact_required,research_backlog,official_iata_2026_member_list,https://www.iata.org/contentassets/c81222d96c9a4e0bb4ff6ced0126f0bb/iata-annual-review-2026.pdf,"Catalog inclusion is not API access, inventory permission, or ticketing authority."
326,South African Airways,iata_member_airline,review_required,not_verified_contact_required,not_verified_contact_required,research_backlog,official_iata_2026_member_list,https://www.iata.org/contentassets/c81222d96c9a4e0bb4ff6ced0126f0bb/iata-annual-review-2026.pdf,"Catalog inclusion is not API access, inventory permission, or ticketing authority."
327,Southwest Airlines,iata_member_airline,review_required,not_verified_contact_required,not_verified_contact_required,research_backlog,official_iata_2026_member_list,https://www.iata.org/contentassets/c81222d96c9a4e0bb4ff6ced0126f0bb/iata-annual-review-2026.pdf,"Catalog inclusion is not API access, inventory permission, or ticketing authority."
328,Southwind Airlines,iata_member_airline,review_required,not_verified_contact_required,not_verified_contact_required,research_backlog,official_iata_2026_member_list,https://www.iata.org/contentassets/c81222d96c9a4e0bb4ff6ced0126f0bb/iata-annual-review-2026.pdf,"Catalog inclusion is not API access, inventory permission, or ticketing authority."
329,SpiceJet,iata_member_airline,review_required,not_verified_contact_required,not_verified_contact_required,research_backlog,official_iata_2026_member_list,https://www.iata.org/contentassets/c81222d96c9a4e0bb4ff6ced0126f0bb/iata-annual-review-2026.pdf,"Catalog inclusion is not API access, inventory permission, or ticketing authority."
330,SriLankan Airlines,iata_member_airline,review_required,not_verified_contact_required,not_verified_contact_required,research_backlog,official_iata_2026_member_list,https://www.iata.org/contentassets/c81222d96c9a4e0bb4ff6ced0126f0bb/iata-annual-review-2026.pdf,"Catalog inclusion is not API access, inventory permission, or ticketing authority."
331,STARLUX Airlines,iata_member_airline,review_required,not_verified_contact_required,not_verified_contact_required,research_backlog,official_iata_2026_member_list,https://www.iata.org/contentassets/c81222d96c9a4e0bb4ff6ced0126f0bb/iata-annual-review-2026.pdf,"Catalog inclusion is not API access, inventory permission, or ticketing authority."
332,Sun Country Airlines,iata_member_airline,review_required,not_verified_contact_required,not_verified_contact_required,research_backlog,official_iata_2026_member_list,https://www.iata.org/contentassets/c81222d96c9a4e0bb4ff6ced0126f0bb/iata-annual-review-2026.pdf,"Catalog inclusion is not API access, inventory permission, or ticketing authority."
333,SunExpress,iata_member_airline,review_required,not_verified_contact_required,not_verified_contact_required,research_backlog,official_iata_2026_member_list,https://www.iata.org/contentassets/c81222d96c9a4e0bb4ff6ced0126f0bb/iata-annual-review-2026.pdf,"Catalog inclusion is not API access, inventory permission, or ticketing authority."
334,Suparna Airlines,iata_member_airline,review_required,not_verified_contact_required,not_verified_contact_required,research_backlog,official_iata_2026_member_list,https://www.iata.org/contentassets/c81222d96c9a4e0bb4ff6ced0126f0bb/iata-annual-review-2026.pdf,"Catalog inclusion is not API access, inventory permission, or ticketing authority."
335,Swiftair,iata_member_airline,review_required,not_verified_contact_required,not_verified_contact_required,research_backlog,official_iata_2026_member_list,https://www.iata.org/contentassets/c81222d96c9a4e0bb4ff6ced0126f0bb/iata-annual-review-2026.pdf,"Catalog inclusion is not API access, inventory permission, or ticketing authority."
336,SWISS,iata_member_airline,review_required,not_verified_contact_required,not_verified_contact_required,research_backlog,official_iata_2026_member_list,https://www.iata.org/contentassets/c81222d96c9a4e0bb4ff6ced0126f0bb/iata-annual-review-2026.pdf,"Catalog inclusion is not API access, inventory permission, or ticketing authority."
337,Syrianair,iata_member_airline,review_required,not_verified_contact_required,not_verified_contact_required,research_backlog,official_iata_2026_member_list,https://www.iata.org/contentassets/c81222d96c9a4e0bb4ff6ced0126f0bb/iata-annual-review-2026.pdf,"Catalog inclusion is not API access, inventory permission, or ticketing authority."
338,TAAG Angola Airlines,iata_member_airline,review_required,not_verified_contact_required,not_verified_contact_required,research_backlog,official_iata_2026_member_list,https://www.iata.org/contentassets/c81222d96c9a4e0bb4ff6ced0126f0bb/iata-annual-review-2026.pdf,"Catalog inclusion is not API access, inventory permission, or ticketing authority."
339,TACA,iata_member_airline,review_required,not_verified_contact_required,not_verified_contact_required,research_backlog,official_iata_2026_member_list,https://www.iata.org/contentassets/c81222d96c9a4e0bb4ff6ced0126f0bb/iata-annual-review-2026.pdf,"Catalog inclusion is not API access, inventory permission, or ticketing authority."
340,TAG Airlines,iata_member_airline,review_required,not_verified_contact_required,not_verified_contact_required,research_backlog,official_iata_2026_member_list,https://www.iata.org/contentassets/c81222d96c9a4e0bb4ff6ced0126f0bb/iata-annual-review-2026.pdf,"Catalog inclusion is not API access, inventory permission, or ticketing authority."
341,Tailwind Airlines,iata_member_airline,review_required,not_verified_contact_required,not_verified_contact_required,research_backlog,official_iata_2026_member_list,https://www.iata.org/contentassets/c81222d96c9a4e0bb4ff6ced0126f0bb/iata-annual-review-2026.pdf,"Catalog inclusion is not API access, inventory permission, or ticketing authority."
342,TAP Air Portugal,iata_member_airline,review_required,not_verified_contact_required,not_verified_contact_required,research_backlog,official_iata_2026_member_list,https://www.iata.org/contentassets/c81222d96c9a4e0bb4ff6ced0126f0bb/iata-annual-review-2026.pdf,"Catalog inclusion is not API access, inventory permission, or ticketing authority."
343,TAROM,iata_member_airline,review_required,not_verified_contact_required,not_verified_contact_required,research_backlog,official_iata_2026_member_list,https://www.iata.org/contentassets/c81222d96c9a4e0bb4ff6ced0126f0bb/iata-annual-review-2026.pdf,"Catalog inclusion is not API access, inventory permission, or ticketing authority."
344,Thai Airways International,iata_member_airline,review_required,not_verified_contact_required,not_verified_contact_required,research_backlog,official_iata_2026_member_list,https://www.iata.org/contentassets/c81222d96c9a4e0bb4ff6ced0126f0bb/iata-annual-review-2026.pdf,"Catalog inclusion is not API access, inventory permission, or ticketing authority."
345,Thai Lion Air,iata_member_airline,review_required,not_verified_contact_required,not_verified_contact_required,research_backlog,official_iata_2026_member_list,https://www.iata.org/contentassets/c81222d96c9a4e0bb4ff6ced0126f0bb/iata-annual-review-2026.pdf,"Catalog inclusion is not API access, inventory permission, or ticketing authority."
346,Tianjin Airlines,iata_member_airline,review_required,not_verified_contact_required,not_verified_contact_required,research_backlog,official_iata_2026_member_list,https://www.iata.org/contentassets/c81222d96c9a4e0bb4ff6ced0126f0bb/iata-annual-review-2026.pdf,"Catalog inclusion is not API access, inventory permission, or ticketing authority."
347,Trinity Airways,iata_member_airline,review_required,not_verified_contact_required,not_verified_contact_required,research_backlog,official_iata_2026_member_list,https://www.iata.org/contentassets/c81222d96c9a4e0bb4ff6ced0126f0bb/iata-annual-review-2026.pdf,"Catalog inclusion is not API access, inventory permission, or ticketing authority."
348,TUIfly,iata_member_airline,review_required,not_verified_contact_required,not_verified_contact_required,research_backlog,official_iata_2026_member_list,https://www.iata.org/contentassets/c81222d96c9a4e0bb4ff6ced0126f0bb/iata-annual-review-2026.pdf,"Catalog inclusion is not API access, inventory permission, or ticketing authority."
349,Tunisair,iata_member_airline,review_required,not_verified_contact_required,not_verified_contact_required,research_backlog,official_iata_2026_member_list,https://www.iata.org/contentassets/c81222d96c9a4e0bb4ff6ced0126f0bb/iata-annual-review-2026.pdf,"Catalog inclusion is not API access, inventory permission, or ticketing authority."
350,Turkish Airlines,iata_member_airline,review_required,not_verified_contact_required,not_verified_contact_required,research_backlog,official_iata_2026_member_list,https://www.iata.org/contentassets/c81222d96c9a4e0bb4ff6ced0126f0bb/iata-annual-review-2026.pdf,"Catalog inclusion is not API access, inventory permission, or ticketing authority."
351,TUS Airways,iata_member_airline,review_required,not_verified_contact_required,not_verified_contact_required,research_backlog,official_iata_2026_member_list,https://www.iata.org/contentassets/c81222d96c9a4e0bb4ff6ced0126f0bb/iata-annual-review-2026.pdf,"Catalog inclusion is not API access, inventory permission, or ticketing authority."
352,ULS Airlines Cargo,iata_member_airline,unlikely_cargo_only,not_verified_contact_required,not_verified_contact_required,research_backlog,official_iata_2026_member_list,https://www.iata.org/contentassets/c81222d96c9a4e0bb4ff6ced0126f0bb/iata-annual-review-2026.pdf,"Catalog inclusion is not API access, inventory permission, or ticketing authority."
353,UNI AIR,iata_member_airline,review_required,not_verified_contact_required,not_verified_contact_required,research_backlog,official_iata_2026_member_list,https://www.iata.org/contentassets/c81222d96c9a4e0bb4ff6ced0126f0bb/iata-annual-review-2026.pdf,"Catalog inclusion is not API access, inventory permission, or ticketing authority."
354,United Airlines,iata_member_airline,review_required,not_verified_contact_required,not_verified_contact_required,research_backlog,official_iata_2026_member_list,https://www.iata.org/contentassets/c81222d96c9a4e0bb4ff6ced0126f0bb/iata-annual-review-2026.pdf,"Catalog inclusion is not API access, inventory permission, or ticketing authority."
355,United Nigeria Airlines,iata_member_airline,review_required,not_verified_contact_required,not_verified_contact_required,research_backlog,official_iata_2026_member_list,https://www.iata.org/contentassets/c81222d96c9a4e0bb4ff6ced0126f0bb/iata-annual-review-2026.pdf,"Catalog inclusion is not API access, inventory permission, or ticketing authority."
356,UPS Airlines,iata_member_airline,unlikely_cargo_only,not_verified_contact_required,not_verified_contact_required,research_backlog,official_iata_2026_member_list,https://www.iata.org/contentassets/c81222d96c9a4e0bb4ff6ced0126f0bb/iata-annual-review-2026.pdf,"Catalog inclusion is not API access, inventory permission, or ticketing authority."
357,Ural Airlines,iata_member_airline,review_required,not_verified_contact_required,not_verified_contact_required,research_backlog,official_iata_2026_member_list,https://www.iata.org/contentassets/c81222d96c9a4e0bb4ff6ced0126f0bb/iata-annual-review-2026.pdf,"Catalog inclusion is not API access, inventory permission, or ticketing authority."
358,Urumqi Air,iata_member_airline,review_required,not_verified_contact_required,not_verified_contact_required,research_backlog,official_iata_2026_member_list,https://www.iata.org/contentassets/c81222d96c9a4e0bb4ff6ced0126f0bb/iata-annual-review-2026.pdf,"Catalog inclusion is not API access, inventory permission, or ticketing authority."
359,US Bangla Airlines,iata_member_airline,review_required,not_verified_contact_required,not_verified_contact_required,research_backlog,official_iata_2026_member_list,https://www.iata.org/contentassets/c81222d96c9a4e0bb4ff6ced0126f0bb/iata-annual-review-2026.pdf,"Catalog inclusion is not API access, inventory permission, or ticketing authority."
360,UTair,iata_member_airline,review_required,not_verified_contact_required,not_verified_contact_required,research_backlog,official_iata_2026_member_list,https://www.iata.org/contentassets/c81222d96c9a4e0bb4ff6ced0126f0bb/iata-annual-review-2026.pdf,"Catalog inclusion is not API access, inventory permission, or ticketing authority."
361,Uzbekistan Airways,iata_member_airline,review_required,not_verified_contact_required,not_verified_contact_required,research_backlog,official_iata_2026_member_list,https://www.iata.org/contentassets/c81222d96c9a4e0bb4ff6ced0126f0bb/iata-annual-review-2026.pdf,"Catalog inclusion is not API access, inventory permission, or ticketing authority."
362,Vietjet,iata_member_airline,review_required,not_verified_contact_required,not_verified_contact_required,research_backlog,official_iata_2026_member_list,https://www.iata.org/contentassets/c81222d96c9a4e0bb4ff6ced0126f0bb/iata-annual-review-2026.pdf,"Catalog inclusion is not API access, inventory permission, or ticketing authority."
363,Vietnam Airlines,iata_member_airline,review_required,not_verified_contact_required,not_verified_contact_required,research_backlog,official_iata_2026_member_list,https://www.iata.org/contentassets/c81222d96c9a4e0bb4ff6ced0126f0bb/iata-annual-review-2026.pdf,"Catalog inclusion is not API access, inventory permission, or ticketing authority."
364,Virgin Atlantic,iata_member_airline,review_required,not_verified_contact_required,not_verified_contact_required,research_backlog,official_iata_2026_member_list,https://www.iata.org/contentassets/c81222d96c9a4e0bb4ff6ced0126f0bb/iata-annual-review-2026.pdf,"Catalog inclusion is not API access, inventory permission, or ticketing authority."
365,Virgin Australia,iata_member_airline,review_required,not_verified_contact_required,not_verified_contact_required,research_backlog,official_iata_2026_member_list,https://www.iata.org/contentassets/c81222d96c9a4e0bb4ff6ced0126f0bb/iata-annual-review-2026.pdf,"Catalog inclusion is not API access, inventory permission, or ticketing authority."
366,Volaris,iata_member_airline,review_required,not_verified_contact_required,not_verified_contact_required,research_backlog,official_iata_2026_member_list,https://www.iata.org/contentassets/c81222d96c9a4e0bb4ff6ced0126f0bb/iata-annual-review-2026.pdf,"Catalog inclusion is not API access, inventory permission, or ticketing authority."
367,Volotea,iata_member_airline,review_required,not_verified_contact_required,not_verified_contact_required,research_backlog,official_iata_2026_member_list,https://www.iata.org/contentassets/c81222d96c9a4e0bb4ff6ced0126f0bb/iata-annual-review-2026.pdf,"Catalog inclusion is not API access, inventory permission, or ticketing authority."
368,Vueling,iata_member_airline,review_required,not_verified_contact_required,not_verified_contact_required,research_backlog,official_iata_2026_member_list,https://www.iata.org/contentassets/c81222d96c9a4e0bb4ff6ced0126f0bb/iata-annual-review-2026.pdf,"Catalog inclusion is not API access, inventory permission, or ticketing authority."
369,Wamos Air,iata_member_airline,review_required,not_verified_contact_required,not_verified_contact_required,research_backlog,official_iata_2026_member_list,https://www.iata.org/contentassets/c81222d96c9a4e0bb4ff6ced0126f0bb/iata-annual-review-2026.pdf,"Catalog inclusion is not API access, inventory permission, or ticketing authority."
370,West Air,iata_member_airline,review_required,not_verified_contact_required,not_verified_contact_required,research_backlog,official_iata_2026_member_list,https://www.iata.org/contentassets/c81222d96c9a4e0bb4ff6ced0126f0bb/iata-annual-review-2026.pdf,"Catalog inclusion is not API access, inventory permission, or ticketing authority."
371,WestJet,iata_member_airline,review_required,not_verified_contact_required,not_verified_contact_required,research_backlog,official_iata_2026_member_list,https://www.iata.org/contentassets/c81222d96c9a4e0bb4ff6ced0126f0bb/iata-annual-review-2026.pdf,"Catalog inclusion is not API access, inventory permission, or ticketing authority."
372,White Airways,iata_member_airline,review_required,not_verified_contact_required,not_verified_contact_required,research_backlog,official_iata_2026_member_list,https://www.iata.org/contentassets/c81222d96c9a4e0bb4ff6ced0126f0bb/iata-annual-review-2026.pdf,"Catalog inclusion is not API access, inventory permission, or ticketing authority."
373,Wideroe,iata_member_airline,review_required,not_verified_contact_required,not_verified_contact_required,research_backlog,official_iata_2026_member_list,https://www.iata.org/contentassets/c81222d96c9a4e0bb4ff6ced0126f0bb/iata-annual-review-2026.pdf,"Catalog inclusion is not API access, inventory permission, or ticketing authority."
374,World 2 Fly,iata_member_airline,review_required,not_verified_contact_required,not_verified_contact_required,research_backlog,official_iata_2026_member_list,https://www.iata.org/contentassets/c81222d96c9a4e0bb4ff6ced0126f0bb/iata-annual-review-2026.pdf,"Catalog inclusion is not API access, inventory permission, or ticketing authority."
375,Xiamen Airlines,iata_member_airline,review_required,not_verified_contact_required,not_verified_contact_required,research_backlog,official_iata_2026_member_list,https://www.iata.org/contentassets/c81222d96c9a4e0bb4ff6ced0126f0bb/iata-annual-review-2026.pdf,"Catalog inclusion is not API access, inventory permission, or ticketing authority."
376,Xizang Airlines,iata_member_airline,review_required,not_verified_contact_required,not_verified_contact_required,research_backlog,official_iata_2026_member_list,https://www.iata.org/contentassets/c81222d96c9a4e0bb4ff6ced0126f0bb/iata-annual-review-2026.pdf,"Catalog inclusion is not API access, inventory permission, or ticketing authority."
377,YTO Cargo Airlines,iata_member_airline,unlikely_cargo_only,not_verified_contact_required,not_verified_contact_required,research_backlog,official_iata_2026_member_list,https://www.iata.org/contentassets/c81222d96c9a4e0bb4ff6ced0126f0bb/iata-annual-review-2026.pdf,"Catalog inclusion is not API access, inventory permission, or ticketing authority."
378,4 IATA Annual Review 2026,iata_member_airline,review_required,not_verified_contact_required,not_verified_contact_required,research_backlog,official_iata_2026_member_list,https://www.iata.org/contentassets/c81222d96c9a4e0bb4ff6ced0126f0bb/iata-annual-review-2026.pdf,"Catalog inclusion is not API access, inventory permission, or ticketing authority."
379,Amadeus,gds_distribution,review_required,not_verified_contact_required,not_verified_contact_required,research_backlog,requires_individual_verification,curated_market_research,"Catalog inclusion is not API access, inventory permission, or ticketing authority."
380,Sabre,gds_distribution,review_required,not_verified_contact_required,not_verified_contact_required,research_backlog,requires_individual_verification,curated_market_research,"Catalog inclusion is not API access, inventory permission, or ticketing authority."
381,Travelport,gds_distribution,review_required,not_verified_contact_required,not_verified_contact_required,research_backlog,requires_individual_verification,curated_market_research,"Catalog inclusion is not API access, inventory permission, or ticketing authority."
382,TravelSky,gds_distribution,review_required,not_verified_contact_required,not_verified_contact_required,research_backlog,requires_individual_verification,curated_market_research,"Catalog inclusion is not API access, inventory permission, or ticketing authority."
383,Navitaire,airline_distribution_technology,review_required,not_verified_contact_required,not_verified_contact_required,research_backlog,requires_individual_verification,curated_market_research,"Catalog inclusion is not API access, inventory permission, or ticketing authority."
384,Accelya,ndc_technology,review_required,not_verified_contact_required,not_verified_contact_required,research_backlog,requires_individual_verification,curated_market_research,"Catalog inclusion is not API access, inventory permission, or ticketing authority."
385,Verteil Technologies,ndc_aggregator,review_required,not_verified_contact_required,not_verified_contact_required,research_backlog,requires_individual_verification,curated_market_research,"Catalog inclusion is not API access, inventory permission, or ticketing authority."
386,TPConnects Technologies,ndc_aggregator,review_required,not_verified_contact_required,not_verified_contact_required,research_backlog,requires_individual_verification,curated_market_research,"Catalog inclusion is not API access, inventory permission, or ticketing authority."
387,Travelfusion,flight_aggregator,review_required,not_verified_contact_required,not_verified_contact_required,research_backlog,requires_individual_verification,curated_market_research,"Catalog inclusion is not API access, inventory permission, or ticketing authority."
388,Mystifly,flight_aggregator,review_required,not_verified_contact_required,not_verified_contact_required,research_backlog,requires_individual_verification,curated_market_research,"Catalog inclusion is not API access, inventory permission, or ticketing authority."
389,Duffel,flight_api_aggregator,review_required,not_verified_contact_required,not_verified_contact_required,research_backlog,requires_individual_verification,curated_market_research,"Catalog inclusion is not API access, inventory permission, or ticketing authority."
390,PKFARE,flight_aggregator,review_required,not_verified_contact_required,not_verified_contact_required,research_backlog,requires_individual_verification,curated_market_research,"Catalog inclusion is not API access, inventory permission, or ticketing authority."
391,AirGateway,ndc_aggregator,review_required,not_verified_contact_required,not_verified_contact_required,research_backlog,requires_individual_verification,curated_market_research,"Catalog inclusion is not API access, inventory permission, or ticketing authority."
392,NDC.ONE,ndc_aggregator,review_required,not_verified_contact_required,not_verified_contact_required,research_backlog,requires_individual_verification,curated_market_research,"Catalog inclusion is not API access, inventory permission, or ticketing authority."
393,TravelNDC,ndc_aggregator,review_required,not_verified_contact_required,not_verified_contact_required,research_backlog,requires_individual_verification,curated_market_research,"Catalog inclusion is not API access, inventory permission, or ticketing authority."
394,Atriis,travel_distribution_platform,review_required,not_verified_contact_required,not_verified_contact_required,research_backlog,requires_individual_verification,curated_market_research,"Catalog inclusion is not API access, inventory permission, or ticketing authority."
395,Kyte,airline_retailing_api,review_required,not_verified_contact_required,not_verified_contact_required,research_backlog,requires_individual_verification,curated_market_research,"Catalog inclusion is not API access, inventory permission, or ticketing authority."
396,Spotnana,travel_distribution_platform,review_required,not_verified_contact_required,not_verified_contact_required,research_backlog,requires_individual_verification,curated_market_research,"Catalog inclusion is not API access, inventory permission, or ticketing authority."
397,Winding Tree,travel_distribution_platform,review_required,not_verified_contact_required,not_verified_contact_required,research_backlog,requires_individual_verification,curated_market_research,"Catalog inclusion is not API access, inventory permission, or ticketing authority."
398,APG Platform,airline_distribution,review_required,not_verified_contact_required,not_verified_contact_required,research_backlog,requires_individual_verification,curated_market_research,"Catalog inclusion is not API access, inventory permission, or ticketing authority."
399,Hahn Air Technologies,airline_distribution,review_required,not_verified_contact_required,not_verified_contact_required,research_backlog,requires_individual_verification,curated_market_research,"Catalog inclusion is not API access, inventory permission, or ticketing authority."
400,OAG,flight_data,review_required,not_verified_contact_required,not_verified_contact_required,research_backlog,requires_individual_verification,curated_market_research,"Catalog inclusion is not API access, inventory permission, or ticketing authority."
401,Cirium,flight_data,review_required,not_verified_contact_required,not_verified_contact_required,research_backlog,requires_individual_verification,curated_market_research,"Catalog inclusion is not API access, inventory permission, or ticketing authority."
402,FlightAware,flight_status_data,review_required,not_verified_contact_required,not_verified_contact_required,research_backlog,requires_individual_verification,curated_market_research,"Catalog inclusion is not API access, inventory permission, or ticketing authority."
403,FlightStats,flight_status_data,review_required,not_verified_contact_required,not_verified_contact_required,research_backlog,requires_individual_verification,curated_market_research,"Catalog inclusion is not API access, inventory permission, or ticketing authority."
404,Aviationstack,flight_data_api,review_required,not_verified_contact_required,not_verified_contact_required,research_backlog,requires_individual_verification,curated_market_research,"Catalog inclusion is not API access, inventory permission, or ticketing authority."
405,AeroDataBox,flight_data_api,review_required,not_verified_contact_required,not_verified_contact_required,research_backlog,requires_individual_verification,curated_market_research,"Catalog inclusion is not API access, inventory permission, or ticketing authority."
406,FlightAPI,flight_data_api,review_required,not_verified_contact_required,not_verified_contact_required,research_backlog,requires_individual_verification,curated_market_research,"Catalog inclusion is not API access, inventory permission, or ticketing authority."
407,FlightLabs,flight_data_api,review_required,not_verified_contact_required,not_verified_contact_required,research_backlog,requires_individual_verification,curated_market_research,"Catalog inclusion is not API access, inventory permission, or ticketing authority."
408,AirLabs,flight_data_api,review_required,not_verified_contact_required,not_verified_contact_required,research_backlog,requires_individual_verification,curated_market_research,"Catalog inclusion is not API access, inventory permission, or ticketing authority."
409,SITA,aviation_technology,review_required,not_verified_contact_required,not_verified_contact_required,research_backlog,requires_individual_verification,curated_market_research,"Catalog inclusion is not API access, inventory permission, or ticketing authority."
410,ATPCO,fare_data,review_required,not_verified_contact_required,not_verified_contact_required,research_backlog,requires_individual_verification,curated_market_research,"Catalog inclusion is not API access, inventory permission, or ticketing authority."
411,OpenAirlines,airline_technology,review_required,not_verified_contact_required,not_verified_contact_required,research_backlog,requires_individual_verification,curated_market_research,"Catalog inclusion is not API access, inventory permission, or ticketing authority."
412,PROS,airline_retailing_technology,review_required,not_verified_contact_required,not_verified_contact_required,research_backlog,requires_individual_verification,curated_market_research,"Catalog inclusion is not API access, inventory permission, or ticketing authority."
413,FLYR,airline_retailing_technology,review_required,not_verified_contact_required,not_verified_contact_required,research_backlog,requires_individual_verification,curated_market_research,"Catalog inclusion is not API access, inventory permission, or ticketing authority."
414,IBS Software,airline_technology,review_required,not_verified_contact_required,not_verified_contact_required,research_backlog,requires_individual_verification,curated_market_research,"Catalog inclusion is not API access, inventory permission, or ticketing authority."
415,Hitit,passenger_service_system,review_required,not_verified_contact_required,not_verified_contact_required,research_backlog,requires_individual_verification,curated_market_research,"Catalog inclusion is not API access, inventory permission, or ticketing authority."
416,Radixx,passenger_service_system,review_required,not_verified_contact_required,not_verified_contact_required,research_backlog,requires_individual_verification,curated_market_research,"Catalog inclusion is not API access, inventory permission, or ticketing authority."
417,AeroCRS,passenger_service_system,review_required,not_verified_contact_required,not_verified_contact_required,research_backlog,requires_individual_verification,curated_market_research,"Catalog inclusion is not API access, inventory permission, or ticketing authority."
418,Intelisys Aviation,passenger_service_system,review_required,not_verified_contact_required,not_verified_contact_required,research_backlog,requires_individual_verification,curated_market_research,"Catalog inclusion is not API access, inventory permission, or ticketing authority."
419,Skyscanner,metasearch,review_required,not_verified_contact_required,not_verified_contact_required,research_backlog,requires_individual_verification,curated_market_research,"Catalog inclusion is not API access, inventory permission, or ticketing authority."
420,Google Flights,metasearch,review_required,not_verified_contact_required,not_verified_contact_required,research_backlog,requires_individual_verification,curated_market_research,"Catalog inclusion is not API access, inventory permission, or ticketing authority."
421,KAYAK,metasearch,review_required,not_verified_contact_required,not_verified_contact_required,research_backlog,requires_individual_verification,curated_market_research,"Catalog inclusion is not API access, inventory permission, or ticketing authority."
422,Momondo,metasearch,review_required,not_verified_contact_required,not_verified_contact_required,research_backlog,requires_individual_verification,curated_market_research,"Catalog inclusion is not API access, inventory permission, or ticketing authority."
423,Wego,metasearch,review_required,not_verified_contact_required,not_verified_contact_required,research_backlog,requires_individual_verification,curated_market_research,"Catalog inclusion is not API access, inventory permission, or ticketing authority."
424,Jetcost,metasearch,review_required,not_verified_contact_required,not_verified_contact_required,research_backlog,requires_individual_verification,curated_market_research,"Catalog inclusion is not API access, inventory permission, or ticketing authority."
425,Cheapflights,metasearch,review_required,not_verified_contact_required,not_verified_contact_required,research_backlog,requires_individual_verification,curated_market_research,"Catalog inclusion is not API access, inventory permission, or ticketing authority."
426,FlightsFinder,metasearch,review_required,not_verified_contact_required,not_verified_contact_required,research_backlog,requires_individual_verification,curated_market_research,"Catalog inclusion is not API access, inventory permission, or ticketing authority."
427,Kiwi.com,ota_virtual_interlining,review_required,not_verified_contact_required,not_verified_contact_required,research_backlog,requires_individual_verification,curated_market_research,"Catalog inclusion is not API access, inventory permission, or ticketing authority."
428,Expedia,ota,review_required,not_verified_contact_required,not_verified_contact_required,research_backlog,requires_individual_verification,curated_market_research,"Catalog inclusion is not API access, inventory permission, or ticketing authority."
429,Priceline,ota,review_required,not_verified_contact_required,not_verified_contact_required,research_backlog,requires_individual_verification,curated_market_research,"Catalog inclusion is not API access, inventory permission, or ticketing authority."
430,Booking.com Flights,ota,review_required,not_verified_contact_required,not_verified_contact_required,research_backlog,requires_individual_verification,curated_market_research,"Catalog inclusion is not API access, inventory permission, or ticketing authority."
431,Agoda Flights,ota,review_required,not_verified_contact_required,not_verified_contact_required,research_backlog,requires_individual_verification,curated_market_research,"Catalog inclusion is not API access, inventory permission, or ticketing authority."
432,Trip.com,ota,review_required,not_verified_contact_required,not_verified_contact_required,research_backlog,requires_individual_verification,curated_market_research,"Catalog inclusion is not API access, inventory permission, or ticketing authority."
433,Traveloka,ota,review_required,not_verified_contact_required,not_verified_contact_required,research_backlog,requires_individual_verification,curated_market_research,"Catalog inclusion is not API access, inventory permission, or ticketing authority."
434,eDreams,ota,review_required,not_verified_contact_required,not_verified_contact_required,research_backlog,requires_individual_verification,curated_market_research,"Catalog inclusion is not API access, inventory permission, or ticketing authority."
435,Opodo,ota,review_required,not_verified_contact_required,not_verified_contact_required,research_backlog,requires_individual_verification,curated_market_research,"Catalog inclusion is not API access, inventory permission, or ticketing authority."
436,GO Voyages,ota,review_required,not_verified_contact_required,not_verified_contact_required,research_backlog,requires_individual_verification,curated_market_research,"Catalog inclusion is not API access, inventory permission, or ticketing authority."
437,CheapOair,ota,review_required,not_verified_contact_required,not_verified_contact_required,research_backlog,requires_individual_verification,curated_market_research,"Catalog inclusion is not API access, inventory permission, or ticketing authority."
438,OneTravel,ota,review_required,not_verified_contact_required,not_verified_contact_required,research_backlog,requires_individual_verification,curated_market_research,"Catalog inclusion is not API access, inventory permission, or ticketing authority."
439,Orbitz,ota,review_required,not_verified_contact_required,not_verified_contact_required,research_backlog,requires_individual_verification,curated_market_research,"Catalog inclusion is not API access, inventory permission, or ticketing authority."
440,Travelocity,ota,review_required,not_verified_contact_required,not_verified_contact_required,research_backlog,requires_individual_verification,curated_market_research,"Catalog inclusion is not API access, inventory permission, or ticketing authority."
441,Hotwire,ota,review_required,not_verified_contact_required,not_verified_contact_required,research_backlog,requires_individual_verification,curated_market_research,"Catalog inclusion is not API access, inventory permission, or ticketing authority."
442,Hopper,ota,review_required,not_verified_contact_required,not_verified_contact_required,research_backlog,requires_individual_verification,curated_market_research,"Catalog inclusion is not API access, inventory permission, or ticketing authority."
443,Alternative Airlines,ota,review_required,not_verified_contact_required,not_verified_contact_required,research_backlog,requires_individual_verification,curated_market_research,"Catalog inclusion is not API access, inventory permission, or ticketing authority."
444,Mytrip,ota,review_required,not_verified_contact_required,not_verified_contact_required,research_backlog,requires_individual_verification,curated_market_research,"Catalog inclusion is not API access, inventory permission, or ticketing authority."
445,Gotogate,ota,review_required,not_verified_contact_required,not_verified_contact_required,research_backlog,requires_individual_verification,curated_market_research,"Catalog inclusion is not API access, inventory permission, or ticketing authority."
446,Flightnetwork,ota,review_required,not_verified_contact_required,not_verified_contact_required,research_backlog,requires_individual_verification,curated_market_research,"Catalog inclusion is not API access, inventory permission, or ticketing authority."
447,BudgetAir,ota,review_required,not_verified_contact_required,not_verified_contact_required,research_backlog,requires_individual_verification,curated_market_research,"Catalog inclusion is not API access, inventory permission, or ticketing authority."
448,JustFly,ota,review_required,not_verified_contact_required,not_verified_contact_required,research_backlog,requires_individual_verification,curated_market_research,"Catalog inclusion is not API access, inventory permission, or ticketing authority."
449,FlightHub,ota,review_required,not_verified_contact_required,not_verified_contact_required,research_backlog,requires_individual_verification,curated_market_research,"Catalog inclusion is not API access, inventory permission, or ticketing authority."
450,Fareportal,ota_platform,review_required,not_verified_contact_required,not_verified_contact_required,research_backlog,requires_individual_verification,curated_market_research,"Catalog inclusion is not API access, inventory permission, or ticketing authority."
451,EaseMyTrip,ota,review_required,not_verified_contact_required,not_verified_contact_required,research_backlog,requires_individual_verification,curated_market_research,"Catalog inclusion is not API access, inventory permission, or ticketing authority."
452,MakeMyTrip,ota,review_required,not_verified_contact_required,not_verified_contact_required,research_backlog,requires_individual_verification,curated_market_research,"Catalog inclusion is not API access, inventory permission, or ticketing authority."
453,Cleartrip,ota,review_required,not_verified_contact_required,not_verified_contact_required,research_backlog,requires_individual_verification,curated_market_research,"Catalog inclusion is not API access, inventory permission, or ticketing authority."
454,ixigo,ota,review_required,not_verified_contact_required,not_verified_contact_required,research_backlog,requires_individual_verification,curated_market_research,"Catalog inclusion is not API access, inventory permission, or ticketing authority."
455,Yatra,ota,review_required,not_verified_contact_required,not_verified_contact_required,research_backlog,requires_individual_verification,curated_market_research,"Catalog inclusion is not API access, inventory permission, or ticketing authority."
456,Goibibo,ota,review_required,not_verified_contact_required,not_verified_contact_required,research_backlog,requires_individual_verification,curated_market_research,"Catalog inclusion is not API access, inventory permission, or ticketing authority."
457,Paytm Travel,ota,review_required,not_verified_contact_required,not_verified_contact_required,research_backlog,requires_individual_verification,curated_market_research,"Catalog inclusion is not API access, inventory permission, or ticketing authority."
458,HappyEasyGo,ota,review_required,not_verified_contact_required,not_verified_contact_required,research_backlog,requires_individual_verification,curated_market_research,"Catalog inclusion is not API access, inventory permission, or ticketing authority."
459,Musafir,ota,review_required,not_verified_contact_required,not_verified_contact_required,research_backlog,requires_individual_verification,curated_market_research,"Catalog inclusion is not API access, inventory permission, or ticketing authority."
460,Almosafer,ota,review_required,not_verified_contact_required,not_verified_contact_required,research_backlog,requires_individual_verification,curated_market_research,"Catalog inclusion is not API access, inventory permission, or ticketing authority."
461,Rehlat,ota,review_required,not_verified_contact_required,not_verified_contact_required,research_backlog,requires_individual_verification,curated_market_research,"Catalog inclusion is not API access, inventory permission, or ticketing authority."
462,Cleartrip Middle East,ota,review_required,not_verified_contact_required,not_verified_contact_required,research_backlog,requires_individual_verification,curated_market_research,"Catalog inclusion is not API access, inventory permission, or ticketing authority."
463,Wingie,ota,review_required,not_verified_contact_required,not_verified_contact_required,research_backlog,requires_individual_verification,curated_market_research,"Catalog inclusion is not API access, inventory permission, or ticketing authority."
464,Obilet,ota,review_required,not_verified_contact_required,not_verified_contact_required,research_backlog,requires_individual_verification,curated_market_research,"Catalog inclusion is not API access, inventory permission, or ticketing authority."
465,Despegar,ota,review_required,not_verified_contact_required,not_verified_contact_required,research_backlog,requires_individual_verification,curated_market_research,"Catalog inclusion is not API access, inventory permission, or ticketing authority."
466,Best Day Travel,ota,review_required,not_verified_contact_required,not_verified_contact_required,research_backlog,requires_individual_verification,curated_market_research,"Catalog inclusion is not API access, inventory permission, or ticketing authority."
467,Almundo,ota,review_required,not_verified_contact_required,not_verified_contact_required,research_backlog,requires_individual_verification,curated_market_research,"Catalog inclusion is not API access, inventory permission, or ticketing authority."
468,Viajanet,ota,review_required,not_verified_contact_required,not_verified_contact_required,research_backlog,requires_individual_verification,curated_market_research,"Catalog inclusion is not API access, inventory permission, or ticketing authority."
469,Travelgenio,ota,review_required,not_verified_contact_required,not_verified_contact_required,research_backlog,requires_individual_verification,curated_market_research,"Catalog inclusion is not API access, inventory permission, or ticketing authority."
470,Lastminute.com,ota,review_required,not_verified_contact_required,not_verified_contact_required,research_backlog,requires_individual_verification,curated_market_research,"Catalog inclusion is not API access, inventory permission, or ticketing authority."
471,Bravofly,ota,review_required,not_verified_contact_required,not_verified_contact_required,research_backlog,requires_individual_verification,curated_market_research,"Catalog inclusion is not API access, inventory permission, or ticketing authority."
472,Rumbo,ota,review_required,not_verified_contact_required,not_verified_contact_required,research_backlog,requires_individual_verification,curated_market_research,"Catalog inclusion is not API access, inventory permission, or ticketing authority."
473,eSky,ota,review_required,not_verified_contact_required,not_verified_contact_required,research_backlog,requires_individual_verification,curated_market_research,"Catalog inclusion is not API access, inventory permission, or ticketing authority."
474,Myholidays,ota,review_required,not_verified_contact_required,not_verified_contact_required,research_backlog,requires_individual_verification,curated_market_research,"Catalog inclusion is not API access, inventory permission, or ticketing authority."
475,Travelstart,ota,review_required,not_verified_contact_required,not_verified_contact_required,research_backlog,requires_individual_verification,curated_market_research,"Catalog inclusion is not API access, inventory permission, or ticketing authority."
476,FlySafair Holidays,ota,review_required,not_verified_contact_required,not_verified_contact_required,research_backlog,requires_individual_verification,curated_market_research,"Catalog inclusion is not API access, inventory permission, or ticketing authority."
477,Webjet,ota,review_required,not_verified_contact_required,not_verified_contact_required,research_backlog,requires_individual_verification,curated_market_research,"Catalog inclusion is not API access, inventory permission, or ticketing authority."
478,Flight Centre,travel_agency,review_required,not_verified_contact_required,not_verified_contact_required,research_backlog,requires_individual_verification,curated_market_research,"Catalog inclusion is not API access, inventory permission, or ticketing authority."
479,StudentUniverse,ota,review_required,not_verified_contact_required,not_verified_contact_required,research_backlog,requires_individual_verification,curated_market_research,"Catalog inclusion is not API access, inventory permission, or ticketing authority."
480,STA Travel,travel_agency_legacy,review_required,not_verified_contact_required,not_verified_contact_required,research_backlog,requires_individual_verification,curated_market_research,"Catalog inclusion is not API access, inventory permission, or ticketing authority."
481,American Express Global Business Travel,travel_management_company,review_required,not_verified_contact_required,not_verified_contact_required,research_backlog,requires_individual_verification,curated_market_research,"Catalog inclusion is not API access, inventory permission, or ticketing authority."
482,BCD Travel,travel_management_company,review_required,not_verified_contact_required,not_verified_contact_required,research_backlog,requires_individual_verification,curated_market_research,"Catalog inclusion is not API access, inventory permission, or ticketing authority."
483,CWT,travel_management_company,review_required,not_verified_contact_required,not_verified_contact_required,research_backlog,requires_individual_verification,curated_market_research,"Catalog inclusion is not API access, inventory permission, or ticketing authority."
484,FCM Travel,travel_management_company,review_required,not_verified_contact_required,not_verified_contact_required,research_backlog,requires_individual_verification,curated_market_research,"Catalog inclusion is not API access, inventory permission, or ticketing authority."
485,Navan,travel_management_platform,review_required,not_verified_contact_required,not_verified_contact_required,research_backlog,requires_individual_verification,curated_market_research,"Catalog inclusion is not API access, inventory permission, or ticketing authority."
486,Egencia,travel_management_company,review_required,not_verified_contact_required,not_verified_contact_required,research_backlog,requires_individual_verification,curated_market_research,"Catalog inclusion is not API access, inventory permission, or ticketing authority."
487,CTM,travel_management_company,review_required,not_verified_contact_required,not_verified_contact_required,research_backlog,requires_individual_verification,curated_market_research,"Catalog inclusion is not API access, inventory permission, or ticketing authority."
488,TravelPerk,travel_management_platform,review_required,not_verified_contact_required,not_verified_contact_required,research_backlog,requires_individual_verification,curated_market_research,"Catalog inclusion is not API access, inventory permission, or ticketing authority."
489,SAP Concur Travel,corporate_booking_tool,review_required,not_verified_contact_required,not_verified_contact_required,research_backlog,requires_individual_verification,curated_market_research,"Catalog inclusion is not API access, inventory permission, or ticketing authority."
490,Ryanair,airline_non_iata_catalog,review_required,not_verified_contact_required,not_verified_contact_required,research_backlog,requires_individual_verification,curated_market_research,"Catalog inclusion is not API access, inventory permission, or ticketing authority."
491,easyJet,airline_non_iata_catalog,review_required,not_verified_contact_required,not_verified_contact_required,research_backlog,requires_individual_verification,curated_market_research,"Catalog inclusion is not API access, inventory permission, or ticketing authority."
492,Wizz Air,airline_non_iata_catalog,review_required,not_verified_contact_required,not_verified_contact_required,research_backlog,requires_individual_verification,curated_market_research,"Catalog inclusion is not API access, inventory permission, or ticketing authority."
493,Jet2.com,airline_non_iata_catalog,review_required,not_verified_contact_required,not_verified_contact_required,research_backlog,requires_individual_verification,curated_market_research,"Catalog inclusion is not API access, inventory permission, or ticketing authority."
494,Norwegian Air Shuttle,airline_non_iata_catalog,review_required,not_verified_contact_required,not_verified_contact_required,research_backlog,requires_individual_verification,curated_market_research,"Catalog inclusion is not API access, inventory permission, or ticketing authority."
495,Spirit Airlines,airline_non_iata_catalog,review_required,not_verified_contact_required,not_verified_contact_required,research_backlog,requires_individual_verification,curated_market_research,"Catalog inclusion is not API access, inventory permission, or ticketing authority."
496,Allegiant Air,airline_non_iata_catalog,review_required,not_verified_contact_required,not_verified_contact_required,research_backlog,requires_individual_verification,curated_market_research,"Catalog inclusion is not API access, inventory permission, or ticketing authority."
497,Breeze Airways,airline_non_iata_catalog,review_required,not_verified_contact_required,not_verified_contact_required,research_backlog,requires_individual_verification,curated_market_research,"Catalog inclusion is not API access, inventory permission, or ticketing authority."
498,Avelo Airlines,airline_non_iata_catalog,review_required,not_verified_contact_required,not_verified_contact_required,research_backlog,requires_individual_verification,curated_market_research,"Catalog inclusion is not API access, inventory permission, or ticketing authority."
499,Sunwing Airlines,airline_non_iata_catalog,review_required,not_verified_contact_required,not_verified_contact_required,research_backlog,requires_individual_verification,curated_market_research,"Catalog inclusion is not API access, inventory permission, or ticketing authority."
500,Air North,airline_non_iata_catalog,review_required,not_verified_contact_required,not_verified_contact_required,research_backlog,requires_individual_verification,curated_market_research,"Catalog inclusion is not API access, inventory permission, or ticketing authority."
